{"type":"FeatureCollection","geometryVersion":"admdongkor-20260701-simplified","features":[{"type":"Feature","properties":{"regionCode":"44130","name":"천안시","parentCode":"44"},"geometry":{"type":"MultiPolygon","coordinates":[[[[127.13859481595875,36.70037414952849],[127.1424688780043,36.69113289677923],[127.14539547324983,36.68904061768135],[127.1475541937197,36.69063848188461],[127.15275347724533,36.6902008070139],[127.15687391848735,36.691259945554016],[127.15749991151175,36.69530616902493],[127.16086613025666,36.691989129545476],[127.16148123744343,36.68680799558029],[127.16440129979566,36.67834108505827],[127.16351919615974,36.67692603082157],[127.15838679737405,36.67309865998626],[127.15864061067927,36.67138846242023],[127.15636353467974,36.66919798516079],[127.15476839136683,36.66486492730167],[127.15896363029665,36.66156062144455],[127.1594023489221,36.65594683141633],[127.15420840934195,36.652706576658154],[127.15303588141391,36.645039554141455],[127.15343921779018,36.643052827758176],[127.15598647642034,36.64144330723658],[127.15794555669345,36.63517120890191],[127.15602745136961,36.62976773537467],[127.15704434116151,36.62394592117662],[127.15410997004874,36.624536946893535],[127.1505582399218,36.620428786244744],[127.1479896283179,36.628604290380935],[127.14451889911908,36.63378957043627],[127.14051702699213,36.63673053089262],[127.14053492891533,36.642891896175605],[127.13118028635151,36.645668564933125],[127.12839207831962,36.64846385263116],[127.12856914487764,36.65131152250089],[127.1214253796616,36.65412459118371],[127.12023019686217,36.6556420242839],[127.1122896929035,36.657323446636475],[127.10884583585172,36.65892162753096],[127.10368638531006,36.657055465408135],[127.10009067226133,36.6546955256248],[127.09341759178238,36.653755657831],[127.0922626143166,36.64836107019367],[127.0896933990892,36.645488022849435],[127.08932431261887,36.64324346904073],[127.08668353712348,36.641689751963945],[127.07264690722029,36.64270566375634],[127.06550666256445,36.64607616707304],[127.06156221616722,36.644881129868324],[127.0585383336193,36.64540851352473],[127.0540695281402,36.65132369457857],[127.0430062456838,36.65171285070572],[127.0418767721702,36.653175495371435],[127.03692443493657,36.65449526183955],[127.02522865686774,36.65597642772218],[127.02049698851822,36.64999487280639],[127.01357235314674,36.654523361597306],[127.01170634840716,36.65404557013175],[127.00952647603629,36.65608751224065],[127.01577409288014,36.66632780109646],[127.01602266904055,36.67185573751006],[127.01952285811747,36.675396677742015],[127.02227062172229,36.68078631075394],[127.02659092081906,36.68669927778031],[127.03575238936313,36.692936457256685],[127.03866715850366,36.69294603767805],[127.04031767048735,36.69483930968676],[127.04014962997945,36.69734736644251],[127.04752295383561,36.70164138177563],[127.04863658937278,36.70407486524844],[127.05573019484693,36.70533119565619],[127.05847533259211,36.70831037887328],[127.06513926940609,36.70939982942013],[127.07229485788122,36.708180686489385],[127.07896919702512,36.70998772714991],[127.079769459976,36.71289888294461],[127.07928970756637,36.71721702578213],[127.08080280948057,36.720899573237546],[127.0840958408311,36.722022469331435],[127.08403485066273,36.72448673717919],[127.0804681563883,36.72894824788089],[127.08115331708126,36.73300550972013],[127.0851227773052,36.73859863385295],[127.08891538537745,36.740918069299134],[127.08849067045125,36.74640987446516],[127.09174243477257,36.74914647276933],[127.09752351478159,36.75213545010392],[127.09836644075959,36.755020218902665],[127.09582299854557,36.75664607854297],[127.09464496463865,36.761011401721504],[127.1031369469149,36.757912980665104],[127.10925414788977,36.75919131411291],[127.11780556633494,36.76415431963968],[127.11908509702735,36.765770050272124],[127.119392882304,36.774966358235844],[127.11763122316911,36.780211259703755],[127.11365239524119,36.78074422469557],[127.11331607015552,36.78470034249306],[127.11688937509864,36.785994995440056],[127.12008404444344,36.790738352218476],[127.12479190174376,36.78904143885472],[127.12796587934442,36.79409590227078],[127.12947939628353,36.79543333471946],[127.13547489823587,36.79577206584416],[127.13464635183604,36.80034764025804],[127.13110984398315,36.799115391586824],[127.13321889896244,36.80981151436081],[127.13108362623966,36.81018988907149],[127.12610932143059,36.81215589948225],[127.12422615309926,36.817264110038714],[127.12810292388048,36.81878249990807],[127.12830122762675,36.820044820325165],[127.1312584202289,36.819201529741704],[127.13089042914238,36.81750623550339],[127.13444041199882,36.81390463606822],[127.13862664875424,36.81117304094994],[127.14272523558103,36.806778102897916],[127.14318235454755,36.802872701855804],[127.14581161422333,36.80352480953752],[127.14757268025802,36.8127856176535],[127.14787668677825,36.815618944525845],[127.1502575954434,36.81768990168187],[127.14885810806652,36.81862997268505],[127.14998092426586,36.824589350002384],[127.15297600541632,36.82453507939268],[127.15830091271698,36.83353935492651],[127.16316195801903,36.83584263899099],[127.16351532045097,36.837053614462484],[127.16803787951848,36.84120116739917],[127.17118931704252,36.8457904972684],[127.17707567383879,36.841191247919795],[127.18048136315039,36.84196785541066],[127.18726398011319,36.846401475135195],[127.19161029248498,36.84865282482095],[127.1969884065832,36.85281309395449],[127.20572415130694,36.85263915752445],[127.20942909907912,36.85053377821993],[127.21220714743838,36.84715427254131],[127.21543543466673,36.84849131333149],[127.22385429061366,36.84910302969048],[127.22665966511286,36.850997907664116],[127.2288181093102,36.85387953629197],[127.23018625118603,36.85890411917257],[127.23322895219175,36.866934998160886],[127.2368932853581,36.86643697717627],[127.24887097656256,36.87113575896658],[127.24905880227905,36.875371271589856],[127.25199177868518,36.878752433310574],[127.25439533004578,36.87952335947889],[127.25862622738812,36.877998467473574],[127.26211539577989,36.881612857177146],[127.26568061628232,36.882934334823446],[127.27078317687418,36.88218161612584],[127.27287304997334,36.8867440062522],[127.27787625795216,36.88952647580536],[127.28138267426735,36.88781490850003],[127.28744712456478,36.88955313335317],[127.29061225616182,36.89226966193235],[127.29595543000448,36.88966480304306],[127.2989559726749,36.88972592144781],[127.30155299203439,36.88716107449643],[127.30492983228471,36.8854130435194],[127.3080777530896,36.8852578916172],[127.30975493132703,36.881162860813674],[127.30996377924485,36.87331551652032],[127.31133235931374,36.870078060268135],[127.30600808376768,36.86296401571465],[127.30734848468741,36.85966715808868],[127.31232651543843,36.85754496737595],[127.31612538880148,36.8589468428273],[127.32176911059732,36.85774421503321],[127.32828935203203,36.85804314819996],[127.33430839263131,36.85635066123106],[127.33659505371457,36.85360371686304],[127.33602278913555,36.85035521476467],[127.33657361953232,36.8448908284183],[127.33530464249267,36.843786002435365],[127.33352221621345,36.8378267651631],[127.33519256434941,36.83688521347048],[127.33298592931318,36.83148131762554],[127.33598138419697,36.82953322487571],[127.33948296624628,36.83073731453215],[127.34597295707495,36.82844908661337],[127.35092143955418,36.83016322516865],[127.35583803767402,36.8284728746005],[127.35784305718616,36.82547154510823],[127.35795713526367,36.822125158113636],[127.36380691401293,36.81956389387125],[127.36658109140889,36.81685061602588],[127.37240594523358,36.81643739580303],[127.38167912083603,36.81379006543972],[127.38796163651669,36.808516393018515],[127.39202256858765,36.805864130277904],[127.39768407945012,36.799800353005686],[127.40101124968045,36.79909149081051],[127.4017031654982,36.79526871295945],[127.39660592492021,36.78988952414481],[127.39502742360997,36.7844732865297],[127.3954330691591,36.78245244924206],[127.39810301380783,36.78170949370728],[127.4016844341743,36.77853266260527],[127.40134616633225,36.777037504846255],[127.4035627572142,36.77437706417103],[127.4083240838294,36.77392231925246],[127.4125238137605,36.77184331602735],[127.42021452517524,36.760837496164974],[127.41958251506634,36.757572933018906],[127.41539872425096,36.7565633531944],[127.41197209906072,36.7572668018218],[127.41121356562995,36.75331664487795],[127.40583407907701,36.750254286861846],[127.40464203146662,36.74493933431449],[127.39668406604143,36.74703775374381],[127.39480904207632,36.75093576337311],[127.39270077024744,36.75262113025051],[127.38882891309869,36.753312401621045],[127.38717852607998,36.75947365433084],[127.38514334464114,36.75960609878463],[127.37232161395495,36.758235842003664],[127.36963284220998,36.76137654812351],[127.35882590631203,36.76068496868921],[127.35613990628566,36.757648267260855],[127.35311857504345,36.75594529604261],[127.34728851477597,36.755535708498066],[127.34552359665959,36.753861297960476],[127.3355531128604,36.752361942399276],[127.33358639136875,36.74849012708809],[127.33720234620809,36.74447249307222],[127.33739540555754,36.73986671219062],[127.3384342825814,36.737475399089234],[127.34132764247184,36.73681568027356],[127.3401801485879,36.73183597538899],[127.33685786973446,36.72938487669167],[127.32830309867772,36.734555161972985],[127.32546393009703,36.733670543763544],[127.32111709937469,36.72856342566194],[127.31723350394743,36.72493183409022],[127.3169724631989,36.72481578977743],[127.31122313472022,36.72373907794676],[127.30844850782353,36.72131091335078],[127.30766396564998,36.71826581059114],[127.30676643095224,36.7080368462232],[127.30811728413921,36.70502091061972],[127.3013314870036,36.70025878172391],[127.29673193752788,36.69782437140403],[127.29206733401519,36.697297888190626],[127.28562590652612,36.69093404883944],[127.28135661239742,36.690648257900534],[127.27771873913336,36.691319941552486],[127.2737391061961,36.695176606453664],[127.27033080693273,36.69428431456141],[127.26704322939831,36.69236531839902],[127.25966896911329,36.69253350287336],[127.25441784858755,36.69481393652973],[127.25141802174116,36.69687297151662],[127.24812272724559,36.69507117872107],[127.24580881280117,36.695818612283034],[127.24301557029524,36.70104022646456],[127.23988782125473,36.70225552866104],[127.23608541353825,36.707358094126185],[127.23248668500152,36.70900589961956],[127.23014472114183,36.70771507999923],[127.22515373200305,36.71012526141635],[127.22352857541327,36.71190723956641],[127.22369831180643,36.71555950713763],[127.21896869740637,36.715214460137005],[127.2122835862935,36.718179865789814],[127.20774068223511,36.71917692459106],[127.20393682280722,36.72137211496237],[127.20418182423832,36.72484393853742],[127.2029216097686,36.72617528145414],[127.192801620556,36.72882329061975],[127.18784511758237,36.72775964440111],[127.18343651902467,36.73032994639147],[127.1813612311737,36.729180204139276],[127.1738110650767,36.728608156092314],[127.17187979501104,36.731540624182315],[127.16652546109964,36.73350129920793],[127.16335774763337,36.73364128591464],[127.15924593342348,36.731684196350635],[127.15693001309091,36.726396294021995],[127.1528745485181,36.72830955907034],[127.148230868184,36.7227056290945],[127.14882675634384,36.72064237465593],[127.14505426751924,36.717133350685586],[127.14059734224267,36.71635368086895],[127.1384002946937,36.71452758599298],[127.12771022771014,36.70857851522714],[127.1299638005679,36.70632458118189],[127.13407446090874,36.7065777737785],[127.13619392574822,36.70483927985554],[127.13859481595875,36.70037414952849]]],[[[127.12479190174376,36.78904143885472],[127.12008404444344,36.790738352218476],[127.11688937509864,36.785994995440056],[127.11331607015552,36.78470034249306],[127.11338991431673,36.78654919039981],[127.11094216797318,36.79116039894977],[127.11110038852544,36.79711580088229],[127.10665609787308,36.79726030987308],[127.10408677092646,36.79906851602995],[127.10141251825235,36.79718074191634],[127.10137324988963,36.79555673049073],[127.09755595157466,36.79253225356991],[127.09496696922923,36.796668686812566],[127.09684325954753,36.80016728075823],[127.0959767046025,36.80434072168763],[127.0984751103967,36.80762943619657],[127.0987314248707,36.81170504132259],[127.09670300587823,36.8144216948955],[127.10164198711797,36.82214099512906],[127.10216735307762,36.82528949122191],[127.10076994038347,36.827321266951245],[127.1008842288671,36.831184632990954],[127.1053936251316,36.83665584201734],[127.10533850761212,36.83787591272507],[127.09981025265316,36.837464119847304],[127.0981193420269,36.83969651723747],[127.10258769095994,36.84432290579708],[127.10622443515358,36.84544877547228],[127.1099308708,36.84939064569143],[127.10947321437675,36.85754265978189],[127.10492321024299,36.86096993455139],[127.09925631989313,36.86212688389754],[127.0939069600367,36.861824425379574],[127.09068106332498,36.86075250873575],[127.08692754709662,36.86254060314937],[127.0886829863576,36.8673424201616],[127.08762918868872,36.8745003859282],[127.086509834794,36.87595474224876],[127.0887765150791,36.880408572902944],[127.09185582679564,36.88279008330963],[127.09151587204391,36.88519379842281],[127.08798624052197,36.88810854198565],[127.09049954726092,36.8907401793621],[127.09170383977192,36.8942629663109],[127.08958301363035,36.89914204804799],[127.08501599308659,36.9042054102636],[127.08728144301091,36.907223625901786],[127.09251876698099,36.90899336321276],[127.09421876721426,36.91115981750561],[127.08911763793144,36.92134564746851],[127.08200688709546,36.92816601029221],[127.07996405954493,36.93084422877537],[127.07450702748918,36.93590583760543],[127.07393472561634,36.93839318738574],[127.080114317541,36.94365796921384],[127.08612266904618,36.94780505466421],[127.09054966124003,36.94531112906354],[127.09470535984542,36.94184262667285],[127.09632902740516,36.94258790242867],[127.09751886078642,36.949812206204804],[127.10168973857901,36.95362775805363],[127.0963789368971,36.95570962547439],[127.09633027054258,36.95922840399503],[127.10089196701665,36.9616187046814],[127.10442880537073,36.96610951620199],[127.11105721736192,36.97088314859412],[127.11581584419508,36.971135552201396],[127.11949890893676,36.96912796526028],[127.12883706272126,36.96607081009413],[127.13346567736758,36.965316204409675],[127.13564288445386,36.96783942755154],[127.14430057523515,36.97151191417936],[127.14913073685074,36.969876549679505],[127.15380596513312,36.969418808819945],[127.15677070453856,36.96722562290827],[127.15612576457683,36.96539966234916],[127.16126515548271,36.964165876674514],[127.16505017987032,36.962018999936106],[127.17233803466289,36.96319348038963],[127.17586548648364,36.961062522749245],[127.17766653709832,36.958269642630114],[127.18190050102531,36.95753244380671],[127.1879840606963,36.955238952133094],[127.19011197699335,36.95285822726444],[127.19539161516985,36.95207162787064],[127.20189088793852,36.95211477658484],[127.20447614338647,36.95015408781335],[127.20692417016123,36.94574401315774],[127.20586633093541,36.94221374910886],[127.21129055625669,36.93830689923937],[127.21160453192432,36.93564984406052],[127.20988003185738,36.93129551410471],[127.21261026864244,36.929716255871035],[127.2202078911625,36.9303012445027],[127.22884977397099,36.92438643912184],[127.23635819990555,36.92354443755927],[127.23757608980394,36.9206492738817],[127.2440184977727,36.9174045505125],[127.24820833319782,36.919214286064005],[127.2497621379731,36.921439640241005],[127.25405805571735,36.92180755964944],[127.25757565983747,36.916544529169265],[127.26157408887829,36.91477293101164],[127.27175931683911,36.91330880978378],[127.27491182731895,36.90831845300367],[127.28035646022364,36.90419987780333],[127.27933485871856,36.90051845617397],[127.28481839541382,36.89568900824778],[127.289801866995,36.893818800322194],[127.29061225616182,36.89226966193235],[127.28744712456478,36.88955313335317],[127.28138267426735,36.88781490850003],[127.27787625795216,36.88952647580536],[127.27287304997334,36.8867440062522],[127.27078317687418,36.88218161612584],[127.26568061628232,36.882934334823446],[127.26211539577989,36.881612857177146],[127.25862622738812,36.877998467473574],[127.25439533004578,36.87952335947889],[127.25199177868518,36.878752433310574],[127.24905880227905,36.875371271589856],[127.24887097656256,36.87113575896658],[127.2368932853581,36.86643697717627],[127.23322895219175,36.866934998160886],[127.23018625118603,36.85890411917257],[127.2288181093102,36.85387953629197],[127.22665966511286,36.850997907664116],[127.22385429061366,36.84910302969048],[127.21543543466673,36.84849131333149],[127.21220714743838,36.84715427254131],[127.20942909907912,36.85053377821993],[127.20572415130694,36.85263915752445],[127.1969884065832,36.85281309395449],[127.19161029248498,36.84865282482095],[127.18726398011319,36.846401475135195],[127.18048136315039,36.84196785541066],[127.17707567383879,36.841191247919795],[127.17118931704252,36.8457904972684],[127.16803787951848,36.84120116739917],[127.16351532045097,36.837053614462484],[127.16316195801903,36.83584263899099],[127.15830091271698,36.83353935492651],[127.15297600541632,36.82453507939268],[127.14998092426586,36.824589350002384],[127.14885810806652,36.81862997268505],[127.1502575954434,36.81768990168187],[127.14787668677825,36.815618944525845],[127.14757268025802,36.8127856176535],[127.14581161422333,36.80352480953752],[127.14318235454755,36.802872701855804],[127.14272523558103,36.806778102897916],[127.13862664875424,36.81117304094994],[127.13444041199882,36.81390463606822],[127.13089042914238,36.81750623550339],[127.1312584202289,36.819201529741704],[127.12830122762675,36.820044820325165],[127.12810292388048,36.81878249990807],[127.12422615309926,36.817264110038714],[127.12610932143059,36.81215589948225],[127.13108362623966,36.81018988907149],[127.13321889896244,36.80981151436081],[127.13110984398315,36.799115391586824],[127.13464635183604,36.80034764025804],[127.13547489823587,36.79577206584416],[127.12947939628353,36.79543333471946],[127.12796587934442,36.79409590227078],[127.12479190174376,36.78904143885472]]]]}},{"type":"Feature","properties":{"regionCode":"44150","name":"공주시","parentCode":"44"},"geometry":{"type":"MultiPolygon","coordinates":[[[[127.0778136007596,36.296294863637236],[127.07085440799911,36.295293432302365],[127.06801279730196,36.29660297593609],[127.0672639681593,36.29432686205372],[127.06785428861401,36.28945882407531],[127.06541262279315,36.285715282638996],[127.06648482631047,36.282975444329985],[127.06578732435133,36.27700986857928],[127.05583200060752,36.278119017826825],[127.04462657830156,36.28119092801436],[127.03896079440337,36.283570030507605],[127.03550335156176,36.28275310286715],[127.03542378697132,36.281283361785206],[127.0275155592048,36.281911592778386],[127.02169243608357,36.288520288402594],[127.01638859565385,36.29120498450271],[127.01613652731172,36.29401674965586],[127.01402136175727,36.29659867916765],[127.00999521418241,36.29562769562095],[127.00780080965296,36.297404325889254],[127.00437469794979,36.297749537174504],[126.99914940678208,36.29705940474186],[126.99565821513093,36.29770897418642],[126.99140021561456,36.30108460053489],[126.99046359891813,36.30412790834728],[126.98667287716752,36.30704864429287],[126.98670451171513,36.31139034090109],[126.98760773923291,36.314858863005426],[126.99219844577524,36.31842824914941],[126.9941009434417,36.3236839939359],[126.99659286384144,36.327790845490085],[126.99058452656938,36.32966047299017],[126.9887866501771,36.33178697224395],[126.98998044472683,36.33521650811345],[126.98537166146401,36.33716439012986],[126.97794737092472,36.33503648309732],[126.97575315044399,36.33548957639561],[126.98361701057455,36.34023857813789],[126.98676285936685,36.343899714307355],[126.98824415304851,36.350064165476205],[126.98743628829881,36.35911063514849],[126.98915145202365,36.368914740122605],[126.99097344983815,36.372089732086714],[126.994696404849,36.37562165815845],[127.01626333142123,36.38920113750979],[127.02336520876838,36.39640657073693],[127.02369007598625,36.397262458551126],[127.02714971664636,36.40115412068152],[127.02781474599858,36.404443252087134],[127.0242806603523,36.409250090703146],[127.01532445475009,36.41824723905405],[127.01623326087355,36.41936962348733],[127.02372963927272,36.4240626814218],[127.02416384957012,36.42594923699412],[127.02068898923466,36.42900736572682],[127.01798228074296,36.434134330202134],[127.02018708379221,36.43826634273002],[127.01883963154522,36.43920095930035],[127.0125789044915,36.437569097164776],[127.00797806520224,36.438358412007936],[127.00644595886452,36.44126779015822],[127.00831729859391,36.44445892986691],[127.0076338030904,36.45114567838902],[127.00213665203003,36.453021309381214],[127.00422507727858,36.45564074652998],[127.00076844166492,36.456007896464456],[126.99840272038986,36.45937454882565],[126.99478316663208,36.46141605015152],[126.99060726106445,36.460971630264915],[126.98004208007993,36.46389030391021],[126.97599823893802,36.4663807300644],[126.97152456026087,36.46727646135248],[126.96495931202654,36.46755346908803],[126.96025236413738,36.46605797941953],[126.95662000603716,36.46861253463181],[126.95535641205763,36.46695213832281],[126.94411588501168,36.46366394946501],[126.94052090603617,36.46185572390438],[126.93027299160721,36.45501727183093],[126.92414306696227,36.45517581433831],[126.92180746910552,36.454443685071546],[126.9160281917779,36.4555964602052],[126.91403638656018,36.46196743053105],[126.91260785661828,36.466014463446825],[126.90774092861385,36.46816135201024],[126.9059318184253,36.46804962254116],[126.90129738879342,36.47184499892842],[126.89938679036754,36.47677054968839],[126.8943556983195,36.47851305156434],[126.89423741974579,36.483843255906024],[126.89208832921523,36.48690212331038],[126.89337933371209,36.489292225410026],[126.89233160761991,36.4980108460688],[126.89411868744185,36.502894836493006],[126.88586209666393,36.50842642616588],[126.88391437941783,36.51148148818863],[126.88470283724594,36.513187565877885],[126.88961375250419,36.51917106917504],[126.89030573167972,36.524248989127386],[126.89379295460276,36.526542979885434],[126.89058865334265,36.531798853864814],[126.88856029489834,36.53398828790863],[126.88996754267153,36.54132650467272],[126.8946349603218,36.54693472361586],[126.89958115054061,36.549465762341256],[126.89899903380055,36.55895879252961],[126.90049828741543,36.56125294182866],[126.90256081458813,36.561043187615326],[126.90645251056934,36.56561433716645],[126.90986074294577,36.56645350092822],[126.91076390259336,36.57041124719748],[126.91325892129069,36.57431846727498],[126.91654231322495,36.576872700387895],[126.92029892935223,36.57844027351877],[126.92523694332014,36.58757946437483],[126.93100250940627,36.59167162768127],[126.9301088081246,36.593884578814354],[126.927309240858,36.59609635235353],[126.92887759298489,36.60170856750235],[126.93204160476901,36.602739649033765],[126.93046267573891,36.608392264283],[126.93276698467672,36.61294745398122],[126.93710242253863,36.61495188134315],[126.93585711112128,36.621856021140495],[126.9422745055707,36.624876294343935],[126.94514730899057,36.628290618001174],[126.94388344760516,36.63287761574063],[126.9470522885559,36.635990408582494],[126.94823069048807,36.640911875999464],[126.95100748573996,36.64184965970317],[126.95504347438266,36.64539119912856],[126.95430387152894,36.65253907858365],[126.95833884303498,36.655267731199096],[126.95971515751953,36.66203801272569],[126.95768537646866,36.662455660471835],[126.9570828853655,36.66886823337976],[126.9574272058316,36.67193341215332],[126.96432574932672,36.67803132045201],[126.96776022736287,36.6794292363442],[126.972087376555,36.66860373495033],[126.97457335437677,36.66629181638657],[126.97819504193419,36.66125647533598],[126.97731542963582,36.65562882671299],[126.97896392935586,36.653232717285555],[126.98697307714843,36.65085212622143],[126.98900300016165,36.6488883593104],[126.99268234495864,36.64865689775887],[126.99859449215998,36.65192158377548],[127.00270503247295,36.65123042804305],[127.00642343352823,36.65290248011047],[127.00952647603629,36.65608751224065],[127.01170634840716,36.65404557013175],[127.01357235314674,36.654523361597306],[127.02049698851822,36.64999487280639],[127.02522865686774,36.65597642772218],[127.03692443493657,36.65449526183955],[127.0418767721702,36.653175495371435],[127.0430062456838,36.65171285070572],[127.0540695281402,36.65132369457857],[127.0585383336193,36.64540851352473],[127.06156221616722,36.644881129868324],[127.06550666256445,36.64607616707304],[127.07264690722029,36.64270566375634],[127.08668353712348,36.641689751963945],[127.08932431261887,36.64324346904073],[127.0896933990892,36.645488022849435],[127.0922626143166,36.64836107019367],[127.09341759178238,36.653755657831],[127.10009067226133,36.6546955256248],[127.10368638531006,36.657055465408135],[127.10884583585172,36.65892162753096],[127.1122896929035,36.657323446636475],[127.12023019686217,36.6556420242839],[127.1214253796616,36.65412459118371],[127.12856914487764,36.65131152250089],[127.12839207831962,36.64846385263116],[127.13118028635151,36.645668564933125],[127.14053492891533,36.642891896175605],[127.14051702699213,36.63673053089262],[127.14451889911908,36.63378957043627],[127.1479896283179,36.628604290380935],[127.1505582399218,36.620428786244744],[127.15101199254703,36.618098585199],[127.15482310805051,36.61676384042557],[127.15589137884085,36.61525983700163],[127.15559470532158,36.60614085321765],[127.1627881117224,36.60397238184827],[127.16762425957336,36.60156499780592],[127.1725399620245,36.59651473010357],[127.17414517382572,36.59594246072052],[127.17858120020978,36.59690315663144],[127.18179070744183,36.59541299396339],[127.18217037727688,36.59289076097244],[127.18458627773913,36.59102175643259],[127.18893648581387,36.59438923439665],[127.19110458141373,36.5937116283009],[127.18924608860686,36.58660377516949],[127.19295612987199,36.58175031539345],[127.19674607120716,36.58114223080356],[127.2005020820809,36.58284550465665],[127.20504558641808,36.581192553663996],[127.2076846957202,36.57821046890479],[127.20686897808274,36.57530033806002],[127.20373858336106,36.57266557774725],[127.20310708274128,36.56745436590393],[127.19938850487486,36.56501802887111],[127.19378768128777,36.564812524795485],[127.18675520767309,36.55294163109525],[127.18730456717687,36.551021630550245],[127.19145845454986,36.54726600910169],[127.18700796414161,36.54579771558448],[127.18503528379384,36.54366271586461],[127.1811797137588,36.54557484875977],[127.17867298114567,36.54535807189032],[127.17424052382016,36.54218948421707],[127.17434321974588,36.53825477644155],[127.17266844268539,36.53614364718075],[127.17301832109862,36.53345687505157],[127.17480763850592,36.53264309470537],[127.17573348413615,36.528881930326214],[127.17753166203845,36.527892093425415],[127.18198581843956,36.5219083381027],[127.18177010026125,36.520375397692966],[127.17401917352808,36.51550583873656],[127.17027715002817,36.511731729710654],[127.17001846888749,36.50903787621189],[127.17599460898558,36.505413476571256],[127.17824749678138,36.49987612638757],[127.17350766777489,36.49927428559904],[127.17324008035838,36.497441067294666],[127.17687680580985,36.49252957401574],[127.1800378464122,36.492076437169615],[127.18336083440364,36.49338387429518],[127.18831464570576,36.492622073922945],[127.19467546940622,36.4895935549393],[127.19486354028888,36.4847437354071],[127.1904819780574,36.47947098040882],[127.19201739291093,36.47466651647478],[127.19474762846151,36.46875959922054],[127.1986416032884,36.465616218477855],[127.2010859184567,36.466802952242354],[127.20327670071244,36.46497769960096],[127.20473347031805,36.45929025054558],[127.20321189559657,36.45608922010639],[127.19839944662611,36.45220671710593],[127.20134246165117,36.44911599158498],[127.2013896421909,36.441975250095496],[127.19908668746794,36.44004523265668],[127.20569863613576,36.4365723983893],[127.2124794433902,36.435391457719646],[127.21770738995892,36.43373753933101],[127.21960213348974,36.4307571186162],[127.22511467535715,36.42665016470931],[127.22564315613198,36.42229475426228],[127.22877984046255,36.4227962232843],[127.2317085789632,36.42194516150428],[127.2319253202937,36.419909478952114],[127.23626026525612,36.418656512217794],[127.24225926355231,36.418615548587624],[127.24434706952765,36.41464424496354],[127.24951695278243,36.40899104160096],[127.25079566419382,36.40675835257603],[127.25720999309434,36.40800229034107],[127.2595635347521,36.41035432665205],[127.25857604489386,36.413690507342636],[127.25980794777769,36.41551853369641],[127.26549267255807,36.41717474690517],[127.26820162198582,36.41672279492056],[127.27568913963714,36.4139486795932],[127.27986083831013,36.41539582174381],[127.28231470262878,36.41453730462398],[127.28066839089195,36.40278731577286],[127.27886650625395,36.39877196868644],[127.27884380891486,36.39623992330707],[127.27918133532768,36.39163507302014],[127.27896906787893,36.38156592162482],[127.28098858958607,36.374818841664926],[127.2775774212734,36.36872054782074],[127.27752246793027,36.36520970807588],[127.27294155105578,36.36297543887973],[127.2708728526755,36.36107905584424],[127.2722530105146,36.354232633188545],[127.27788863807257,36.34893418009638],[127.27552804285719,36.344723551373995],[127.2726631688708,36.344132640365224],[127.2700042128639,36.340017467728714],[127.2673373671597,36.3388925007708],[127.26800797247095,36.33159191689934],[127.26604547594552,36.32850228609624],[127.25975117607548,36.32721053472398],[127.25536866343587,36.32929483052983],[127.25362476816203,36.33292724207986],[127.25341773507954,36.336994516564864],[127.24987894848807,36.33744011517216],[127.2470774843977,36.336588097994444],[127.24195540996433,36.33881335373684],[127.24064434459338,36.34294678401791],[127.24046206159171,36.34660409405985],[127.23728666640952,36.34815778465404],[127.23137043729163,36.34837775169996],[127.22888239923549,36.34917104311045],[127.22176207220217,36.34835285886804],[127.21431982204967,36.348408747286236],[127.20936341283854,36.347930450470955],[127.20393189726478,36.34601253325725],[127.2059383424237,36.342241464635855],[127.20187700336342,36.34050206969632],[127.19921318938584,36.338360953441786],[127.19578187836552,36.33399587893655],[127.19342761172,36.334231452583296],[127.18283790121953,36.330355197543724],[127.17737512131532,36.32951996598259],[127.17592078493678,36.32777746838453],[127.17032288065097,36.32535340858544],[127.16533863757778,36.32245748262699],[127.1593665343378,36.322309051209416],[127.15850034862216,36.31663554176567],[127.15601839124596,36.31420516023606],[127.14922181166605,36.312444700122654],[127.14669500477838,36.30921503043914],[127.14312380366259,36.3069247246693],[127.14055708995359,36.307601499984756],[127.13817035514514,36.31145051488907],[127.13060471466076,36.31819525699432],[127.13015137774643,36.32063431022268],[127.12534405985785,36.32045370573254],[127.12071128304659,36.31791728807901],[127.11743678704023,36.32286792450417],[127.1151769676976,36.32996594319526],[127.11044144501308,36.33609435528687],[127.10671172055355,36.34003795918376],[127.104584891202,36.33495870540223],[127.10234336358239,36.33379551811724],[127.098745242887,36.32832412466398],[127.09267112631403,36.32159528399563],[127.08942350761879,36.319254119153925],[127.08879706819438,36.31774465243591],[127.08453429719412,36.3165693322597],[127.08414860085843,36.31228183732667],[127.0778136007596,36.296294863637236]]]]}},{"type":"Feature","properties":{"regionCode":"44180","name":"보령시","parentCode":"44"},"geometry":{"type":"MultiPolygon","coordinates":[[[[126.0526018105899,36.203970297651686],[126.05200899195806,36.201038236070715],[126.05525675813077,36.19728613289491],[126.05063296240992,36.197554750452106],[126.04956718021724,36.201184708542435],[126.0469765593281,36.20471774125402],[126.0526018105899,36.203970297651686]]],[[[126.02797650839067,36.21729098944153],[126.02466593553461,36.219842152011275],[126.02279620531701,36.22320114523283],[126.02580713228052,36.22474305045709],[126.0282840230806,36.22085755650248],[126.03044498576708,36.219500012715415],[126.0298894448941,36.216752325958886],[126.03180859122286,36.21509823111499],[126.03448472194995,36.2145774972453],[126.03405342937016,36.21116482201878],[126.03201265228886,36.21023222891678],[126.0309034429765,36.213299558762316],[126.02797650839067,36.21729098944153]]],[[[126.07762811497118,36.22621040608856],[126.07607755974358,36.221404545887644],[126.06907750956704,36.221467638554486],[126.06735465818619,36.223758902018005],[126.07286206988942,36.22742864479745],[126.07475802510015,36.22753120628855],[126.07624604232075,36.23352500427785],[126.08024337078704,36.23356372357357],[126.0828116862241,36.229533897222055],[126.084988048524,36.2298420567927],[126.08849121626821,36.23307131628577],[126.09054531987013,36.2371050235796],[126.0928580706567,36.23635831189425],[126.09356864803354,36.230190488668576],[126.09537007597557,36.22753474232604],[126.09415205677941,36.22597270804773],[126.083139718213,36.2237352127853],[126.08113965155039,36.22608961230264],[126.07762811497118,36.22621040608856]]],[[[125.95927411167828,36.23364128208203],[125.96234926548256,36.23715996369415],[125.9627027966216,36.23908472827532],[125.9667950141209,36.239600058354526],[125.9648950788894,36.23525332380537],[125.96249843241421,36.22953136545507],[125.96000282712282,36.229607659721786],[125.95542237315475,36.232178792874095],[125.95762167480474,36.23557222620059],[125.95927411167828,36.23364128208203]]],[[[126.05591987921372,36.23658377860653],[126.05608989510216,36.233723110333244],[126.04677463754136,36.23551086524672],[126.0473020624378,36.23828443391247],[126.05381720176484,36.23651420946506],[126.05591987921372,36.23658377860653]]],[[[126.27117205057984,36.27778971489728],[126.26813973612305,36.27304541355018],[126.26567574233333,36.265401923940274],[126.26115351391088,36.26723575310122],[126.26182034648205,36.275642392636556],[126.26501643107227,36.27788095073784],[126.27069185491223,36.27967782791081],[126.27117205057984,36.27778971489728]]],[[[126.2613570522315,36.29878621472874],[126.25870429240744,36.30189171323025],[126.26138692377543,36.304352751872706],[126.26605583282385,36.305320462022166],[126.26656839432896,36.300269794544214],[126.26417684619696,36.29637585636849],[126.26322143275061,36.293636904248814],[126.25749490047139,36.28965968946455],[126.2540845639301,36.29499834328614],[126.26015637249932,36.294787484902194],[126.2613570522315,36.29878621472874]]],[[[126.35738456195752,36.31119208795642],[126.3579113789775,36.309138298710735],[126.35087923364576,36.30886367596092],[126.35011467788594,36.31195247474518],[126.3545115487356,36.3114167802691],[126.35738456195752,36.31119208795642]]],[[[126.31842028735102,36.31966817210212],[126.31549884491508,36.31967506489464],[126.31361328800598,36.32114991690723],[126.31425516408292,36.32489305448887],[126.31969512864278,36.32750309070624],[126.31787912858694,36.32369181656507],[126.31842028735102,36.31966817210212]]],[[[126.2928254961445,36.32701667001006],[126.28888036257983,36.32628725650524],[126.28539989951179,36.32803443056178],[126.28595719203174,36.33005199064468],[126.29207665015703,36.3328546311311],[126.29428733469197,36.330185642096076],[126.30052473460528,36.33027897838226],[126.30462288803787,36.325630758218054],[126.30244988996608,36.324153589731],[126.29469663413691,36.32581106122499],[126.2928254961445,36.32701667001006]]],[[[126.3174497009532,36.33073741874756],[126.31553588244557,36.33110379615457],[126.31317403427995,36.33415738358626],[126.31852137569476,36.335748825503465],[126.317612378764,36.33811044259619],[126.32156931880962,36.33857385210763],[126.32571441672098,36.33824241044616],[126.32578576312562,36.33635787043727],[126.32250467637657,36.33556097759681],[126.32176773482138,36.3334338707664],[126.3174497009532,36.33073741874756]]],[[[126.36129003226219,36.32681604566375],[126.35832606062552,36.32644546943343],[126.35746232077435,36.32897806594967],[126.35254533794038,36.3308382295955],[126.34739537219392,36.331217551985034],[126.34449319160433,36.32734951496111],[126.34049395222188,36.32793030267141],[126.3427868914978,36.33215364927041],[126.34029655981391,36.33386318659496],[126.34525133610639,36.34011043847602],[126.35135890545543,36.34414814741308],[126.35412073530512,36.352595089035646],[126.35303027814126,36.35584906096837],[126.35628152130442,36.35527806629059],[126.36145832980995,36.35195547352509],[126.36061905927845,36.342910352243194],[126.36300006832732,36.339228116940724],[126.36924419276114,36.33734808930314],[126.37072399801387,36.33523639929807],[126.36924401853972,36.33402321671558],[126.36493979332208,36.33335463917972],[126.36159512096077,36.331437581946965],[126.36032739200176,36.3295470371778],[126.36129003226219,36.32681604566375]]],[[[126.45074804846311,36.36367660358452],[126.46112293752402,36.3613221922081],[126.45965642309986,36.358536372041264],[126.45900485810797,36.35455332433996],[126.45490531357333,36.3556325923455],[126.44450857626967,36.35517287064794],[126.44190087653391,36.35773400070417],[126.43201133698258,36.361049758188706],[126.42648497947671,36.36208692970025],[126.42138958769767,36.36223385452066],[126.41334907126505,36.364493392553605],[126.4080296068147,36.36393863240633],[126.40470344127989,36.36587777514748],[126.39636994664065,36.367482785313264],[126.39142029483916,36.36522741201233],[126.38513004434307,36.36612152925028],[126.38304035399392,36.36731160927906],[126.38355371801246,36.372186412294816],[126.38306390941248,36.375065965422735],[126.38467966714646,36.380152318094964],[126.39124557242553,36.382162278436155],[126.39682076388338,36.382739605174194],[126.39959083115367,36.3814497799723],[126.40612228367816,36.38247751583113],[126.41360944443755,36.38292633392794],[126.420001826137,36.38556523512152],[126.42602962996786,36.3858689163698],[126.4328653271743,36.386038886744906],[126.43448418606803,36.38532606377361],[126.4354777651362,36.3794773981236],[126.44334833633407,36.371417058604685],[126.44639992351381,36.36619550220575],[126.45074804846311,36.36367660358452]]],[[[126.44824978714058,36.38863902767199],[126.44757101257444,36.385188934435995],[126.45167054776793,36.38221546574417],[126.45660586950554,36.380344153888096],[126.45470091234351,36.3779112286003],[126.45025317248817,36.37713322016619],[126.44364473885034,36.37698891236321],[126.43950755753266,36.37867405501663],[126.43818594020074,36.3864329141102],[126.43906466527078,36.3881037009729],[126.4452830528859,36.39048127947102],[126.44824978714058,36.38863902767199]]],[[[126.36488878782926,36.39442155118029],[126.3711891477852,36.3905431796983],[126.36776106444522,36.38648951443784],[126.36825496261713,36.38298221848952],[126.3669814287047,36.379803219925684],[126.36836355797702,36.377981480261944],[126.36384075405361,36.377929871741415],[126.36187092495608,36.38002982442377],[126.36258018461041,36.38794265705901],[126.36105429577033,36.39189566295938],[126.36488878782926,36.39442155118029]]],[[[126.35645134405199,36.3995304665654],[126.351927288439,36.39708965146571],[126.35191223018072,36.39304754474122],[126.34555728209433,36.39225142940665],[126.34232284763826,36.38859981600322],[126.33931175990121,36.37925309648321],[126.337706488351,36.37776609621918],[126.33263461246909,36.37818834591979],[126.33086229019676,36.38389543969809],[126.32823257789158,36.38628140328605],[126.32336575353905,36.38841965488975],[126.32497204562056,36.39113927663881],[126.32972033544043,36.39211388906414],[126.33084758101396,36.3948185524185],[126.32949678208801,36.39702176953916],[126.33347420075712,36.401401536843366],[126.33322568436462,36.404334520881996],[126.33654260924061,36.40718409597224],[126.34105340538069,36.40494802063811],[126.34269388054071,36.40414264795145],[126.3480191339395,36.406122422741475],[126.3504720709345,36.40630558187415],[126.35552565471043,36.4039513348763],[126.35645134405199,36.3995304665654]]],[[[126.4376863778964,36.399018400165524],[126.43541899038934,36.39883199830999],[126.4305007170191,36.396577634066006],[126.4294644978211,36.39918271640084],[126.43623262536087,36.40147478198657],[126.4376863778964,36.399018400165524]]],[[[126.4540953302428,36.404781618595855],[126.45674090132918,36.40592032040762],[126.46044809501247,36.4012261589885],[126.45724095415358,36.40171605191525],[126.4540953302428,36.404781618595855]]],[[[126.43534514475377,36.40493154414567],[126.43635462408125,36.40813486623873],[126.43890411780379,36.40734810449541],[126.44089973864371,36.404957871234636],[126.43959246141456,36.40332072935826],[126.43534514475377,36.40493154414567]]],[[[126.45730351879541,36.41186214525011],[126.45893597653011,36.40806818415643],[126.45499271161256,36.40943456803669],[126.45730351879541,36.41186214525011]]],[[[126.62917175678811,36.17339059564109],[126.62322889081571,36.173050513900044],[126.6197264292261,36.17483259224112],[126.61470947025393,36.1721643505577],[126.61303550304648,36.17327655365475],[126.60920242145781,36.171777843668096],[126.60020537758396,36.17555651423152],[126.593666747377,36.17454617944902],[126.58471380449858,36.175726123820304],[126.57975241503918,36.177606415680245],[126.57698215764708,36.1795478219841],[126.57366046390055,36.18379156975419],[126.56594308846921,36.18796815669124],[126.5674120373076,36.194653536582436],[126.56456870155117,36.19773911067729],[126.55944245890443,36.197372353645115],[126.55785431857586,36.19808412453393],[126.55415410090932,36.195308519875574],[126.55090831521227,36.19479616256591],[126.54751061618143,36.197349448919624],[126.54188080014852,36.19714525488167],[126.53652848296326,36.20018435374496],[126.53846996994857,36.20334514208678],[126.5381653676816,36.20946778568269],[126.53225126484666,36.21861308571038],[126.52955498475343,36.22157071901449],[126.53073245890396,36.22838333517655],[126.52960014246787,36.23407915426102],[126.53034383327719,36.2393273215834],[126.53670032735177,36.245941480566216],[126.53764862820475,36.24946463772921],[126.53698830860674,36.25186768725747],[126.5385863043988,36.254802451008516],[126.54181077808822,36.25590509359274],[126.54267580218506,36.25785191275056],[126.54064736295344,36.260713269858165],[126.54476540102759,36.26111644822345],[126.54681046032098,36.26349484871675],[126.54641856817979,36.26887679076508],[126.54033369361194,36.277935414101115],[126.53921231748399,36.275044314994844],[126.53568101548352,36.275748012494724],[126.53528191238769,36.27803892657154],[126.53974795794768,36.278807263175146],[126.53439655664114,36.28677171575959],[126.5274789981182,36.29688041886245],[126.5236944060862,36.29878570125555],[126.52065708977729,36.29883198277444],[126.51905899823124,36.29736819165916],[126.5144651301777,36.307933892858415],[126.51151168835919,36.312491107318365],[126.50857336573951,36.31543089434638],[126.50527765779634,36.32124422933783],[126.50301660748329,36.323046592422855],[126.50448506861527,36.33007257117887],[126.50879973793973,36.3275436559789],[126.5152354572675,36.32743230906566],[126.51645250132181,36.328570798675756],[126.516257867749,36.332116653431015],[126.52062582703576,36.332244988426126],[126.52484953841046,36.333341324674706],[126.52974644657408,36.33695136837489],[126.53839037105352,36.33900065820832],[126.5442200234379,36.339524438050965],[126.54700579110387,36.3443997727459],[126.55166444861216,36.34802172105999],[126.55866659253375,36.35003285170283],[126.56135416176008,36.3515986170395],[126.54979643026859,36.353713945593405],[126.54499077794073,36.35451760941651],[126.52918167071186,36.365473775915945],[126.52686703222884,36.366247500869946],[126.52067706605452,36.37229056718477],[126.5151941419755,36.3740597114214],[126.50910388395742,36.38022501716238],[126.50277146629018,36.379837415673634],[126.4996935936143,36.382375411485434],[126.48657858815051,36.38139105392665],[126.48150492935784,36.38224975514345],[126.47919620675447,36.385233987669714],[126.4818890203725,36.39004541487185],[126.4826253863895,36.39405569601674],[126.48113535862419,36.39682334342545],[126.48466698381513,36.39851196427841],[126.48645595950502,36.40236775125388],[126.48609010124416,36.40422766591968],[126.48785368856264,36.412536691998696],[126.49195979059715,36.418664352241414],[126.49193714631727,36.42213053744554],[126.49696546495186,36.42700620272974],[126.49697723763857,36.42945099195102],[126.49698861957583,36.43181733753681],[126.49453439395931,36.43391674849294],[126.49452945595463,36.43908145356604],[126.49334388425322,36.44251749124709],[126.49102386898664,36.4459591655886],[126.48249630490893,36.45272637589417],[126.48389254725961,36.457929670537645],[126.48282912727471,36.46420586742375],[126.47850064948196,36.46866234347986],[126.47684984253875,36.476832935378695],[126.47601188903346,36.4840464079783],[126.47622342998415,36.48978615367841],[126.47342109069605,36.50325343375248],[126.4757243976097,36.50807230935447],[126.47974748198808,36.51216759389386],[126.48895081670335,36.517746478005265],[126.49400149672887,36.52048257835327],[126.49966188159118,36.52728907791601],[126.503694196223,36.52983086282568],[126.50721120874935,36.52662750318152],[126.50703695025389,36.52509203383607],[126.50962760275385,36.52282538984838],[126.51132997216115,36.52217773132356],[126.52031378672021,36.5216789215128],[126.52587255446821,36.5201763667821],[126.53049166145125,36.517786356268445],[126.53662685354219,36.511597969324654],[126.5433807708687,36.50758635250753],[126.55142927810505,36.5059029037966],[126.5553840173785,36.50573242947821],[126.55989229616017,36.50690239596332],[126.56128287438547,36.509090338568946],[126.56509936312587,36.504941780638866],[126.56605768864583,36.50223040371087],[126.56797058854956,36.50129191840587],[126.57448693932955,36.50318027191779],[126.57739112061832,36.505185598766396],[126.5811629617388,36.5053290587778],[126.59016849228166,36.508873311254156],[126.59303344242467,36.50674018421533],[126.59252034733368,36.50392868531554],[126.5966857756805,36.49898647267767],[126.5969060785443,36.4964568088343],[126.60045475529749,36.48894577601011],[126.59996342420686,36.480092386596176],[126.60194847356841,36.4774361940107],[126.61014867415084,36.480880857200866],[126.61458340831655,36.48538832943305],[126.61693456327114,36.48144541802749],[126.62300142511998,36.47746553486174],[126.62605310373723,36.47639184962765],[126.63186160079107,36.47584970093535],[126.63355267138297,36.47174584439013],[126.63343998990004,36.46921848434309],[126.63552566960243,36.465758224145446],[126.63833107275478,36.46521681156732],[126.6430261638665,36.465930152062555],[126.64782805931928,36.46569692297673],[126.65299127491768,36.466974754853815],[126.655352987452,36.462575178466],[126.65874454444109,36.46028500941195],[126.66423763187015,36.46179967427938],[126.66527820746585,36.46278968852332],[126.67311754793924,36.46218907226134],[126.67460456960058,36.46003343963001],[126.67432966093473,36.45681537208551],[126.67723617171333,36.450756148041265],[126.68172917072495,36.448276482808964],[126.68795876887467,36.44762822580694],[126.68879178733698,36.445675079715514],[126.68396897635579,36.4361433416159],[126.68879775019892,36.432764765923366],[126.69155972217399,36.428653490133904],[126.68885536678786,36.425446907705386],[126.69114957345563,36.422555283283195],[126.69204340524662,36.41911761615724],[126.69067762601561,36.41598464685654],[126.6916685572831,36.41041315179295],[126.70312238419616,36.40476845795602],[126.70621069907163,36.4043858167251],[126.70944677003855,36.40045332986071],[126.70918387469771,36.39664462389262],[126.71459583115711,36.393681843983885],[126.7104916771653,36.388831100534034],[126.71520987101425,36.38280643402522],[126.71841820765674,36.3807179037132],[126.72474905182857,36.37475402517427],[126.72409621375868,36.3733949791256],[126.72040823455005,36.37213587853346],[126.71777334436179,36.37254143367187],[126.70836380907662,36.37041525798345],[126.70423701044216,36.36698844235429],[126.70456230962338,36.36560881175793],[126.70292635812521,36.3596304891541],[126.7029461149636,36.355507729251954],[126.70410449857536,36.350547558597384],[126.70149873781266,36.34823675200947],[126.69600997131052,36.33628694889006],[126.69157943273923,36.33438143933729],[126.68549070132731,36.33373435501725],[126.68309557989335,36.33148240302775],[126.68510855402614,36.32611134763771],[126.68114231957409,36.31648109510815],[126.6804065953148,36.31334673394503],[126.68593132988077,36.30667380378108],[126.6873150354132,36.30645608825062],[126.69297422095283,36.30212105912567],[126.6942358153194,36.298839145295574],[126.6909934641597,36.29662583134136],[126.68769027404515,36.29251730669333],[126.68748033151091,36.29005518284035],[126.69159098695191,36.28748917104948],[126.69484863665939,36.28311880146281],[126.6923858583774,36.279523317215045],[126.69640076341895,36.27649078626495],[126.69667746235868,36.272813025707336],[126.69565469243075,36.27013676159672],[126.69640815851605,36.26755799806364],[126.70172261164926,36.26600833956495],[126.70539549584623,36.265959544471706],[126.71195023727127,36.262210457219254],[126.7192465040711,36.25914988689645],[126.71836707786309,36.25551072417524],[126.72056509138736,36.25376671002398],[126.72939437216925,36.256398379132804],[126.73368851120331,36.255926084190484],[126.73722414641385,36.25426604192263],[126.73798683814967,36.250791802234424],[126.73759575673249,36.247487417348275],[126.73437090512822,36.23846895664567],[126.73131032954824,36.23718170842045],[126.72898085935819,36.23790481508602],[126.72293936669674,36.23705484109046],[126.71829379733829,36.23455734205601],[126.71824944216463,36.231799443557975],[126.71486441541373,36.22878330911255],[126.71592380975542,36.225667558078555],[126.71555155379589,36.21853990770107],[126.71378048290073,36.21813296538501],[126.71348013648172,36.21439654042699],[126.70642154396663,36.21011161895058],[126.70178556749583,36.20603793266497],[126.69891107291541,36.205461122212995],[126.69915864736288,36.202594130546665],[126.69234884700843,36.190330239262074],[126.68315920428775,36.18745959779209],[126.68046536362144,36.18245355827762],[126.67606641394634,36.1811292429881],[126.67407811104962,36.17836384714077],[126.66670746545198,36.176162501431754],[126.65862906966339,36.17805039710552],[126.65809379216127,36.18069304613133],[126.65292702312303,36.18083251526507],[126.64308396991886,36.17794697653527],[126.6408508209783,36.17617796953219],[126.63200847390928,36.17582342448659],[126.62917175678811,36.17339059564109]]],[[[126.5177347932069,36.21449928884404],[126.51804594207508,36.217470853090724],[126.5221679359607,36.21635147999321],[126.5177347932069,36.21449928884404]]],[[[126.52283591911815,36.243831501119395],[126.5194333947063,36.24093670621325],[126.5169439398681,36.242321055685835],[126.5186811601767,36.24559746000029],[126.52398187890685,36.246504473547766],[126.52283591911815,36.243831501119395]]],[[[126.46653767202694,36.40969632341322],[126.46924088154296,36.41139034316722],[126.47050284206131,36.40946827077867],[126.467139976416,36.4078243100101],[126.46653767202694,36.40969632341322]]]]}},{"type":"Feature","properties":{"regionCode":"44200","name":"아산시","parentCode":"44"},"geometry":{"type":"MultiPolygon","coordinates":[[[[127.04752295383561,36.70164138177563],[127.04014962997945,36.69734736644251],[127.04031767048735,36.69483930968676],[127.03866715850366,36.69294603767805],[127.03575238936313,36.692936457256685],[127.02659092081906,36.68669927778031],[127.02227062172229,36.68078631075394],[127.01952285811747,36.675396677742015],[127.01602266904055,36.67185573751006],[127.01577409288014,36.66632780109646],[127.00952647603629,36.65608751224065],[127.00642343352823,36.65290248011047],[127.00270503247295,36.65123042804305],[126.99859449215998,36.65192158377548],[126.99268234495864,36.64865689775887],[126.98900300016165,36.6488883593104],[126.98697307714843,36.65085212622143],[126.97896392935586,36.653232717285555],[126.97731542963582,36.65562882671299],[126.97819504193419,36.66125647533598],[126.97457335437677,36.66629181638657],[126.972087376555,36.66860373495033],[126.96776022736287,36.6794292363442],[126.96696981979727,36.684127696565945],[126.96960807756855,36.69074784176529],[126.96256824677587,36.69698418186264],[126.95905923876285,36.69741158036927],[126.9545440927665,36.699108386060175],[126.95213672060466,36.70288538910609],[126.9499536980146,36.703772872352936],[126.93961617572391,36.70289554370978],[126.93362640301109,36.70192384258626],[126.92847886884111,36.70438123834853],[126.92447396713088,36.70129919411502],[126.92181336040495,36.700630738074764],[126.91725679432282,36.70324678453555],[126.91108560480389,36.703893089111595],[126.90643589276324,36.70163538151971],[126.90214198990577,36.70219372227913],[126.90179405273965,36.704097397408624],[126.90308442458196,36.708202588740825],[126.90259047026107,36.71468809846257],[126.89991902367069,36.71587499115697],[126.89972312293607,36.71907302082398],[126.89833503811286,36.72274534527556],[126.89466792497545,36.72506774106524],[126.89068862540417,36.72625073236897],[126.88666748206941,36.73131958935461],[126.88349511986114,36.73111149965126],[126.87573042955165,36.72835034417391],[126.8714980065303,36.727968983857686],[126.86684685085842,36.72943120040114],[126.8636738341029,36.73212658797365],[126.86167212358505,36.73668407588024],[126.85950908778278,36.73868278550786],[126.85868464629169,36.74698798848914],[126.85193804326681,36.74830504095395],[126.8498830968891,36.74276607349988],[126.84694991059364,36.74162721006273],[126.84504735780826,36.74352764417207],[126.8476544711816,36.747168500247454],[126.8448576134142,36.74967897838652],[126.84007120055666,36.74986871861733],[126.83774137501516,36.75184550590153],[126.83192923601318,36.75977719569355],[126.83036411936091,36.76346628205125],[126.83057567968225,36.768649397281],[126.83245884467588,36.775676945092194],[126.8333510594657,36.7832562237966],[126.83629347809556,36.786941867512],[126.84242908397314,36.78889334377016],[126.85468239422205,36.789364301869384],[126.85812394362127,36.79118420039452],[126.85916849883361,36.79348972372371],[126.8577705507196,36.802884326929075],[126.8569500457345,36.8040415202892],[126.85333218235941,36.80855384746769],[126.84797794401258,36.818291284536635],[126.84063084908492,36.82643506677785],[126.83898931412405,36.829006355346124],[126.83680124826682,36.834930240621944],[126.8375797264207,36.83912224804321],[126.8416113969732,36.83953083610933],[126.8471216633935,36.862758044799946],[126.84789691882182,36.877445523874755],[126.85290044598749,36.88253591305613],[126.86174809032963,36.880205099602634],[126.86563160509752,36.88290255573184],[126.88064353266425,36.88805985173686],[126.91190288403278,36.890413259779635],[126.90895914884426,36.90491027021893],[126.91203673036479,36.90446425365602],[126.9170599294352,36.90535935369537],[126.92758164613342,36.91060093181502],[126.94323404704777,36.917997631296984],[126.96422344681577,36.924099644968344],[126.97285285638561,36.92621512524931],[126.98532527286692,36.932466894329366],[126.99540570788413,36.93551723595457],[127.00631467022387,36.935184989268706],[127.01585984948298,36.93446097503086],[127.03173369240481,36.92833964863846],[127.03815092219867,36.932452245967106],[127.04805195925807,36.93349793728932],[127.05651054068483,36.93709723793165],[127.06063869734844,36.93951819011961],[127.0713770643182,36.94003971948903],[127.07393472561634,36.93839318738574],[127.07450702748918,36.93590583760543],[127.07996405954493,36.93084422877537],[127.08200688709546,36.92816601029221],[127.08911763793144,36.92134564746851],[127.09421876721426,36.91115981750561],[127.09251876698099,36.90899336321276],[127.08728144301091,36.907223625901786],[127.08501599308659,36.9042054102636],[127.08958301363035,36.89914204804799],[127.09170383977192,36.8942629663109],[127.09049954726092,36.8907401793621],[127.08798624052197,36.88810854198565],[127.09151587204391,36.88519379842281],[127.09185582679564,36.88279008330963],[127.0887765150791,36.880408572902944],[127.086509834794,36.87595474224876],[127.08762918868872,36.8745003859282],[127.0886829863576,36.8673424201616],[127.08692754709662,36.86254060314937],[127.09068106332498,36.86075250873575],[127.0939069600367,36.861824425379574],[127.09925631989313,36.86212688389754],[127.10492321024299,36.86096993455139],[127.10947321437675,36.85754265978189],[127.1099308708,36.84939064569143],[127.10622443515358,36.84544877547228],[127.10258769095994,36.84432290579708],[127.0981193420269,36.83969651723747],[127.09981025265316,36.837464119847304],[127.10533850761212,36.83787591272507],[127.1053936251316,36.83665584201734],[127.1008842288671,36.831184632990954],[127.10076994038347,36.827321266951245],[127.10216735307762,36.82528949122191],[127.10164198711797,36.82214099512906],[127.09670300587823,36.8144216948955],[127.0987314248707,36.81170504132259],[127.0984751103967,36.80762943619657],[127.0959767046025,36.80434072168763],[127.09684325954753,36.80016728075823],[127.09496696922923,36.796668686812566],[127.09755595157466,36.79253225356991],[127.10137324988963,36.79555673049073],[127.10141251825235,36.79718074191634],[127.10408677092646,36.79906851602995],[127.10665609787308,36.79726030987308],[127.11110038852544,36.79711580088229],[127.11094216797318,36.79116039894977],[127.11338991431673,36.78654919039981],[127.11331607015552,36.78470034249306],[127.11365239524119,36.78074422469557],[127.11763122316911,36.780211259703755],[127.119392882304,36.774966358235844],[127.11908509702735,36.765770050272124],[127.11780556633494,36.76415431963968],[127.10925414788977,36.75919131411291],[127.1031369469149,36.757912980665104],[127.09464496463865,36.761011401721504],[127.09582299854557,36.75664607854297],[127.09836644075959,36.755020218902665],[127.09752351478159,36.75213545010392],[127.09174243477257,36.74914647276933],[127.08849067045125,36.74640987446516],[127.08891538537745,36.740918069299134],[127.0851227773052,36.73859863385295],[127.08115331708126,36.73300550972013],[127.0804681563883,36.72894824788089],[127.08403485066273,36.72448673717919],[127.0840958408311,36.722022469331435],[127.08080280948057,36.720899573237546],[127.07928970756637,36.71721702578213],[127.079769459976,36.71289888294461],[127.07896919702512,36.70998772714991],[127.07229485788122,36.708180686489385],[127.06513926940609,36.70939982942013],[127.05847533259211,36.70831037887328],[127.05573019484693,36.70533119565619],[127.04863658937278,36.70407486524844],[127.04752295383561,36.70164138177563]]]]}},{"type":"Feature","properties":{"regionCode":"44210","name":"서산시","parentCode":"44"},"geometry":{"type":"MultiPolygon","coordinates":[[[[126.44754479519605,36.6761288342617],[126.44185764562445,36.66704644730387],[126.44257802698269,36.65457810983861],[126.4441466544077,36.64422336849622],[126.44318265322512,36.64246100188955],[126.44413301818787,36.63767173540012],[126.44357322528022,36.635633696741735],[126.43998264531818,36.631684772831186],[126.43624442782428,36.62440435018141],[126.43377814106167,36.62227773777191],[126.43329211906328,36.61806580179739],[126.42962966671763,36.60847255531168],[126.4258660252539,36.60489244353097],[126.4238840973329,36.600275185073],[126.41809479331626,36.59890544780199],[126.41550570902218,36.59958663791583],[126.41071700785066,36.60256987586432],[126.40872362011979,36.60792608520655],[126.40295215210374,36.611644269217344],[126.39472392279005,36.61839164982869],[126.38869202130661,36.61854581789972],[126.3867499516319,36.61719428943728],[126.37909366132313,36.619374993866124],[126.3739460312622,36.616711225318646],[126.37300534610883,36.6193893073415],[126.36846650252677,36.62224708385502],[126.36446538709077,36.626851692982434],[126.3618213324984,36.63557900469274],[126.36252009390577,36.637641287376674],[126.36090918120344,36.66909872471075],[126.35686356675784,36.67334216884284],[126.34832184855064,36.674405512275726],[126.34817788974722,36.696302209371645],[126.34776773056562,36.70228320991381],[126.3463310066782,36.70433114607334],[126.3460316040757,36.710628348088555],[126.34655901947296,36.71626583386488],[126.34609701141258,36.721117430062556],[126.34663174725345,36.72853227487702],[126.34390806838796,36.73698441490622],[126.34341728260699,36.7407910295233],[126.34400190288329,36.748910100847645],[126.34501924484213,36.75289080761428],[126.3495420136173,36.76470512983552],[126.35062977399097,36.7675520623933],[126.34951312911946,36.7737709928416],[126.35128853541771,36.77911047076413],[126.35562712419734,36.780514345108344],[126.35453317773249,36.78603014133223],[126.3544899850839,36.79085189787195],[126.35214446799232,36.79339767033312],[126.35138796106382,36.7967669814792],[126.34313605058253,36.80491208052275],[126.33442706370043,36.81500536159286],[126.33746714364231,36.816289942119035],[126.33752209851778,36.81785710427012],[126.33012682962547,36.822918916113615],[126.3282328537346,36.827345271584804],[126.32622640608548,36.83009957732752],[126.32892630536753,36.83490226504794],[126.32804829363867,36.83652850519365],[126.32438017575805,36.836482012909265],[126.32099751084652,36.83750724688899],[126.31523298162159,36.84181962560164],[126.32135410613421,36.84417967500144],[126.32481990105826,36.84768872125605],[126.32367879618084,36.8508499356333],[126.32528924626125,36.85338432455421],[126.3253188183445,36.856591043488024],[126.32743161630577,36.860469268030855],[126.3313004294369,36.86301718899242],[126.33381356346864,36.86129285366855],[126.33965481754322,36.859850589919695],[126.34430094184955,36.86196208344171],[126.34786356499531,36.860710414220044],[126.3455957781805,36.85832027307786],[126.34197841788787,36.84856000134566],[126.34537356456276,36.84393784540598],[126.34825263204465,36.84416550283349],[126.35183934640797,36.83920125898885],[126.35196138343777,36.835964048989624],[126.35485392357553,36.83252020126028],[126.36470222713396,36.830320312981264],[126.36592367028787,36.83405097515426],[126.3591477179109,36.84120667685059],[126.35816007852884,36.84549175913589],[126.35603568487103,36.84903825686006],[126.36329528980924,36.85076157726717],[126.36583466001267,36.85491330581214],[126.37029362909654,36.857178325039655],[126.37136853914268,36.86452131918147],[126.37085981441531,36.86631695666227],[126.36881913504777,36.87163786669715],[126.36438955869609,36.872912227985935],[126.36408686104353,36.87735350125614],[126.3666920230406,36.879776900832496],[126.37280151788713,36.8793043844366],[126.37453633975916,36.88191948752598],[126.37945054158286,36.882918856061146],[126.38346430889176,36.88268082021411],[126.38567314721779,36.88118869434427],[126.39782109452638,36.88127053240114],[126.3987494429066,36.883723514555506],[126.39472899136494,36.88714895052427],[126.39537682803676,36.89301664752722],[126.40003656759147,36.8934466842345],[126.40423660336612,36.891243323631116],[126.40515994836478,36.89409504519299],[126.40433432404528,36.897769537793415],[126.41139294167098,36.89693213429366],[126.41342463642953,36.89416751342698],[126.42072103219614,36.898516519318164],[126.43002827012656,36.89889008492493],[126.4306619707626,36.902711042565414],[126.42719083391394,36.90600683440498],[126.41884120160383,36.90553220757213],[126.40953888076297,36.90745265252884],[126.40813229917907,36.90879765945176],[126.40918202384766,36.91363469734419],[126.40901947954924,36.91666557467124],[126.40423035507294,36.91865878647975],[126.40310340357978,36.92110058080983],[126.40579365489405,36.923790538741926],[126.410481057277,36.92363306703535],[126.41304644909683,36.92539657919843],[126.41663358416378,36.93029544363831],[126.41058080321102,36.934575416791326],[126.40522564529516,36.932315792891096],[126.39972177076811,36.932547674743326],[126.39834120369318,36.93524087304754],[126.3952386874357,36.93465387878367],[126.39191410199513,36.92944416598539],[126.38622854909984,36.9298214310056],[126.3834741022784,36.93256661310981],[126.38125464740415,36.93627251259135],[126.38162854767134,36.93966995110468],[126.38068111296045,36.943997172931084],[126.37445336759744,36.944551687223516],[126.37348912448282,36.94641996690179],[126.36816155210974,36.94630386301654],[126.36587887130317,36.944301217105526],[126.36531516592908,36.94186866989773],[126.36312827901506,36.941534952960524],[126.36085346611489,36.938624837312496],[126.35888441306471,36.93843857252854],[126.35655039468261,36.94215412079036],[126.36038649997195,36.95037087156018],[126.3590965585903,36.95185675434392],[126.35514120722749,36.95144165349533],[126.3527070395523,36.950111154498785],[126.3502830524246,36.951883452152536],[126.35069714268387,36.95880629608563],[126.34972840814284,36.96111340303974],[126.34363909884112,36.960318769587666],[126.34247886017008,36.959404935855936],[126.3340072577139,36.95973813854949],[126.33275409800358,36.96362197825212],[126.33594897875487,36.96878360022111],[126.33321066800389,36.970690625289365],[126.33329757876278,36.97557500978141],[126.33848680777979,36.97503258191114],[126.33820037837508,36.98098450003479],[126.33093552401154,36.98309391745579],[126.32765847455892,36.986760383045834],[126.32548879964267,36.9935978380523],[126.32640496870397,37.00008859095564],[126.32926361551635,37.001015224046725],[126.33259150606372,36.99778253992226],[126.34057116575356,37.00073189268875],[126.33506320227534,37.00586010628269],[126.34036351201972,37.01221928565387],[126.34380925575682,37.01163148744917],[126.34503517187109,37.00747638290586],[126.34991518995604,37.00376354154796],[126.35246834962447,37.00475164765678],[126.35854066994598,37.012072376294554],[126.36025199340438,37.01074497789268],[126.36054597199659,37.00696140803798],[126.36431876083493,37.00704714524948],[126.36632970867065,37.01280248025214],[126.36918809675741,37.01126886023162],[126.38452415507781,37.01291562733983],[126.39742902650998,37.01173480617356],[126.40788911443504,37.01202765554332],[126.40978338986397,37.016592743982166],[126.40267041492872,37.01910446005842],[126.40546465598388,37.02351541024826],[126.41511137258311,37.01979471006604],[126.41314855420761,37.01455749911259],[126.42570669042195,37.014870243597755],[126.43063496260295,37.013442508191446],[126.43053661643893,37.00956023999561],[126.43173573943695,37.00835205251883],[126.44205895379916,37.00745670228953],[126.44464167161296,37.00766896002601],[126.45058961730221,37.00602128736083],[126.45384854542446,37.00329356783589],[126.45419754381055,37.00005024817531],[126.46273954971187,36.992983262525726],[126.47282006154147,36.976452467665155],[126.47797943106171,36.9687364572062],[126.48325320705302,36.953172170573346],[126.48667775124098,36.943850453872614],[126.48733645290065,36.9384610272136],[126.48704927281956,36.93488500605232],[126.47975066431322,36.91902582537862],[126.47754479398093,36.91031069632323],[126.47678369446048,36.905331115393984],[126.47352331594712,36.889795033972696],[126.47280632424167,36.88525301778613],[126.47336830731365,36.881995848115515],[126.47486641552388,36.880374403284385],[126.47994925073574,36.87839873682793],[126.48353079347932,36.87568840043604],[126.49840047613232,36.87094116591272],[126.50807712198373,36.8703753683591],[126.50923992309693,36.86962754512603],[126.50994680792519,36.865566629967205],[126.50953029969999,36.856502261562234],[126.51471907308198,36.85156139175411],[126.51040762090882,36.847187643288684],[126.5141306880475,36.84478611987756],[126.51817004133505,36.835693022955326],[126.52318646786595,36.83460638274018],[126.52314851770903,36.83122967927408],[126.52600618630964,36.82673498933372],[126.5288061759519,36.82604067662271],[126.53690529185876,36.8276738045618],[126.54958697541193,36.824229753070945],[126.55532647305527,36.82459540824733],[126.55723377795104,36.82646633545603],[126.56167619262155,36.82661012994615],[126.56657170423513,36.82865797194859],[126.56961248645692,36.828585273434015],[126.57426305149394,36.82518532782055],[126.57687840535931,36.825324797964136],[126.58332901826152,36.83365153566501],[126.5884533304584,36.83657829391096],[126.59543037040056,36.833969935440685],[126.59498288282037,36.83114155759497],[126.59839149885391,36.830408834404444],[126.59942338081763,36.82803377414953],[126.59937244235465,36.82270040424678],[126.59802223119658,36.82026986218849],[126.60073379522059,36.81716145555492],[126.60698693640077,36.817011613990964],[126.61457770844122,36.81444363491047],[126.61744983874289,36.8124282014282],[126.62384056776186,36.8127890890502],[126.62647320120861,36.814432091433716],[126.63160221202848,36.812173099483516],[126.6310221746493,36.807141094239185],[126.6355758716715,36.80521515659989],[126.6366353830062,36.80117040752511],[126.64342480196883,36.79415981215753],[126.64546085439574,36.788727160341885],[126.64855782152509,36.78647663238974],[126.65124775840016,36.778897737048894],[126.653543981658,36.774968012080635],[126.65346735018444,36.77220884993176],[126.6502945585665,36.77165456978469],[126.65023836788158,36.767532908312255],[126.64772846989989,36.76248709702105],[126.64793682178687,36.759295008854956],[126.65242845055926,36.75692367519607],[126.65332224783461,36.7533737665783],[126.64613988889894,36.75305286591847],[126.63893777399481,36.757420267640065],[126.63466434583518,36.7580538772061],[126.63217426571319,36.756588670675576],[126.63274866501023,36.75164920190579],[126.63448667373785,36.745077659732914],[126.63255802982879,36.74148286520985],[126.62803788262788,36.73670089520817],[126.62430886137462,36.734766115252235],[126.61798500376645,36.73440849803261],[126.61074647511433,36.73210978941408],[126.61009797340976,36.7293270272719],[126.60717816716071,36.726248655136445],[126.60524995657745,36.722607157841544],[126.60325389422142,36.7213035097075],[126.6020638856984,36.717974567714066],[126.60420997843622,36.715969188361754],[126.60523743019833,36.71221480110275],[126.60895631944256,36.70542938324214],[126.60758554199856,36.70278014907803],[126.60541470364271,36.702342048149994],[126.60432955071717,36.698754542126586],[126.59980723671852,36.69669950290627],[126.6001264757795,36.69070088890043],[126.59913328156921,36.688119061936455],[126.59605042153466,36.68451423160905],[126.59875241827397,36.67933797377127],[126.59767538713997,36.674822221907604],[126.59531770057013,36.669203111506356],[126.58924006724101,36.663741282331614],[126.58611951931697,36.665418662697334],[126.58169539114031,36.66409970810255],[126.5818226394927,36.66150278768805],[126.57945064023943,36.653999744237225],[126.57470981689426,36.65304920258973],[126.5724330958481,36.65142953993105],[126.56904672560442,36.64673631113763],[126.56580008528363,36.644486164232305],[126.55137574861772,36.64245061181862],[126.54662565264817,36.64036680286844],[126.54133151497507,36.644624530452305],[126.53513218255911,36.646211899023974],[126.5304416665121,36.642515505011914],[126.52863117183898,36.63998333981258],[126.52260846632684,36.63869313004296],[126.51944604605733,36.63733523055443],[126.51575751572695,36.63221137286573],[126.5107721358099,36.63080712857773],[126.50575797345735,36.634768937848094],[126.49932969821911,36.634930378513104],[126.49795130994436,36.63573766057435],[126.46590999273121,36.643968804861764],[126.46789288777867,36.65395282843531],[126.4627061699256,36.65890003212829],[126.46127890038272,36.66457034437521],[126.46424124440115,36.672506710935174],[126.46223921191435,36.68445293232258],[126.45345137370334,36.69307333563128],[126.45348080162448,36.69370297411903],[126.45105243941877,36.69348946278749],[126.45103749595738,36.6860907359999],[126.44754479519605,36.6761288342617]]],[[[126.38306928195396,36.888234367153444],[126.38103956071964,36.891833416968446],[126.38354446414478,36.893218040099995],[126.38646638087971,36.89225590994773],[126.38749449150293,36.88946094304363],[126.38306928195396,36.888234367153444]]],[[[126.34141248043707,36.896318663232286],[126.33749374349978,36.90007185995601],[126.3325071912622,36.90213611307195],[126.33022845975171,36.90472996393178],[126.32369264748185,36.91615387002618],[126.32634841859615,36.91617396883405],[126.33352717074682,36.916383719371034],[126.33622980046704,36.91493988240358],[126.34773946622394,36.9050353819646],[126.34655166313705,36.9013652793882],[126.34141248043707,36.896318663232286]]],[[[126.37103365141023,36.9184462785039],[126.36917467617562,36.92255770214796],[126.37070795621833,36.927024687643204],[126.37531701014458,36.929079087493676],[126.37757165590202,36.92915388985911],[126.38234093705493,36.925491090529405],[126.38729079273548,36.92461198191181],[126.38825142569219,36.922829790077536],[126.38664516868687,36.9196542199544],[126.3844786584039,36.918611410311456],[126.37933762291878,36.91757692662229],[126.37707526427559,36.91846471036438],[126.3732701491995,36.91694714471835],[126.37103365141023,36.9184462785039]]],[[[126.3411920502305,36.92880590442031],[126.34390927227298,36.92539226893467],[126.34234522930392,36.924938244393736],[126.33879993029295,36.928727709978965],[126.33722453155518,36.93218020262756],[126.34076680851227,36.93250480852301],[126.3411920502305,36.92880590442031]]],[[[126.35200519681811,36.93022036757514],[126.35373913787913,36.932161296616705],[126.3573018842803,36.93087164503247],[126.35499570252504,36.9292062371374],[126.35200519681811,36.93022036757514]]],[[[126.36715451015303,37.02236500714401],[126.37077339573607,37.02610425578734],[126.3724672544709,37.02449692441369],[126.36868552470689,37.021785746318216],[126.36715451015303,37.02236500714401]]],[[[126.38413313834225,37.02339594916823],[126.3871529683463,37.02641907466098],[126.38858878197863,37.025183140040994],[126.38502768874785,37.0222795948838],[126.38413313834225,37.02339594916823]]]]}},{"type":"Feature","properties":{"regionCode":"44230","name":"논산시","parentCode":"44"},"geometry":{"type":"MultiPolygon","coordinates":[[[[127.14595094503328,36.090440663442095],[127.1423959699884,36.08785380514766],[127.13716331519623,36.08684851259203],[127.13350608832367,36.08133924151326],[127.13438070726582,36.07796880775213],[127.13370162721468,36.06968287882932],[127.12990853375827,36.06564613057486],[127.12484552552789,36.06441164509783],[127.122900428152,36.06319211422073],[127.11723138843429,36.067669585422266],[127.1135952052215,36.06849365631607],[127.10540808022449,36.074191032148185],[127.10178415639466,36.07570214114121],[127.09585733987511,36.07427005248194],[127.09361083859159,36.075132138562005],[127.09092847831327,36.07197329130809],[127.08773357647915,36.07586036309928],[127.08160085882132,36.07792274878285],[127.07881033112109,36.08163642033675],[127.07453288832396,36.08449163982654],[127.07180069954211,36.08435697243817],[127.07016366587771,36.08757157285895],[127.06766399988462,36.088228341557986],[127.06302928158715,36.09210964174736],[127.06085985699411,36.094891122418105],[127.06110637772973,36.10499371612662],[127.0582404702371,36.10824465157864],[127.05869343743927,36.11013595238791],[127.05778132795031,36.11715543055418],[127.06057783649923,36.119838002722936],[127.0607924652541,36.12512872628002],[127.05816765674372,36.1250982249716],[127.05436079903109,36.129832929981234],[127.05084455884757,36.131112948281746],[127.04957712406816,36.13275479914659],[127.05152188874519,36.135181055070355],[127.05101763313273,36.139556317303345],[127.04976204127567,36.14236853625761],[127.04610458025658,36.14378422678632],[127.04407650907433,36.14518879984034],[127.03959274936487,36.142331205099744],[127.03905842746495,36.138869284313515],[127.03451807091048,36.13903883352126],[127.03002247598774,36.13670565178243],[127.02365979664886,36.136555795926576],[127.02055116242833,36.138118877544734],[127.01791828065005,36.1452918813713],[127.01565804932793,36.14891658654023],[127.01381357758855,36.14671267190071],[127.01027786399041,36.14608324906158],[127.005918502153,36.147367284878335],[127.00344718003811,36.1491380401925],[126.99886666613948,36.15235851644291],[126.99736889798773,36.156384366838296],[126.9979927851652,36.15901582389755],[127.00742288901829,36.16242309925823],[126.99754190284901,36.180206863991394],[126.98357172646625,36.19223862834594],[126.98554836165692,36.19486601761765],[126.98402773872681,36.19963642313254],[126.98680757921494,36.201208190284426],[126.98743028118277,36.20314110418655],[126.98415433939506,36.20791127743988],[126.98618747044722,36.210114708012924],[126.99149625707464,36.2100979180621],[126.99511356334405,36.21476470361135],[127.00130036752489,36.216083282856516],[127.00534645176205,36.21531992161494],[127.00697305131764,36.20968186425457],[127.01264595362417,36.21134684641923],[127.01435844747918,36.21108647501489],[127.02165988412823,36.21795512065731],[127.02553552934859,36.22024429091448],[127.02727232597387,36.22832792611946],[127.02960792975662,36.23327145752908],[127.0324138310673,36.23536983352484],[127.03480256034642,36.23909222046007],[127.03830752097822,36.240198370781535],[127.03992942266754,36.242405137215215],[127.03990481632522,36.24582604332788],[127.04350740860836,36.24855018218941],[127.0498082398492,36.24991758064276],[127.05589244036848,36.254499810628026],[127.06005520637439,36.255065623272834],[127.06414395007899,36.256911875766086],[127.06844139615993,36.26298034879364],[127.06971769206606,36.26905075164951],[127.06975818533148,36.270340941185744],[127.06578732435133,36.27700986857928],[127.06648482631047,36.282975444329985],[127.06541262279315,36.285715282638996],[127.06785428861401,36.28945882407531],[127.0672639681593,36.29432686205372],[127.06801279730196,36.29660297593609],[127.07085440799911,36.295293432302365],[127.0778136007596,36.296294863637236],[127.08414860085843,36.31228183732667],[127.08453429719412,36.3165693322597],[127.08879706819438,36.31774465243591],[127.08942350761879,36.319254119153925],[127.09267112631403,36.32159528399563],[127.098745242887,36.32832412466398],[127.10234336358239,36.33379551811724],[127.104584891202,36.33495870540223],[127.10671172055355,36.34003795918376],[127.11044144501308,36.33609435528687],[127.1151769676976,36.32996594319526],[127.11743678704023,36.32286792450417],[127.12071128304659,36.31791728807901],[127.12534405985785,36.32045370573254],[127.13015137774643,36.32063431022268],[127.13060471466076,36.31819525699432],[127.13817035514514,36.31145051488907],[127.14055708995359,36.307601499984756],[127.14312380366259,36.3069247246693],[127.14669500477838,36.30921503043914],[127.14922181166605,36.312444700122654],[127.15601839124596,36.31420516023606],[127.15850034862216,36.31663554176567],[127.1593665343378,36.322309051209416],[127.16533863757778,36.32245748262699],[127.17032288065097,36.32535340858544],[127.17592078493678,36.32777746838453],[127.17737512131532,36.32951996598259],[127.18283790121953,36.330355197543724],[127.19342761172,36.334231452583296],[127.19578187836552,36.33399587893655],[127.19860770908275,36.32940038228243],[127.19833098108103,36.32655859257107],[127.20256742697478,36.322840242626505],[127.20367029071492,36.309788961057556],[127.2053371769077,36.30366814261197],[127.20528429500256,36.30159085852701],[127.20204206794963,36.29461502048916],[127.2031037379392,36.290181290060524],[127.20178863900061,36.28543500057718],[127.19644545869282,36.276877063194085],[127.1957526349526,36.27521801408048],[127.19904962509169,36.27023616421232],[127.19784876044449,36.26533680365035],[127.1977953506423,36.259882494289286],[127.20025577725079,36.25780827099574],[127.20292876070022,36.25136945127968],[127.20912481176437,36.252842180408855],[127.21181636807947,36.25769285433693],[127.2202014663451,36.26231598968513],[127.22129386191384,36.26226779352626],[127.228157891069,36.25746916495602],[127.22816764096848,36.25500798522825],[127.23136079077692,36.254475115451115],[127.23618585641381,36.25528894124554],[127.24045311620354,36.25592157127365],[127.24082757161614,36.25439419651211],[127.2375124136976,36.25024728134723],[127.23757761100683,36.245158252871924],[127.24016888400575,36.24368875798258],[127.23937888479495,36.23616292510879],[127.2416709366997,36.23573345946178],[127.24315822988662,36.23346764352737],[127.24589117522662,36.23198483494219],[127.24963863784893,36.233844234828275],[127.25811973010843,36.23444869145238],[127.26210450290871,36.23652915094826],[127.26678610360375,36.242611059082094],[127.2741783327706,36.24396361349596],[127.27807800236758,36.244069337306655],[127.27999318670318,36.244080627995835],[127.28290275258516,36.23864412838672],[127.28299336057859,36.23662622499997],[127.29113186647423,36.230268108729696],[127.29283592404883,36.227430694346715],[127.29376346653464,36.22312259465035],[127.2999762016217,36.22129946497954],[127.30328371677003,36.221841869764056],[127.30284086461258,36.22696611411446],[127.30477307664509,36.22880474703793],[127.30871317808297,36.22468243351632],[127.31445083680362,36.222418107005744],[127.32150482692153,36.21370473906393],[127.32078432550108,36.20966366306001],[127.32362628621533,36.2031168055888],[127.32812823488393,36.204054225459856],[127.33355521478042,36.19988646340613],[127.33008154365388,36.194439053872884],[127.33177712839253,36.187965710935345],[127.33142602140774,36.18431820292709],[127.32950896675246,36.18219997079836],[127.32720882776334,36.175512247548504],[127.32480546767603,36.17315618736612],[127.32106590046152,36.17486784430163],[127.31902838897872,36.17286225406105],[127.32187397299455,36.16884671756259],[127.32102399726108,36.16454569132616],[127.31880063988552,36.161415662890384],[127.32002036335962,36.156532424204585],[127.31846693121368,36.15403332566597],[127.3205727373694,36.15162294947589],[127.32285619483146,36.146033797917696],[127.32313608977523,36.14239070115445],[127.32211667596228,36.13900423081222],[127.32318063407867,36.136315335832315],[127.3229991813415,36.13008586091514],[127.32291257928028,36.12589045035159],[127.31917914579658,36.12399472269889],[127.31785548875325,36.12047811277198],[127.31438074585327,36.11863492596818],[127.30906442774932,36.12387891733697],[127.30648188074315,36.12519946504305],[127.3023653335331,36.12544752719573],[127.30069339216833,36.12297223454707],[127.29802578931398,36.122382815400705],[127.29588833877828,36.12008135177052],[127.29447067507361,36.11296655821123],[127.28989649758978,36.11175184423509],[127.28827889457177,36.112684320903476],[127.28417889852439,36.11200806429271],[127.28146239856676,36.11005260545416],[127.27347952434658,36.10756590473319],[127.26683903618664,36.10844704359445],[127.26149190563532,36.1105018910778],[127.26008483272224,36.11263476276747],[127.25684761242422,36.11408562412562],[127.25161206357157,36.1122628881796],[127.25019155412903,36.107410677163365],[127.24626737230366,36.104751533535],[127.24574822892468,36.10211123672735],[127.24626089138795,36.09478193381942],[127.25697807102935,36.08751876588125],[127.2540545871295,36.08365633027659],[127.24778195171501,36.08329565012482],[127.24174837012154,36.085804702358395],[127.23723575900182,36.09059256672941],[127.23536717161957,36.093851363299045],[127.23008287613797,36.09721820885099],[127.22548900167322,36.09923180932966],[127.21935834968181,36.096963497433855],[127.21303279033741,36.099398732945104],[127.21229443847419,36.10056629185579],[127.20546770319058,36.10053574772755],[127.20390192244054,36.09820588827118],[127.20349066818837,36.09393737121325],[127.20095376094679,36.09250147591835],[127.20038817758612,36.09040151236924],[127.20167799230359,36.087477170915285],[127.19956748744056,36.08609669991188],[127.19610153614639,36.085938538108145],[127.1925556226607,36.08800963922881],[127.1888441488078,36.092450545776195],[127.18390155712316,36.09434513155925],[127.17939046289112,36.0941802488236],[127.17767447389038,36.090904698599424],[127.17301112400426,36.08714744988057],[127.17139939906326,36.084616446108015],[127.16868434301696,36.08393777391096],[127.16472981111126,36.08522754440484],[127.1610728010736,36.0837079714454],[127.1577675246953,36.08369051837157],[127.15270556924422,36.08574826085887],[127.15125190756373,36.08992063187333],[127.14595094503328,36.090440663442095]]]]}},{"type":"Feature","properties":{"regionCode":"44250","name":"계룡시","parentCode":"44"},"geometry":{"type":"MultiPolygon","coordinates":[[[[127.26976815411449,36.27101752652669],[127.28100651637669,36.2654081492697],[127.2842159340273,36.26487203309366],[127.29057075025632,36.26575059816478],[127.29177367810149,36.26419080353063],[127.29088233324067,36.262946139636135],[127.2859558621012,36.2607518442664],[127.2820588353684,36.25779371390722],[127.28187768018724,36.25394836835897],[127.28002817287877,36.25234290264897],[127.2810234371605,36.245826736807885],[127.27807800236758,36.244069337306655],[127.2741783327706,36.24396361349596],[127.26678610360375,36.242611059082094],[127.26210450290871,36.23652915094826],[127.25811973010843,36.23444869145238],[127.24963863784893,36.233844234828275],[127.24589117522662,36.23198483494219],[127.24315822988662,36.23346764352737],[127.2416709366997,36.23573345946178],[127.23937888479495,36.23616292510879],[127.24016888400575,36.24368875798258],[127.23757761100683,36.245158252871924],[127.2375124136976,36.25024728134723],[127.24082757161614,36.25439419651211],[127.24045311620354,36.25592157127365],[127.23618585641381,36.25528894124554],[127.23136079077692,36.254475115451115],[127.22816764096848,36.25500798522825],[127.228157891069,36.25746916495602],[127.22129386191384,36.26226779352626],[127.2202014663451,36.26231598968513],[127.21181636807947,36.25769285433693],[127.20912481176437,36.252842180408855],[127.20292876070022,36.25136945127968],[127.20025577725079,36.25780827099574],[127.1977953506423,36.259882494289286],[127.19784876044449,36.26533680365035],[127.19904962509169,36.27023616421232],[127.1957526349526,36.27521801408048],[127.19644545869282,36.276877063194085],[127.20178863900061,36.28543500057718],[127.2031037379392,36.290181290060524],[127.20204206794963,36.29461502048916],[127.20528429500256,36.30159085852701],[127.2053371769077,36.30366814261197],[127.20367029071492,36.309788961057556],[127.20256742697478,36.322840242626505],[127.19833098108103,36.32655859257107],[127.19860770908275,36.32940038228243],[127.19578187836552,36.33399587893655],[127.19921318938584,36.338360953441786],[127.20187700336342,36.34050206969632],[127.2059383424237,36.342241464635855],[127.20393189726478,36.34601253325725],[127.20936341283854,36.347930450470955],[127.21431982204967,36.348408747286236],[127.22176207220217,36.34835285886804],[127.22888239923549,36.34917104311045],[127.23137043729163,36.34837775169996],[127.23728666640952,36.34815778465404],[127.24046206159171,36.34660409405985],[127.24064434459338,36.34294678401791],[127.24195540996433,36.33881335373684],[127.2470774843977,36.336588097994444],[127.24987894848807,36.33744011517216],[127.25341773507954,36.336994516564864],[127.25362476816203,36.33292724207986],[127.25536866343587,36.32929483052983],[127.25975117607548,36.32721053472398],[127.26042234733086,36.322411680909305],[127.25787789783917,36.31815678720398],[127.2576134880298,36.31307229752758],[127.25868770506754,36.304167216190805],[127.26017301891396,36.30143367003703],[127.25921021580594,36.29623169602165],[127.25341309735421,36.29652581203819],[127.25136339896402,36.295703215805986],[127.24682635954292,36.290441312505514],[127.24945943683807,36.28342991968224],[127.25314949489258,36.2811424674422],[127.25624529058098,36.27800501805614],[127.26107453768668,36.27585007747783],[127.26644857547254,36.274129087354495],[127.26976815411449,36.27101752652669]]]]}},{"type":"Feature","properties":{"regionCode":"44270","name":"당진시","parentCode":"44"},"geometry":{"type":"MultiPolygon","coordinates":[[[[126.62384056776186,36.8127890890502],[126.61744983874289,36.8124282014282],[126.61457770844122,36.81444363491047],[126.60698693640077,36.817011613990964],[126.60073379522059,36.81716145555492],[126.59802223119658,36.82026986218849],[126.59937244235465,36.82270040424678],[126.59942338081763,36.82803377414953],[126.59839149885391,36.830408834404444],[126.59498288282037,36.83114155759497],[126.59543037040056,36.833969935440685],[126.5884533304584,36.83657829391096],[126.58332901826152,36.83365153566501],[126.57687840535931,36.825324797964136],[126.57426305149394,36.82518532782055],[126.56961248645692,36.828585273434015],[126.56657170423513,36.82865797194859],[126.56167619262155,36.82661012994615],[126.55723377795104,36.82646633545603],[126.55532647305527,36.82459540824733],[126.54958697541193,36.824229753070945],[126.53690529185876,36.8276738045618],[126.5288061759519,36.82604067662271],[126.52600618630964,36.82673498933372],[126.52314851770903,36.83122967927408],[126.52318646786595,36.83460638274018],[126.51817004133505,36.835693022955326],[126.5141306880475,36.84478611987756],[126.51040762090882,36.847187643288684],[126.51471907308198,36.85156139175411],[126.50953029969999,36.856502261562234],[126.50994680792519,36.865566629967205],[126.50923992309693,36.86962754512603],[126.50807712198373,36.8703753683591],[126.49840047613232,36.87094116591272],[126.48353079347932,36.87568840043604],[126.47994925073574,36.87839873682793],[126.47486641552388,36.880374403284385],[126.47336830731365,36.881995848115515],[126.47280632424167,36.88525301778613],[126.47352331594712,36.889795033972696],[126.47678369446048,36.905331115393984],[126.48086553263047,36.91438212032231],[126.48590500355938,36.92672335497244],[126.48913829477085,36.9329063974777],[126.49010843423346,36.93881747024263],[126.49006930080647,36.94478800696872],[126.48931343263531,36.94809397541655],[126.48656485740993,36.955218264851545],[126.48329832125853,36.97012788501693],[126.48340076509497,36.97862227490532],[126.4866013944276,36.98280971668466],[126.48231172818993,36.990295468091055],[126.47913326223572,36.99677170923543],[126.47504576584858,37.00240640169282],[126.47202146118592,37.00532400429638],[126.46218486929628,37.01103712991001],[126.46384253109518,37.01214395688169],[126.45777192721165,37.02080474467981],[126.45488288754987,37.02288507873234],[126.45355692488542,37.025600634043606],[126.45523959591223,37.02780667670846],[126.4574621469666,37.0276075287403],[126.48624810607022,37.051955364904586],[126.48245867499182,37.057003313077864],[126.48174490416248,37.06134454768643],[126.48393423648122,37.06280223755629],[126.48644149957484,37.06062140686412],[126.49089103401785,37.06028838757564],[126.49830154933063,37.06527290496335],[126.5087045150002,37.06272466948002],[126.51953368806632,37.05939409190074],[126.51913061977189,37.057513806440355],[126.52326388974808,37.05585051656802],[126.52661151253585,37.052561843521396],[126.52837532999578,37.048050210877115],[126.52905312633574,37.043708013423924],[126.53514216286892,37.041356886753675],[126.54138138937876,37.03802118913571],[126.5419685991936,37.03657516656175],[126.5472561115209,37.03508928913254],[126.55036430863625,37.03527494025683],[126.55955910546236,37.03771112316914],[126.55887360915818,37.03466622797512],[126.56000514398873,37.03153684715587],[126.56403947012384,37.02878822073058],[126.57018118608089,37.027790298807794],[126.57193341936134,37.025013748320085],[126.57490048802084,37.023858470662155],[126.57923001695711,37.024580205544545],[126.59807432870672,37.01681809675376],[126.6188358593806,37.00458742645196],[126.63957536394554,36.99809055807594],[126.64811329593667,36.99949721089474],[126.68216080070347,36.998212084251385],[126.68591215516543,36.99953017006109],[126.69499123352162,37.000253983587776],[126.70105826915713,36.99774312866458],[126.70462124088328,36.99954892707108],[126.71858074534659,36.99305867265796],[126.71857583376105,36.992342939306766],[126.72185199151016,36.992013603194835],[126.72974678159075,36.98961185161197],[126.73403711826693,36.98778568259629],[126.7388785892724,36.98758785705039],[126.74099597584122,36.984859500984086],[126.74559862182224,36.98597523906319],[126.76271670648839,36.9814132798977],[126.7637821656672,36.98240526418185],[126.78253313916396,36.975693983183724],[126.78388785244705,36.97240664883599],[126.780336973701,36.967513963790644],[126.793649242616,36.94472482648228],[126.79660443590753,36.94023135403675],[126.7920776267154,36.937335578956215],[126.79487628508603,36.93284910386387],[126.80084444652319,36.92610997984356],[126.80366615197175,36.9248562809657],[126.80614913619775,36.93066253795777],[126.81065855613045,36.927757134148216],[126.81234961111369,36.9251594111368],[126.81317161450146,36.921595560443585],[126.81525306475976,36.904160875200205],[126.81692844925975,36.89885980432902],[126.81660117839348,36.896691119108695],[126.82349603233403,36.89119386666281],[126.82725597639086,36.89004930775757],[126.82647413876253,36.88664579992122],[126.82727052754333,36.88364487713084],[126.82732431830951,36.87825458889874],[126.828914296301,36.873353477298686],[126.83179572758007,36.861957552146855],[126.8471216633935,36.862758044799946],[126.8416113969732,36.83953083610933],[126.8375797264207,36.83912224804321],[126.83680124826682,36.834930240621944],[126.83898931412405,36.829006355346124],[126.84063084908492,36.82643506677785],[126.84797794401258,36.818291284536635],[126.85333218235941,36.80855384746769],[126.8569500457345,36.8040415202892],[126.8577705507196,36.802884326929075],[126.85916849883361,36.79348972372371],[126.85812394362127,36.79118420039452],[126.85468239422205,36.789364301869384],[126.84242908397314,36.78889334377016],[126.83629347809556,36.786941867512],[126.8333510594657,36.7832562237966],[126.83028466437052,36.78655049468813],[126.82749015924432,36.787134847253284],[126.82075245777072,36.786518560797155],[126.81737021444188,36.782555003056785],[126.82059220743608,36.779243451056935],[126.82068576360656,36.777157420614095],[126.81760735721795,36.77608285850679],[126.81238800755975,36.77134957006924],[126.80688417202656,36.7742114163364],[126.80391647664013,36.77329716997914],[126.80188336991868,36.77097581268245],[126.80188914851566,36.76874697972977],[126.79670622711588,36.76754352493762],[126.79444923271545,36.76620232417068],[126.79372558079106,36.763348175562626],[126.79085002171597,36.761363915134964],[126.78622017051337,36.76073155416333],[126.78325430220525,36.75944234947297],[126.779502944405,36.753925754816734],[126.77373724172851,36.75543044748911],[126.77179314654133,36.75344751062766],[126.77621169154415,36.75037125157298],[126.77343905014452,36.74900406855305],[126.7700590205269,36.75205982353216],[126.7643166622638,36.75505617008177],[126.76208414957462,36.75994551139066],[126.75904073714973,36.763363215008134],[126.7541624794964,36.765562277653785],[126.74652259522347,36.76704998859561],[126.74300090398138,36.778015194238975],[126.73749103288468,36.7816479439502],[126.73710276167307,36.783979278837315],[126.73410478682918,36.78954179844056],[126.72820436800558,36.79570933652839],[126.72489860208225,36.79841621343284],[126.72191847909477,36.798664129580345],[126.71637798174261,36.801339996189775],[126.7135990550314,36.80334288551665],[126.71032143357154,36.80393074177],[126.70509182314433,36.80205156911616],[126.7024425897275,36.80274587165557],[126.69646055867054,36.800615157089936],[126.69519807237427,36.799286505670665],[126.69712401395378,36.797150431090834],[126.69758331557732,36.79320090448903],[126.69531240322206,36.79046782955793],[126.69430433760628,36.78498521873002],[126.69257528983887,36.78402293053211],[126.68306727116178,36.78152289847003],[126.6803696995316,36.78366679230462],[126.67594017025854,36.78392075723896],[126.66905316194156,36.78055934175909],[126.66751463548661,36.773962844774324],[126.66494042757678,36.77086766813316],[126.66021068350369,36.77090046031469],[126.65677923147153,36.776349366995454],[126.653543981658,36.774968012080635],[126.65124775840016,36.778897737048894],[126.64855782152509,36.78647663238974],[126.64546085439574,36.788727160341885],[126.64342480196883,36.79415981215753],[126.6366353830062,36.80117040752511],[126.6355758716715,36.80521515659989],[126.6310221746493,36.807141094239185],[126.63160221202848,36.812173099483516],[126.62647320120861,36.814432091433716],[126.62384056776186,36.8127890890502]]],[[[126.45287820843104,37.01425641614518],[126.45081837358666,37.01536202339926],[126.45198653354211,37.01908273981053],[126.45436678545987,37.01661387940576],[126.45287820843104,37.01425641614518]]],[[[126.42481294625297,37.02613467867875],[126.4318013934095,37.022457091629036],[126.43197234801903,37.020441408463746],[126.42839384146842,37.020520795314766],[126.42682512499086,37.022628824788356],[126.42242910600648,37.02386366489575],[126.42481294625297,37.02613467867875]]],[[[126.44081941976208,37.038857363308665],[126.44509460165727,37.04043016817826],[126.45453250222295,37.041921790722384],[126.45466590374245,37.039771626112724],[126.45261683120202,37.03738941115586],[126.45346624896497,37.034826486555744],[126.45277784782571,37.03227675001168],[126.44882962697213,37.03466621780247],[126.4455334410111,37.03410727433028],[126.44082196513457,37.03549458729978],[126.44081941976208,37.038857363308665]]],[[[126.43934853442678,37.05843738132732],[126.4394577513192,37.06127754002563],[126.44302550365614,37.06234387218694],[126.45057365832899,37.05432870652921],[126.4472680887558,37.051772836153724],[126.45027158665206,37.0489982461222],[126.4508729220006,37.04586850680776],[126.4489254213204,37.04348066803507],[126.44347549055865,37.04436749998711],[126.43811772165789,37.04218097350332],[126.43537961286849,37.04350286760086],[126.43315190061003,37.04303674413553],[126.42804095937954,37.03999120038542],[126.42299689461967,37.040512436704375],[126.42079271744979,37.04235879715512],[126.42346314295291,37.04477200326355],[126.42241775263162,37.04954993954801],[126.42084813139955,37.050814784724146],[126.42246821708058,37.05391269776964],[126.41896065152328,37.05789023042888],[126.41837208718529,37.06315620182488],[126.41977552728181,37.06437676278366],[126.42417263540682,37.06374353196977],[126.42897194553326,37.06396793506521],[126.42778951172467,37.06244626230797],[126.42857008182882,37.05979981616037],[126.433558219011,37.057614617118965],[126.43705496454649,37.0573559156707],[126.43934853442678,37.05843738132732]]],[[[126.8062024626508,36.94748854425749],[126.8118758460613,36.94429286261066],[126.81113002397215,36.9422116228029],[126.80960213200834,36.940829134396566],[126.80599784745968,36.94166154932022],[126.80468383006513,36.94544326765591],[126.8062024626508,36.94748854425749]]],[[[126.83085871787627,36.94269305536272],[126.82403375186233,36.95297367872689],[126.82385098584922,36.9574359004959],[126.82583687757574,36.95861169500102],[126.83547356001883,36.945035542195626],[126.83817919152483,36.945682442966216],[126.84180895118139,36.94057806964147],[126.83202868611089,36.9389088810494],[126.83085871787627,36.94269305536272]]]]}},{"type":"Feature","properties":{"regionCode":"44710","name":"금산군","parentCode":"44"},"geometry":{"type":"MultiPolygon","coordinates":[[[[127.53160492472232,36.03485758224966],[127.53647013300157,36.03414319478182],[127.53792045748928,36.032974631386374],[127.53781373075377,36.02737699596469],[127.53930381132629,36.02600709220165],[127.53628914509898,36.021394291185686],[127.5383433554253,36.01404648127029],[127.54017993123367,36.01173446040558],[127.53536377713786,36.00965659222783],[127.5330995490821,36.00959233094035],[127.53242035630811,36.007198667720324],[127.53633226719677,36.00069725838459],[127.53644059902538,35.99642363114565],[127.53366804786071,35.99210707046716],[127.52847171422596,35.98994956235002],[127.52473169935618,35.98556944083445],[127.52003476421282,35.983936301099774],[127.51411100005059,35.98344154795119],[127.50846498121261,35.97989837846916],[127.5058163469391,35.980355434108056],[127.50245512935756,35.983806625717484],[127.50199176217379,35.986446775299775],[127.49911788601635,35.98748056802047],[127.4944914333685,35.98608766588156],[127.49030639222768,35.98211030934239],[127.4876067932177,35.97801532636713],[127.48199656580016,35.98011876413888],[127.47585012158211,35.9805238342377],[127.4723224953586,35.98312021214637],[127.46822324155436,35.987744194879966],[127.46520847747763,35.98818304533433],[127.46343446576336,35.98440872363825],[127.45886099914661,35.98458443795631],[127.4559754464542,35.983784237620796],[127.45488421417731,35.98698416816778],[127.45137404657194,35.98932305004021],[127.44816576647209,35.9934484478356],[127.44790629687404,35.999224009802674],[127.44576341743107,36.00247523288198],[127.44357510193056,36.00808387779131],[127.43740827474952,36.009118979185786],[127.43527475351834,36.01420518706582],[127.43729573201568,36.020510343558286],[127.43431761763775,36.024349757391136],[127.43367506245764,36.02794337978261],[127.4262660304355,36.026466880112494],[127.42410957741156,36.02383243561869],[127.41813591610531,36.0211479890448],[127.41585997199479,36.01792843033871],[127.4117328764575,36.01444622721911],[127.4049619698849,36.01176383598757],[127.40114531548213,36.007900534044076],[127.39675551696284,36.01006668982889],[127.39186399651926,36.01715461598285],[127.38552648424994,36.01942163042036],[127.38359050958378,36.02180092579126],[127.3778306990583,36.022815850302074],[127.37801435562622,36.028668965989795],[127.3793470646497,36.03040505870226],[127.37437908618752,36.03426504816856],[127.37346259016618,36.03819144817503],[127.37444176470576,36.039295858805566],[127.37307858492082,36.04352423849076],[127.36972067464413,36.04614501138102],[127.3656136019701,36.0511252571574],[127.36114258289822,36.05330618933252],[127.36041445522889,36.05599789689686],[127.36175236305131,36.05885742913894],[127.36060216208662,36.06106832243975],[127.364551580567,36.06592083967586],[127.36382345686688,36.06861255326146],[127.3602949878436,36.06830676260287],[127.35927245762957,36.070572171687246],[127.36173392741611,36.076181131614],[127.36005475632349,36.07977744908825],[127.35724400459843,36.083155630156725],[127.35716279662682,36.08676296895835],[127.36000147685245,36.089507303123625],[127.35651251410681,36.09241448596168],[127.34966337027176,36.095233148117075],[127.34789244891132,36.098388437173014],[127.35038880052582,36.10254390179071],[127.35497228128548,36.108310421692984],[127.35338324449997,36.11340596600789],[127.35093549156441,36.11642263783394],[127.34444297986285,36.11807272943306],[127.34091605771992,36.12418617302399],[127.34001733096143,36.128843604246846],[127.33848155674458,36.13049332741605],[127.33546162029631,36.129657996982885],[127.33043112764237,36.129583678079904],[127.32823720327494,36.130732648780025],[127.3229991813415,36.13008586091514],[127.32318063407867,36.136315335832315],[127.32211667596228,36.13900423081222],[127.32313608977523,36.14239070115445],[127.32285619483146,36.146033797917696],[127.3205727373694,36.15162294947589],[127.31846693121368,36.15403332566597],[127.32002036335962,36.156532424204585],[127.31880063988552,36.161415662890384],[127.32102399726108,36.16454569132616],[127.32187397299455,36.16884671756259],[127.31902838897872,36.17286225406105],[127.32106590046152,36.17486784430163],[127.32480546767603,36.17315618736612],[127.32720882776334,36.175512247548504],[127.32950896675246,36.18219997079836],[127.33142602140774,36.18431820292709],[127.33510072343259,36.18361894770331],[127.34065820549083,36.189116021658386],[127.34171504699444,36.192797505764396],[127.34391817536343,36.19672885940629],[127.34747956989797,36.197773342791095],[127.34773712949043,36.2050431306744],[127.34971227827766,36.20828594573994],[127.35302510912203,36.21182010813285],[127.35945549164366,36.2139245570467],[127.36052456889715,36.21849871900937],[127.36471837183991,36.219968825443004],[127.36324579451689,36.22347914696567],[127.36005068333384,36.22679356468793],[127.36304579556443,36.232195335755335],[127.361960518408,36.23403826792712],[127.3645113424395,36.24347814901509],[127.3639961599632,36.25164929157951],[127.36136763938788,36.2535797782192],[127.36030497963539,36.262077398218445],[127.36101412797751,36.26446274244566],[127.36271170119772,36.26919489574882],[127.36669763619122,36.268755561041246],[127.37101701993068,36.26993602967162],[127.37240870085213,36.272180988003676],[127.37757275329649,36.271461172078936],[127.38438560959203,36.26838609798743],[127.38880932214092,36.26550687947159],[127.39041518127617,36.26078953746808],[127.3886185827184,36.25515336397263],[127.38654326630045,36.25273488763872],[127.38782854579469,36.24594524872248],[127.39111688502157,36.2427428889487],[127.39040198143378,36.23933991479774],[127.3880049567285,36.237663858941445],[127.38788067464492,36.23447257238722],[127.39725661151124,36.232896341016115],[127.40057032300722,36.23181723468425],[127.40223614231626,36.2269612909801],[127.40455624290281,36.22271884256039],[127.40746524157922,36.22145242704218],[127.4109000173383,36.216942180789296],[127.40827470423427,36.21305573965577],[127.41214269656197,36.21140897966033],[127.41934630419499,36.20723733615378],[127.42235996232613,36.20829486893339],[127.42385248218848,36.20615342222312],[127.42927480263563,36.20534252949501],[127.43091119852343,36.204042387822525],[127.4334892710192,36.19918271250019],[127.43663148608462,36.198279160197615],[127.44280915922533,36.19405956763937],[127.45042928867096,36.198762295202044],[127.45479707129495,36.20083831176006],[127.45644920428518,36.20300387131337],[127.45325277157659,36.20677452297359],[127.45909491578244,36.20977701684199],[127.4602764560501,36.21303518109106],[127.46854736192356,36.2147981642281],[127.467124038435,36.222429859620604],[127.47088408991212,36.22492114513427],[127.4744102451526,36.2251155098835],[127.47788411888475,36.226777709514245],[127.4778286622896,36.229743087781664],[127.48360031032477,36.2308009164484],[127.48994708441636,36.23377010055072],[127.48996947660176,36.237369855770616],[127.49276503953664,36.23809225998161],[127.49695987810412,36.23848882291693],[127.50346464052406,36.23816685312533],[127.5087816764253,36.23881877379834],[127.5138074049456,36.24171293309064],[127.51819561091644,36.24069245865797],[127.52361369588658,36.2454488788661],[127.52395143916884,36.24652835085348],[127.53248518674152,36.25021952618929],[127.53662989563159,36.25116300147822],[127.53504999812996,36.24749089498829],[127.53789600695232,36.24293923884637],[127.54310413829896,36.241914165320196],[127.54853664400852,36.23972757002436],[127.54978774820948,36.23832356321361],[127.54662003036023,36.230172648185224],[127.5558493069765,36.23078563799705],[127.56181722674921,36.229976414566515],[127.56923391489197,36.2316177187727],[127.5704099439528,36.23289769192419],[127.57401433382236,36.23223772011874],[127.57913854081134,36.23305753973492],[127.58532128017363,36.22976320894998],[127.58663531399485,36.22656808562333],[127.5907410130466,36.222287933561404],[127.59779700271581,36.217413204344005],[127.59709353980459,36.21284161216725],[127.59926980886196,36.20451238389886],[127.59788736179377,36.20062476552437],[127.59283895538184,36.195154637675486],[127.59328304679408,36.192177985214855],[127.59659531568308,36.188115800519476],[127.59812157028178,36.184352318266455],[127.59544633891312,36.1821473626698],[127.59536466020086,36.17956401973688],[127.5934523294966,36.177481293861156],[127.59654740895846,36.174354012163974],[127.59850281867759,36.17392895208632],[127.60086450856525,36.169482945618256],[127.601738375603,36.16158738537351],[127.60017998748309,36.15871234074365],[127.59781943683512,36.15730712693969],[127.59362936546734,36.152966980275075],[127.59347240686981,36.15012155392708],[127.59034869586377,36.143284058364536],[127.59105617418005,36.137197257064564],[127.59020275590923,36.13382996985534],[127.59243410203055,36.13016652615825],[127.59797080179752,36.12557047950186],[127.60186660267222,36.119113425896074],[127.60385365739546,36.11710010685178],[127.61006826409104,36.11862007211984],[127.61344749784517,36.11172549965582],[127.61956852501133,36.10901887828651],[127.61814535885686,36.106057828637404],[127.61797038775815,36.09633513690905],[127.61815648579987,36.093686314004955],[127.6200627730249,36.09080435828571],[127.62405937097327,36.090003014808794],[127.63245481946862,36.081954697433375],[127.63451054245596,36.07517966397598],[127.63775557078975,36.06835941461451],[127.63402404114144,36.067409501883695],[127.62585094418428,36.06698923834241],[127.62287880090017,36.06567912189078],[127.6199791556543,36.061289079173825],[127.6185978483311,36.05153980753702],[127.6187372178012,36.042509495855455],[127.62182876576398,36.04046098808672],[127.62696301553655,36.04175948605072],[127.63074032950294,36.04077111690441],[127.63144592096687,36.03658279444663],[127.63385666159296,36.03452630399324],[127.63676980769638,36.03388468666779],[127.63559129731814,36.031120677474355],[127.63069690892603,36.03240417167924],[127.6275642556791,36.031438587613486],[127.6270125094586,36.026195489706545],[127.62372241157928,36.02454125504852],[127.61773284139899,36.02642727647731],[127.61262501830537,36.026315000760825],[127.61026439832402,36.02345068775436],[127.61626358750978,36.019408373525145],[127.61748865995618,36.01640018932297],[127.6182732803871,36.008614286263715],[127.61510850998776,36.001843754999214],[127.61087352011188,36.00218684242905],[127.60978884285977,36.00568834102116],[127.60682810544387,36.01058223775471],[127.60495041989861,36.01159595347221],[127.60082239066854,36.01247198502918],[127.59677075761257,36.017933417140156],[127.59361773901702,36.020074332636085],[127.59150890988649,36.02448736511172],[127.5891432873562,36.025568386514685],[127.58314473461624,36.02670272777265],[127.57885256983634,36.02353518153662],[127.57556540640438,36.02265578732769],[127.56819499920094,36.02974592902352],[127.56582997639467,36.0310446083915],[127.55733106018207,36.03273843785782],[127.55238043094289,36.03281027458478],[127.55086181126522,36.035037795040246],[127.54713659308406,36.038070172162456],[127.5316496003266,36.0411422213003],[127.53065510165683,36.038775722779455],[127.53160492472232,36.03485758224966]]]]}},{"type":"Feature","properties":{"regionCode":"44760","name":"부여군","parentCode":"44"},"geometry":{"type":"MultiPolygon","coordinates":[[[[126.8158301641705,36.13514625587505],[126.80829093318407,36.13726342361987],[126.80038852728958,36.140709623259596],[126.79855950434475,36.13873922376764],[126.79385310892025,36.13728755989277],[126.79395352948855,36.14076754567447],[126.79183238768915,36.14274316597728],[126.7956736445041,36.15037893468876],[126.79422237432834,36.15598863383093],[126.79555307505254,36.161051935263714],[126.79227745993592,36.16707186814644],[126.79378252320126,36.170481884540735],[126.79579212844423,36.17145609134309],[126.79669374444885,36.1738943047744],[126.7950955028017,36.17648469758682],[126.79552106572828,36.17919131001299],[126.79179338468393,36.18060042048762],[126.7855687989986,36.18169600155398],[126.78114802031996,36.18369109785787],[126.77323193060924,36.18174402200903],[126.76953691738542,36.18237581945474],[126.76706705533277,36.181519148460396],[126.7646865858533,36.18355391087676],[126.75532491341626,36.18100149170279],[126.75072809656788,36.18168626853104],[126.7455594847062,36.18123475843774],[126.74171586363974,36.183290492399024],[126.73651490255102,36.18213683065636],[126.7318163069541,36.180299651837096],[126.72829513817513,36.1776497102397],[126.72186952093976,36.175586091242764],[126.71348844068523,36.17547352206267],[126.71110682837423,36.17575728460743],[126.70940890692174,36.17783761605411],[126.69975965616753,36.17984025427828],[126.69998427211047,36.183353524057466],[126.69767207878047,36.18408110628528],[126.69431808857182,36.1894188049074],[126.69234884700843,36.190330239262074],[126.69915864736288,36.202594130546665],[126.69891107291541,36.205461122212995],[126.70178556749583,36.20603793266497],[126.70642154396663,36.21011161895058],[126.71348013648172,36.21439654042699],[126.71378048290073,36.21813296538501],[126.71555155379589,36.21853990770107],[126.71592380975542,36.225667558078555],[126.71486441541373,36.22878330911255],[126.71824944216463,36.231799443557975],[126.71829379733829,36.23455734205601],[126.72293936669674,36.23705484109046],[126.72898085935819,36.23790481508602],[126.73131032954824,36.23718170842045],[126.73437090512822,36.23846895664567],[126.73759575673249,36.247487417348275],[126.73798683814967,36.250791802234424],[126.73722414641385,36.25426604192263],[126.73368851120331,36.255926084190484],[126.72939437216925,36.256398379132804],[126.72056509138736,36.25376671002398],[126.71836707786309,36.25551072417524],[126.7192465040711,36.25914988689645],[126.71195023727127,36.262210457219254],[126.70539549584623,36.265959544471706],[126.70172261164926,36.26600833956495],[126.69640815851605,36.26755799806364],[126.69565469243075,36.27013676159672],[126.69667746235868,36.272813025707336],[126.69640076341895,36.27649078626495],[126.6923858583774,36.279523317215045],[126.69484863665939,36.28311880146281],[126.69159098695191,36.28748917104948],[126.68748033151091,36.29005518284035],[126.68769027404515,36.29251730669333],[126.6909934641597,36.29662583134136],[126.6942358153194,36.298839145295574],[126.69297422095283,36.30212105912567],[126.6873150354132,36.30645608825062],[126.68593132988077,36.30667380378108],[126.6804065953148,36.31334673394503],[126.68114231957409,36.31648109510815],[126.68510855402614,36.32611134763771],[126.68309557989335,36.33148240302775],[126.68549070132731,36.33373435501725],[126.69157943273923,36.33438143933729],[126.69600997131052,36.33628694889006],[126.70149873781266,36.34823675200947],[126.70410449857536,36.350547558597384],[126.7029461149636,36.355507729251954],[126.70292635812521,36.3596304891541],[126.70456230962338,36.36560881175793],[126.70423701044216,36.36698844235429],[126.70836380907662,36.37041525798345],[126.71777334436179,36.37254143367187],[126.72040823455005,36.37213587853346],[126.72409621375868,36.3733949791256],[126.72474905182857,36.37475402517427],[126.73123495559756,36.377380687309774],[126.73474911432452,36.37794551316405],[126.73803825910082,36.37538800567519],[126.73940916615926,36.37191752994184],[126.73859392245804,36.36644903320984],[126.74124918089883,36.363596916603754],[126.74794553371763,36.366190773427476],[126.74793901110034,36.36261468556742],[126.75227214155163,36.356219090410185],[126.75694458457838,36.35468096982634],[126.765237017695,36.35305038815012],[126.77293367246696,36.35432578076472],[126.78046532610371,36.35637714904005],[126.78624391403002,36.35691531749499],[126.78726341130765,36.355158420990996],[126.7921824802253,36.35186951160185],[126.79497172059561,36.35224076076133],[126.79769746197964,36.356129310573415],[126.79769001212763,36.35898724610808],[126.80011083208211,36.36180531223784],[126.80360323094295,36.363731098375844],[126.80611693964477,36.369613454909086],[126.80653098885921,36.37414173441992],[126.80862726202055,36.37659269861325],[126.81379065842265,36.377407014762404],[126.81777278654565,36.37650846506845],[126.82006208986185,36.37721151702449],[126.82273513205963,36.3812949978527],[126.82695924300604,36.38313480513457],[126.82947749310726,36.38545452670992],[126.83463017251971,36.38380750086783],[126.83890958724622,36.38385476252455],[126.84257170896952,36.38562430434858],[126.84514684709829,36.38535197791321],[126.84867902117198,36.38676318642696],[126.85028646056064,36.385278664024646],[126.84685820327995,36.38012142568856],[126.8457323104317,36.37658278102557],[126.84283958520082,36.373461487142826],[126.84022931582406,36.374461539680595],[126.83635081161404,36.377780116846175],[126.83196223750613,36.37706683263704],[126.83159224449973,36.37594085068014],[126.83410563047838,36.37229419067794],[126.83424899119264,36.36658837888601],[126.83503508283343,36.36368073085778],[126.84339446527437,36.36503002174205],[126.84484476175503,36.36362138715456],[126.84371664137815,36.360487400117634],[126.8404734207746,36.356695937508114],[126.8424928137253,36.35501344442065],[126.84834955084486,36.35531978053451],[126.85374712090713,36.34621031794515],[126.85962575194355,36.342739981216965],[126.86042020740433,36.33753680762733],[126.85846190860586,36.333767218771904],[126.85555033855627,36.33078530837621],[126.85900957699788,36.32595380784763],[126.86217594205434,36.32388118003581],[126.86629364133198,36.322945115494115],[126.87166980333588,36.3241521234392],[126.87422046128505,36.323081395572345],[126.87653750508503,36.32393573337298],[126.89107144855443,36.32551440271591],[126.8952125404477,36.32743043144094],[126.89879747596889,36.331372151723585],[126.9013726561739,36.330092820487586],[126.9005996333578,36.32793864859955],[126.90452446452245,36.32599525478644],[126.90719738145644,36.326024301933245],[126.91244878165307,36.32717385280767],[126.91450328879695,36.32490963501664],[126.91316024676003,36.32340206939927],[126.91464338518857,36.32056585415306],[126.91937051747948,36.31921503048829],[126.92730484037959,36.31512797372913],[126.94044752252287,36.31825123801923],[126.9437032970678,36.319570641138085],[126.95405435258188,36.32606276674039],[126.95747690288574,36.328834807951516],[126.95931256589743,36.33204547133269],[126.96519995603845,36.33390581226031],[126.97261392781115,36.33424921214696],[126.97575315044399,36.33548957639561],[126.97794737092472,36.33503648309732],[126.98537166146401,36.33716439012986],[126.98998044472683,36.33521650811345],[126.9887866501771,36.33178697224395],[126.99058452656938,36.32966047299017],[126.99659286384144,36.327790845490085],[126.9941009434417,36.3236839939359],[126.99219844577524,36.31842824914941],[126.98760773923291,36.314858863005426],[126.98670451171513,36.31139034090109],[126.98667287716752,36.30704864429287],[126.99046359891813,36.30412790834728],[126.99140021561456,36.30108460053489],[126.99565821513093,36.29770897418642],[126.99914940678208,36.29705940474186],[127.00437469794979,36.297749537174504],[127.00780080965296,36.297404325889254],[127.00999521418241,36.29562769562095],[127.01402136175727,36.29659867916765],[127.01613652731172,36.29401674965586],[127.01638859565385,36.29120498450271],[127.02169243608357,36.288520288402594],[127.0275155592048,36.281911592778386],[127.03542378697132,36.281283361785206],[127.03550335156176,36.28275310286715],[127.03896079440337,36.283570030507605],[127.04462657830156,36.28119092801436],[127.05583200060752,36.278119017826825],[127.06578732435133,36.27700986857928],[127.06975818533148,36.270340941185744],[127.06971769206606,36.26905075164951],[127.06844139615993,36.26298034879364],[127.06414395007899,36.256911875766086],[127.06005520637439,36.255065623272834],[127.05589244036848,36.254499810628026],[127.0498082398492,36.24991758064276],[127.04350740860836,36.24855018218941],[127.03990481632522,36.24582604332788],[127.03992942266754,36.242405137215215],[127.03830752097822,36.240198370781535],[127.03480256034642,36.23909222046007],[127.0324138310673,36.23536983352484],[127.02960792975662,36.23327145752908],[127.02727232597387,36.22832792611946],[127.02553552934859,36.22024429091448],[127.02165988412823,36.21795512065731],[127.01435844747918,36.21108647501489],[127.01264595362417,36.21134684641923],[127.00697305131764,36.20968186425457],[127.00534645176205,36.21531992161494],[127.00130036752489,36.216083282856516],[126.99511356334405,36.21476470361135],[126.99149625707464,36.2100979180621],[126.98618747044722,36.210114708012924],[126.98415433939506,36.20791127743988],[126.98743028118277,36.20314110418655],[126.98680757921494,36.201208190284426],[126.98402773872681,36.19963642313254],[126.98554836165692,36.19486601761765],[126.98357172646625,36.19223862834594],[126.99754190284901,36.180206863991394],[127.00742288901829,36.16242309925823],[126.9979927851652,36.15901582389755],[126.99736889798773,36.156384366838296],[126.99886666613948,36.15235851644291],[127.00344718003811,36.1491380401925],[127.00026317743878,36.14682469148837],[126.99018097340796,36.14499500011829],[126.98630061180971,36.145155976943464],[126.98318265857215,36.14690400019092],[126.97469158897714,36.148543274821854],[126.96878698760655,36.150720676952886],[126.96414148534781,36.15502323822196],[126.95697608852244,36.156419564095806],[126.94337863738254,36.15332029506012],[126.93915865902699,36.1513200679647],[126.93194287250219,36.14677385207782],[126.92339270761323,36.139332170030286],[126.91898235331911,36.139168424087586],[126.91451937737907,36.141379088941605],[126.91174306473998,36.14275414432702],[126.90491953306707,36.14355277332351],[126.89231893759742,36.14072817545878],[126.89034569488983,36.13936546551531],[126.88406119975349,36.13249032674862],[126.87327819944814,36.11293194847521],[126.87220515476095,36.1087660174151],[126.87237282064763,36.10406055082545],[126.87450168651468,36.0982537720286],[126.87489906112205,36.09150400199365],[126.87404698434072,36.08266509755022],[126.87314788820206,36.07828299146691],[126.87011944056164,36.06925418613725],[126.86177781093272,36.075711767835145],[126.8597424055184,36.07302783155186],[126.85719405656245,36.072019215247494],[126.8540529885387,36.07631375438415],[126.85140928435246,36.07433874207702],[126.84859200929716,36.07427603651637],[126.84778670734521,36.07622700546752],[126.84199905660488,36.07968968481184],[126.83908790924197,36.08516171299449],[126.8392968505366,36.08625902144805],[126.8365651542996,36.09961640844801],[126.83777030441382,36.1055323482154],[126.84062987469784,36.10597418866834],[126.84109609658414,36.11026883337477],[126.83979740160201,36.117152201647116],[126.8361108740714,36.11831872698012],[126.83474331127455,36.120484773479184],[126.83037558534777,36.12178991052568],[126.82944544607751,36.12401387183537],[126.82564934244037,36.125694533415775],[126.81952097710709,36.13164750279689],[126.81940597037548,36.135308607735574],[126.8158301641705,36.13514625587505]]]]}},{"type":"Feature","properties":{"regionCode":"44770","name":"서천군","parentCode":"44"},"geometry":{"type":"MultiPolygon","coordinates":[[[[126.60680206505309,36.00021673475364],[126.61021748055197,35.994464840838425],[126.60322210312351,35.990912011419724],[126.6004469808643,35.99144701827998],[126.59989950607624,35.99497841541432],[126.60228574150827,35.998163900612525],[126.60680206505309,36.00021673475364]]],[[[126.62704214944948,36.0004334979648],[126.62729702601588,36.00405691423821],[126.62860181728034,36.00578077782323],[126.6305802400308,36.0051689241003],[126.63365692691458,36.00138063347128],[126.63252581644866,36.00016552025907],[126.62704214944948,36.0004334979648]]],[[[126.74868151264613,36.02354345586944],[126.74479857313973,36.01813560254036],[126.74044156452598,36.00968928949221],[126.73482014476063,36.00088129958022],[126.73480075993174,36.00085091024236],[126.73067117392748,35.99976049075058],[126.71964425887377,36.001209767295705],[126.70809209027286,36.00509708232421],[126.70195871601663,36.00646744212454],[126.6998361446515,36.00593431609088],[126.68658454102544,36.00659596961675],[126.6865678929724,36.00784478211275],[126.67559634148249,36.0085789345535],[126.67228734170709,36.00582037465829],[126.668883363005,36.004220921734955],[126.66580427513959,36.00455072762828],[126.66061022380337,36.0109237621858],[126.66332563662858,36.01549761597416],[126.66401722781254,36.01963920686465],[126.66205970761268,36.02706172777456],[126.65948251314369,36.02938466921976],[126.66623701835306,36.02970530029698],[126.66744485218291,36.0316551212733],[126.66171062360227,36.03756060594614],[126.66031216023383,36.039993262282145],[126.65881942262722,36.04390819101617],[126.65660354461787,36.04585317542854],[126.64946313870409,36.04711199539321],[126.64810931275181,36.050146994188985],[126.64410297602328,36.055637258417086],[126.6352718962249,36.055674582226025],[126.63212179208986,36.054865193497456],[126.63152307687093,36.064863086531766],[126.63216545054414,36.07083417362481],[126.63171329302526,36.07476742753907],[126.62841757431961,36.07958756713245],[126.62450846924675,36.08063097319778],[126.62061142391705,36.07588427878612],[126.61839712019729,36.07712479031753],[126.61975581505013,36.08157560038906],[126.62204494884371,36.081199003188104],[126.62407991826602,36.08448743785685],[126.63284758186747,36.081827639656105],[126.63559952297719,36.0836914380189],[126.64582753155608,36.08920608077934],[126.64440413603461,36.09377702510304],[126.63927000812912,36.09095266659824],[126.63627726846724,36.093206353316546],[126.63339221419551,36.092963440570585],[126.63134117367956,36.09951132920365],[126.62539933157548,36.10100798604403],[126.62052142782542,36.10225510925121],[126.61710204371586,36.10197547054775],[126.61394028018823,36.096433554697676],[126.61151821089763,36.096095829973656],[126.60749486917008,36.09895432009877],[126.60762034006918,36.10471556141871],[126.6052937501167,36.11033179971229],[126.60264149029548,36.11005165191209],[126.60031196916263,36.116805671417225],[126.59761324984828,36.12086596949322],[126.59277192608786,36.12488181391624],[126.5916851781576,36.12785576946975],[126.58892131747362,36.12958325210203],[126.5843220484305,36.1310561536925],[126.58178682751499,36.13290833893312],[126.5765532878731,36.138410963473746],[126.57257118265214,36.13937402788695],[126.57061380096921,36.140644194244075],[126.56776130792842,36.1389915894842],[126.56788749671387,36.13379052894015],[126.56300899669533,36.13446319393787],[126.56038630313994,36.130562063252796],[126.55625183892053,36.12853068352085],[126.55476689766137,36.1353670775204],[126.55250450452642,36.13832913496781],[126.54764335013346,36.14239120091872],[126.54288152238185,36.14558557737855],[126.53833206790117,36.14779230182836],[126.5320034169304,36.14988797985028],[126.52361472298436,36.15173420877196],[126.51812360799244,36.15194329028305],[126.51242328745818,36.15150449480416],[126.50700337417766,36.150076301529396],[126.50638577939584,36.14710272739554],[126.50186229716273,36.142078004912186],[126.50196156798087,36.13929409072486],[126.50398080442292,36.12992548420947],[126.50152460681066,36.128797130990435],[126.49893407148808,36.13050561895433],[126.49308984134277,36.1376654015529],[126.49324069137998,36.14774787398178],[126.49374667991806,36.15072308676471],[126.49656630261482,36.15308094517811],[126.494658298807,36.15865315484066],[126.49830969258586,36.15998261439355],[126.50392004819169,36.15951013040785],[126.51094938261697,36.16036568318833],[126.5166438385476,36.16278589123425],[126.52130698814297,36.16718545247324],[126.52392581868011,36.17248591342382],[126.52695889906985,36.17679608010448],[126.52397112181517,36.18182620250948],[126.52405153499203,36.18538072076904],[126.53100735657739,36.19467793754651],[126.54072070603735,36.19138655981165],[126.54936637837014,36.19019329085662],[126.55713487747983,36.1903172056763],[126.56594308846921,36.18796815669124],[126.57366046390055,36.18379156975419],[126.57698215764708,36.1795478219841],[126.57975241503918,36.177606415680245],[126.58471380449858,36.175726123820304],[126.593666747377,36.17454617944902],[126.60020537758396,36.17555651423152],[126.60920242145781,36.171777843668096],[126.61303550304648,36.17327655365475],[126.61470947025393,36.1721643505577],[126.6197264292261,36.17483259224112],[126.62322889081571,36.173050513900044],[126.62917175678811,36.17339059564109],[126.63200847390928,36.17582342448659],[126.6408508209783,36.17617796953219],[126.64308396991886,36.17794697653527],[126.65292702312303,36.18083251526507],[126.65809379216127,36.18069304613133],[126.65862906966339,36.17805039710552],[126.66670746545198,36.176162501431754],[126.67407811104962,36.17836384714077],[126.67606641394634,36.1811292429881],[126.68046536362144,36.18245355827762],[126.68315920428775,36.18745959779209],[126.69234884700843,36.190330239262074],[126.69431808857182,36.1894188049074],[126.69767207878047,36.18408110628528],[126.69998427211047,36.183353524057466],[126.69975965616753,36.17984025427828],[126.70940890692174,36.17783761605411],[126.71110682837423,36.17575728460743],[126.71348844068523,36.17547352206267],[126.72186952093976,36.175586091242764],[126.72829513817513,36.1776497102397],[126.7318163069541,36.180299651837096],[126.73651490255102,36.18213683065636],[126.74171586363974,36.183290492399024],[126.7455594847062,36.18123475843774],[126.75072809656788,36.18168626853104],[126.75532491341626,36.18100149170279],[126.7646865858533,36.18355391087676],[126.76706705533277,36.181519148460396],[126.76953691738542,36.18237581945474],[126.77323193060924,36.18174402200903],[126.78114802031996,36.18369109785787],[126.7855687989986,36.18169600155398],[126.79179338468393,36.18060042048762],[126.79552106572828,36.17919131001299],[126.7950955028017,36.17648469758682],[126.79669374444885,36.1738943047744],[126.79579212844423,36.17145609134309],[126.79378252320126,36.170481884540735],[126.79227745993592,36.16707186814644],[126.79555307505254,36.161051935263714],[126.79422237432834,36.15598863383093],[126.7956736445041,36.15037893468876],[126.79183238768915,36.14274316597728],[126.79395352948855,36.14076754567447],[126.79385310892025,36.13728755989277],[126.79855950434475,36.13873922376764],[126.80038852728958,36.140709623259596],[126.80829093318407,36.13726342361987],[126.8158301641705,36.13514625587505],[126.81940597037548,36.135308607735574],[126.81952097710709,36.13164750279689],[126.82564934244037,36.125694533415775],[126.82944544607751,36.12401387183537],[126.83037558534777,36.12178991052568],[126.83474331127455,36.120484773479184],[126.8361108740714,36.11831872698012],[126.83979740160201,36.117152201647116],[126.84109609658414,36.11026883337477],[126.84062987469784,36.10597418866834],[126.83777030441382,36.1055323482154],[126.8365651542996,36.09961640844801],[126.8392968505366,36.08625902144805],[126.83908790924197,36.08516171299449],[126.84199905660488,36.07968968481184],[126.84778670734521,36.07622700546752],[126.84859200929716,36.07427603651637],[126.85140928435246,36.07433874207702],[126.8540529885387,36.07631375438415],[126.85719405656245,36.072019215247494],[126.8597424055184,36.07302783155186],[126.86177781093272,36.075711767835145],[126.87011944056164,36.06925418613725],[126.86616336873391,36.062342865319806],[126.86358231645985,36.060569587961034],[126.8481700623543,36.05461698963807],[126.84363430861114,36.05245387187555],[126.82970329967527,36.046903525081824],[126.8133338321874,36.03557338037518],[126.80617070996786,36.03275853219745],[126.79766783182956,36.03077483436653],[126.78822064158713,36.03067700549218],[126.7752689317108,36.031637310961685],[126.76514058126614,36.029413010497564],[126.75666613507563,36.025760893869254],[126.74868151264613,36.02354345586944]]],[[[126.55087497507019,36.123908184801614],[126.54934200467028,36.127828824948764],[126.55267855182908,36.129785918995466],[126.55354703792,36.125134781051756],[126.55087497507019,36.123908184801614]]]]}},{"type":"Feature","properties":{"regionCode":"44790","name":"청양군","parentCode":"44"},"geometry":{"type":"MultiPolygon","coordinates":[[[[126.98743628829881,36.35911063514849],[126.98824415304851,36.350064165476205],[126.98676285936685,36.343899714307355],[126.98361701057455,36.34023857813789],[126.97575315044399,36.33548957639561],[126.97261392781115,36.33424921214696],[126.96519995603845,36.33390581226031],[126.95931256589743,36.33204547133269],[126.95747690288574,36.328834807951516],[126.95405435258188,36.32606276674039],[126.9437032970678,36.319570641138085],[126.94044752252287,36.31825123801923],[126.92730484037959,36.31512797372913],[126.91937051747948,36.31921503048829],[126.91464338518857,36.32056585415306],[126.91316024676003,36.32340206939927],[126.91450328879695,36.32490963501664],[126.91244878165307,36.32717385280767],[126.90719738145644,36.326024301933245],[126.90452446452245,36.32599525478644],[126.9005996333578,36.32793864859955],[126.9013726561739,36.330092820487586],[126.89879747596889,36.331372151723585],[126.8952125404477,36.32743043144094],[126.89107144855443,36.32551440271591],[126.87653750508503,36.32393573337298],[126.87422046128505,36.323081395572345],[126.87166980333588,36.3241521234392],[126.86629364133198,36.322945115494115],[126.86217594205434,36.32388118003581],[126.85900957699788,36.32595380784763],[126.85555033855627,36.33078530837621],[126.85846190860586,36.333767218771904],[126.86042020740433,36.33753680762733],[126.85962575194355,36.342739981216965],[126.85374712090713,36.34621031794515],[126.84834955084486,36.35531978053451],[126.8424928137253,36.35501344442065],[126.8404734207746,36.356695937508114],[126.84371664137815,36.360487400117634],[126.84484476175503,36.36362138715456],[126.84339446527437,36.36503002174205],[126.83503508283343,36.36368073085778],[126.83424899119264,36.36658837888601],[126.83410563047838,36.37229419067794],[126.83159224449973,36.37594085068014],[126.83196223750613,36.37706683263704],[126.83635081161404,36.377780116846175],[126.84022931582406,36.374461539680595],[126.84283958520082,36.373461487142826],[126.8457323104317,36.37658278102557],[126.84685820327995,36.38012142568856],[126.85028646056064,36.385278664024646],[126.84867902117198,36.38676318642696],[126.84514684709829,36.38535197791321],[126.84257170896952,36.38562430434858],[126.83890958724622,36.38385476252455],[126.83463017251971,36.38380750086783],[126.82947749310726,36.38545452670992],[126.82695924300604,36.38313480513457],[126.82273513205963,36.3812949978527],[126.82006208986185,36.37721151702449],[126.81777278654565,36.37650846506845],[126.81379065842265,36.377407014762404],[126.80862726202055,36.37659269861325],[126.80653098885921,36.37414173441992],[126.80611693964477,36.369613454909086],[126.80360323094295,36.363731098375844],[126.80011083208211,36.36180531223784],[126.79769001212763,36.35898724610808],[126.79769746197964,36.356129310573415],[126.79497172059561,36.35224076076133],[126.7921824802253,36.35186951160185],[126.78726341130765,36.355158420990996],[126.78624391403002,36.35691531749499],[126.78046532610371,36.35637714904005],[126.77293367246696,36.35432578076472],[126.765237017695,36.35305038815012],[126.75694458457838,36.35468096982634],[126.75227214155163,36.356219090410185],[126.74793901110034,36.36261468556742],[126.74794553371763,36.366190773427476],[126.74124918089883,36.363596916603754],[126.73859392245804,36.36644903320984],[126.73940916615926,36.37191752994184],[126.73803825910082,36.37538800567519],[126.73474911432452,36.37794551316405],[126.73123495559756,36.377380687309774],[126.72474905182857,36.37475402517427],[126.71841820765674,36.3807179037132],[126.71520987101425,36.38280643402522],[126.7104916771653,36.388831100534034],[126.71459583115711,36.393681843983885],[126.70918387469771,36.39664462389262],[126.70944677003855,36.40045332986071],[126.70621069907163,36.4043858167251],[126.70312238419616,36.40476845795602],[126.6916685572831,36.41041315179295],[126.69067762601561,36.41598464685654],[126.69204340524662,36.41911761615724],[126.69114957345563,36.422555283283195],[126.68885536678786,36.425446907705386],[126.69155972217399,36.428653490133904],[126.68879775019892,36.432764765923366],[126.68396897635579,36.4361433416159],[126.68879178733698,36.445675079715514],[126.68795876887467,36.44762822580694],[126.68172917072495,36.448276482808964],[126.67723617171333,36.450756148041265],[126.67432966093473,36.45681537208551],[126.67460456960058,36.46003343963001],[126.67311754793924,36.46218907226134],[126.67581792802251,36.46265533156141],[126.6807959950304,36.46662841659542],[126.68441077519057,36.468493778915445],[126.69141550909218,36.47107295645472],[126.69294023371067,36.473067976709764],[126.69816981232954,36.47546729316401],[126.70106954858987,36.47868404460652],[126.7033732382849,36.479321567967474],[126.70635868891668,36.47840393408864],[126.71122651817113,36.47899684598707],[126.71476317138817,36.481616925971785],[126.71842671259968,36.481981023142914],[126.72259386724804,36.47986438586915],[126.72456240640504,36.48076580067224],[126.72948861625132,36.47843860944852],[126.73543624301699,36.47325489236198],[126.73618204612376,36.47176833778403],[126.74143738668288,36.480753010538166],[126.7445028014495,36.48504073911484],[126.7449798652933,36.48827938036857],[126.74383527093879,36.49093919994017],[126.747507818073,36.49512665974588],[126.75040384367115,36.503688429492875],[126.75580942531613,36.50330731339583],[126.76065728504184,36.50918551393173],[126.76543102097693,36.51271199985224],[126.76953576635162,36.51832872097698],[126.76867891730073,36.52353987782033],[126.76967102895838,36.52917528255236],[126.77313124797774,36.534306491559065],[126.77687597589072,36.53256891712105],[126.78071289847601,36.53219370260044],[126.78294022730014,36.534648840810824],[126.7852964779791,36.534737654666806],[126.79176171674479,36.532255893351085],[126.79804986902575,36.530590503533354],[126.80519873234454,36.52665825607337],[126.80639518130464,36.52978742329399],[126.81201200717993,36.53121921782653],[126.81583967755759,36.529098170493256],[126.81875353434067,36.52952526320973],[126.82486489780807,36.52849206572354],[126.83099455580818,36.5429114543745],[126.83080998773295,36.547461116302486],[126.8341505684216,36.55276234932826],[126.83734304491986,36.55400638851367],[126.83951729263741,36.55795356590638],[126.84025013991624,36.562222743739],[126.84466212236327,36.56510225672248],[126.84600031742664,36.56830162990887],[126.84384962410269,36.57070102227455],[126.84890299283636,36.57216685577643],[126.85374619398657,36.571397529722994],[126.85892506976852,36.568626406801805],[126.8627182690934,36.568405299108235],[126.86857078202786,36.57000510743656],[126.87222431034516,36.569713054086534],[126.87415052300663,36.567543936600394],[126.88297239269097,36.564010227403465],[126.88770507485683,36.56141061148904],[126.89454162518277,36.55914703552936],[126.89899903380055,36.55895879252961],[126.89958115054061,36.549465762341256],[126.8946349603218,36.54693472361586],[126.88996754267153,36.54132650467272],[126.88856029489834,36.53398828790863],[126.89058865334265,36.531798853864814],[126.89379295460276,36.526542979885434],[126.89030573167972,36.524248989127386],[126.88961375250419,36.51917106917504],[126.88470283724594,36.513187565877885],[126.88391437941783,36.51148148818863],[126.88586209666393,36.50842642616588],[126.89411868744185,36.502894836493006],[126.89233160761991,36.4980108460688],[126.89337933371209,36.489292225410026],[126.89208832921523,36.48690212331038],[126.89423741974579,36.483843255906024],[126.8943556983195,36.47851305156434],[126.89938679036754,36.47677054968839],[126.90129738879342,36.47184499892842],[126.9059318184253,36.46804962254116],[126.90774092861385,36.46816135201024],[126.91260785661828,36.466014463446825],[126.91403638656018,36.46196743053105],[126.9160281917779,36.4555964602052],[126.92180746910552,36.454443685071546],[126.92414306696227,36.45517581433831],[126.93027299160721,36.45501727183093],[126.94052090603617,36.46185572390438],[126.94411588501168,36.46366394946501],[126.95535641205763,36.46695213832281],[126.95662000603716,36.46861253463181],[126.96025236413738,36.46605797941953],[126.96495931202654,36.46755346908803],[126.97152456026087,36.46727646135248],[126.97599823893802,36.4663807300644],[126.98004208007993,36.46389030391021],[126.99060726106445,36.460971630264915],[126.99478316663208,36.46141605015152],[126.99840272038986,36.45937454882565],[127.00076844166492,36.456007896464456],[127.00422507727858,36.45564074652998],[127.00213665203003,36.453021309381214],[127.0076338030904,36.45114567838902],[127.00831729859391,36.44445892986691],[127.00644595886452,36.44126779015822],[127.00797806520224,36.438358412007936],[127.0125789044915,36.437569097164776],[127.01883963154522,36.43920095930035],[127.02018708379221,36.43826634273002],[127.01798228074296,36.434134330202134],[127.02068898923466,36.42900736572682],[127.02416384957012,36.42594923699412],[127.02372963927272,36.4240626814218],[127.01623326087355,36.41936962348733],[127.01532445475009,36.41824723905405],[127.0242806603523,36.409250090703146],[127.02781474599858,36.404443252087134],[127.02714971664636,36.40115412068152],[127.02369007598625,36.397262458551126],[127.02336520876838,36.39640657073693],[127.01626333142123,36.38920113750979],[126.994696404849,36.37562165815845],[126.99097344983815,36.372089732086714],[126.98915145202365,36.368914740122605],[126.98743628829881,36.35911063514849]]]]}},{"type":"Feature","properties":{"regionCode":"44800","name":"홍성군","parentCode":"44"},"geometry":{"type":"MultiPolygon","coordinates":[[[[126.4433589159977,36.51656506805008],[126.44084797044523,36.51529327979754],[126.43799978373578,36.519032948241325],[126.43954791478178,36.52032419857425],[126.4433589159977,36.51656506805008]]],[[[126.61014867415084,36.480880857200866],[126.60194847356841,36.4774361940107],[126.59996342420686,36.480092386596176],[126.60045475529749,36.48894577601011],[126.5969060785443,36.4964568088343],[126.5966857756805,36.49898647267767],[126.59252034733368,36.50392868531554],[126.59303344242467,36.50674018421533],[126.59016849228166,36.508873311254156],[126.5811629617388,36.5053290587778],[126.57739112061832,36.505185598766396],[126.57448693932955,36.50318027191779],[126.56797058854956,36.50129191840587],[126.56605768864583,36.50223040371087],[126.56509936312587,36.504941780638866],[126.56128287438547,36.509090338568946],[126.55989229616017,36.50690239596332],[126.5553840173785,36.50573242947821],[126.55142927810505,36.5059029037966],[126.5433807708687,36.50758635250753],[126.53662685354219,36.511597969324654],[126.53049166145125,36.517786356268445],[126.52587255446821,36.5201763667821],[126.52031378672021,36.5216789215128],[126.51132997216115,36.52217773132356],[126.50962760275385,36.52282538984838],[126.50703695025389,36.52509203383607],[126.50721120874935,36.52662750318152],[126.503694196223,36.52983086282568],[126.49966188159118,36.52728907791601],[126.49400149672887,36.52048257835327],[126.48895081670335,36.517746478005265],[126.48679767795502,36.51864823300188],[126.48450539599695,36.51581844353979],[126.48126172396302,36.51630328049792],[126.48128840566632,36.518248540178966],[126.47777302569548,36.5200653558242],[126.47491252535126,36.523403160966794],[126.47340771637926,36.526480016566325],[126.46744315525676,36.53447834315199],[126.46213941818303,36.5386327280349],[126.4584100610228,36.545627100744895],[126.45856690735337,36.54726238988996],[126.45416008214774,36.551010801386624],[126.45317611433474,36.55384058158196],[126.45431419719328,36.56167591935242],[126.45365612163286,36.56723164954159],[126.45118971632009,36.576637049472566],[126.44914215287216,36.58222218216074],[126.44781828431627,36.583497263991134],[126.44763420271109,36.58688301941173],[126.45133327243529,36.59650984123219],[126.4541970551013,36.59802491862786],[126.46410895140083,36.597648451805505],[126.47625333445636,36.60563494100284],[126.4783035412358,36.608379468830535],[126.47825733535832,36.61050737229308],[126.47382925340153,36.617216124617485],[126.45676701270737,36.62628801946699],[126.46590999273121,36.643968804861764],[126.49795130994436,36.63573766057435],[126.49932969821911,36.634930378513104],[126.50575797345735,36.634768937848094],[126.5107721358099,36.63080712857773],[126.51575751572695,36.63221137286573],[126.51944604605733,36.63733523055443],[126.52260846632684,36.63869313004296],[126.52863117183898,36.63998333981258],[126.5304416665121,36.642515505011914],[126.53513218255911,36.646211899023974],[126.54133151497507,36.644624530452305],[126.54662565264817,36.64036680286844],[126.55137574861772,36.64245061181862],[126.56580008528363,36.644486164232305],[126.56904672560442,36.64673631113763],[126.5724330958481,36.65142953993105],[126.57470981689426,36.65304920258973],[126.57945064023943,36.653999744237225],[126.5818226394927,36.66150278768805],[126.58169539114031,36.66409970810255],[126.58611951931697,36.665418662697334],[126.58924006724101,36.663741282331614],[126.59152176733197,36.66156215641931],[126.59546898257497,36.65355660586018],[126.59549488307898,36.65028985992446],[126.59195812269569,36.64758207137573],[126.59062065263926,36.64550187098832],[126.58977817641764,36.6404466092767],[126.58694807549803,36.637058993581654],[126.58824189034337,36.63570077838266],[126.58540751094512,36.62661260600312],[126.58556139590488,36.61864520023818],[126.5875080698389,36.617764076445106],[126.59298146501085,36.62008295598544],[126.59668057923551,36.62090521281792],[126.59952953371098,36.61901447463395],[126.60251448240125,36.61871052730446],[126.60886164978523,36.62139715864372],[126.62030761093965,36.62117234419826],[126.62329275280294,36.619127717937914],[126.62674001379747,36.618104424697606],[126.6245614425633,36.62778714705592],[126.6247690166088,36.63129442343999],[126.62155833279148,36.63394123925591],[126.62001553091159,36.63952836333726],[126.62603695899686,36.64508532700594],[126.62829631688878,36.64959348148965],[126.63358950489085,36.650080826846626],[126.63816278581795,36.64911800228208],[126.63927218005848,36.64790638629958],[126.64471977377559,36.64895804080515],[126.64986813545073,36.648486013881005],[126.65418294079846,36.65250352107499],[126.65508380320817,36.65535307914111],[126.66014314796814,36.65705702684007],[126.67122095879417,36.65819535301396],[126.67242443263757,36.65992345007729],[126.67997422508331,36.66134312370604],[126.68479118480153,36.65997539293707],[126.69333969973587,36.66178817986953],[126.69843830608687,36.66336323553269],[126.7044095495236,36.662431750424666],[126.70835258349503,36.66303009580562],[126.70606327243945,36.66719605460698],[126.70592487228737,36.66932050752257],[126.71037996827525,36.6728145356522],[126.71288076519703,36.671414139435335],[126.72194309680782,36.66885339400842],[126.72486738809297,36.66746900796361],[126.72819189057448,36.66961863425864],[126.73981752256154,36.67285213884623],[126.74259228990992,36.670862432931926],[126.74534841187402,36.67081563006303],[126.74458500109021,36.66745389019951],[126.74120918888451,36.66255601113488],[126.73894829122514,36.661920099189715],[126.73696753777558,36.65875685231881],[126.7359754778725,36.65132061220107],[126.73735219988704,36.64847625038916],[126.7413426802638,36.64884241326553],[126.74818463097418,36.647675953670486],[126.75175080224432,36.645746555135354],[126.74978572660608,36.635060164879256],[126.75606602460734,36.63217554422302],[126.75729552037029,36.63224387211841],[126.75891306780905,36.62656325747326],[126.75642779253178,36.62340188546135],[126.7612549786809,36.61762755518491],[126.76463530747489,36.61849807952999],[126.77081137789247,36.61653388500216],[126.7700207321366,36.61218107123389],[126.77225494621958,36.60677315121618],[126.77109016085603,36.60359713216642],[126.76952290129034,36.6028058058373],[126.7705861821269,36.59644325554244],[126.77219136187416,36.59381897352334],[126.77164624829977,36.59266784765112],[126.76566459757163,36.59088271607865],[126.76558985924859,36.588538359272086],[126.76331368231406,36.58681896922979],[126.75589748095149,36.58394208128124],[126.75288756896087,36.58115622038014],[126.74849099175054,36.580431986119564],[126.74695175787477,36.575794300414664],[126.74971127332786,36.56501001028321],[126.74797631777717,36.561555156937494],[126.74833703206886,36.55803431911061],[126.74611041774682,36.5554940217433],[126.74190206763413,36.555625804566404],[126.73709733602863,36.55143159288303],[126.73742905581972,36.54630486169819],[126.7391184289715,36.544006527993105],[126.7412353784359,36.540960401300495],[126.74107232982959,36.537522932715376],[126.74638180589194,36.53135045757768],[126.75356505675187,36.528421545006275],[126.75974511947528,36.52799754734],[126.76584921362165,36.53533472609978],[126.76858374344972,36.537340360186576],[126.77313124797774,36.534306491559065],[126.76967102895838,36.52917528255236],[126.76867891730073,36.52353987782033],[126.76953576635162,36.51832872097698],[126.76543102097693,36.51271199985224],[126.76065728504184,36.50918551393173],[126.75580942531613,36.50330731339583],[126.75040384367115,36.503688429492875],[126.747507818073,36.49512665974588],[126.74383527093879,36.49093919994017],[126.7449798652933,36.48827938036857],[126.7445028014495,36.48504073911484],[126.74143738668288,36.480753010538166],[126.73618204612376,36.47176833778403],[126.73543624301699,36.47325489236198],[126.72948861625132,36.47843860944852],[126.72456240640504,36.48076580067224],[126.72259386724804,36.47986438586915],[126.71842671259968,36.481981023142914],[126.71476317138817,36.481616925971785],[126.71122651817113,36.47899684598707],[126.70635868891668,36.47840393408864],[126.7033732382849,36.479321567967474],[126.70106954858987,36.47868404460652],[126.69816981232954,36.47546729316401],[126.69294023371067,36.473067976709764],[126.69141550909218,36.47107295645472],[126.68441077519057,36.468493778915445],[126.6807959950304,36.46662841659542],[126.67581792802251,36.46265533156141],[126.67311754793924,36.46218907226134],[126.66527820746585,36.46278968852332],[126.66423763187015,36.46179967427938],[126.65874454444109,36.46028500941195],[126.655352987452,36.462575178466],[126.65299127491768,36.466974754853815],[126.64782805931928,36.46569692297673],[126.6430261638665,36.465930152062555],[126.63833107275478,36.46521681156732],[126.63552566960243,36.465758224145446],[126.63343998990004,36.46921848434309],[126.63355267138297,36.47174584439013],[126.63186160079107,36.47584970093535],[126.62605310373723,36.47639184962765],[126.62300142511998,36.47746553486174],[126.61693456327114,36.48144541802749],[126.61458340831655,36.48538832943305],[126.61014867415084,36.480880857200866]]],[[[126.45013385295992,36.53877155147694],[126.44935423042763,36.54319165630832],[126.44708618360337,36.54646540967961],[126.45031107489915,36.54649928293529],[126.45351775128387,36.54110110491428],[126.45274266178005,36.53869516494709],[126.45057041327607,36.53582443159345],[126.44607297913996,36.53701004049853],[126.44646418075602,36.540430181024746],[126.45013385295992,36.53877155147694]]]]}},{"type":"Feature","properties":{"regionCode":"44810","name":"예산군","parentCode":"44"},"geometry":{"type":"MultiPolygon","coordinates":[[[[126.76463530747489,36.61849807952999],[126.7612549786809,36.61762755518491],[126.75642779253178,36.62340188546135],[126.75891306780905,36.62656325747326],[126.75729552037029,36.63224387211841],[126.75606602460734,36.63217554422302],[126.74978572660608,36.635060164879256],[126.75175080224432,36.645746555135354],[126.74818463097418,36.647675953670486],[126.7413426802638,36.64884241326553],[126.73735219988704,36.64847625038916],[126.7359754778725,36.65132061220107],[126.73696753777558,36.65875685231881],[126.73894829122514,36.661920099189715],[126.74120918888451,36.66255601113488],[126.74458500109021,36.66745389019951],[126.74534841187402,36.67081563006303],[126.74259228990992,36.670862432931926],[126.73981752256154,36.67285213884623],[126.72819189057448,36.66961863425864],[126.72486738809297,36.66746900796361],[126.72194309680782,36.66885339400842],[126.71288076519703,36.671414139435335],[126.71037996827525,36.6728145356522],[126.70592487228737,36.66932050752257],[126.70606327243945,36.66719605460698],[126.70835258349503,36.66303009580562],[126.7044095495236,36.662431750424666],[126.69843830608687,36.66336323553269],[126.69333969973587,36.66178817986953],[126.68479118480153,36.65997539293707],[126.67997422508331,36.66134312370604],[126.67242443263757,36.65992345007729],[126.67122095879417,36.65819535301396],[126.66014314796814,36.65705702684007],[126.65508380320817,36.65535307914111],[126.65418294079846,36.65250352107499],[126.64986813545073,36.648486013881005],[126.64471977377559,36.64895804080515],[126.63927218005848,36.64790638629958],[126.63816278581795,36.64911800228208],[126.63358950489085,36.650080826846626],[126.62829631688878,36.64959348148965],[126.62603695899686,36.64508532700594],[126.62001553091159,36.63952836333726],[126.62155833279148,36.63394123925591],[126.6247690166088,36.63129442343999],[126.6245614425633,36.62778714705592],[126.62674001379747,36.618104424697606],[126.62329275280294,36.619127717937914],[126.62030761093965,36.62117234419826],[126.60886164978523,36.62139715864372],[126.60251448240125,36.61871052730446],[126.59952953371098,36.61901447463395],[126.59668057923551,36.62090521281792],[126.59298146501085,36.62008295598544],[126.5875080698389,36.617764076445106],[126.58556139590488,36.61864520023818],[126.58540751094512,36.62661260600312],[126.58824189034337,36.63570077838266],[126.58694807549803,36.637058993581654],[126.58977817641764,36.6404466092767],[126.59062065263926,36.64550187098832],[126.59195812269569,36.64758207137573],[126.59549488307898,36.65028985992446],[126.59546898257497,36.65355660586018],[126.59152176733197,36.66156215641931],[126.58924006724101,36.663741282331614],[126.59531770057013,36.669203111506356],[126.59767538713997,36.674822221907604],[126.59875241827397,36.67933797377127],[126.59605042153466,36.68451423160905],[126.59913328156921,36.688119061936455],[126.6001264757795,36.69070088890043],[126.59980723671852,36.69669950290627],[126.60432955071717,36.698754542126586],[126.60541470364271,36.702342048149994],[126.60758554199856,36.70278014907803],[126.60895631944256,36.70542938324214],[126.60523743019833,36.71221480110275],[126.60420997843622,36.715969188361754],[126.6020638856984,36.717974567714066],[126.60325389422142,36.7213035097075],[126.60524995657745,36.722607157841544],[126.60717816716071,36.726248655136445],[126.61009797340976,36.7293270272719],[126.61074647511433,36.73210978941408],[126.61798500376645,36.73440849803261],[126.62430886137462,36.734766115252235],[126.62803788262788,36.73670089520817],[126.63255802982879,36.74148286520985],[126.63448667373785,36.745077659732914],[126.63274866501023,36.75164920190579],[126.63217426571319,36.756588670675576],[126.63466434583518,36.7580538772061],[126.63893777399481,36.757420267640065],[126.64613988889894,36.75305286591847],[126.65332224783461,36.7533737665783],[126.65242845055926,36.75692367519607],[126.64793682178687,36.759295008854956],[126.64772846989989,36.76248709702105],[126.65023836788158,36.767532908312255],[126.6502945585665,36.77165456978469],[126.65346735018444,36.77220884993176],[126.653543981658,36.774968012080635],[126.65677923147153,36.776349366995454],[126.66021068350369,36.77090046031469],[126.66494042757678,36.77086766813316],[126.66751463548661,36.773962844774324],[126.66905316194156,36.78055934175909],[126.67594017025854,36.78392075723896],[126.6803696995316,36.78366679230462],[126.68306727116178,36.78152289847003],[126.69257528983887,36.78402293053211],[126.69430433760628,36.78498521873002],[126.69531240322206,36.79046782955793],[126.69758331557732,36.79320090448903],[126.69712401395378,36.797150431090834],[126.69519807237427,36.799286505670665],[126.69646055867054,36.800615157089936],[126.7024425897275,36.80274587165557],[126.70509182314433,36.80205156911616],[126.71032143357154,36.80393074177],[126.7135990550314,36.80334288551665],[126.71637798174261,36.801339996189775],[126.72191847909477,36.798664129580345],[126.72489860208225,36.79841621343284],[126.72820436800558,36.79570933652839],[126.73410478682918,36.78954179844056],[126.73710276167307,36.783979278837315],[126.73749103288468,36.7816479439502],[126.74300090398138,36.778015194238975],[126.74652259522347,36.76704998859561],[126.7541624794964,36.765562277653785],[126.75904073714973,36.763363215008134],[126.76208414957462,36.75994551139066],[126.7643166622638,36.75505617008177],[126.7700590205269,36.75205982353216],[126.77343905014452,36.74900406855305],[126.77621169154415,36.75037125157298],[126.77179314654133,36.75344751062766],[126.77373724172851,36.75543044748911],[126.779502944405,36.753925754816734],[126.78325430220525,36.75944234947297],[126.78622017051337,36.76073155416333],[126.79085002171597,36.761363915134964],[126.79372558079106,36.763348175562626],[126.79444923271545,36.76620232417068],[126.79670622711588,36.76754352493762],[126.80188914851566,36.76874697972977],[126.80188336991868,36.77097581268245],[126.80391647664013,36.77329716997914],[126.80688417202656,36.7742114163364],[126.81238800755975,36.77134957006924],[126.81760735721795,36.77608285850679],[126.82068576360656,36.777157420614095],[126.82059220743608,36.779243451056935],[126.81737021444188,36.782555003056785],[126.82075245777072,36.786518560797155],[126.82749015924432,36.787134847253284],[126.83028466437052,36.78655049468813],[126.8333510594657,36.7832562237966],[126.83245884467588,36.775676945092194],[126.83057567968225,36.768649397281],[126.83036411936091,36.76346628205125],[126.83192923601318,36.75977719569355],[126.83774137501516,36.75184550590153],[126.84007120055666,36.74986871861733],[126.8448576134142,36.74967897838652],[126.8476544711816,36.747168500247454],[126.84504735780826,36.74352764417207],[126.84694991059364,36.74162721006273],[126.8498830968891,36.74276607349988],[126.85193804326681,36.74830504095395],[126.85868464629169,36.74698798848914],[126.85950908778278,36.73868278550786],[126.86167212358505,36.73668407588024],[126.8636738341029,36.73212658797365],[126.86684685085842,36.72943120040114],[126.8714980065303,36.727968983857686],[126.87573042955165,36.72835034417391],[126.88349511986114,36.73111149965126],[126.88666748206941,36.73131958935461],[126.89068862540417,36.72625073236897],[126.89466792497545,36.72506774106524],[126.89833503811286,36.72274534527556],[126.89972312293607,36.71907302082398],[126.89991902367069,36.71587499115697],[126.90259047026107,36.71468809846257],[126.90308442458196,36.708202588740825],[126.90179405273965,36.704097397408624],[126.90214198990577,36.70219372227913],[126.90643589276324,36.70163538151971],[126.91108560480389,36.703893089111595],[126.91725679432282,36.70324678453555],[126.92181336040495,36.700630738074764],[126.92447396713088,36.70129919411502],[126.92847886884111,36.70438123834853],[126.93362640301109,36.70192384258626],[126.93961617572391,36.70289554370978],[126.9499536980146,36.703772872352936],[126.95213672060466,36.70288538910609],[126.9545440927665,36.699108386060175],[126.95905923876285,36.69741158036927],[126.96256824677587,36.69698418186264],[126.96960807756855,36.69074784176529],[126.96696981979727,36.684127696565945],[126.96776022736287,36.6794292363442],[126.96432574932672,36.67803132045201],[126.9574272058316,36.67193341215332],[126.9570828853655,36.66886823337976],[126.95768537646866,36.662455660471835],[126.95971515751953,36.66203801272569],[126.95833884303498,36.655267731199096],[126.95430387152894,36.65253907858365],[126.95504347438266,36.64539119912856],[126.95100748573996,36.64184965970317],[126.94823069048807,36.640911875999464],[126.9470522885559,36.635990408582494],[126.94388344760516,36.63287761574063],[126.94514730899057,36.628290618001174],[126.9422745055707,36.624876294343935],[126.93585711112128,36.621856021140495],[126.93710242253863,36.61495188134315],[126.93276698467672,36.61294745398122],[126.93046267573891,36.608392264283],[126.93204160476901,36.602739649033765],[126.92887759298489,36.60170856750235],[126.927309240858,36.59609635235353],[126.9301088081246,36.593884578814354],[126.93100250940627,36.59167162768127],[126.92523694332014,36.58757946437483],[126.92029892935223,36.57844027351877],[126.91654231322495,36.576872700387895],[126.91325892129069,36.57431846727498],[126.91076390259336,36.57041124719748],[126.90986074294577,36.56645350092822],[126.90645251056934,36.56561433716645],[126.90256081458813,36.561043187615326],[126.90049828741543,36.56125294182866],[126.89899903380055,36.55895879252961],[126.89454162518277,36.55914703552936],[126.88770507485683,36.56141061148904],[126.88297239269097,36.564010227403465],[126.87415052300663,36.567543936600394],[126.87222431034516,36.569713054086534],[126.86857078202786,36.57000510743656],[126.8627182690934,36.568405299108235],[126.85892506976852,36.568626406801805],[126.85374619398657,36.571397529722994],[126.84890299283636,36.57216685577643],[126.84384962410269,36.57070102227455],[126.84600031742664,36.56830162990887],[126.84466212236327,36.56510225672248],[126.84025013991624,36.562222743739],[126.83951729263741,36.55795356590638],[126.83734304491986,36.55400638851367],[126.8341505684216,36.55276234932826],[126.83080998773295,36.547461116302486],[126.83099455580818,36.5429114543745],[126.82486489780807,36.52849206572354],[126.81875353434067,36.52952526320973],[126.81583967755759,36.529098170493256],[126.81201200717993,36.53121921782653],[126.80639518130464,36.52978742329399],[126.80519873234454,36.52665825607337],[126.79804986902575,36.530590503533354],[126.79176171674479,36.532255893351085],[126.7852964779791,36.534737654666806],[126.78294022730014,36.534648840810824],[126.78071289847601,36.53219370260044],[126.77687597589072,36.53256891712105],[126.77313124797774,36.534306491559065],[126.76858374344972,36.537340360186576],[126.76584921362165,36.53533472609978],[126.75974511947528,36.52799754734],[126.75356505675187,36.528421545006275],[126.74638180589194,36.53135045757768],[126.74107232982959,36.537522932715376],[126.7412353784359,36.540960401300495],[126.7391184289715,36.544006527993105],[126.73742905581972,36.54630486169819],[126.73709733602863,36.55143159288303],[126.74190206763413,36.555625804566404],[126.74611041774682,36.5554940217433],[126.74833703206886,36.55803431911061],[126.74797631777717,36.561555156937494],[126.74971127332786,36.56501001028321],[126.74695175787477,36.575794300414664],[126.74849099175054,36.580431986119564],[126.75288756896087,36.58115622038014],[126.75589748095149,36.58394208128124],[126.76331368231406,36.58681896922979],[126.76558985924859,36.588538359272086],[126.76566459757163,36.59088271607865],[126.77164624829977,36.59266784765112],[126.77219136187416,36.59381897352334],[126.7705861821269,36.59644325554244],[126.76952290129034,36.6028058058373],[126.77109016085603,36.60359713216642],[126.77225494621958,36.60677315121618],[126.7700207321366,36.61218107123389],[126.77081137789247,36.61653388500216],[126.76463530747489,36.61849807952999]]]]}},{"type":"Feature","properties":{"regionCode":"44825","name":"태안군","parentCode":"44"},"geometry":{"type":"MultiPolygon","coordinates":[[[[126.16269076196188,36.512442031519],[126.16153990949421,36.50934631357193],[126.15847858298469,36.508769223325686],[126.15620639534569,36.51137479480649],[126.16073947507287,36.51440787659397],[126.16269076196188,36.512442031519]]],[[[126.1944313770646,36.57124451944972],[126.19376188303404,36.56811185782509],[126.1902306945777,36.57094274586814],[126.1944313770646,36.57124451944972]]],[[[126.19779260259212,36.5772511490884],[126.19657874416717,36.57832176297227],[126.19650595525327,36.582289818654324],[126.20014576349877,36.582133235849],[126.19964607961823,36.5794285375787],[126.19779260259212,36.5772511490884]]],[[[126.20136535370474,36.59477786196982],[126.20250728059159,36.59062363986146],[126.19821156497896,36.59381060922484],[126.20136535370474,36.59477786196982]]],[[[125.54487941526727,36.60930360542349],[125.54097906941713,36.61303840265878],[125.54412682831146,36.61373531577761],[125.54720097558591,36.60888779064479],[125.54487941526727,36.60930360542349]]],[[[125.575608940885,36.61788078914508],[125.5806950123416,36.6138918917956],[125.57729775891666,36.613871219329376],[125.5724723771746,36.61621605464303],[125.57054248557606,36.620079001408314],[125.57345497054705,36.62162790159104],[125.575608940885,36.61788078914508]]],[[[125.69354217219747,36.64090419434435],[125.69784793462651,36.638331113825174],[125.69268937249704,36.639268420016364],[125.69354217219747,36.64090419434435]]],[[[125.86084130501985,36.66323675107038],[125.85783515367206,36.66288005457707],[125.85479108429894,36.66508018212668],[125.85851518516773,36.666427413287295],[125.86169778217707,36.6658677885947],[125.86084130501985,36.66323675107038]]],[[[126.03201643097633,36.66714017342682],[126.03507875446167,36.66901481312698],[126.03698409281294,36.667183990688414],[126.03470653332266,36.665363905262254],[126.03201643097633,36.66714017342682]]],[[[126.077119534717,36.67174907405452],[126.0741036859184,36.67067347075366],[126.07127272975414,36.67348081440204],[126.06574336686613,36.67168068939159],[126.05915059295492,36.672353646234264],[126.0557859091963,36.66774488587026],[126.05076475003042,36.666511775086036],[126.04568347606352,36.6705942421137],[126.05389831394756,36.67522608561019],[126.06202171419521,36.68028478953861],[126.06821498110342,36.67936313304742],[126.0751368404192,36.68038323620003],[126.07961915682388,36.68387282594002],[126.08238191605577,36.68416644674771],[126.08303001971984,36.686218999939314],[126.08033108396873,36.689114323904036],[126.08189925615513,36.69211674456304],[126.0846064223471,36.692034296803826],[126.08731893491174,36.68957090469301],[126.08411837381303,36.684138022490686],[126.08800618851896,36.68224446611397],[126.08660825347262,36.678839104870725],[126.0803795413246,36.67657120830263],[126.08136158807703,36.672035994668455],[126.077119534717,36.67174907405452]]],[[[126.25728183943323,36.7165873020976],[126.25325488500853,36.717081285514226],[126.25180486511854,36.712998183145835],[126.25031377156596,36.71314854147854],[126.24739068451238,36.71756351294755],[126.24225699878785,36.71707218069211],[126.24332553324574,36.709944736945594],[126.24009491093354,36.710289130692345],[126.24066059186156,36.71239130681237],[126.23869220887283,36.71601090992357],[126.23570867352213,36.716431112844596],[126.23453049243228,36.71007291906439],[126.23494512622685,36.708318183493034],[126.24026097569687,36.70799283301035],[126.24206834447763,36.705967383105886],[126.24175383941498,36.70261032522618],[126.23777549359444,36.6989976130114],[126.234688856623,36.69782867624794],[126.23391603771555,36.695666885177324],[126.23010463225756,36.69314316592673],[126.22485689921818,36.69313179646236],[126.22164818132957,36.69135341066107],[126.21180868051646,36.69240692005976],[126.21044653523884,36.69056924480982],[126.21047516991175,36.68777356216537],[126.20598600063371,36.68506760801103],[126.20212045657718,36.68448254314828],[126.20160428228415,36.68160332324697],[126.19736002666268,36.674505169952525],[126.19140328388241,36.67462457601198],[126.18689324168416,36.674034633378646],[126.18135772926807,36.67655285830617],[126.17932218651191,36.67661871283434],[126.17401500506463,36.67208935198252],[126.17233369681873,36.673577134187234],[126.17475767450216,36.67557675324978],[126.17285357579865,36.678171518224836],[126.16471867343934,36.67474145245642],[126.1627815499526,36.67488757753727],[126.16081836387417,36.6774299624104],[126.15487361494732,36.676429264007886],[126.15116905717773,36.67407517086344],[126.14518581577468,36.672845200574486],[126.1407690478719,36.668379906557725],[126.13556152423018,36.66974160923934],[126.13275193998908,36.66804362698259],[126.12916122116563,36.66961501759455],[126.12916216341324,36.6739286445108],[126.12365935804836,36.677546742618134],[126.1230298332494,36.67932996294063],[126.12429716629656,36.682938762021806],[126.12785021391993,36.68476220971661],[126.1306373261246,36.68849712182371],[126.13381118657816,36.68875993743878],[126.13704903072876,36.687745024588665],[126.1372909118697,36.683872527526376],[126.14053716597168,36.68653213176582],[126.14673772720522,36.68689633078527],[126.14922685267766,36.686235174741135],[126.149645082498,36.691972942714834],[126.14867377224003,36.69452221293012],[126.14944021122452,36.69704395662618],[126.14825391863933,36.70106948614454],[126.14608966869378,36.70372999598869],[126.15138153289993,36.70626897307222],[126.15638653866394,36.70714335789371],[126.15874644634184,36.70927695538337],[126.15980688612102,36.712200134793584],[126.16202807853603,36.713414032710716],[126.16580875575399,36.71735482991076],[126.17120931812985,36.7184710275453],[126.17685469183351,36.717423475568545],[126.18469065070465,36.71691900601585],[126.19468332671434,36.70772217038426],[126.198556166341,36.70619699906528],[126.20769733358588,36.70616521930273],[126.21724612758481,36.71156515588782],[126.2211827985454,36.71672766297726],[126.2211300795535,36.72193984847805],[126.21606817996651,36.72533126464349],[126.21167814942528,36.724557572226985],[126.20680302955246,36.72219810208112],[126.20117955122129,36.7213537292754],[126.20278587593204,36.726421921871605],[126.2081530557259,36.72971564909233],[126.21092519699074,36.73415535948256],[126.21250908291249,36.73873916640182],[126.21114050056157,36.74036105891581],[126.20618544368253,36.736107677019625],[126.20010909950005,36.73632908213141],[126.19563570763927,36.738164659644134],[126.18828050418585,36.74462278769347],[126.18437556543964,36.744737399940824],[126.18190977012117,36.74763243334916],[126.18593972542693,36.74881340182727],[126.18464952626806,36.75293556611328],[126.17536597570174,36.75384717458172],[126.17127023020903,36.75637634860315],[126.16715776306619,36.757745430544304],[126.16480833201511,36.75751253659926],[126.1618550233086,36.753001886351434],[126.15533111762686,36.75601759794522],[126.1415310005089,36.75365176438873],[126.1449290148443,36.75096742072254],[126.15183652469759,36.748615039388284],[126.14987513514698,36.74561155893251],[126.15264693770762,36.74035928301844],[126.15288048262676,36.733876559833014],[126.15217196659052,36.730475142345064],[126.15023845502864,36.72828844236852],[126.14543412939389,36.72826393701557],[126.14336331086785,36.72708971978185],[126.14195086944281,36.7237509972076],[126.13770183641626,36.720120045082695],[126.13785828968221,36.71907319767884],[126.13185028612958,36.7159576012992],[126.12267765393747,36.70693691264076],[126.12114128576636,36.70837043804329],[126.12099006221636,36.71236413351532],[126.12226323795308,36.71508410309875],[126.12468720009126,36.7161636389081],[126.12271894666439,36.71992749081374],[126.12122509878903,36.72479805756322],[126.1220445682345,36.72683778950801],[126.12734585126256,36.733755114260234],[126.12835389787867,36.738021681397456],[126.13259226496581,36.739083413585824],[126.13352257429322,36.74075568788822],[126.13073424537473,36.74706732043531],[126.13263807619796,36.749397023563645],[126.13002862300962,36.75159963268843],[126.12211985738153,36.75232915628879],[126.1166918207039,36.75607700437664],[126.11411599900406,36.75873165852192],[126.11308506704286,36.764151617831786],[126.10153285672935,36.77327359306156],[126.1049075967553,36.77579595540695],[126.10853654030235,36.77436548175414],[126.11649315268558,36.774169437037926],[126.11656250392102,36.771100354591766],[126.12078729901303,36.77247258178828],[126.12168889899984,36.774715766776815],[126.12668175387141,36.77532177587532],[126.12824495311625,36.77371429260234],[126.13220286613084,36.77689501674293],[126.12920727269504,36.7802632457698],[126.12996883913009,36.78737226159955],[126.1343802406505,36.786634384109504],[126.13626124335188,36.78488928524243],[126.14215395496939,36.7890649333319],[126.14490074805944,36.793177911943374],[126.1420223231271,36.79495481422372],[126.14290791939135,36.7966604264353],[126.14633181692047,36.795780283183525],[126.15018583063352,36.80271423441394],[126.14553653239889,36.804456743206764],[126.1452728144599,36.80680044935641],[126.1425116803083,36.80894458767704],[126.14521001490678,36.81058836808304],[126.15057539214553,36.81196057961355],[126.15150174301162,36.8141562838754],[126.14861267590584,36.81615387064632],[126.1493317473794,36.81750633299986],[126.15397245951743,36.81719405008496],[126.15566834396216,36.82061862996125],[126.15381978879206,36.82207184041403],[126.15835135651358,36.826014665346044],[126.15818375752418,36.82829734443943],[126.14599389664367,36.836226977462495],[126.14552333840605,36.83934990217321],[126.14889556738454,36.840090506679196],[126.15195816175267,36.83860093811464],[126.15300903567073,36.84139420588886],[126.14839180666154,36.845274972345635],[126.15137088969769,36.846878850344154],[126.15530628060297,36.84474338994961],[126.1569395381642,36.84896116098065],[126.15974437367716,36.85013371262685],[126.16317663677113,36.84720692985826],[126.16173512407477,36.84310057507034],[126.16523145945277,36.84139429477135],[126.1664872597202,36.84294042788776],[126.17557238950107,36.84355845113339],[126.17597409388149,36.84158029372317],[126.17212774431367,36.83811439124548],[126.17120429138335,36.83046755624725],[126.17151223011396,36.827912937890176],[126.17541639997741,36.82508683907464],[126.17407780363767,36.82133694865771],[126.17140212804026,36.81783209512998],[126.17284652961843,36.81466590334003],[126.17307334719213,36.81158537656492],[126.17636926441772,36.81070293290603],[126.17712978429051,36.81262368747585],[126.18285513335219,36.812950232342025],[126.18454476827577,36.81488731927685],[126.1803188300101,36.81985664639968],[126.1863319407573,36.823033727135396],[126.18115255819892,36.824893235376116],[126.17577233854537,36.828917281692135],[126.174794473173,36.83360954333321],[126.17526979214699,36.83584774708664],[126.18669571218871,36.841542525809935],[126.19339196415565,36.849324463206514],[126.19461811073715,36.85486837886181],[126.19020318766896,36.85620526067521],[126.19010549723372,36.86084888867271],[126.19124225304945,36.86366664239132],[126.18828118150363,36.86788475871413],[126.1836724118696,36.86703354318318],[126.1829532355369,36.870658168431554],[126.18835317004265,36.87026592232875],[126.18964324514191,36.872382240874465],[126.18963089607021,36.87814254745694],[126.18712435900918,36.880701217916844],[126.17702405264676,36.884105025625665],[126.17988620041112,36.8892374523872],[126.18140215330976,36.8884283479803],[126.1888333095764,36.88918188916597],[126.19235405241558,36.88729357286352],[126.19528249373306,36.888078332180505],[126.1997867805953,36.894403922618075],[126.20066414740204,36.89885895931503],[126.1996283117606,36.900256959595744],[126.20330519091873,36.902076982530566],[126.20178308505184,36.9034717390743],[126.20517082840023,36.905055588040646],[126.2086719502667,36.9003957089825],[126.2128035712537,36.900579317672026],[126.21558350308803,36.90169050086583],[126.21773939831333,36.90486597332781],[126.22210212250019,36.906260634525275],[126.22725573629408,36.906411442527386],[126.23034583478983,36.90849799576372],[126.23485710480864,36.909817109735975],[126.2432158712867,36.9104800301943],[126.24349400516202,36.91186288474274],[126.24842127980719,36.91528961700804],[126.25324046244916,36.914890763406746],[126.25354560446335,36.9135267229338],[126.24817514250518,36.91064378607113],[126.24643880440372,36.90785087326541],[126.24814190477265,36.90421841124857],[126.24546773640537,36.89944284320374],[126.2418453408064,36.88852787377081],[126.2358848890673,36.890427048733294],[126.23033765249166,36.890121963867955],[126.22537140812183,36.888622666342016],[126.22420644319641,36.88578897004719],[126.21975834486469,36.88334008947904],[126.22090720115699,36.88069342201911],[126.2313369396773,36.872906941499956],[126.2345744526094,36.87294806194618],[126.2367672054833,36.86943711036879],[126.23618110438572,36.8654306757564],[126.24221622276141,36.86389232741028],[126.24833950475876,36.86671711297321],[126.2513446158008,36.872140163138354],[126.2500645311879,36.876717051008974],[126.25269180560828,36.87944131715129],[126.26206022050349,36.880916474762394],[126.26467359959851,36.877555441402755],[126.2686779904759,36.876237208872475],[126.27170056547848,36.8764379116875],[126.27282405350697,36.882086967732285],[126.26967413158407,36.88341948792784],[126.27167181368377,36.88936620268816],[126.2766734021327,36.89496551182303],[126.27540014590318,36.89818924318965],[126.28042567018949,36.90247684478147],[126.28397418886172,36.90318439499645],[126.28301526492434,36.909414832336026],[126.28423824622043,36.91232047091821],[126.28648148973319,36.914310385163425],[126.28656951961574,36.91813853583731],[126.28795057417848,36.91941595580577],[126.28915282962505,36.923797553682796],[126.29186751828075,36.92784023765351],[126.28894398402699,36.93744454216306],[126.28930336832113,36.94254919040247],[126.28779304390322,36.94531021418533],[126.28843291630564,36.95276410209902],[126.28674981699689,36.95535957796715],[126.28417335402752,36.9643004886321],[126.28542528839695,36.96737262950277],[126.28329977871584,36.9688780884786],[126.28355706096966,36.970779724707235],[126.29426678512196,36.97037685866714],[126.29621436442322,36.9714878065919],[126.29873277898939,36.97673459890217],[126.30169229040312,36.978641690483855],[126.30589471607362,36.97864534865497],[126.30499848905552,36.97499364342449],[126.30842423350266,36.973981230723524],[126.30632714134977,36.96660619769906],[126.30715035529565,36.96182404497236],[126.31033646450987,36.96195342854924],[126.3108449779774,36.95899095121224],[126.3136901625344,36.95660258669442],[126.3137398579683,36.9548113321833],[126.3091371265886,36.95154166003301],[126.30861030916651,36.94712311284153],[126.30277133756452,36.94415863595239],[126.30264988655,36.94174070248484],[126.30862396010104,36.93081237134825],[126.31017949597717,36.92926010799961],[126.30422022922261,36.92477886099683],[126.3021223141246,36.92185606767136],[126.30311036596291,36.916807423994065],[126.30952020260476,36.91338244370312],[126.3091873361324,36.9099622198198],[126.31261390694716,36.90870782172669],[126.31629440778032,36.904981717215556],[126.3199193720046,36.90556695324577],[126.32092935307946,36.898320716427214],[126.3205292361004,36.89208570813631],[126.3264871109249,36.890921622718515],[126.33234968170157,36.892558002225485],[126.33055511530657,36.88599786871883],[126.32679460272476,36.884129649614565],[126.31841558204921,36.886401667861506],[126.31376280713147,36.88326209252315],[126.31245387664862,36.87524360156952],[126.31097335774605,36.87172554167826],[126.3083409801526,36.869609997526986],[126.3073150613434,36.866123182705124],[126.30448534239501,36.86645989766429],[126.30311137204947,36.863134264473025],[126.30578500601987,36.859311026146706],[126.30465010516353,36.856858653662236],[126.29881938018984,36.8548472859916],[126.29642825524117,36.85247990646171],[126.29679406440111,36.84845904613169],[126.2948040481883,36.84617586720148],[126.2944698760477,36.842967450158255],[126.30368413341505,36.84253311329203],[126.307060771558,36.839920653216566],[126.31704629663368,36.838885110124224],[126.3178079101051,36.838027027311234],[126.316217491196,36.83383665772796],[126.3123160152654,36.83079925103961],[126.31073157592104,36.83146628081483],[126.30537380333911,36.83047705243923],[126.29846259027437,36.82677344919199],[126.29540435166253,36.82415300752728],[126.28737462271991,36.82311145461112],[126.2828259555441,36.8245744657506],[126.28096418712812,36.81793910302175],[126.28311720435333,36.81685459699922],[126.28678596676795,36.816798465103815],[126.28890935127666,36.813556015671715],[126.28703945254159,36.811320421324154],[126.28643641287815,36.803558597249676],[126.28789593006131,36.79906436462943],[126.29323549334191,36.798390976405386],[126.29710617240299,36.80329676395854],[126.29472085568258,36.80572399386314],[126.29584468907098,36.80833482780536],[126.304497646935,36.81462495953347],[126.30726061702212,36.815237900291336],[126.31139843759355,36.81314611597452],[126.3182092812025,36.81416199683748],[126.32363590380855,36.81902159155409],[126.32569267502863,36.81550683927399],[126.32806925514845,36.81400122264712],[126.33442706370043,36.81500536159286],[126.34313605058253,36.80491208052275],[126.35138796106382,36.7967669814792],[126.35214446799232,36.79339767033312],[126.3544899850839,36.79085189787195],[126.35453317773249,36.78603014133223],[126.35562712419734,36.780514345108344],[126.35128853541771,36.77911047076413],[126.34951312911946,36.7737709928416],[126.35062977399097,36.7675520623933],[126.3495420136173,36.76470512983552],[126.34501924484213,36.75289080761428],[126.34400190288329,36.748910100847645],[126.34341728260699,36.7407910295233],[126.34390806838796,36.73698441490622],[126.34663174725345,36.72853227487702],[126.34609701141258,36.721117430062556],[126.34493331723301,36.71321325383481],[126.34224330186292,36.70513736943335],[126.33981093819187,36.70094160528113],[126.34028800033698,36.69609594107997],[126.33936692267334,36.693462222929256],[126.3391862796486,36.68066869060578],[126.34009534898232,36.67223399146913],[126.34055665751198,36.66818892857936],[126.34466405016029,36.65994559144874],[126.34703437383429,36.648957902460175],[126.34711710279993,36.63926510093781],[126.34961515653912,36.63220900781052],[126.35271991969712,36.630392496873256],[126.35557550436451,36.626450799845266],[126.3597469028099,36.62528100814464],[126.35515111434582,36.62264971566387],[126.3572140752137,36.618116869712686],[126.34871043402302,36.61783577625875],[126.3407447253932,36.61556019823536],[126.33585572236801,36.6184547959493],[126.33339171371561,36.61637925806654],[126.33551858586851,36.615005045007884],[126.33597337957585,36.61189807894728],[126.3288134196479,36.60658935236013],[126.32617900406206,36.603077257028474],[126.32032185540481,36.59669260085936],[126.31995047368905,36.594028538055554],[126.31388232517237,36.5881109474365],[126.31145112098324,36.58897651335894],[126.3115259929062,36.59170657674191],[126.31011029273034,36.59392725189479],[126.3072540115284,36.59525156619102],[126.30297859499913,36.59322384405972],[126.30326519144147,36.58876308520286],[126.29575892816509,36.586257713345674],[126.29470107537522,36.58407202489824],[126.29177495298647,36.58396987515844],[126.29019739817204,36.58795352039771],[126.28786392904595,36.591385628576255],[126.28369645237059,36.59119009642726],[126.28188121798142,36.59581931972801],[126.2839344423692,36.59800526279201],[126.28559031523093,36.603365023554616],[126.28487329400441,36.6183472349547],[126.2829658165096,36.621938217940446],[126.28421488509565,36.62322631667982],[126.28826768074931,36.62321031641134],[126.29281591620912,36.62534381342933],[126.29633545295887,36.62956343344558],[126.29680981756592,36.63749184133229],[126.2946490288273,36.64657219356175],[126.2859374656631,36.66263530622865],[126.28093254415415,36.668461601945914],[126.27456227939143,36.67128987492785],[126.26564112427397,36.67067157328023],[126.26323516611363,36.67385661077316],[126.26446583915262,36.67890682352964],[126.26686258821677,36.680138848872346],[126.26672441544873,36.682888042598414],[126.26228361757872,36.684528635033125],[126.26265374380641,36.68708606484997],[126.26038047287695,36.69022417080662],[126.2601322798483,36.69340816174096],[126.26148367100403,36.69689920608018],[126.26698060363587,36.70139100617061],[126.27145786404864,36.70392604081574],[126.27231030585642,36.70532431600136],[126.27069681117176,36.7111652365623],[126.27067438591263,36.71353328251372],[126.27271260589895,36.71772492476309],[126.27286207777067,36.72023332052264],[126.27055825294121,36.72579139743425],[126.2712729211649,36.72923756157572],[126.26759202682256,36.72699520947421],[126.26462489995951,36.722424428175465],[126.25933347374496,36.72011490931992],[126.25728183943323,36.7165873020976]]],[[[125.94746080372124,36.72269341667755],[125.94467024841067,36.72090518151024],[125.94210013109176,36.72139411705771],[125.94165358605761,36.72466043400223],[125.94477098782669,36.72716998561705],[125.94868995889831,36.72599132118825],[125.94746080372124,36.72269341667755]]],[[[126.1607316482956,36.74841958613068],[126.15907981643886,36.74674195466925],[126.15738649855997,36.747523698834605],[126.15611082932709,36.75241314334064],[126.15794273337403,36.7533912803318],[126.16005001036132,36.75113282752584],[126.1607316482956,36.74841958613068]]],[[[126.14365678731382,36.79945868027532],[126.1417515625681,36.79975262384629],[126.13807482383945,36.802912450977395],[126.13916125866267,36.804319325923956],[126.1467279461458,36.80142272720755],[126.14365678731382,36.79945868027532]]],[[[126.43093192846266,36.446941517694114],[126.42846720067908,36.443728741420564],[126.43178413399721,36.43880903363208],[126.43322798195294,36.432211607166906],[126.43121883131766,36.43059898952014],[126.43320224152286,36.42716647872254],[126.43335546639366,36.42443966531716],[126.43559030164812,36.42272762528974],[126.43539856959022,36.41852773458548],[126.42956040368878,36.41462392658134],[126.42756604279349,36.4116749061401],[126.42666083639978,36.40786633921039],[126.42796243913334,36.406114056405286],[126.42804959118779,36.40030046917698],[126.42663592164806,36.3991811240706],[126.4218326773703,36.39976801650218],[126.41777254063432,36.40550881732812],[126.41111230351717,36.40479419308993],[126.41025089490368,36.40705091651629],[126.41189665744088,36.40992475284089],[126.40987896727749,36.41291549844561],[126.40635521304692,36.41388479984426],[126.40108385625894,36.41184450873663],[126.39704302586077,36.41368556380347],[126.39625894308486,36.41831357906325],[126.39231024510013,36.41450232248347],[126.39150697427058,36.41198082992047],[126.38883266127662,36.41273242267441],[126.38385741718767,36.41745960628233],[126.38135981375055,36.417909860866544],[126.38058219032978,36.41496190341481],[126.37737430481522,36.412623555612925],[126.37073552927761,36.41017200406977],[126.36647595461726,36.41188942303283],[126.36083530879344,36.415484314580816],[126.35767946031899,36.42209096229999],[126.35457180441357,36.42388666618775],[126.35066400516675,36.42436230180428],[126.35110083266079,36.4295253994146],[126.34785211957666,36.436174141595025],[126.36420902364155,36.43942721478075],[126.36363954476674,36.44073259220014],[126.35371874020662,36.43948320412059],[126.35326755254249,36.44111161899856],[126.34879119790743,36.44097849765055],[126.34682170767366,36.438983512440856],[126.3439672612305,36.43815238931256],[126.33763412215792,36.438660967173185],[126.33382195699592,36.43732905190141],[126.33056706363308,36.441775286143404],[126.33335804376206,36.44514444739975],[126.3321407327475,36.45510842529342],[126.329170763353,36.45650944938287],[126.32849957428823,36.459303790499526],[126.33302884362767,36.459329240599345],[126.3331648035622,36.466316384186754],[126.33095317655494,36.46838383900339],[126.32632627586773,36.46785183856311],[126.32412422724865,36.46879498733381],[126.32659460471072,36.473053009973725],[126.3303810706813,36.47569562960853],[126.33273542852463,36.485331722229255],[126.33379838926965,36.491397195671105],[126.33367659591899,36.49652287885262],[126.33230060359807,36.499708113275325],[126.33005008564685,36.5021388135252],[126.33198428819641,36.50698932637638],[126.32702530540034,36.51334426545133],[126.32619374928456,36.51926585185681],[126.3251362507662,36.52201096999151],[126.32828887134212,36.527972801355475],[126.32570233763502,36.54011301296213],[126.32590385896584,36.546658457371656],[126.3242571936231,36.551705284349936],[126.32094193535207,36.55832652565629],[126.31696357220474,36.56384763454309],[126.31004234118275,36.568768012015184],[126.30970549828197,36.57754447413415],[126.31036154505996,36.585176290815156],[126.31360607565581,36.58676225303557],[126.31790014144764,36.586661913936034],[126.3202173808917,36.58784230750566],[126.32204397799656,36.591895993885515],[126.32180928150666,36.59506258111442],[126.32331416707586,36.599054976664966],[126.33513159748402,36.60629211495539],[126.34214706624972,36.60874875300038],[126.34497726537181,36.60447103043585],[126.34823091127657,36.60515582226534],[126.34865437031056,36.610160123477925],[126.3549681903817,36.609986133284444],[126.35531505842587,36.61182205915023],[126.36037518426059,36.613099883784656],[126.36090637946276,36.611435422001456],[126.36689175299513,36.60967506038095],[126.37638978942141,36.606015459002855],[126.38175931527867,36.6074190482572],[126.38487180942668,36.606393111229195],[126.39104137643933,36.59821327756765],[126.39592648379038,36.595528990205544],[126.39869380897275,36.58234396491999],[126.39621538275765,36.57860534864408],[126.39510303932649,36.57054142826104],[126.39186253728832,36.564146392796765],[126.3862600994718,36.558840415455805],[126.38710112607221,36.55577214945427],[126.39068148508832,36.55052321888965],[126.39269360424909,36.536926222700885],[126.39244381129504,36.53407180957446],[126.3966422062904,36.51916902635269],[126.40297577108058,36.50941287447557],[126.41460206081248,36.48806740486714],[126.42201946736115,36.473074120392084],[126.42286789760988,36.46868872912892],[126.42560981268069,36.465629333840326],[126.42726717074672,36.46212571352859],[126.42701308711763,36.45971026121618],[126.42427188749876,36.4568409451509],[126.42725281001265,36.45525132828411],[126.42950489961653,36.45258989661083],[126.42969032736644,36.448302768914814],[126.43093192846266,36.446941517694114]]],[[[126.30703526123195,36.44867607758375],[126.30777427635576,36.4508167457372],[126.31286763887644,36.44977193553842],[126.31040917565483,36.445526199410615],[126.30703526123195,36.44867607758375]]],[[[126.30237671075193,36.44580322957214],[126.29820326247794,36.445989787908246],[126.30419533283627,36.449793631180356],[126.30207455584996,36.45506532615521],[126.3046756307434,36.45647817531747],[126.30565977871575,36.45504366537078],[126.3091550683986,36.45555508228608],[126.31038028809638,36.45301712261841],[126.30542191010618,36.4496324398736],[126.30237671075193,36.44580322957214]]],[[[126.23651369443643,36.451360620805524],[126.23203881491573,36.45407546454163],[126.23256337881553,36.45553831378659],[126.23736520231363,36.45577577969456],[126.238757435553,36.45437793165317],[126.23651369443643,36.451360620805524]]],[[[126.4321412540272,36.460386612756764],[126.43197334272081,36.46402692077891],[126.43619139904023,36.463962807067716],[126.4335631983464,36.4600632661555],[126.4321412540272,36.460386612756764]]],[[[126.24191424063791,36.588708713909455],[126.2396782088462,36.59019655640352],[126.24140675114482,36.59247055955324],[126.2409231750122,36.59446914611056],[126.23463816002396,36.5965736795359],[126.23892261925707,36.59912185177461],[126.2399430442013,36.60331387455926],[126.23652991109121,36.6068372808945],[126.24348044674723,36.607744894313555],[126.24544088826914,36.60513836322057],[126.24579401744793,36.60084095921109],[126.24146599519386,36.59710334823714],[126.24152740495738,36.594492429604884],[126.24442258708326,36.590696715419725],[126.24191424063791,36.588708713909455]]],[[[126.26202654986312,36.63212009256599],[126.26238093824341,36.63530943078757],[126.26633858076792,36.634080488489474],[126.2634439670584,36.62996659361999],[126.26202654986312,36.63212009256599]]],[[[126.30701209907781,36.86377237532315],[126.31039802092795,36.86538111831245],[126.31422732865819,36.86570007754895],[126.31534863885555,36.86409415246601],[126.31188173044643,36.860954088000305],[126.30901871800528,36.8617039499588],[126.30701209907781,36.86377237532315]]],[[[126.25148096475705,36.887972800688345],[126.24695664319887,36.8897974948222],[126.24788999231343,36.89344915078864],[126.25216173837379,36.89458459666795],[126.25463951856423,36.89325347790173],[126.25148096475705,36.887972800688345]]],[[[126.31068144972242,36.93660816917998],[126.3085492100224,36.936193584785215],[126.30636559349199,36.9373713924016],[126.30941172407402,36.942350178016085],[126.31261700866429,36.94447405361924],[126.31423394548621,36.94034004796591],[126.31068144972242,36.93660816917998]]]]}}]}
