{"type":"FeatureCollection","geometryVersion":"admdongkor-20260701-simplified","features":[{"type":"Feature","properties":{"regionCode":"43110","name":"청주시","parentCode":"43"},"geometry":{"type":"MultiPolygon","coordinates":[[[[127.56772024980503,36.526349160008365],[127.56900194981853,36.52142881430469],[127.57301423143917,36.51639529047663],[127.57335127029887,36.509582439090885],[127.57038339229693,36.503710475955444],[127.57010506477182,36.49964885748919],[127.5728566213619,36.493070734315445],[127.57611598503723,36.490166129937315],[127.56700625983493,36.484096753197235],[127.56301716953402,36.47996311568565],[127.55813188211661,36.472135986244744],[127.55564939891369,36.46555849309076],[127.5538522999211,36.46307562647167],[127.5533308207219,36.45773669551431],[127.55182142109366,36.45512283037026],[127.54938764051137,36.4543765686255],[127.54542359069798,36.44931965561279],[127.54587217620484,36.446944023511264],[127.5228520255088,36.43885118686104],[127.51993767608441,36.4363950345291],[127.51651490484139,36.42846875140555],[127.51568790123477,36.42228075341618],[127.51453151966147,36.41756533990624],[127.51004375707333,36.40311573909526],[127.50908785547543,36.40518953361469],[127.50256289751616,36.40820092710565],[127.49771156927618,36.41895081987135],[127.48921132565803,36.4327033866873],[127.49222077305419,36.44044046706682],[127.50264625435915,36.44930505069406],[127.50266371751344,36.45398409129432],[127.49892237340676,36.45568372836739],[127.49273077817885,36.4545305768184],[127.48717277075099,36.45466558212149],[127.4823168508692,36.45597630180295],[127.47934035151367,36.45784063625294],[127.4792849871984,36.46014231487579],[127.48452117857255,36.475277125491345],[127.48341894832788,36.47780249879657],[127.48194294890531,36.48052768668799],[127.47711985966494,36.481323757766155],[127.47588558545117,36.485657400241486],[127.47628802872701,36.49039175368961],[127.4676991189528,36.49097613158478],[127.46652341699257,36.49272276593327],[127.46096091266313,36.49499163338064],[127.45886952720372,36.495127868878356],[127.45465222539073,36.50070193526062],[127.44988780995092,36.50059927187102],[127.44920600934336,36.50548105511784],[127.4459567082481,36.51228038919123],[127.45137453667502,36.51420342739323],[127.45332661033787,36.5198524344103],[127.4519252690362,36.52362493393897],[127.45445584586963,36.523277476963756],[127.45559890549451,36.525469264034925],[127.45474850682203,36.53321541402665],[127.45294927343808,36.53535623183933],[127.45363001560055,36.53722318635156],[127.45168554048578,36.5412511212856],[127.44756925809651,36.541424269726726],[127.44739299222971,36.54770388334386],[127.44926772485078,36.54838351399713],[127.45264693156749,36.54743109011594],[127.45500138229447,36.548626125974586],[127.45865901955682,36.5486121604804],[127.46620639346617,36.54434203210784],[127.46970595543691,36.54338221105921],[127.47570745100538,36.54518325531927],[127.47963485952751,36.547634258440276],[127.48545966149038,36.546316473272235],[127.48580443829438,36.547741509220394],[127.48404632970453,36.55180105581673],[127.47947102428358,36.5568069656466],[127.48157776526004,36.56122051015147],[127.47496474917328,36.5626703557334],[127.4721267597786,36.5608638456368],[127.46718304035245,36.56199914035347],[127.46797629451373,36.57113899171839],[127.47066624453521,36.57699775270812],[127.47277171557437,36.57824046769166],[127.4740682647466,36.58104873321461],[127.47743166792829,36.58111599188762],[127.48238290638449,36.58276251748822],[127.48845565886168,36.5813200403964],[127.49234564907393,36.58379182259195],[127.50019602378673,36.587454266523565],[127.4977400899291,36.5925969451107],[127.4979500331634,36.60598924299952],[127.49765053301824,36.610418114622036],[127.49543245997717,36.61493283448556],[127.49461978536645,36.61586362150511],[127.49340759545451,36.62009710224372],[127.49331663080146,36.62237282346385],[127.49173059746487,36.62441507354348],[127.4831359845287,36.629078963657015],[127.4818842914002,36.63240823865686],[127.48384313658863,36.63646652580584],[127.48360780277386,36.64102536112261],[127.48252703982764,36.64465605434361],[127.48819461622287,36.64503202505784],[127.49347276239727,36.64746723051958],[127.49783080676474,36.64812886625594],[127.50090904593048,36.647186506757876],[127.50514287784864,36.65024316240829],[127.50606602073806,36.65011514619046],[127.5096582168522,36.65323195379825],[127.51429194530176,36.65325227013869],[127.5243215617033,36.65804419332774],[127.52497973380801,36.660366891739315],[127.52776021101965,36.6624585058297],[127.53156844950942,36.66329123031323],[127.53269109943489,36.665865814936176],[127.53693491479815,36.66924352697147],[127.54274125074363,36.66876357879128],[127.54711004537477,36.67154396620714],[127.54921406429247,36.67439436328742],[127.5517046948314,36.6727565257927],[127.55550127987533,36.6740089084203],[127.5672711510892,36.67443369269588],[127.5703898193194,36.67757830921259],[127.57943924003577,36.68438024086539],[127.58234706594122,36.684939139619814],[127.58562627525205,36.683746036928255],[127.58909821727485,36.687678273704826],[127.59198947927038,36.688562254333185],[127.59204558523015,36.6908696282117],[127.59763744359834,36.69778015963164],[127.60052452157628,36.69890172562292],[127.60547489853266,36.698196723346264],[127.60672144531291,36.69934028541976],[127.61233033702797,36.70010625410726],[127.61452975952106,36.702944644942306],[127.61468161207532,36.705112105493235],[127.61775855475102,36.70745032319627],[127.62285015338138,36.70492086368904],[127.62692955778219,36.70749287726547],[127.63399767158575,36.70868356063678],[127.63851470423205,36.70756868054214],[127.64134734872027,36.70549854022719],[127.64248560415086,36.70264086548978],[127.64784797018292,36.7012350671448],[127.65073929732847,36.70200960908671],[127.65529574995038,36.70473773252849],[127.65626420497101,36.70681954332973],[127.66160823974722,36.714348021786485],[127.66223338417386,36.7168634076788],[127.66175731146622,36.72252136333448],[127.66492445038257,36.72977946954048],[127.66608717502399,36.72917798519262],[127.67224968384474,36.722110477059786],[127.6786961682984,36.718896660883324],[127.68589748253639,36.72085468849885],[127.68780698988019,36.719487086595656],[127.68904243045716,36.71546963499312],[127.69264887151083,36.71215243633675],[127.69759787941356,36.71024338399886],[127.69968532632579,36.71062386694561],[127.7030380399315,36.70873584559645],[127.70256492030337,36.70383580136607],[127.70584436839876,36.70043683486452],[127.70729788929532,36.70101132847955],[127.71374707239701,36.6952370786378],[127.71326046757582,36.690539437984256],[127.71895126830765,36.687565979545],[127.72334282237068,36.683160189701915],[127.72894538382073,36.68262364455693],[127.72712961326759,36.68051277769656],[127.72622660649031,36.67690498112412],[127.72423860529103,36.67418451766085],[127.71821132142244,36.67020108978679],[127.71288952966782,36.66807033125244],[127.71181055806073,36.66507608012],[127.71422125323113,36.66107890294507],[127.71163905113134,36.66071039498483],[127.7119752047681,36.65763709893866],[127.70897551356632,36.65451587404764],[127.71199766022804,36.65092973471857],[127.71968921190974,36.6522386165949],[127.72363326303827,36.65140177756563],[127.7247288890723,36.64568156383786],[127.72986542454633,36.64355003990623],[127.73428209807449,36.639412805613205],[127.73876655549881,36.639498060774734],[127.73906750903589,36.63579253052822],[127.74121024545757,36.632253423950324],[127.7419971226014,36.62861548139341],[127.74892509279422,36.626471972581],[127.75039100928426,36.62160735974372],[127.75928256890042,36.61694414772473],[127.76406430033232,36.61320999341225],[127.76980086174736,36.604117253785134],[127.76902782142442,36.59344450253575],[127.76546179463523,36.59172853419705],[127.75960644906856,36.5903892984575],[127.75526947895054,36.59019944159428],[127.7504765411472,36.58698737060273],[127.74556646837979,36.58556905411936],[127.74207223434298,36.588923669918714],[127.74135439740293,36.59137343439185],[127.73714362874657,36.59264931719483],[127.7357100732762,36.595447605300194],[127.73745237895024,36.59677723680015],[127.73591331139312,36.60030072501602],[127.72869828536454,36.602283101384714],[127.72713503868314,36.600879792843116],[127.72032256326717,36.60269617398694],[127.71309792600738,36.60125423688579],[127.71138010597622,36.59765993146225],[127.70853179951088,36.59570249346395],[127.70520278594601,36.59521501873011],[127.70172697027695,36.59090640318279],[127.69456722163936,36.58856036108617],[127.69195400658639,36.58914782243116],[127.68815849096114,36.59163654182701],[127.68135723357548,36.59187287040157],[127.67950678377943,36.59575135006259],[127.67010326033514,36.597935775287276],[127.6657683364456,36.600446543810456],[127.66500274157943,36.602503182301135],[127.66033042474803,36.602805373057656],[127.65534038879848,36.60026739785396],[127.65314253841807,36.60085173943941],[127.65221920839876,36.60456683365099],[127.64626395248227,36.60661209784211],[127.64356030478719,36.60526502371316],[127.64120741579477,36.60192284078345],[127.63558657971393,36.59997944428544],[127.6308095567033,36.593413469396374],[127.63246743187254,36.58963543328103],[127.63058396229839,36.58672469892195],[127.62246717040163,36.58155735747003],[127.62161251709342,36.578720055750736],[127.61842720484842,36.57816426382063],[127.61462329712282,36.57367563451188],[127.61141472643133,36.57008947021078],[127.61141312087506,36.566774079461744],[127.61613695187869,36.560868944742296],[127.61662362842578,36.559341977453094],[127.61409852465918,36.55675490460022],[127.61207397853572,36.551384054703774],[127.60289179034052,36.54783637001566],[127.5988069148816,36.548192643691245],[127.59088879723507,36.54337374851755],[127.58775995209443,36.54390264723473],[127.58099125921366,36.5420990444893],[127.57973666698237,36.53795782638737],[127.57088506683512,36.53568975216956],[127.56937725127928,36.533643020497244],[127.5651780041477,36.53049702879778],[127.56772024980503,36.526349160008365]]],[[[127.45294927343808,36.53535623183933],[127.45474850682203,36.53321541402665],[127.45559890549451,36.525469264034925],[127.45445584586963,36.523277476963756],[127.4519252690362,36.52362493393897],[127.45332661033787,36.5198524344103],[127.45137453667502,36.51420342739323],[127.4459567082481,36.51228038919123],[127.44920600934336,36.50548105511784],[127.44988780995092,36.50059927187102],[127.45465222539073,36.50070193526062],[127.45886952720372,36.495127868878356],[127.46096091266313,36.49499163338064],[127.46652341699257,36.49272276593327],[127.4676991189528,36.49097613158478],[127.47628802872701,36.49039175368961],[127.47588558545117,36.485657400241486],[127.47711985966494,36.481323757766155],[127.48194294890531,36.48052768668799],[127.48341894832788,36.47780249879657],[127.47919593300392,36.477463327418725],[127.4717098137713,36.47466952897943],[127.46623877817592,36.46931337498376],[127.46403048045423,36.46378779015175],[127.46395849971864,36.45657097435595],[127.45948061510362,36.45302664873805],[127.45321046295142,36.450099505526325],[127.44966377075916,36.44962755602738],[127.44389057265052,36.450322275662586],[127.43625533249859,36.45665015110818],[127.43317071389092,36.45724059472533],[127.42625513833822,36.456920992233314],[127.42664748793206,36.455342063637254],[127.42465237612907,36.45642950923485],[127.41462667452606,36.45487050867792],[127.40794846060889,36.454795930511594],[127.40262059825754,36.45569317858438],[127.40126391365919,36.457384304175335],[127.40043553228628,36.46131706818351],[127.400599583211,36.47017108795574],[127.40345892412815,36.476145493122445],[127.40420820519319,36.483324398613306],[127.40094533428238,36.487438584055624],[127.3956687444112,36.491611550688155],[127.39981534336042,36.49334983461602],[127.4088066988029,36.49529747859688],[127.4092754044858,36.49889267540445],[127.40777223671793,36.50284670780052],[127.40915840411618,36.50705812185768],[127.4088497053343,36.50960131732451],[127.40678966894939,36.510753407656054],[127.4038520373747,36.51712762888225],[127.39760916094383,36.52056715542934],[127.4023122879678,36.52353860832555],[127.40881499100972,36.52439133762596],[127.40840294465754,36.527193519947645],[127.40562167313071,36.53139619279499],[127.40501266675055,36.537311048548766],[127.40182464894835,36.541240459799354],[127.39761791751798,36.54027051752447],[127.39215759016793,36.539950820996374],[127.38546418679512,36.540982872819676],[127.38348836569338,36.54200512793119],[127.38310017878108,36.548173126042606],[127.37868664351508,36.54991973490783],[127.379378335481,36.553690991489],[127.37572992764228,36.5572949351464],[127.37355622218203,36.55780578727579],[127.37256625812212,36.56011406485013],[127.37631846876299,36.56071899636276],[127.37706206444109,36.56744441360377],[127.3775532830165,36.569326687113936],[127.38521238055944,36.576813953018686],[127.38658481268502,36.57732691765306],[127.38874697542563,36.584002982035805],[127.38984559311095,36.58533046411814],[127.39202294617596,36.58584043393451],[127.39804195215879,36.59053929805998],[127.4009142457747,36.59592563886229],[127.40536078750571,36.5978898701464],[127.41152616150197,36.604604037879305],[127.41449456321537,36.60277769617351],[127.41992034336818,36.5979466592188],[127.42242679492976,36.599833442245156],[127.43411465742543,36.59937766075569],[127.43423718190704,36.60148702215722],[127.43330935453757,36.60283242387233],[127.43424073866485,36.605928823209055],[127.43701757188961,36.60827610112127],[127.43766589723624,36.61140777437596],[127.44083831859834,36.61275692937035],[127.44434211312783,36.6159385708547],[127.444354142849,36.6215933960541],[127.4432069789083,36.62349795370628],[127.44984219601875,36.62633448897336],[127.45001205459454,36.62942280437774],[127.45301837946155,36.63261979917735],[127.45452316509899,36.63262524574387],[127.45634305808464,36.63464123737163],[127.4565066514359,36.63642162108856],[127.45665104538779,36.63798868012623],[127.4617070961876,36.639372936982255],[127.4668975249621,36.637774926757],[127.46894467117424,36.63985958858694],[127.46886139137796,36.64284773696131],[127.4737319189032,36.642918941484574],[127.48144780771223,36.64658392780408],[127.48252703982764,36.64465605434361],[127.48360780277386,36.64102536112261],[127.48384313658863,36.63646652580584],[127.4818842914002,36.63240823865686],[127.4831359845287,36.629078963657015],[127.49173059746487,36.62441507354348],[127.49331663080146,36.62237282346385],[127.49340759545451,36.62009710224372],[127.49461978536645,36.61586362150511],[127.49543245997717,36.61493283448556],[127.49765053301824,36.610418114622036],[127.4979500331634,36.60598924299952],[127.4977400899291,36.5925969451107],[127.50019602378673,36.587454266523565],[127.49234564907393,36.58379182259195],[127.48845565886168,36.5813200403964],[127.48238290638449,36.58276251748822],[127.47743166792829,36.58111599188762],[127.4740682647466,36.58104873321461],[127.47277171557437,36.57824046769166],[127.47066624453521,36.57699775270812],[127.46797629451373,36.57113899171839],[127.46718304035245,36.56199914035347],[127.4721267597786,36.5608638456368],[127.47496474917328,36.5626703557334],[127.48157776526004,36.56122051015147],[127.47947102428358,36.5568069656466],[127.48404632970453,36.55180105581673],[127.48580443829438,36.547741509220394],[127.48545966149038,36.546316473272235],[127.47963485952751,36.547634258440276],[127.47570745100538,36.54518325531927],[127.46970595543691,36.54338221105921],[127.46620639346617,36.54434203210784],[127.45865901955682,36.5486121604804],[127.45500138229447,36.548626125974586],[127.45264693156749,36.54743109011594],[127.44926772485078,36.54838351399713],[127.44739299222971,36.54770388334386],[127.44756925809651,36.541424269726726],[127.45168554048578,36.5412511212856],[127.45363001560055,36.53722318635156],[127.45294927343808,36.53535623183933]]],[[[127.38521238055944,36.576813953018686],[127.3775532830165,36.569326687113936],[127.37706206444109,36.56744441360377],[127.37029097347381,36.566507693378945],[127.36668258469307,36.564397183028035],[127.36331251712797,36.564243852780706],[127.36054245819618,36.56226781966202],[127.351143448436,36.56225396020728],[127.3476043742658,36.56422564425105],[127.34301159289039,36.56450370365296],[127.33879209038915,36.56263529925404],[127.33709613756712,36.56305026805652],[127.33553993384646,36.567407188413405],[127.33634356574149,36.57017816492746],[127.33027018867816,36.57501250152606],[127.32549583948254,36.57785267469244],[127.3246564469788,36.580984608694266],[127.32190413849074,36.58265394574923],[127.31925024598232,36.58189411575919],[127.30824087760463,36.583459918647534],[127.30688388128607,36.585050411685145],[127.30374247048987,36.585688760353136],[127.30161101266826,36.58212438160885],[127.2993493676252,36.58640415075517],[127.30395237877708,36.59012578486902],[127.30447964918703,36.59497468619918],[127.30698112856366,36.59997478647925],[127.30623660845647,36.60291522095343],[127.30122510612506,36.60752407826988],[127.30175388028302,36.61242712222982],[127.30086526884932,36.61553912155807],[127.29458861068471,36.620698829944665],[127.29093259520795,36.626954669474294],[127.29236788308711,36.63575984397304],[127.2888543458004,36.63713145737415],[127.28501210406415,36.634654233975255],[127.28084607432046,36.63439448948791],[127.27670647626819,36.63851629568176],[127.27727989777654,36.64157378564484],[127.2804373562512,36.641658903594696],[127.28160969618453,36.64519578805215],[127.2869562454221,36.65416905111462],[127.29333006672746,36.654454971976335],[127.29939179551266,36.65777334077164],[127.30162418324214,36.66008523412434],[127.30145351230297,36.664090032372144],[127.30507580726504,36.66802991769191],[127.30591778249658,36.670061165556454],[127.30625934780939,36.67550886696893],[127.30748726805469,36.678042256595944],[127.3076097072515,36.68162730584224],[127.30459470036844,36.68487601408166],[127.3022824555219,36.68570639394346],[127.29644479136674,36.68571964948137],[127.28988826271082,36.68783636052053],[127.28562590652612,36.69093404883944],[127.29206733401519,36.697297888190626],[127.29673193752788,36.69782437140403],[127.3013314870036,36.70025878172391],[127.30811728413921,36.70502091061972],[127.30676643095224,36.7080368462232],[127.30766396564998,36.71826581059114],[127.30844850782353,36.72131091335078],[127.31122313472022,36.72373907794676],[127.3169724631989,36.72481578977743],[127.32601549849183,36.7231578897975],[127.33158348307526,36.720646113],[127.33852401652979,36.719921147837454],[127.34097796670567,36.718408161439974],[127.35094092904089,36.719017005031425],[127.35300773141513,36.71766771828414],[127.35657896146402,36.71731792348496],[127.3616374792279,36.71788614713871],[127.36624439192362,36.71547560159795],[127.37725108342413,36.71254649678282],[127.38156133074986,36.71519207445232],[127.38698239215286,36.71748114212218],[127.3940175630515,36.71741796574178],[127.399721551791,36.71389804120772],[127.40007729920995,36.710993379200836],[127.40628103499195,36.70865054671125],[127.40840986868083,36.710094354403864],[127.4108257102089,36.70889415413441],[127.40851799931606,36.705915135559444],[127.41001314092517,36.704418484284766],[127.42086328779256,36.696300403728394],[127.42106459573068,36.69270665524951],[127.42540669230823,36.692874390247255],[127.42558851257117,36.689169752680655],[127.42793046137979,36.689215659188314],[127.42828382027069,36.68304107113973],[127.43273843264824,36.681356184755735],[127.4360632458443,36.68248380657765],[127.44314050605891,36.682878367456084],[127.44664347627686,36.68529526382475],[127.4485823772561,36.68290115213725],[127.44706797171003,36.681279794063876],[127.44764915056311,36.67535574643996],[127.45434752982375,36.67506138969934],[127.4575636263755,36.67398124896291],[127.46303232756196,36.66933295034073],[127.46503807215048,36.66645594222355],[127.47161358317634,36.65929063103029],[127.47570835014582,36.65416881935444],[127.48144780771223,36.64658392780408],[127.4737319189032,36.642918941484574],[127.46886139137796,36.64284773696131],[127.46894467117424,36.63985958858694],[127.4668975249621,36.637774926757],[127.4617070961876,36.639372936982255],[127.45665104538779,36.63798868012623],[127.4565066514359,36.63642162108856],[127.45634305808464,36.63464123737163],[127.45452316509899,36.63262524574387],[127.45301837946155,36.63261979917735],[127.45001205459454,36.62942280437774],[127.44984219601875,36.62633448897336],[127.4432069789083,36.62349795370628],[127.444354142849,36.6215933960541],[127.44434211312783,36.6159385708547],[127.44083831859834,36.61275692937035],[127.43766589723624,36.61140777437596],[127.43701757188961,36.60827610112127],[127.43424073866485,36.605928823209055],[127.43330935453757,36.60283242387233],[127.43423718190704,36.60148702215722],[127.43411465742543,36.59937766075569],[127.42242679492976,36.599833442245156],[127.41992034336818,36.5979466592188],[127.41449456321537,36.60277769617351],[127.41152616150197,36.604604037879305],[127.40536078750571,36.5978898701464],[127.4009142457747,36.59592563886229],[127.39804195215879,36.59053929805998],[127.39202294617596,36.58584043393451],[127.38984559311095,36.58533046411814],[127.38874697542563,36.584002982035805],[127.38658481268502,36.57732691765306],[127.38521238055944,36.576813953018686]]],[[[127.49783080676474,36.64812886625594],[127.49347276239727,36.64746723051958],[127.48819461622287,36.64503202505784],[127.48252703982764,36.64465605434361],[127.48144780771223,36.64658392780408],[127.47570835014582,36.65416881935444],[127.47161358317634,36.65929063103029],[127.46503807215048,36.66645594222355],[127.46303232756196,36.66933295034073],[127.4575636263755,36.67398124896291],[127.45434752982375,36.67506138969934],[127.44764915056311,36.67535574643996],[127.44706797171003,36.681279794063876],[127.4485823772561,36.68290115213725],[127.44664347627686,36.68529526382475],[127.44314050605891,36.682878367456084],[127.4360632458443,36.68248380657765],[127.43273843264824,36.681356184755735],[127.42828382027069,36.68304107113973],[127.42793046137979,36.689215659188314],[127.42558851257117,36.689169752680655],[127.42540669230823,36.692874390247255],[127.42106459573068,36.69270665524951],[127.42086328779256,36.696300403728394],[127.41001314092517,36.704418484284766],[127.40851799931606,36.705915135559444],[127.4108257102089,36.70889415413441],[127.40840986868083,36.710094354403864],[127.40628103499195,36.70865054671125],[127.40007729920995,36.710993379200836],[127.399721551791,36.71389804120772],[127.3940175630515,36.71741796574178],[127.38698239215286,36.71748114212218],[127.38156133074986,36.71519207445232],[127.37725108342413,36.71254649678282],[127.36624439192362,36.71547560159795],[127.3616374792279,36.71788614713871],[127.35657896146402,36.71731792348496],[127.35300773141513,36.71766771828414],[127.35094092904089,36.719017005031425],[127.34097796670567,36.718408161439974],[127.33852401652979,36.719921147837454],[127.33158348307526,36.720646113],[127.32601549849183,36.7231578897975],[127.3169724631989,36.72481578977743],[127.31723350394743,36.72493183409022],[127.32111709937469,36.72856342566194],[127.32546393009703,36.733670543763544],[127.32830309867772,36.734555161972985],[127.33685786973446,36.72938487669167],[127.3401801485879,36.73183597538899],[127.34132764247184,36.73681568027356],[127.3384342825814,36.737475399089234],[127.33739540555754,36.73986671219062],[127.33720234620809,36.74447249307222],[127.33358639136875,36.74849012708809],[127.3355531128604,36.752361942399276],[127.34552359665959,36.753861297960476],[127.34728851477597,36.755535708498066],[127.35311857504345,36.75594529604261],[127.35613990628566,36.757648267260855],[127.35882590631203,36.76068496868921],[127.36963284220998,36.76137654812351],[127.37232161395495,36.758235842003664],[127.38514334464114,36.75960609878463],[127.38717852607998,36.75947365433084],[127.38882891309869,36.753312401621045],[127.39270077024744,36.75262113025051],[127.39480904207632,36.75093576337311],[127.39668406604143,36.74703775374381],[127.40464203146662,36.74493933431449],[127.40583407907701,36.750254286861846],[127.41121356562995,36.75331664487795],[127.41197209906072,36.7572668018218],[127.41539872425096,36.7565633531944],[127.41958251506634,36.757572933018906],[127.4225939141584,36.758086250244375],[127.42734766235894,36.756861192696746],[127.42520356752964,36.754293344606545],[127.4271392897808,36.7507462556794],[127.4306561916986,36.75112697984542],[127.43858244101027,36.75327091852446],[127.4413820572835,36.752342788874515],[127.4424713567867,36.74948228031529],[127.44631640238315,36.748241096944184],[127.44982690916403,36.74952974184493],[127.44957843026246,36.75483153063433],[127.45010321801276,36.75900655545964],[127.4522977937215,36.76207949321178],[127.45447850139627,36.76276426267537],[127.45857217571836,36.76607335241676],[127.46180949314181,36.77017231919619],[127.46749970908947,36.76978489755596],[127.47029968390869,36.76887481215177],[127.48139136978835,36.77412207404637],[127.48222990324625,36.776038609284825],[127.48825439139965,36.775068213374624],[127.49056113780172,36.77349471344663],[127.49484817316768,36.777579080502186],[127.50195222925579,36.77970829797716],[127.50498314595826,36.77893573168286],[127.50934882624406,36.775973032899316],[127.51061685096307,36.77389179066643],[127.50895200699631,36.76950302667248],[127.50270666828047,36.766056223042725],[127.50134390269096,36.763945428436415],[127.50624972190242,36.76545530288544],[127.51129811097367,36.76798451156294],[127.51583943048176,36.76804724316036],[127.52178286333168,36.769765768351384],[127.53019209621941,36.770090751530574],[127.53202398936178,36.77174466815407],[127.54118439868783,36.77413898283321],[127.54424935319997,36.773647824859836],[127.54975059911654,36.77632142487017],[127.55442568193502,36.77784665985483],[127.5603604436844,36.77814805405871],[127.56421959196943,36.779621831455124],[127.56632130024964,36.7778914571868],[127.56871687336326,36.77175806509445],[127.57238519383739,36.77015701105946],[127.57500607961063,36.767445375534294],[127.58479002853394,36.76458486021315],[127.58860090424717,36.762525015572045],[127.58841233295416,36.7570957900875],[127.59024411572825,36.75340640128635],[127.59026036685766,36.74857680987142],[127.59577662538877,36.74467709431996],[127.598191383252,36.74431925487061],[127.60057458096684,36.74569561517901],[127.60417229314925,36.74556652199592],[127.60800009249772,36.739814820145874],[127.608464845514,36.73658649221478],[127.6098997737454,36.735547770359126],[127.60988985957624,36.731610002593236],[127.61115831298673,36.72902733838011],[127.61430307249503,36.725263239075474],[127.61542449049408,36.71870628149861],[127.61865733518012,36.716412906344644],[127.61775855475102,36.70745032319627],[127.61468161207532,36.705112105493235],[127.61452975952106,36.702944644942306],[127.61233033702797,36.70010625410726],[127.60672144531291,36.69934028541976],[127.60547489853266,36.698196723346264],[127.60052452157628,36.69890172562292],[127.59763744359834,36.69778015963164],[127.59204558523015,36.6908696282117],[127.59198947927038,36.688562254333185],[127.58909821727485,36.687678273704826],[127.58562627525205,36.683746036928255],[127.58234706594122,36.684939139619814],[127.57943924003577,36.68438024086539],[127.5703898193194,36.67757830921259],[127.5672711510892,36.67443369269588],[127.55550127987533,36.6740089084203],[127.5517046948314,36.6727565257927],[127.54921406429247,36.67439436328742],[127.54711004537477,36.67154396620714],[127.54274125074363,36.66876357879128],[127.53693491479815,36.66924352697147],[127.53269109943489,36.665865814936176],[127.53156844950942,36.66329123031323],[127.52776021101965,36.6624585058297],[127.52497973380801,36.660366891739315],[127.5243215617033,36.65804419332774],[127.51429194530176,36.65325227013869],[127.5096582168522,36.65323195379825],[127.50606602073806,36.65011514619046],[127.50514287784864,36.65024316240829],[127.50090904593048,36.647186506757876],[127.49783080676474,36.64812886625594]]]]}},{"type":"Feature","properties":{"regionCode":"43130","name":"충주시","parentCode":"43"},"geometry":{"type":"MultiPolygon","coordinates":[[[[127.8920474445595,36.89128209711629],[127.88095348644661,36.89011130001142],[127.8803424725696,36.895560378611854],[127.87264256700807,36.895659014559],[127.86806359044633,36.89703439861002],[127.86390556634397,36.89639369277184],[127.86015180811673,36.8992095031206],[127.85872483525789,36.904671282596624],[127.85127953001721,36.90898108617369],[127.846345393569,36.90903724241408],[127.84122513857132,36.91117026043668],[127.83808912317554,36.91331006120095],[127.83940462961675,36.91948499586329],[127.84209175902384,36.922348327645985],[127.84312072391059,36.927602299091724],[127.8402795563931,36.9297328265429],[127.8364367904063,36.930269766857144],[127.8337334812935,36.93304003338701],[127.8302209605087,36.93422748643113],[127.83354604450827,36.937370255138966],[127.83304943700688,36.939743016904],[127.82642146537228,36.94035534870089],[127.82240593055982,36.943391666992675],[127.82046898739934,36.94131204538274],[127.81025070491057,36.940103394889675],[127.80819789637411,36.94123342977369],[127.80640693433374,36.945925877952604],[127.80045114317741,36.94750949266157],[127.7955548185994,36.946496461528],[127.79231608357316,36.93928113371421],[127.78872722170374,36.93723378347338],[127.78279408379372,36.93703919879112],[127.78059257631732,36.934953418328945],[127.77497875172584,36.93318156741408],[127.77221737878902,36.933199517157526],[127.77026187786976,36.93748074099561],[127.76699038097426,36.939796573972444],[127.7647894238673,36.94016078114231],[127.76170400813444,36.944167116202436],[127.76400219362516,36.94625263068928],[127.7628855991474,36.94847669633378],[127.75642870080377,36.95217387975587],[127.75345038551231,36.95730723574265],[127.74784885710659,36.96092042765299],[127.74258112102582,36.96075045401838],[127.73986059147366,36.95806593307483],[127.74180870073351,36.952894692077905],[127.73299528733763,36.95357160484959],[127.73016144915115,36.95793210589936],[127.72770039354029,36.95904914631511],[127.71637009967756,36.9584437448007],[127.71075224292032,36.96254628004127],[127.7102302943295,36.96471093905551],[127.70758833169995,36.96497710596491],[127.70522905791948,36.96741646668123],[127.70397180403086,36.97179950383593],[127.70057503720241,36.9739810935327],[127.69495044792914,36.975068488107745],[127.69543718667283,36.978017971608864],[127.68799286162269,36.98139582669011],[127.68744309122468,36.98420635886931],[127.6845016539125,36.98597628056347],[127.6811612309468,36.985389156616854],[127.67219628317252,36.98602007796011],[127.66958634304882,36.98816996182221],[127.6666367643006,36.986461727206986],[127.6635868691663,36.98219344384417],[127.661642167513,36.97768348006596],[127.65569641767871,36.97973295549322],[127.65101475160353,36.98376627996596],[127.65362988428109,36.98647827145354],[127.65290668678568,36.99173461132571],[127.65467688980486,36.994404994932296],[127.65353268522928,36.99758429207192],[127.65553921495174,37.000923383600025],[127.66053526455309,37.00349112831373],[127.66237669944691,37.005452441271785],[127.65741039892805,37.0108401921343],[127.6562249542161,37.01594508254027],[127.6575517006084,37.01834058870551],[127.66423966831104,37.02315532154562],[127.66380562693791,37.030689712660866],[127.66657397747441,37.03310785889157],[127.67133915692666,37.03471762753443],[127.67136161715347,37.04028146994369],[127.67626606696408,37.04463190398989],[127.67989790286627,37.04446097909565],[127.68563606608367,37.047092356452104],[127.68893146738804,37.05136579266916],[127.68920001586048,37.054837170139514],[127.69067330856639,37.05744652431729],[127.68898846995427,37.06571856310768],[127.68667486061575,37.07326137420095],[127.68346044901597,37.075453941095944],[127.68385720757776,37.078456283863716],[127.68649183116354,37.08069100425592],[127.69231731719381,37.081387528502304],[127.6934405706292,37.085308081127984],[127.69938833098324,37.092119540037245],[127.69998827867745,37.09557511180402],[127.69836864021283,37.098020350668456],[127.70198541474548,37.10312639872921],[127.70537250396954,37.10497691527442],[127.7125216087605,37.106536846605714],[127.71486246631133,37.10991682347209],[127.720598073203,37.110874590417204],[127.7227057721797,37.114686159657474],[127.7220900512093,37.120854531069234],[127.7178288974314,37.12494628796714],[127.71431523900213,37.125494397917294],[127.71176406436759,37.1275821830819],[127.70990275572815,37.13120963812633],[127.71025306619653,37.13374178806481],[127.70876378712059,37.13582773343978],[127.6987397824324,37.138282721661305],[127.69543493224323,37.14044900028081],[127.69403496538516,37.14406844942626],[127.69441397447716,37.14964219380069],[127.69593848448389,37.15210140605328],[127.70070901636932,37.15374724458607],[127.70399402696997,37.15648985963734],[127.70516295645129,37.163780089982254],[127.70458431328464,37.16663905123079],[127.70695855796768,37.17043555859206],[127.70967186294399,37.172108403699504],[127.71061666616694,37.175890243770745],[127.71227985762438,37.17680397739162],[127.71459887931567,37.181074002462495],[127.71829649327029,37.1838162369496],[127.72273031807165,37.18181956395169],[127.72668934861562,37.18300395752793],[127.72809439976515,37.18654372260554],[127.7286244458203,37.19186699849571],[127.73276150750897,37.19608557265153],[127.73310492029286,37.201658606108104],[127.73556810212965,37.20557458630876],[127.7366780080965,37.20989659541225],[127.74077493040596,37.21195114223338],[127.74640995086035,37.21652251106549],[127.74791916960423,37.21667839805168],[127.7438675124452,37.21037037311311],[127.74681945775228,37.2028756793898],[127.75086371944195,37.18822222197986],[127.75393661829371,37.17616205132728],[127.75635813317714,37.17150077773266],[127.7625379614898,37.16261405036895],[127.76575630054606,37.159088967427834],[127.77081445290499,37.15553268316827],[127.77621285391993,37.153012199849165],[127.78075273603957,37.15185470876674],[127.7840174148181,37.150068714280884],[127.78951349052662,37.14440303109371],[127.79528172628962,37.146175065152796],[127.80211893201881,37.14462085150418],[127.80676578114894,37.147236321970986],[127.81474819772542,37.1465533622702],[127.818374575346,37.14771588297137],[127.82506525499656,37.15220616781449],[127.83071891420151,37.152942709472896],[127.83705579937262,37.151761209530605],[127.848872853377,37.15319489627681],[127.85042838498958,37.15426013263647],[127.85161791775444,37.1594999876881],[127.85553065605954,37.16028431503127],[127.85588319785202,37.15647686369563],[127.86079810604093,37.15536692625509],[127.86115996934802,37.159865538916016],[127.86239689653263,37.16185647758234],[127.86958629910147,37.16420507024344],[127.87252526977355,37.16434172927156],[127.88668247777804,37.16092313956363],[127.89397817231244,37.1570235015225],[127.8993754324145,37.15005306962393],[127.90197392866645,37.152048204058055],[127.90505083541248,37.16098301467793],[127.90854796288203,37.167257403462465],[127.91521419261443,37.16918005346526],[127.92277546331417,37.164445495470844],[127.92622233592917,37.16517766895826],[127.93574792893675,37.163185974582554],[127.93989612147098,37.16384702102664],[127.9435098840201,37.161835553900865],[127.9463330796241,37.16257097219456],[127.95477462912397,37.16221960512975],[127.95982710657002,37.15968538955981],[127.9678310634696,37.15651662177027],[127.9710259075189,37.150998071716515],[127.97201236021756,37.14621512508273],[127.97063286192025,37.142260812021895],[127.97747518909127,37.141272956279074],[127.98034717769642,37.13668756868801],[127.98191134417759,37.13211632357807],[127.9864087960563,37.131337239783115],[127.98702879024717,37.12894446546843],[127.98534061008392,37.12734355118424],[127.9858243346457,37.120504232656565],[127.98462271054228,37.11844856339706],[127.98501197932642,37.11229293597029],[127.98711371723094,37.111166667307714],[127.99586032573615,37.10999979406315],[127.9984967744562,37.10854449949553],[128.00058637400093,37.10143848322375],[128.00323906642078,37.098666146222335],[128.00967784842717,37.0994092568655],[128.01201022908955,37.09881267610816],[128.01043378696988,37.10443161494535],[128.0131637274324,37.110816371778505],[128.01681795095647,37.11430821501451],[128.02065023677176,37.11629079238523],[128.0338892122521,37.11373300156641],[128.0390208814722,37.11220425045032],[128.04376274159864,37.11540880481221],[128.04609314946381,37.11550925714977],[128.04669294027642,37.11186489782827],[128.04848168636505,37.10929661679806],[128.0484301874322,37.1071119409738],[128.0458052743385,37.106364514942626],[128.04614588800865,37.1042677987056],[128.05310635112983,37.097558444165976],[128.05988947033788,37.09770577323638],[128.0633301854555,37.0957774981836],[128.05920579146394,37.08985831453373],[128.06271711527833,37.08706020917983],[128.06663012483708,37.08568944581166],[128.06856822012102,37.08612014210491],[128.07601730212136,37.08377436026056],[128.07921682715886,37.081891324729426],[128.08513251505246,37.075623448509766],[128.08308237252865,37.074130685253294],[128.08206716850825,37.07088508950418],[128.08466712368664,37.06667025748778],[128.08550055236543,37.06388418765593],[128.08377009829525,37.060816957703516],[128.0826297526244,37.053627934242506],[128.0807796958641,37.04871648276338],[128.08268183297108,37.047666310024916],[128.08445647644564,37.04449744606383],[128.08386959477374,37.03822061696736],[128.08649527357136,37.03503958796666],[128.0885893204451,37.03103987521293],[128.0861716852894,37.02803828678095],[128.0883167295873,37.02546730939816],[128.0887922442174,37.02309759876276],[128.0856363860978,37.02013643224949],[128.08887948335348,37.01818952446521],[128.08607986355716,37.011313881374164],[128.080549506504,37.00885812283566],[128.07648614635372,37.00564517349245],[128.07607214487862,37.00253628130993],[128.07869006942968,36.99874467123189],[128.0836430260107,36.9958817431745],[128.08430753176316,36.990815025560025],[128.08733924707983,36.990005057336866],[128.0908139547011,36.98901365919736],[128.08858603062245,36.97758428678792],[128.08676326907297,36.97128211819938],[128.0866806425094,36.96507881564444],[128.08863760980734,36.95272293475048],[128.0851087145773,36.95047955046872],[128.082211772956,36.95046895400894],[128.07577419591487,36.95221911388814],[128.06644183654157,36.957222384379925],[128.05877661500887,36.9574423019261],[128.0545923444306,36.95593492297335],[128.0493244744917,36.95217700327003],[128.04338123313414,36.95185102517066],[128.04111470989764,36.94213132103405],[128.04191167581973,36.93851624151462],[128.04515987781826,36.93574369942117],[128.05400724992396,36.93386706594008],[128.05841169276138,36.9312545424763],[128.06046186687868,36.9277551443395],[128.06166942002068,36.921032622459194],[128.0635076781063,36.919088151624166],[128.0686447683949,36.91637781421212],[128.07157621659516,36.91371519360322],[128.07183553950827,36.910693713479674],[128.06804011197917,36.9084741458441],[128.06856890059507,36.90537293193617],[128.06728930163405,36.90334341807204],[128.06685248842476,36.89413038336511],[128.06010442361998,36.888094693347455],[128.06129914902584,36.886175564988605],[128.054923370649,36.880689206173436],[128.05169654872736,36.871072766664305],[128.04579775094888,36.86923878178493],[128.0441936669988,36.86382954082006],[128.03850441312127,36.85979561388968],[128.0362296015808,36.85561631574758],[128.03749083595633,36.85240825655369],[128.04108174950673,36.84899581489136],[128.0578042475595,36.84328916743919],[128.05870896237911,36.83914232414265],[128.06281137248013,36.838194236326686],[128.06914256622326,36.84505866757902],[128.07613128788347,36.84716851620673],[128.078413021078,36.84840522106554],[128.08324346557689,36.848939250820116],[128.0871752667273,36.85187949536141],[128.09132435590425,36.84940126680479],[128.09315077611853,36.844826314860455],[128.09482412196206,36.835259593381444],[128.1071709686355,36.831034817659436],[128.11261534729093,36.83057813851565],[128.12645243712046,36.83418687350463],[128.1306772342151,36.83215987768881],[128.13365621481148,36.83221701177261],[128.13393116985645,36.829223317788426],[128.13197153900472,36.82627625103094],[128.12873314532365,36.824255845444654],[128.12479988894074,36.82400698500828],[128.12264986620983,36.82249127553366],[128.11814796597545,36.82232303041712],[128.11223280978638,36.81889163241196],[128.1086096898008,36.81221368852132],[128.10678410331715,36.80579101200189],[128.10450664983776,36.804443915096705],[128.1008153198199,36.805828266340534],[128.09256710684375,36.802847441407216],[128.09240002565267,36.79648748484974],[128.08739046688075,36.79700508163447],[128.08399977532667,36.79944872359095],[128.08422423634067,36.80404197132306],[128.08151210480708,36.80677421086858],[128.07319274149842,36.81249702860223],[128.06746577399977,36.81584097124019],[128.06347371644273,36.81716007128256],[128.05955609408224,36.81680372242911],[128.05202845008026,36.81898591036959],[128.04724281664443,36.82219238173829],[128.04288513360981,36.82089649707905],[128.03946837970747,36.8215250204342],[128.03636473086138,36.82487030825876],[128.03211348168688,36.82516380689231],[128.02814107656582,36.824035065858446],[128.02296199397506,36.82495198525068],[128.02248384037122,36.823292707242025],[128.02362640472714,36.81411924869831],[128.01794950151893,36.80790772029815],[128.0140660889136,36.808607926921994],[128.01129744277972,36.80673287091882],[128.004733341749,36.81065402171418],[128.00249602348987,36.81036497729253],[127.99810297571436,36.812796504560254],[127.9930142929143,36.81244563704297],[127.98608079230517,36.81587280950959],[127.98229017105169,36.81541027234275],[127.98331658128791,36.817544062282636],[127.98190875717808,36.823223782048345],[127.97907661693488,36.82286494961842],[127.97266753607073,36.825505548079924],[127.972591138347,36.82863771144983],[127.97698362493101,36.836117859881135],[127.97522451263903,36.84188960625833],[127.9706724035195,36.84491704704448],[127.96746944880522,36.850745081854264],[127.96968071576536,36.86021845797004],[127.96115194827294,36.863664670667724],[127.95884760386973,36.867432182153024],[127.95352761716684,36.86992959414393],[127.94929662683292,36.87313447161185],[127.94471366203389,36.87395111521806],[127.94775727966014,36.87854675196122],[127.95077652533611,36.886722631200435],[127.94398076422267,36.88828798612711],[127.93541629515178,36.88819772564137],[127.92913986638054,36.88646369921642],[127.92050704889826,36.88176565600379],[127.91625878957588,36.88171455131711],[127.91265336129906,36.885919808203475],[127.90994741228904,36.88706193894447],[127.9071980706307,36.88651845549445],[127.90179999180292,36.88840717221111],[127.89692099230537,36.89316574670016],[127.8920474445595,36.89128209711629]]]]}},{"type":"Feature","properties":{"regionCode":"43150","name":"제천시","parentCode":"43"},"geometry":{"type":"MultiPolygon","coordinates":[[[[128.2390312711565,36.86520274595013],[128.23400771802935,36.86265335781518],[128.2352607543328,36.86090289555189],[128.23395525956184,36.855699341142916],[128.23549824048163,36.8523990817779],[128.2378312482422,36.85090841624584],[128.23682188014558,36.84812047431416],[128.23264900638569,36.847553267562866],[128.22275423660255,36.84728198409878],[128.21546234022668,36.84899252735726],[128.2137431874452,36.84857891824907],[128.21426297126146,36.84399632268795],[128.21283095405414,36.83940090062453],[128.21544907282188,36.833889776869185],[128.2162137359896,36.82769964730298],[128.2160651513592,36.82284832783338],[128.21778033703373,36.820595338245575],[128.21850422056644,36.81538195085369],[128.21698838374462,36.81305023270754],[128.21438564604713,36.81267675585583],[128.20876481024786,36.81352625798044],[128.2020794743431,36.81556634092842],[128.19219563082575,36.817928422733985],[128.1904483108601,36.816874056519026],[128.18270374319457,36.81809619742776],[128.1758717822156,36.8211862370676],[128.16847340842614,36.82137756923876],[128.16520607038598,36.820018698048],[128.16056851447132,36.82123082240175],[128.15601503591176,36.82331372272744],[128.15466422731703,36.82529783410447],[128.14645648561788,36.829418820931714],[128.14492613146703,36.83241351492025],[128.14201369506654,36.83234186363704],[128.13958784272822,36.83424285087646],[128.13595645481513,36.83407267425004],[128.13365621481148,36.83221701177261],[128.1306772342151,36.83215987768881],[128.12645243712046,36.83418687350463],[128.11261534729093,36.83057813851565],[128.1071709686355,36.831034817659436],[128.09482412196206,36.835259593381444],[128.09315077611853,36.844826314860455],[128.09132435590425,36.84940126680479],[128.0871752667273,36.85187949536141],[128.08324346557689,36.848939250820116],[128.078413021078,36.84840522106554],[128.07613128788347,36.84716851620673],[128.06914256622326,36.84505866757902],[128.06281137248013,36.838194236326686],[128.05870896237911,36.83914232414265],[128.0578042475595,36.84328916743919],[128.04108174950673,36.84899581489136],[128.03749083595633,36.85240825655369],[128.0362296015808,36.85561631574758],[128.03850441312127,36.85979561388968],[128.0441936669988,36.86382954082006],[128.04579775094888,36.86923878178493],[128.05169654872736,36.871072766664305],[128.054923370649,36.880689206173436],[128.06129914902584,36.886175564988605],[128.06010442361998,36.888094693347455],[128.06685248842476,36.89413038336511],[128.06728930163405,36.90334341807204],[128.06856890059507,36.90537293193617],[128.06804011197917,36.9084741458441],[128.07183553950827,36.910693713479674],[128.07157621659516,36.91371519360322],[128.0686447683949,36.91637781421212],[128.0635076781063,36.919088151624166],[128.06166942002068,36.921032622459194],[128.06046186687868,36.9277551443395],[128.05841169276138,36.9312545424763],[128.05400724992396,36.93386706594008],[128.04515987781826,36.93574369942117],[128.04191167581973,36.93851624151462],[128.04111470989764,36.94213132103405],[128.04338123313414,36.95185102517066],[128.0493244744917,36.95217700327003],[128.0545923444306,36.95593492297335],[128.05877661500887,36.9574423019261],[128.06644183654157,36.957222384379925],[128.07577419591487,36.95221911388814],[128.082211772956,36.95046895400894],[128.0851087145773,36.95047955046872],[128.08863760980734,36.95272293475048],[128.0866806425094,36.96507881564444],[128.08676326907297,36.97128211819938],[128.08858603062245,36.97758428678792],[128.0908139547011,36.98901365919736],[128.08733924707983,36.990005057336866],[128.08430753176316,36.990815025560025],[128.0836430260107,36.9958817431745],[128.07869006942968,36.99874467123189],[128.07607214487862,37.00253628130993],[128.07648614635372,37.00564517349245],[128.080549506504,37.00885812283566],[128.08607986355716,37.011313881374164],[128.08887948335348,37.01818952446521],[128.0856363860978,37.02013643224949],[128.0887922442174,37.02309759876276],[128.0883167295873,37.02546730939816],[128.0861716852894,37.02803828678095],[128.0885893204451,37.03103987521293],[128.08649527357136,37.03503958796666],[128.08386959477374,37.03822061696736],[128.08445647644564,37.04449744606383],[128.08268183297108,37.047666310024916],[128.0807796958641,37.04871648276338],[128.0826297526244,37.053627934242506],[128.08377009829525,37.060816957703516],[128.08550055236543,37.06388418765593],[128.08466712368664,37.06667025748778],[128.08206716850825,37.07088508950418],[128.08308237252865,37.074130685253294],[128.08513251505246,37.075623448509766],[128.07921682715886,37.081891324729426],[128.07601730212136,37.08377436026056],[128.06856822012102,37.08612014210491],[128.06663012483708,37.08568944581166],[128.06271711527833,37.08706020917983],[128.05920579146394,37.08985831453373],[128.0633301854555,37.0957774981836],[128.05988947033788,37.09770577323638],[128.05310635112983,37.097558444165976],[128.04614588800865,37.1042677987056],[128.0458052743385,37.106364514942626],[128.0484301874322,37.1071119409738],[128.04848168636505,37.10929661679806],[128.04669294027642,37.11186489782827],[128.04609314946381,37.11550925714977],[128.04376274159864,37.11540880481221],[128.0390208814722,37.11220425045032],[128.0338892122521,37.11373300156641],[128.02065023677176,37.11629079238523],[128.01681795095647,37.11430821501451],[128.0131637274324,37.110816371778505],[128.01043378696988,37.10443161494535],[128.01201022908955,37.09881267610816],[128.00967784842717,37.0994092568655],[128.00323906642078,37.098666146222335],[128.00058637400093,37.10143848322375],[127.9984967744562,37.10854449949553],[127.99586032573615,37.10999979406315],[127.98711371723094,37.111166667307714],[127.98501197932642,37.11229293597029],[127.98462271054228,37.11844856339706],[127.9858243346457,37.120504232656565],[127.98534061008392,37.12734355118424],[127.98702879024717,37.12894446546843],[127.9864087960563,37.131337239783115],[127.98191134417759,37.13211632357807],[127.98034717769642,37.13668756868801],[127.97747518909127,37.141272956279074],[127.97063286192025,37.142260812021895],[127.97201236021756,37.14621512508273],[127.9710259075189,37.150998071716515],[127.9678310634696,37.15651662177027],[127.95982710657002,37.15968538955981],[127.95477462912397,37.16221960512975],[127.9463330796241,37.16257097219456],[127.9435098840201,37.161835553900865],[127.93989612147098,37.16384702102664],[127.93574792893675,37.163185974582554],[127.92622233592917,37.16517766895826],[127.92704894825583,37.16928868985949],[127.93161311171352,37.17482655255445],[127.93351357098904,37.17589193584846],[127.932835957113,37.182637889918375],[127.93512370016902,37.1849921474878],[127.93655285426105,37.18880810945747],[127.93350409358952,37.19293705219269],[127.93205171449787,37.20091342153989],[127.93237639539345,37.20749530322174],[127.92855997101957,37.21378778999735],[127.92665541227093,37.21945320420185],[127.92313085589326,37.221938903827265],[127.92129035109753,37.22574591370968],[127.92289748384621,37.22793746101268],[127.93377773670362,37.23570947376421],[127.93605786442347,37.238948370892395],[127.93885603294913,37.2407085626912],[127.94084678729638,37.23992158965591],[127.94553691904876,37.24046273814986],[127.9479150645356,37.246792962843664],[127.95680784907854,37.24876719574781],[127.95926527466852,37.25025003301893],[127.96281588772163,37.24994987760252],[127.96772906940966,37.25283959029379],[127.97264670125676,37.25682656769323],[127.97903373624533,37.258494917844374],[127.9810639150728,37.256879799093575],[127.98505364111033,37.25816305366536],[127.99435540992737,37.2537463706614],[127.99835928289413,37.25474089814565],[128.0075278520599,37.25170321997855],[128.01102386988896,37.24945306860689],[128.01227229079504,37.24755901465039],[128.01661685769002,37.24638110430631],[128.0190381738289,37.244398646077755],[128.01870630075862,37.2401374307358],[128.01988603325051,37.23462413897961],[128.02417622715325,37.228781983395386],[128.02823913768057,37.226824549433765],[128.0318152334,37.22401608338299],[128.03188462723563,37.2205999768502],[128.03334711538423,37.2189672197914],[128.0364426533484,37.218430545929664],[128.03924450609313,37.21539233539749],[128.03681612654194,37.212188220352495],[128.0333504516016,37.20998984785331],[128.02994757539392,37.203574976872446],[128.03167410514658,37.20016119324263],[128.03149845625563,37.19394287990261],[128.03676466771714,37.18969392043941],[128.04048152657165,37.188978568528896],[128.04423653343568,37.19065544511629],[128.04699322064266,37.188956984764154],[128.05972530614252,37.19361862705247],[128.0705721731215,37.194591360485866],[128.0749195468597,37.19348119449884],[128.07881081963612,37.19401012924454],[128.08640567611573,37.197954039332934],[128.0883103542037,37.200129448214845],[128.09491293038477,37.19982086998713],[128.10506756668843,37.20378737101278],[128.11167993330818,37.20800761197884],[128.11163437074478,37.20954161609141],[128.1152199971839,37.21218450498331],[128.1194793158122,37.217608542685355],[128.12441006455614,37.2202617165369],[128.1252284059204,37.22265397986923],[128.1221828308062,37.2251138789293],[128.12156383907976,37.227497818272035],[128.12369313736167,37.23145340367931],[128.12647247761834,37.23464514417714],[128.13069943348322,37.23270392231089],[128.1336165752225,37.22965606327634],[128.14108830074315,37.229392948901975],[128.14221181048225,37.22831280716388],[128.1426459527083,37.22415651343778],[128.14497241656505,37.222022891544185],[128.1500250289222,37.22051759822653],[128.15337659005763,37.21620723481239],[128.15838029756256,37.216023539891374],[128.16417240616437,37.21328177386784],[128.16671829474834,37.21492359629616],[128.1731489056099,37.21914239084364],[128.17265231484794,37.224748831106965],[128.17594089862538,37.22827597810615],[128.173820847427,37.230955336947886],[128.17418234504024,37.23252663191946],[128.17815643278215,37.23540282119093],[128.18290557855536,37.23758252962766],[128.1945047289938,37.24576752025152],[128.19788540936904,37.24668942376749],[128.20123498291508,37.24881519687057],[128.20793564006578,37.248920241793776],[128.20912432711629,37.246852158928235],[128.2120061983274,37.24561262335255],[128.21480617874101,37.24635979422528],[128.21524503196872,37.241938473993635],[128.2195252993364,37.240520433583725],[128.22434081863526,37.23299510407288],[128.22649828421194,37.232637171378265],[128.2284215592441,37.23029842842591],[128.2284935140164,37.227959812419726],[128.2322214294532,37.22655102951004],[128.23734732203843,37.22930747328048],[128.2400509434162,37.22877779540381],[128.2421413121831,37.226451213294425],[128.24505380291035,37.22683794528128],[128.25029048918384,37.22948081375495],[128.2535809968163,37.22634188425498],[128.25701361826307,37.22012981024409],[128.25884367374329,37.215689497869946],[128.26661949786646,37.209332691299515],[128.2690235837032,37.20805171300362],[128.27209786769873,37.20932226311845],[128.27875253682538,37.20996640218647],[128.2813052950246,37.20962320858121],[128.28409933509334,37.210954245392884],[128.2882655216508,37.21501926745447],[128.30147888906703,37.21699126210132],[128.30855915912034,37.21691585562825],[128.3120837042577,37.22107398767564],[128.31662080271602,37.223406894922036],[128.32046507636628,37.21935786596382],[128.3263597038912,37.218198742854774],[128.33050428505544,37.21653824234493],[128.33124202149085,37.21279984684391],[128.3299806352026,37.21006676735131],[128.32920199241423,37.20517131997533],[128.32971328843527,37.20215143436877],[128.3274418330197,37.19875351086022],[128.3215751658784,37.19593409192322],[128.31332093080772,37.19674433323694],[128.31295298782678,37.19507372497496],[128.31407547813282,37.18993082483216],[128.31269121976104,37.1878482071898],[128.30840421415684,37.186369846876445],[128.30222242419757,37.186120239501484],[128.29592435558374,37.183064751436646],[128.29609603853285,37.17853749732853],[128.29818180770812,37.17229818906015],[128.29060411745013,37.1701055591684],[128.28241560679598,37.171443577795294],[128.280589620244,37.17313417765622],[128.27628573333595,37.172047211556226],[128.27194395361403,37.16800516534015],[128.2697555822595,37.16406040818841],[128.26472840436327,37.16054778211382],[128.26625640985674,37.15611229225769],[128.27058132330916,37.154157112333586],[128.27185295543484,37.151309806939366],[128.27250048037104,37.14840269790332],[128.2798988201603,37.14260200286813],[128.28451226608786,37.14260011841745],[128.28844839466174,37.14105724208455],[128.29328577095575,37.13811269481407],[128.2962640108006,37.13410875324105],[128.29826652272402,37.13417941826842],[128.30257501610726,37.12756368014584],[128.30375630527476,37.124533749261104],[128.30441498147275,37.11841937167275],[128.30894363371394,37.114336419830366],[128.30964965831302,37.11149029679],[128.3046435905732,37.10079864982344],[128.30068157246717,37.098456294625734],[128.2979409263043,37.09903606238145],[128.29430913306308,37.09789418897753],[128.28602788619563,37.103985403159776],[128.2778350906761,37.1108613989698],[128.27893795790067,37.11395247069033],[128.27801081271812,37.11538677783471],[128.27334840174362,37.11729739295767],[128.26806437973627,37.11402145127149],[128.25810745008138,37.10189318933481],[128.25914323707462,37.09823302158381],[128.26075862623517,37.097015884078225],[128.26142134716827,37.09220857158599],[128.26447303435745,37.087974415716744],[128.26973782457475,37.08801629093829],[128.26272053046426,37.08347252009088],[128.25880466425127,37.084033954199235],[128.2557739745435,37.08237930073906],[128.25234997980303,37.079220855292334],[128.24945382068702,37.07506390161916],[128.24791817215282,37.076132242195484],[128.24399110113174,37.07563228538202],[128.23995442977434,37.07392964995962],[128.23852431249338,37.07134591361518],[128.2387526075998,37.06790018160771],[128.236895952864,37.06538900422355],[128.22558803457633,37.062296376832776],[128.2218898237832,37.05606819407833],[128.2180066132712,37.05417568284471],[128.220876047704,37.0492147080511],[128.21926355263867,37.045853554277656],[128.22066007116052,37.04186406884779],[128.21734041969532,37.03755222160295],[128.2243214495027,37.03433944658042],[128.2241826161269,37.03131331248993],[128.22524239722065,37.027002611403496],[128.22813316208715,37.02445071420298],[128.23740867970324,37.02502232446054],[128.2405677658316,37.02374470536668],[128.24459172746862,37.02041366118816],[128.247663269189,37.01384557015016],[128.25071122682493,37.010637701165216],[128.25382775302492,37.009284761209095],[128.25521509763962,37.00710352714445],[128.25749921845127,37.00035165394848],[128.2567634470154,36.9985247605426],[128.25385537436532,36.99753352878728],[128.25706241020328,36.99551360794973],[128.25872978320402,36.99306586943155],[128.25640600947332,36.985958653348455],[128.25962196388522,36.979748868507514],[128.2610148004971,36.96929752217989],[128.26321528348453,36.96408471848988],[128.26624621538514,36.96091612178457],[128.26126593448302,36.95647682595773],[128.26433200313483,36.95280732131728],[128.26303181321987,36.94914934073363],[128.2600841493583,36.94860633682424],[128.25789293430782,36.94543142492524],[128.25445369384312,36.94331542068883],[128.25106977133305,36.94241346123105],[128.2479473963172,36.944243491738725],[128.24500858513753,36.94335528951046],[128.2449127065578,36.94149479326561],[128.24705257377616,36.93798199637521],[128.24401030665763,36.93663898246859],[128.24154605997455,36.93706287225088],[128.23739348742785,36.93352549400284],[128.2358680160042,36.93045747372835],[128.23695391770616,36.92276450138665],[128.23680075800738,36.91511445346565],[128.24196193223727,36.91193471834247],[128.2462557850106,36.90462127070305],[128.2435457838919,36.89206194969373],[128.24576744766253,36.888147705354555],[128.2482587195004,36.88789238716277],[128.25150198378796,36.884714912889756],[128.24795005286575,36.883117644563136],[128.24247761803153,36.878470844479175],[128.2419196703263,36.87279485620436],[128.24045106157294,36.87124605824721],[128.2390312711565,36.86520274595013]]]]}},{"type":"Feature","properties":{"regionCode":"43720","name":"보은군","parentCode":"43"},"geometry":{"type":"MultiPolygon","coordinates":[[[[127.75983256868905,36.39102008671664],[127.75732874255117,36.390117363425404],[127.75572957173358,36.39061379478834],[127.74952553354761,36.38831131687727],[127.74786624302517,36.38601622006276],[127.74277364082748,36.386920258242846],[127.73343015097632,36.39421069926888],[127.73123891307547,36.389784292676644],[127.72797280445435,36.390713786172476],[127.72651192641972,36.392929061271964],[127.72169936294208,36.39408389783796],[127.71742768807998,36.39714451235939],[127.71432014050123,36.40207122191108],[127.71073157600449,36.403146262771756],[127.70788591610935,36.40630612176363],[127.70817637002557,36.40885303081621],[127.71041216485575,36.41336065079567],[127.70544131443394,36.41319192805187],[127.7040651061939,36.414562588817],[127.7001136804431,36.413505918228935],[127.68751922828223,36.418189289856784],[127.68377089305014,36.41758152789131],[127.68013835106078,36.419949760928695],[127.67852202333643,36.426928921691534],[127.68063560731065,36.435786676335766],[127.6759926102719,36.43744658724746],[127.67531315477633,36.44200017992238],[127.66877939006858,36.443351547907334],[127.66581321130319,36.444957656382634],[127.66369833269457,36.44459428690763],[127.65769664634534,36.43797207466086],[127.65382283981523,36.43856203780741],[127.65078536253216,36.44247500592037],[127.64598407533869,36.44504215113033],[127.64370723570941,36.44500602908714],[127.64150097841869,36.4426219378753],[127.63960301990771,36.43763453328474],[127.6368081846811,36.43648777908367],[127.63253005186287,36.43894269450283],[127.62855568437082,36.43451059134731],[127.62804615979341,36.42887435765155],[127.62440117573244,36.42246795478899],[127.61627178651825,36.42638230120756],[127.61510369026787,36.42258770587528],[127.61886829950294,36.4170548311756],[127.61704095171369,36.41347747904692],[127.61722816623363,36.410604664871414],[127.61338560263873,36.40426270767],[127.61031807651555,36.40304239234004],[127.60401437612792,36.40395894689544],[127.60465947561218,36.407906017368006],[127.59897804833541,36.407922450430384],[127.59888779943184,36.411800509887],[127.59651106916846,36.41074604731135],[127.59085211155988,36.41177985670179],[127.58546670559879,36.415332517134985],[127.58332848309486,36.418105750925996],[127.5815819974449,36.41107396317591],[127.57820568845302,36.40658257404029],[127.57093027998519,36.4016646444201],[127.5577267217879,36.39360626099902],[127.55418511437627,36.39472769759244],[127.55725127828721,36.39724266103409],[127.55514728198963,36.398965764358756],[127.55386483248377,36.40286746478529],[127.5520678423079,36.405282580553376],[127.54462515519137,36.41108892636053],[127.54312823532968,36.41686798444968],[127.54435791247815,36.419758704841705],[127.53975288525886,36.42071782285361],[127.53399395884122,36.41878556569362],[127.52933568702419,36.419336564546086],[127.52878971263078,36.42058316678643],[127.52414509720417,36.423193961782644],[127.51948797981596,36.42017516251809],[127.51568790123477,36.42228075341618],[127.51651490484139,36.42846875140555],[127.51993767608441,36.4363950345291],[127.5228520255088,36.43885118686104],[127.54587217620484,36.446944023511264],[127.54542359069798,36.44931965561279],[127.54938764051137,36.4543765686255],[127.55182142109366,36.45512283037026],[127.5533308207219,36.45773669551431],[127.5538522999211,36.46307562647167],[127.55564939891369,36.46555849309076],[127.55813188211661,36.472135986244744],[127.56301716953402,36.47996311568565],[127.56700625983493,36.484096753197235],[127.57611598503723,36.490166129937315],[127.5728566213619,36.493070734315445],[127.57010506477182,36.49964885748919],[127.57038339229693,36.503710475955444],[127.57335127029887,36.509582439090885],[127.57301423143917,36.51639529047663],[127.56900194981853,36.52142881430469],[127.56772024980503,36.526349160008365],[127.5651780041477,36.53049702879778],[127.56937725127928,36.533643020497244],[127.57088506683512,36.53568975216956],[127.57973666698237,36.53795782638737],[127.58099125921366,36.5420990444893],[127.58775995209443,36.54390264723473],[127.59088879723507,36.54337374851755],[127.5988069148816,36.548192643691245],[127.60289179034052,36.54783637001566],[127.61207397853572,36.551384054703774],[127.61409852465918,36.55675490460022],[127.61662362842578,36.559341977453094],[127.61613695187869,36.560868944742296],[127.61141312087506,36.566774079461744],[127.61141472643133,36.57008947021078],[127.61462329712282,36.57367563451188],[127.61842720484842,36.57816426382063],[127.62161251709342,36.578720055750736],[127.62246717040163,36.58155735747003],[127.63058396229839,36.58672469892195],[127.63246743187254,36.58963543328103],[127.6308095567033,36.593413469396374],[127.63558657971393,36.59997944428544],[127.64120741579477,36.60192284078345],[127.64356030478719,36.60526502371316],[127.64626395248227,36.60661209784211],[127.65221920839876,36.60456683365099],[127.65314253841807,36.60085173943941],[127.65534038879848,36.60026739785396],[127.66033042474803,36.602805373057656],[127.66500274157943,36.602503182301135],[127.6657683364456,36.600446543810456],[127.67010326033514,36.597935775287276],[127.67950678377943,36.59575135006259],[127.68135723357548,36.59187287040157],[127.68815849096114,36.59163654182701],[127.69195400658639,36.58914782243116],[127.69456722163936,36.58856036108617],[127.70172697027695,36.59090640318279],[127.70520278594601,36.59521501873011],[127.70853179951088,36.59570249346395],[127.71138010597622,36.59765993146225],[127.71309792600738,36.60125423688579],[127.72032256326717,36.60269617398694],[127.72713503868314,36.600879792843116],[127.72869828536454,36.602283101384714],[127.73591331139312,36.60030072501602],[127.73745237895024,36.59677723680015],[127.7357100732762,36.595447605300194],[127.73714362874657,36.59264931719483],[127.74135439740293,36.59137343439185],[127.74207223434298,36.588923669918714],[127.74556646837979,36.58556905411936],[127.7504765411472,36.58698737060273],[127.75526947895054,36.59019944159428],[127.75960644906856,36.5903892984575],[127.76546179463523,36.59172853419705],[127.76902782142442,36.59344450253575],[127.76980086174736,36.604117253785134],[127.77183113688477,36.60548172310661],[127.77682480338959,36.60626234634183],[127.77801656987745,36.60779022912274],[127.78189073427215,36.6086456912031],[127.7864522482956,36.613742119090894],[127.79140834494106,36.610773551544156],[127.79672930937988,36.605182669140696],[127.79840808894663,36.602280805215834],[127.79702173012362,36.598783390018916],[127.79740860897324,36.59196510954198],[127.80019758635791,36.58551450902465],[127.80422929834714,36.58332298316349],[127.80464986848295,36.58166226966155],[127.81275583886388,36.57961178763757],[127.8159178847634,36.57803981440779],[127.82405337254568,36.571659468169315],[127.82387530626174,36.57080229550996],[127.82647247272249,36.57112701909082],[127.8277080380023,36.57376967924963],[127.83012972179884,36.5744021526949],[127.83568777180425,36.571417112077306],[127.84320421758646,36.56968697739827],[127.84814391961397,36.571581786418164],[127.85283949130175,36.57158442145148],[127.85343047561342,36.57042593149231],[127.86213949556914,36.56740556742711],[127.86781709897312,36.56327040747433],[127.86879386888637,36.56064816749687],[127.87212522840002,36.55867604594794],[127.87336111114332,36.55525831763903],[127.87067654834044,36.54310394985764],[127.87354223399824,36.54153197799268],[127.87412057930455,36.53730743460551],[127.87703108967384,36.53577111749893],[127.8814806959298,36.53595479076987],[127.88494147577605,36.53369279797106],[127.88846506915344,36.53303540482473],[127.8924132074369,36.530426896996566],[127.89619630754424,36.53097571559071],[127.90192959431641,36.528173141923375],[127.900638184549,36.524720051561395],[127.90177121853954,36.51836300547195],[127.90307644960434,36.51723494779288],[127.9022420193883,36.51271431055878],[127.90676261289681,36.507528879206596],[127.90530609822326,36.505296558740795],[127.90134799382956,36.503035960782434],[127.89700925742032,36.49874007053604],[127.8940059932929,36.4978788269442],[127.88847862150908,36.49310453043102],[127.88529062089485,36.49365122067872],[127.88046639484268,36.4932705655292],[127.87872852461769,36.48949142445816],[127.8760946915116,36.48836808199482],[127.87523307179688,36.48319246443912],[127.88067701599527,36.48071765521131],[127.882140876143,36.475873302649795],[127.88033632629627,36.47428142203375],[127.87946126722923,36.46797536355118],[127.878378190979,36.4670921899752],[127.88240226400916,36.46099920869096],[127.88055335827362,36.458166483177486],[127.8797375135001,36.45416977355174],[127.87778195429637,36.449988703540335],[127.8748850680575,36.44857191629749],[127.87302833713828,36.44170674510614],[127.8753363193612,36.428458063232725],[127.88041092141474,36.42764309311058],[127.88284071055266,36.42350385343413],[127.88239236405909,36.42116482657893],[127.87924403587385,36.41687395091141],[127.87599242765772,36.41479266743626],[127.873243043187,36.41003914589976],[127.87312315153531,36.405874201063426],[127.8696679858365,36.40357183603313],[127.86362892198693,36.403081880895634],[127.86564667276915,36.39483942254709],[127.86251378313258,36.392743741180446],[127.8684672317442,36.39123134021287],[127.87508646784237,36.39121274788416],[127.87850598131406,36.387110823948184],[127.87923269175248,36.38325096786734],[127.88240608845773,36.381759927399564],[127.88423454822416,36.379336705020926],[127.88290340719169,36.373839706500874],[127.87963235719995,36.371506602822],[127.87463955393969,36.370920539478526],[127.87030681535123,36.37363546395197],[127.86685338032665,36.37300823286566],[127.85927829494236,36.37432298788558],[127.8529537448848,36.37097329043076],[127.8466599827425,36.372115035367635],[127.84229204474293,36.3716566309039],[127.83700925956346,36.37307243099011],[127.8361095500515,36.36950587109228],[127.83253250671646,36.3692787691905],[127.83178070691609,36.37270860570775],[127.8246432943601,36.377338947541965],[127.82287247981905,36.379797283137606],[127.81883806085874,36.38145570189669],[127.80121100229404,36.38247934367247],[127.79450347327835,36.38456993694259],[127.79107616658877,36.38832858156932],[127.78370985912372,36.38696864496987],[127.78121684266553,36.388867751469974],[127.77672828223461,36.38739962179345],[127.77053472461749,36.38779546200715],[127.76531436256067,36.39021579736562],[127.76236010198943,36.39376303734044],[127.75983256868905,36.39102008671664]]]]}},{"type":"Feature","properties":{"regionCode":"43730","name":"옥천군","parentCode":"43"},"geometry":{"type":"MultiPolygon","coordinates":[[[[127.6982780276094,36.254379451086095],[127.6960122146334,36.250513222803214],[127.69303019326259,36.249751674158865],[127.69330971774777,36.24441589612484],[127.69172247688864,36.239267207606794],[127.68259926778352,36.23101697699021],[127.68305296336615,36.22895712632142],[127.67835407311146,36.22459007162205],[127.67324472177233,36.22306121347938],[127.66334673150676,36.22355720168299],[127.65599275965498,36.229020037017385],[127.65361061903573,36.22609408853224],[127.65064598755279,36.22508157020909],[127.65007833064858,36.22002963161102],[127.65176144221243,36.21741951717053],[127.65168417639119,36.21465732365793],[127.64865904574621,36.208443115211814],[127.64959914397541,36.203706288919314],[127.6524465182537,36.19941462781827],[127.65202275182688,36.194214947844216],[127.65452331717059,36.19187955325038],[127.65364340898277,36.18851922694007],[127.6501529067046,36.185114285863996],[127.65055623506002,36.18346627079454],[127.65470636062501,36.17726756042645],[127.65204992016359,36.1715223965233],[127.65047573647443,36.17073648906758],[127.64405374935198,36.17171452609105],[127.63920897879878,36.17539483406704],[127.63415708885775,36.18079399052565],[127.62710205779611,36.17777248660055],[127.62400248917228,36.1807876191477],[127.61882723700582,36.18156913902712],[127.61464378284467,36.1838845683473],[127.61162240874141,36.18285730844444],[127.609263118171,36.18507386225191],[127.60215621061921,36.183897499396224],[127.59812157028178,36.184352318266455],[127.59659531568308,36.188115800519476],[127.59328304679408,36.192177985214855],[127.59283895538184,36.195154637675486],[127.59788736179377,36.20062476552437],[127.59926980886196,36.20451238389886],[127.59709353980459,36.21284161216725],[127.59779700271581,36.217413204344005],[127.5907410130466,36.222287933561404],[127.58663531399485,36.22656808562333],[127.58532128017363,36.22976320894998],[127.57913854081134,36.23305753973492],[127.57401433382236,36.23223772011874],[127.5704099439528,36.23289769192419],[127.56923391489197,36.2316177187727],[127.56181722674921,36.229976414566515],[127.5558493069765,36.23078563799705],[127.54662003036023,36.230172648185224],[127.54978774820948,36.23832356321361],[127.54853664400852,36.23972757002436],[127.54310413829896,36.241914165320196],[127.53789600695232,36.24293923884637],[127.53504999812996,36.24749089498829],[127.53662989563159,36.25116300147822],[127.53248518674152,36.25021952618929],[127.52395143916884,36.24652835085348],[127.52361369588658,36.2454488788661],[127.51819561091644,36.24069245865797],[127.5138074049456,36.24171293309064],[127.5087816764253,36.23881877379834],[127.50346464052406,36.23816685312533],[127.49695987810412,36.23848882291693],[127.49276503953664,36.23809225998161],[127.49335571460271,36.24070178625673],[127.49259034864654,36.2447091098792],[127.48953890484414,36.245520300801765],[127.48756023290885,36.251502669208655],[127.49028960412029,36.253940905926086],[127.48981351271489,36.25789376484464],[127.4861850506771,36.25923969711788],[127.48625137581662,36.261443858325194],[127.48936188621805,36.27002523624234],[127.48857797944663,36.27324453825067],[127.49665669695057,36.27947317776683],[127.4982598941923,36.282874311360196],[127.4967047943327,36.28708724466603],[127.49100595439812,36.29694002728303],[127.49130536511399,36.298440351316565],[127.48899984494847,36.30083743036127],[127.49330419120575,36.30002562986952],[127.49868914815468,36.304041995732746],[127.49915334279868,36.30581460637937],[127.4947615257004,36.311686775112626],[127.49926160922305,36.314931653150296],[127.49828046990638,36.31895395631348],[127.50017815212821,36.32053702052015],[127.50358423747666,36.32576480119503],[127.50121604826563,36.333301244899644],[127.50125056149407,36.33870629031556],[127.50213843553685,36.33976321004271],[127.50682656474804,36.34064094603801],[127.50930965084262,36.34309845536899],[127.50791688997485,36.34573557460095],[127.50976625923357,36.35044595174575],[127.5141910095616,36.35152499138785],[127.51587009840675,36.35300370451093],[127.52131006175681,36.35320453295086],[127.52307700734907,36.3576433554054],[127.52685680695964,36.369293812821645],[127.52658188200476,36.3733539955184],[127.52529142528095,36.376215220316766],[127.5252071846561,36.38618963181741],[127.52571849179749,36.3873092143274],[127.53330619025684,36.391824152768216],[127.53409976201625,36.39367672769852],[127.53915877834955,36.3971916455765],[127.54361239478618,36.39610083418994],[127.54812338807167,36.39675557402003],[127.55418511437627,36.39472769759244],[127.5577267217879,36.39360626099902],[127.57093027998519,36.4016646444201],[127.57820568845302,36.40658257404029],[127.5815819974449,36.41107396317591],[127.58332848309486,36.418105750925996],[127.58546670559879,36.415332517134985],[127.59085211155988,36.41177985670179],[127.59651106916846,36.41074604731135],[127.59888779943184,36.411800509887],[127.59897804833541,36.407922450430384],[127.60465947561218,36.407906017368006],[127.60401437612792,36.40395894689544],[127.61031807651555,36.40304239234004],[127.61338560263873,36.40426270767],[127.61722816623363,36.410604664871414],[127.61704095171369,36.41347747904692],[127.61886829950294,36.4170548311756],[127.61510369026787,36.42258770587528],[127.61627178651825,36.42638230120756],[127.62440117573244,36.42246795478899],[127.62804615979341,36.42887435765155],[127.62855568437082,36.43451059134731],[127.63253005186287,36.43894269450283],[127.6368081846811,36.43648777908367],[127.63960301990771,36.43763453328474],[127.64150097841869,36.4426219378753],[127.64370723570941,36.44500602908714],[127.64598407533869,36.44504215113033],[127.65078536253216,36.44247500592037],[127.65382283981523,36.43856203780741],[127.65769664634534,36.43797207466086],[127.66369833269457,36.44459428690763],[127.66581321130319,36.444957656382634],[127.66877939006858,36.443351547907334],[127.67531315477633,36.44200017992238],[127.6759926102719,36.43744658724746],[127.68063560731065,36.435786676335766],[127.67852202333643,36.426928921691534],[127.68013835106078,36.419949760928695],[127.68377089305014,36.41758152789131],[127.68751922828223,36.418189289856784],[127.7001136804431,36.413505918228935],[127.7040651061939,36.414562588817],[127.70544131443394,36.41319192805187],[127.71041216485575,36.41336065079567],[127.70817637002557,36.40885303081621],[127.70788591610935,36.40630612176363],[127.71073157600449,36.403146262771756],[127.71432014050123,36.40207122191108],[127.71742768807998,36.39714451235939],[127.72169936294208,36.39408389783796],[127.72651192641972,36.392929061271964],[127.72797280445435,36.390713786172476],[127.73123891307547,36.389784292676644],[127.73343015097632,36.39421069926888],[127.74277364082748,36.386920258242846],[127.74786624302517,36.38601622006276],[127.74952553354761,36.38831131687727],[127.75572957173358,36.39061379478834],[127.75732874255117,36.390117363425404],[127.75983256868905,36.39102008671664],[127.76236010198943,36.39376303734044],[127.76531436256067,36.39021579736562],[127.77053472461749,36.38779546200715],[127.77672828223461,36.38739962179345],[127.78121684266553,36.388867751469974],[127.78370985912372,36.38696864496987],[127.79107616658877,36.38832858156932],[127.79450347327835,36.38456993694259],[127.80121100229404,36.38247934367247],[127.81883806085874,36.38145570189669],[127.82287247981905,36.379797283137606],[127.8246432943601,36.377338947541965],[127.83178070691609,36.37270860570775],[127.83253250671646,36.3692787691905],[127.8361095500515,36.36950587109228],[127.83700925956346,36.37307243099011],[127.84229204474293,36.3716566309039],[127.8466599827425,36.372115035367635],[127.8529537448848,36.37097329043076],[127.85927829494236,36.37432298788558],[127.86685338032665,36.37300823286566],[127.87030681535123,36.37363546395197],[127.87463955393969,36.370920539478526],[127.87963235719995,36.371506602822],[127.88350405964525,36.370685909719676],[127.88504720027326,36.36894885345655],[127.8862881344968,36.3639328543859],[127.88951404519446,36.36220757900285],[127.89132656044171,36.35955161263847],[127.89080371901554,36.35670508831189],[127.8861240679613,36.354746819487644],[127.88535573355533,36.35057206408667],[127.88144562951723,36.34486492655002],[127.87502329647187,36.34549536837105],[127.86977420137761,36.34356491568336],[127.87052934381973,36.34122614420718],[127.8674718095325,36.33641164041069],[127.86365829941218,36.33656073184782],[127.85629846143567,36.33107203193646],[127.85208573245649,36.33039724727818],[127.85105365079325,36.326637290418674],[127.85065788208637,36.32061243100641],[127.84609757650665,36.318287135416014],[127.84495130687378,36.316264998410446],[127.84021746762019,36.31546636024744],[127.8350826418093,36.31256851307942],[127.82914135065498,36.310113893046],[127.8250106304579,36.310025662178354],[127.82083075984562,36.30523774233191],[127.81928434606013,36.30911624254128],[127.81722217193486,36.310239614649376],[127.81372048657407,36.30820544048799],[127.80785109683562,36.309135518597095],[127.8049998350994,36.30543276595935],[127.80141554075054,36.30408478895529],[127.7997183166524,36.298564285621715],[127.79496912698143,36.29788069982642],[127.79469854500124,36.290745091659595],[127.78878859288855,36.29111984861767],[127.78763230771813,36.289084030008325],[127.77833790470349,36.28990178302791],[127.77592212677526,36.291802310055125],[127.77292332011244,36.29120866808781],[127.7694100792996,36.288855900354136],[127.76911490494317,36.2852634270158],[127.7640567603467,36.284215690212996],[127.76442240042275,36.2828851267248],[127.76201582419567,36.2801126266722],[127.76208525358756,36.274710893499794],[127.76004749434588,36.2704479661121],[127.75433251257368,36.26857390786154],[127.74266315487709,36.270901373196395],[127.73723582652556,36.27248660805275],[127.733086142068,36.275091727922096],[127.73049926729573,36.27211405235067],[127.72559568782552,36.27050495985849],[127.72244241111932,36.26666057078183],[127.71928140973417,36.26651012915658],[127.71885973499869,36.269746829398954],[127.71322435151289,36.2677324755669],[127.71365253180555,36.26428449515924],[127.70538541682181,36.261876888752184],[127.70167156299175,36.261356321469414],[127.69943747407677,36.258266773035096],[127.6982780276094,36.254379451086095]]]]}},{"type":"Feature","properties":{"regionCode":"43740","name":"영동군","parentCode":"43"},"geometry":{"type":"MultiPolygon","coordinates":[[[[127.84595793011906,36.0386882878764],[127.84247696446474,36.03649059427134],[127.83258636325938,36.03514325776702],[127.82581173308688,36.03273587587026],[127.81874312094118,36.028022498692835],[127.80438587636935,36.026288043125575],[127.80081065866884,36.026495071711565],[127.79762376931522,36.0249656465319],[127.7878526799305,36.01424896298777],[127.78372329794068,36.01611961469902],[127.77796248234908,36.01563204262204],[127.7691532001954,36.0122822434797],[127.76470501732238,36.012082012052026],[127.76022452968773,36.01364548527005],[127.75876452410006,36.01499409671716],[127.76304831521695,36.021295295090624],[127.76239067785498,36.024803651603285],[127.75939200329267,36.025579648654094],[127.75536509784425,36.02413986400525],[127.75261980737639,36.02469431801854],[127.74789905420604,36.02935126522462],[127.74417987401256,36.02866619990563],[127.74211333185396,36.024594920514026],[127.73947568742446,36.025479054967875],[127.73670447672944,36.03085923167163],[127.73107451373221,36.032249669127566],[127.72815287603441,36.03042996355356],[127.72754751305041,36.02813512848118],[127.72510448426848,36.02751254945009],[127.72283520468099,36.031296039321134],[127.71983542249257,36.030440762734635],[127.71696165294142,36.034395891164785],[127.71365634097167,36.03536480861168],[127.70499255433248,36.03365208178991],[127.70029800628336,36.03654881672137],[127.69964097294493,36.03875039340273],[127.69646685221458,36.04119862704586],[127.69504760855627,36.04638371151022],[127.69551182852528,36.053023104138006],[127.69672489579274,36.05621678706177],[127.69523407378513,36.058666883580976],[127.6914633537703,36.05855577908797],[127.68921917311803,36.06254808505796],[127.6838621704427,36.06083771240203],[127.68109505552867,36.0582170662326],[127.67418923838494,36.054415888200076],[127.67081114841135,36.051917812257194],[127.67170042165425,36.04843086146051],[127.67115715193329,36.04358895077667],[127.67262006326149,36.041312500891976],[127.66920147842455,36.038297278405125],[127.66542815683724,36.036766266238885],[127.66040471923989,36.038067384509624],[127.65991206023799,36.04215895879515],[127.65502733856313,36.054885499534606],[127.65309010566729,36.05711259853393],[127.64912503658455,36.05801077117426],[127.64861321632027,36.06267821130921],[127.64471294251317,36.066569874975364],[127.63775557078975,36.06835941461451],[127.63451054245596,36.07517966397598],[127.63245481946862,36.081954697433375],[127.62405937097327,36.090003014808794],[127.6200627730249,36.09080435828571],[127.61815648579987,36.093686314004955],[127.61797038775815,36.09633513690905],[127.61814535885686,36.106057828637404],[127.61956852501133,36.10901887828651],[127.61344749784517,36.11172549965582],[127.61006826409104,36.11862007211984],[127.60385365739546,36.11710010685178],[127.60186660267222,36.119113425896074],[127.59797080179752,36.12557047950186],[127.59243410203055,36.13016652615825],[127.59020275590923,36.13382996985534],[127.59105617418005,36.137197257064564],[127.59034869586377,36.143284058364536],[127.59347240686981,36.15012155392708],[127.59362936546734,36.152966980275075],[127.59781943683512,36.15730712693969],[127.60017998748309,36.15871234074365],[127.601738375603,36.16158738537351],[127.60086450856525,36.169482945618256],[127.59850281867759,36.17392895208632],[127.59654740895846,36.174354012163974],[127.5934523294966,36.177481293861156],[127.59536466020086,36.17956401973688],[127.59544633891312,36.1821473626698],[127.59812157028178,36.184352318266455],[127.60215621061921,36.183897499396224],[127.609263118171,36.18507386225191],[127.61162240874141,36.18285730844444],[127.61464378284467,36.1838845683473],[127.61882723700582,36.18156913902712],[127.62400248917228,36.1807876191477],[127.62710205779611,36.17777248660055],[127.63415708885775,36.18079399052565],[127.63920897879878,36.17539483406704],[127.64405374935198,36.17171452609105],[127.65047573647443,36.17073648906758],[127.65204992016359,36.1715223965233],[127.65470636062501,36.17726756042645],[127.65055623506002,36.18346627079454],[127.6501529067046,36.185114285863996],[127.65364340898277,36.18851922694007],[127.65452331717059,36.19187955325038],[127.65202275182688,36.194214947844216],[127.6524465182537,36.19941462781827],[127.64959914397541,36.203706288919314],[127.64865904574621,36.208443115211814],[127.65168417639119,36.21465732365793],[127.65176144221243,36.21741951717053],[127.65007833064858,36.22002963161102],[127.65064598755279,36.22508157020909],[127.65361061903573,36.22609408853224],[127.65599275965498,36.229020037017385],[127.66334673150676,36.22355720168299],[127.67324472177233,36.22306121347938],[127.67835407311146,36.22459007162205],[127.68305296336615,36.22895712632142],[127.68259926778352,36.23101697699021],[127.69172247688864,36.239267207606794],[127.69330971774777,36.24441589612484],[127.69303019326259,36.249751674158865],[127.6960122146334,36.250513222803214],[127.6982780276094,36.254379451086095],[127.69943747407677,36.258266773035096],[127.70167156299175,36.261356321469414],[127.70538541682181,36.261876888752184],[127.71365253180555,36.26428449515924],[127.71322435151289,36.2677324755669],[127.71885973499869,36.269746829398954],[127.71928140973417,36.26651012915658],[127.72244241111932,36.26666057078183],[127.72559568782552,36.27050495985849],[127.73049926729573,36.27211405235067],[127.733086142068,36.275091727922096],[127.73723582652556,36.27248660805275],[127.74266315487709,36.270901373196395],[127.75433251257368,36.26857390786154],[127.76004749434588,36.2704479661121],[127.76208525358756,36.274710893499794],[127.76201582419567,36.2801126266722],[127.76442240042275,36.2828851267248],[127.7640567603467,36.284215690212996],[127.76911490494317,36.2852634270158],[127.7694100792996,36.288855900354136],[127.77292332011244,36.29120866808781],[127.77592212677526,36.291802310055125],[127.77833790470349,36.28990178302791],[127.78763230771813,36.289084030008325],[127.78878859288855,36.29111984861767],[127.79469854500124,36.290745091659595],[127.79496912698143,36.29788069982642],[127.7997183166524,36.298564285621715],[127.80141554075054,36.30408478895529],[127.8049998350994,36.30543276595935],[127.80785109683562,36.309135518597095],[127.81372048657407,36.30820544048799],[127.81722217193486,36.310239614649376],[127.81928434606013,36.30911624254128],[127.82083075984562,36.30523774233191],[127.8250106304579,36.310025662178354],[127.82914135065498,36.310113893046],[127.8350826418093,36.31256851307942],[127.84021746762019,36.31546636024744],[127.84495130687378,36.316264998410446],[127.84107459808655,36.30962200025174],[127.84447356330215,36.30539448441705],[127.84719936600827,36.30064617178621],[127.8456754123861,36.29643875232325],[127.84688535779857,36.291598963721306],[127.8493984510298,36.28891012385495],[127.85131186144285,36.27573953763265],[127.85231958915783,36.273891687176125],[127.85522064361355,36.27624384437019],[127.85882351113347,36.27743413268437],[127.8626526711624,36.27754009263511],[127.8797676327189,36.274983484191225],[127.88428524168216,36.27367482774437],[127.88798421519407,36.28009857031953],[127.88925226234635,36.28694068495813],[127.8920410667616,36.29216979314774],[127.89485956397101,36.29354279103148],[127.89929787374221,36.298774235001844],[127.90318141072242,36.30191864077152],[127.90509215193288,36.302378775098674],[127.90665835200608,36.29363202356296],[127.90597614339391,36.290077978803325],[127.90704739583418,36.286080579563496],[127.9133798662936,36.28088641377373],[127.917042492724,36.28082875576126],[127.9219652233174,36.27889271925582],[127.93091373436454,36.278215466119555],[127.9337277566039,36.27611735883615],[127.93483986149654,36.27260879069543],[127.93794840631516,36.269129074084105],[127.94257854448065,36.266937103921336],[127.94730215532314,36.26723136991037],[127.94824628487564,36.257450868349345],[127.94918815482633,36.25659808480644],[127.9544688990085,36.25719383325645],[127.96023358304664,36.25243179336936],[127.96536037703353,36.25243508705665],[127.96861184826216,36.25038655929712],[127.97237094536027,36.25222454876963],[127.97895686212556,36.254052514078026],[127.97904249685689,36.255709732768864],[127.97688874027061,36.258885248477895],[127.98217036739776,36.26419738389403],[127.99144712090003,36.265423601133755],[127.99440806350914,36.267441240012765],[127.9990169983522,36.26775530141932],[128.00055817202036,36.266374157633564],[128.0081321340936,36.27161333495534],[128.0118672142043,36.27143710319261],[128.01560934987793,36.26803697004072],[128.02042337050835,36.267127637480655],[128.02623372844707,36.26786747748041],[128.0279641553517,36.26476050992014],[128.02984870793216,36.26474432112203],[128.03283311657768,36.261876494297034],[128.03978365959415,36.25917161773477],[128.04802614151149,36.257139240048005],[128.04465646957203,36.25268141139317],[128.0396105737729,36.251002018151326],[128.0354490666468,36.24339325536329],[128.03004830584155,36.240308201160694],[128.03317551022667,36.233544365695096],[128.03932703467254,36.22914257246396],[128.04043288375433,36.22475779683107],[128.03930428872656,36.221688593659856],[128.04219175943973,36.21900558114182],[128.0424285404544,36.217266672787204],[128.0503752106311,36.21530251467716],[128.04946953972797,36.21070514721667],[128.05068834366608,36.205918075663476],[128.05540127554926,36.20262661829894],[128.06295971248986,36.19922069210288],[128.05906295855885,36.199660072348465],[128.05536582770253,36.201192707169916],[128.05252068569996,36.20088876885184],[128.04520332138287,36.196334306401226],[128.03835435697374,36.193999058174626],[128.03345055042436,36.20008101648031],[128.02629918681782,36.20568202834363],[128.01729208492694,36.20848254586696],[128.01351740596203,36.20913294790416],[128.0032894590978,36.20781590219844],[128.00236534089322,36.206236635848015],[127.99753422266762,36.20605645486955],[127.99499415857467,36.20419595236771],[127.99226003668814,36.19981065033493],[127.98601713804247,36.20040165221076],[127.98253604040865,36.19854860936937],[127.98178751376102,36.19580468409673],[127.97651739178873,36.19234763952824],[127.975691703117,36.18854163680873],[127.97615396336836,36.18667795202505],[127.97943907877394,36.18296709806164],[127.98101079376518,36.179860362697454],[127.98468219408393,36.177094066101],[127.98299360311987,36.17258330814396],[127.9834658502645,36.16977168874083],[127.98960067334026,36.16474952542206],[127.99045747831482,36.15921635369582],[127.99563222201438,36.15684860279667],[127.99647448479674,36.153694068257714],[127.9909297202557,36.15116473668676],[127.9873321499641,36.147385156938775],[127.98670635779266,36.14318759063211],[127.98808926088579,36.14269334096175],[127.98731530100687,36.137227254398184],[127.98880469344446,36.13292284925313],[127.98763907732643,36.12962394670413],[127.98186766782179,36.12466381174144],[127.97966372753956,36.12469970761863],[127.97713893569802,36.12196617875928],[127.97410234219345,36.12061380047978],[127.96647758808618,36.11849233452083],[127.96748269989378,36.11609539765209],[127.96722274665507,36.11002857684467],[127.96856746242462,36.10722000363855],[127.96555896536717,36.10192855649085],[127.96305777725159,36.099064846210894],[127.96291738440149,36.09624669664341],[127.9578361101239,36.094888499987334],[127.95870451418439,36.08777960538255],[127.96174620764141,36.082805420222506],[127.9613862261557,36.06838914288329],[127.95610333084961,36.06774265008741],[127.95214948420042,36.065191530632035],[127.94958861669518,36.05942262595667],[127.94663962391387,36.056626624193214],[127.94157744024949,36.054406694955865],[127.93586148048828,36.05066365172531],[127.93166895448768,36.050222770343574],[127.92613902222335,36.05325700965353],[127.9170617626286,36.05440274206359],[127.91245967746913,36.050628534544295],[127.90950683142611,36.049660963165756],[127.90399483726833,36.04272965626061],[127.90355441686026,36.0389667290543],[127.89701471533843,36.037100350654626],[127.89282285477972,36.03663659751779],[127.88797971931594,36.03480014018413],[127.8854232083616,36.036024205089575],[127.88299331904511,36.02721830630147],[127.88114166666566,36.02510128482217],[127.87692624777289,36.02244194484873],[127.86532455538837,36.02506560389939],[127.86064960582782,36.031275856506646],[127.85621655729928,36.032964695813895],[127.85342052844096,36.03905364246061],[127.8493727972915,36.03966341499098],[127.84595793011906,36.0386882878764]]]]}},{"type":"Feature","properties":{"regionCode":"43745","name":"증평군","parentCode":"43"},"geometry":{"type":"MultiPolygon","coordinates":[[[[127.62637302514418,36.79055919506249],[127.62104199014624,36.78814759613715],[127.6206028234294,36.77953428187983],[127.62300986348127,36.77901001236435],[127.62750099706957,36.77643989623188],[127.62923488563656,36.773193978969665],[127.62699546294719,36.7670177606879],[127.62373181955057,36.760335169292496],[127.62687582893406,36.757748280874694],[127.63038547258955,36.75287457281656],[127.63519893676576,36.75015964340997],[127.63617532801227,36.74122939953585],[127.6390020526233,36.73796557728276],[127.63863469428343,36.73287431755473],[127.6416408234472,36.731680096714165],[127.64945534198276,36.73268500881879],[127.65135355527941,36.73512607032027],[127.65391242446822,36.73525487116363],[127.65678617554572,36.73241877216711],[127.66237379615731,36.73231646690654],[127.66492445038257,36.72977946954048],[127.66175731146622,36.72252136333448],[127.66223338417386,36.7168634076788],[127.66160823974722,36.714348021786485],[127.65626420497101,36.70681954332973],[127.65529574995038,36.70473773252849],[127.65073929732847,36.70200960908671],[127.64784797018292,36.7012350671448],[127.64248560415086,36.70264086548978],[127.64134734872027,36.70549854022719],[127.63851470423205,36.70756868054214],[127.63399767158575,36.70868356063678],[127.62692955778219,36.70749287726547],[127.62285015338138,36.70492086368904],[127.61775855475102,36.70745032319627],[127.61865733518012,36.716412906344644],[127.61542449049408,36.71870628149861],[127.61430307249503,36.725263239075474],[127.61115831298673,36.72902733838011],[127.60988985957624,36.731610002593236],[127.6098997737454,36.735547770359126],[127.608464845514,36.73658649221478],[127.60800009249772,36.739814820145874],[127.60417229314925,36.74556652199592],[127.60057458096684,36.74569561517901],[127.598191383252,36.74431925487061],[127.59577662538877,36.74467709431996],[127.59026036685766,36.74857680987142],[127.59024411572825,36.75340640128635],[127.58841233295416,36.7570957900875],[127.58860090424717,36.762525015572045],[127.58479002853394,36.76458486021315],[127.57500607961063,36.767445375534294],[127.57238519383739,36.77015701105946],[127.56871687336326,36.77175806509445],[127.56632130024964,36.7778914571868],[127.56421959196943,36.779621831455124],[127.56438010047054,36.781278348746525],[127.55539085470801,36.798975951655684],[127.55300708681025,36.79929366512094],[127.54849317343336,36.7981561548209],[127.54313046691661,36.801937408332535],[127.53876723109892,36.807020753509434],[127.53706817783309,36.80793299551741],[127.54486987306663,36.81374055426183],[127.54961546572999,36.81307012712003],[127.5557655880548,36.817942071907],[127.55933311369517,36.81879959910299],[127.56433974634854,36.81864821064228],[127.57214548091902,36.82052081565898],[127.5751751526656,36.82357144375803],[127.57666425210404,36.826934971254154],[127.57899082671703,36.829120326315774],[127.57722108551167,36.83009640285929],[127.57242538971767,36.82834292330759],[127.56948589506145,36.82823506965123],[127.56740283143544,36.82991590161179],[127.56932222532271,36.83354254301228],[127.56903028230617,36.83672556513233],[127.57184901275187,36.84294143659191],[127.57183980041385,36.850071914792885],[127.57812830880872,36.85109201116667],[127.57791199905343,36.85327325455717],[127.57835165619474,36.8568420323435],[127.58083916130981,36.85877879000026],[127.58291414678853,36.857685034832244],[127.59148019481702,36.85759117654814],[127.59547006458254,36.8530065054694],[127.59785091741888,36.8520242641439],[127.60297336776785,36.85195386258656],[127.60643118455849,36.85337747634951],[127.61353495467691,36.858094533239466],[127.61741938955653,36.85756184448629],[127.61540982596169,36.85312196452],[127.61273009429941,36.85105971239877],[127.6113325625444,36.847716603632605],[127.61293135153417,36.84396279414781],[127.61352713134139,36.834964142068095],[127.61686759319586,36.83460117667056],[127.61859488573089,36.83649890867702],[127.62460935807187,36.83757452678606],[127.62656538706565,36.84259194515426],[127.63538770283404,36.84705484943024],[127.63784009928779,36.847296257145146],[127.63746798210487,36.84576595258778],[127.63926919107972,36.84249075323814],[127.63799776631049,36.83992279792327],[127.6344670273406,36.836223944014044],[127.63223171048024,36.830408032752175],[127.62917689649356,36.82611890999441],[127.62897122786222,36.82223624094001],[127.63150383526087,36.8148250675462],[127.63421362302572,36.81381844743168],[127.63656818064025,36.811419525016525],[127.63672412343216,36.80949702187672],[127.63412854865287,36.80727518759385],[127.6360579035603,36.80447660351363],[127.63891083779326,36.80383336499243],[127.64187592700051,36.801657128493694],[127.64195281626492,36.7998296825984],[127.63481218829585,36.79343004424312],[127.62929755753316,36.79395908902045],[127.62452610604116,36.79269896700583],[127.62637302514418,36.79055919506249]]]]}},{"type":"Feature","properties":{"regionCode":"43750","name":"진천군","parentCode":"43"},"geometry":{"type":"MultiPolygon","coordinates":[[[[127.49056113780172,36.77349471344663],[127.48825439139965,36.775068213374624],[127.48222990324625,36.776038609284825],[127.48139136978835,36.77412207404637],[127.47029968390869,36.76887481215177],[127.46749970908947,36.76978489755596],[127.46180949314181,36.77017231919619],[127.45857217571836,36.76607335241676],[127.45447850139627,36.76276426267537],[127.4522977937215,36.76207949321178],[127.45010321801276,36.75900655545964],[127.44957843026246,36.75483153063433],[127.44982690916403,36.74952974184493],[127.44631640238315,36.748241096944184],[127.4424713567867,36.74948228031529],[127.4413820572835,36.752342788874515],[127.43858244101027,36.75327091852446],[127.4306561916986,36.75112697984542],[127.4271392897808,36.7507462556794],[127.42520356752964,36.754293344606545],[127.42734766235894,36.756861192696746],[127.4225939141584,36.758086250244375],[127.41958251506634,36.757572933018906],[127.42021452517524,36.760837496164974],[127.4125238137605,36.77184331602735],[127.4083240838294,36.77392231925246],[127.4035627572142,36.77437706417103],[127.40134616633225,36.777037504846255],[127.4016844341743,36.77853266260527],[127.39810301380783,36.78170949370728],[127.3954330691591,36.78245244924206],[127.39502742360997,36.7844732865297],[127.39660592492021,36.78988952414481],[127.4017031654982,36.79526871295945],[127.40101124968045,36.79909149081051],[127.39768407945012,36.799800353005686],[127.39202256858765,36.805864130277904],[127.38796163651669,36.808516393018515],[127.38167912083603,36.81379006543972],[127.37240594523358,36.81643739580303],[127.36658109140889,36.81685061602588],[127.36380691401293,36.81956389387125],[127.35795713526367,36.822125158113636],[127.35784305718616,36.82547154510823],[127.35583803767402,36.8284728746005],[127.35092143955418,36.83016322516865],[127.34597295707495,36.82844908661337],[127.33948296624628,36.83073731453215],[127.33598138419697,36.82953322487571],[127.33298592931318,36.83148131762554],[127.33519256434941,36.83688521347048],[127.33352221621345,36.8378267651631],[127.33530464249267,36.843786002435365],[127.33657361953232,36.8448908284183],[127.33602278913555,36.85035521476467],[127.33659505371457,36.85360371686304],[127.33430839263131,36.85635066123106],[127.32828935203203,36.85804314819996],[127.32176911059732,36.85774421503321],[127.31612538880148,36.8589468428273],[127.31232651543843,36.85754496737595],[127.30734848468741,36.85966715808868],[127.30600808376768,36.86296401571465],[127.31133235931374,36.870078060268135],[127.30996377924485,36.87331551652032],[127.30975493132703,36.881162860813674],[127.3080777530896,36.8852578916172],[127.30492983228471,36.8854130435194],[127.30155299203439,36.88716107449643],[127.2989559726749,36.88972592144781],[127.29595543000448,36.88966480304306],[127.29061225616182,36.89226966193235],[127.289801866995,36.893818800322194],[127.29067110253496,36.89684852877622],[127.29698685724028,36.90177132494592],[127.30345961644443,36.91343152896384],[127.30407765078967,36.915140516788874],[127.29592138503041,36.92814640787249],[127.29657377301295,36.929565034382236],[127.30914734415009,36.92909412682449],[127.31502729726009,36.93221894323014],[127.31648835755597,36.93464618971716],[127.3231836476947,36.93643469120414],[127.32702955185152,36.93578267684557],[127.3321773031832,36.939516416718035],[127.33923854636647,36.94302501916344],[127.34342979642655,36.944296119901935],[127.3435093539804,36.947976288052985],[127.3497353751849,36.95256716472005],[127.3540672764494,36.95225050708647],[127.35597600949602,36.951063056423955],[127.35789456139054,36.94747819285804],[127.36204675352215,36.94927209750121],[127.37252215083764,36.94929048191997],[127.37549500023763,36.94818434728433],[127.37852771077901,36.951466248384584],[127.37863331043036,36.95580481087467],[127.38005635372056,36.95855215133564],[127.38538175255121,36.95914282978116],[127.3875945076214,36.964065377211895],[127.3915742948149,36.96474455812905],[127.39659867733265,36.963985109449155],[127.40185704887993,36.96774918631385],[127.39959665855967,36.97003595222194],[127.3941213569405,36.97729680113444],[127.38961179319072,36.98016477306809],[127.38608278146444,36.98139177710204],[127.38536456855753,36.985057581808555],[127.39069749441265,36.99088163771361],[127.3925362280613,36.99649746330527],[127.39553397488889,36.998378186663025],[127.4019565494404,36.99877552426492],[127.408145802024,36.99818039354481],[127.41197050796437,37.00026268574236],[127.41508727195931,36.99966095000167],[127.42234935290085,37.00476296757855],[127.4297345763771,37.00187822504848],[127.43446395130877,37.005256378359356],[127.43838061719016,37.00991861607215],[127.44111132735999,37.01161855287262],[127.44670427543596,37.01103156441478],[127.44892088918908,37.00985067924093],[127.44899122206652,37.00435428353048],[127.44743126475994,37.00068721634565],[127.44797254155537,36.997844127878466],[127.45018100128735,36.99389313524726],[127.44872851789117,36.99220742239546],[127.44812088607084,36.988774266419625],[127.44949476696628,36.976624697610106],[127.45328660543629,36.974320300926045],[127.45443770875572,36.9695216887029],[127.45587950792824,36.96836705692279],[127.4571218899221,36.96375691709232],[127.45374347571084,36.96216081264384],[127.45000333981952,36.963310974824616],[127.447115175513,36.96152020846244],[127.44528187120831,36.95855921510568],[127.44683307855269,36.95106123439671],[127.44802033200983,36.95001955442109],[127.45090746249194,36.94797728814354],[127.45642950017516,36.947285720093944],[127.45931661919629,36.947967052063504],[127.46222973217775,36.94729900249108],[127.46400294837154,36.94411849782159],[127.46532899651596,36.939606250882804],[127.47001755461216,36.93645635600825],[127.47286126116245,36.93581568328072],[127.47633937325706,36.93642708012114],[127.48135086736556,36.933675665902726],[127.48283755305926,36.93634741496685],[127.48549673555463,36.93822698872871],[127.49160072679562,36.938710507790425],[127.49980914474078,36.934074211739315],[127.51021960914949,36.930395750896906],[127.51135299237683,36.930897666543146],[127.51986193964368,36.92316927073205],[127.52261111873061,36.91891203135204],[127.52319869780703,36.91571476627285],[127.52566361015273,36.91133355587415],[127.52714293879379,36.91070387255438],[127.53464462629533,36.912267785849],[127.5372279328406,36.91032453261924],[127.5415153275616,36.905631503637224],[127.5449683421693,36.90486745534995],[127.54588879287647,36.9007475427618],[127.5495976548985,36.89821213826405],[127.55366492572126,36.89820770077401],[127.55499612156198,36.89646026206682],[127.5519144046026,36.89397061036065],[127.55513728306332,36.891275231611885],[127.55534718528746,36.88702230126986],[127.55742394165125,36.88585297305657],[127.56116728103031,36.88594278732494],[127.56218489335897,36.88252355339451],[127.56683772507233,36.882716251536266],[127.56906323470471,36.88547812649141],[127.57142015431145,36.88205943916791],[127.57177893276322,36.87854807212836],[127.58179436282772,36.876517673316904],[127.58455217626182,36.87449184831639],[127.58513589741223,36.870408837766135],[127.58168496569922,36.86647441772073],[127.57724350125302,36.865830296185436],[127.57765063977399,36.86310107143333],[127.57515233903601,36.85780894632341],[127.57791199905343,36.85327325455717],[127.57812830880872,36.85109201116667],[127.57183980041385,36.850071914792885],[127.57184901275187,36.84294143659191],[127.56903028230617,36.83672556513233],[127.56932222532271,36.83354254301228],[127.56740283143544,36.82991590161179],[127.56948589506145,36.82823506965123],[127.57242538971767,36.82834292330759],[127.57722108551167,36.83009640285929],[127.57899082671703,36.829120326315774],[127.57666425210404,36.826934971254154],[127.5751751526656,36.82357144375803],[127.57214548091902,36.82052081565898],[127.56433974634854,36.81864821064228],[127.55933311369517,36.81879959910299],[127.5557655880548,36.817942071907],[127.54961546572999,36.81307012712003],[127.54486987306663,36.81374055426183],[127.53706817783309,36.80793299551741],[127.53876723109892,36.807020753509434],[127.54313046691661,36.801937408332535],[127.54849317343336,36.7981561548209],[127.55300708681025,36.79929366512094],[127.55539085470801,36.798975951655684],[127.56438010047054,36.781278348746525],[127.56421959196943,36.779621831455124],[127.5603604436844,36.77814805405871],[127.55442568193502,36.77784665985483],[127.54975059911654,36.77632142487017],[127.54424935319997,36.773647824859836],[127.54118439868783,36.77413898283321],[127.53202398936178,36.77174466815407],[127.53019209621941,36.770090751530574],[127.52178286333168,36.769765768351384],[127.51583943048176,36.76804724316036],[127.51129811097367,36.76798451156294],[127.50624972190242,36.76545530288544],[127.50134390269096,36.763945428436415],[127.50270666828047,36.766056223042725],[127.50895200699631,36.76950302667248],[127.51061685096307,36.77389179066643],[127.50934882624406,36.775973032899316],[127.50498314595826,36.77893573168286],[127.50195222925579,36.77970829797716],[127.49484817316768,36.777579080502186],[127.49056113780172,36.77349471344663]]]]}},{"type":"Feature","properties":{"regionCode":"43760","name":"괴산군","parentCode":"43"},"geometry":{"type":"MultiPolygon","coordinates":[[[[127.93210005992312,36.70282182355268],[127.93118531731575,36.69905765774688],[127.9315654381019,36.693363849493466],[127.9276890571246,36.68978843775784],[127.92290960943045,36.691857873843766],[127.9186046559908,36.69228874771682],[127.91537173744638,36.69400356850175],[127.91293635421961,36.69258203734634],[127.90039909745633,36.69311241711104],[127.89596236333618,36.694246387412385],[127.89463142703485,36.69290178766104],[127.88735174714806,36.69131038163569],[127.88551287020424,36.68779799809396],[127.88189375145211,36.68573973868478],[127.88066136881163,36.68358392466284],[127.87729725366908,36.68223907390341],[127.87703440172953,36.679634260828415],[127.87923758836801,36.67842736253659],[127.88409654172922,36.67918185679657],[127.8877098782195,36.67888402656656],[127.89203896192859,36.682306908016386],[127.89630273109886,36.68247819727957],[127.9037361876516,36.68036706387917],[127.90670629080192,36.68020902595412],[127.91292952204307,36.6777451974379],[127.91847711127824,36.667992007073465],[127.92563991107644,36.669201280669895],[127.92865746587,36.66836483908627],[127.93231911165631,36.6651520956636],[127.93117287163606,36.656082755609596],[127.93150759713882,36.6536186015781],[127.93589714184436,36.652726108364035],[127.93919481990096,36.64962892262629],[127.93961031523092,36.64691571908597],[127.9358122278036,36.64337746542988],[127.93464015144757,36.63681502302111],[127.93596712381537,36.63362534438763],[127.93216713807159,36.62457183244236],[127.9336315116805,36.62054061642381],[127.93163914460936,36.617936555864766],[127.9249143826421,36.61548215382375],[127.92427744881519,36.611399569638955],[127.92510642761629,36.608096015677916],[127.92386792307082,36.60523755867826],[127.92043519607621,36.60364852094976],[127.91553289869549,36.60625027329785],[127.91643179769726,36.61121165320224],[127.91458918398494,36.61648762867459],[127.91220991555436,36.61903512910091],[127.90972772892407,36.625730201846814],[127.9038426606239,36.6277184609743],[127.9008131601122,36.62673218206968],[127.89626492545558,36.626499838231474],[127.89421317349394,36.62817806806891],[127.88941316886705,36.62945989124437],[127.88819116557396,36.635295407066586],[127.8898904238351,36.63686355705091],[127.88914501437881,36.64027914062825],[127.88447237541713,36.64336256209692],[127.88234711353911,36.6462237539147],[127.88169922353924,36.65085806708157],[127.87978099900091,36.65756294715064],[127.87407100953085,36.65538560900438],[127.87244947454988,36.64828383980653],[127.87033554001921,36.647215290716694],[127.87055096616994,36.64393918535155],[127.86647393959764,36.640341296736224],[127.86446475938509,36.63987520559214],[127.86383615963503,36.63663391793014],[127.86158437153667,36.6342262458137],[127.85722357561421,36.633447113463504],[127.84800512102368,36.63336205649375],[127.84831851793221,36.62772656527697],[127.84747494075825,36.62488709991556],[127.85107975985068,36.61892209187612],[127.85672813277336,36.61795577035666],[127.85905718837064,36.61324174774619],[127.85694489989247,36.61221809753634],[127.85325595397423,36.61301235838529],[127.84961158036643,36.61276735146113],[127.84763085374523,36.61095218776791],[127.84205935913928,36.60864297227724],[127.83794615272566,36.60905583714204],[127.83221058765125,36.61230274808671],[127.8274628071758,36.611025943513745],[127.82378688891913,36.6125511820965],[127.81944911511819,36.608167981594356],[127.81483351905366,36.608764150865625],[127.8087773408262,36.60553075679369],[127.80651178723699,36.60315224588958],[127.80112175722249,36.60196905996864],[127.79840808894663,36.602280805215834],[127.79672930937988,36.605182669140696],[127.79140834494106,36.610773551544156],[127.7864522482956,36.613742119090894],[127.78189073427215,36.6086456912031],[127.77801656987745,36.60779022912274],[127.77682480338959,36.60626234634183],[127.77183113688477,36.60548172310661],[127.76980086174736,36.604117253785134],[127.76406430033232,36.61320999341225],[127.75928256890042,36.61694414772473],[127.75039100928426,36.62160735974372],[127.74892509279422,36.626471972581],[127.7419971226014,36.62861548139341],[127.74121024545757,36.632253423950324],[127.73906750903589,36.63579253052822],[127.73876655549881,36.639498060774734],[127.73428209807449,36.639412805613205],[127.72986542454633,36.64355003990623],[127.7247288890723,36.64568156383786],[127.72363326303827,36.65140177756563],[127.71968921190974,36.6522386165949],[127.71199766022804,36.65092973471857],[127.70897551356632,36.65451587404764],[127.7119752047681,36.65763709893866],[127.71163905113134,36.66071039498483],[127.71422125323113,36.66107890294507],[127.71181055806073,36.66507608012],[127.71288952966782,36.66807033125244],[127.71821132142244,36.67020108978679],[127.72423860529103,36.67418451766085],[127.72622660649031,36.67690498112412],[127.72712961326759,36.68051277769656],[127.72894538382073,36.68262364455693],[127.72334282237068,36.683160189701915],[127.71895126830765,36.687565979545],[127.71326046757582,36.690539437984256],[127.71374707239701,36.6952370786378],[127.70729788929532,36.70101132847955],[127.70584436839876,36.70043683486452],[127.70256492030337,36.70383580136607],[127.7030380399315,36.70873584559645],[127.69968532632579,36.71062386694561],[127.69759787941356,36.71024338399886],[127.69264887151083,36.71215243633675],[127.68904243045716,36.71546963499312],[127.68780698988019,36.719487086595656],[127.68589748253639,36.72085468849885],[127.6786961682984,36.718896660883324],[127.67224968384474,36.722110477059786],[127.66608717502399,36.72917798519262],[127.66492445038257,36.72977946954048],[127.66237379615731,36.73231646690654],[127.65678617554572,36.73241877216711],[127.65391242446822,36.73525487116363],[127.65135355527941,36.73512607032027],[127.64945534198276,36.73268500881879],[127.6416408234472,36.731680096714165],[127.63863469428343,36.73287431755473],[127.6390020526233,36.73796557728276],[127.63617532801227,36.74122939953585],[127.63519893676576,36.75015964340997],[127.63038547258955,36.75287457281656],[127.62687582893406,36.757748280874694],[127.62373181955057,36.760335169292496],[127.62699546294719,36.7670177606879],[127.62923488563656,36.773193978969665],[127.62750099706957,36.77643989623188],[127.62300986348127,36.77901001236435],[127.6206028234294,36.77953428187983],[127.62104199014624,36.78814759613715],[127.62637302514418,36.79055919506249],[127.62452610604116,36.79269896700583],[127.62929755753316,36.79395908902045],[127.63481218829585,36.79343004424312],[127.64195281626492,36.7998296825984],[127.64187592700051,36.801657128493694],[127.63891083779326,36.80383336499243],[127.6360579035603,36.80447660351363],[127.63412854865287,36.80727518759385],[127.63672412343216,36.80949702187672],[127.63656818064025,36.811419525016525],[127.63421362302572,36.81381844743168],[127.63150383526087,36.8148250675462],[127.62897122786222,36.82223624094001],[127.62917689649356,36.82611890999441],[127.63223171048024,36.830408032752175],[127.6344670273406,36.836223944014044],[127.63799776631049,36.83992279792327],[127.63926919107972,36.84249075323814],[127.63746798210487,36.84576595258778],[127.63784009928779,36.847296257145146],[127.63836172536858,36.849893351343084],[127.64203362018411,36.855425082711655],[127.64518304340082,36.85823402384463],[127.65276963264307,36.8607925649581],[127.65708182128526,36.8605804715815],[127.66601368327122,36.85776771115722],[127.67786214028594,36.85079300759673],[127.67891722729958,36.852642002468464],[127.6835881057541,36.85599723605751],[127.68412160171731,36.85893236702588],[127.6860648644949,36.859280962140936],[127.6872415236975,36.862356290125106],[127.68623658470658,36.868490315491],[127.68980142506256,36.871539835089024],[127.69144750272042,36.8753199570903],[127.68990872076057,36.878506906555465],[127.69800288847847,36.8804984980758],[127.70022722560921,36.87862487869726],[127.70779768276884,36.87582354086682],[127.70840856437918,36.87731897784209],[127.71700485197435,36.87721633273737],[127.72056678662895,36.87703901728968],[127.72609186258387,36.879381469306715],[127.73148843990188,36.87837468256672],[127.73508674011663,36.87946262438663],[127.74321187572659,36.87734778235033],[127.74539845402323,36.8778404963145],[127.7480035614017,36.87400695072936],[127.75015176127845,36.87305861930046],[127.7560938294083,36.8733715991706],[127.75908315958955,36.87415107756011],[127.76304070923173,36.877222376593465],[127.7662254568789,36.87476639748416],[127.77054912105321,36.87704621682236],[127.77639624242467,36.877827911626625],[127.77918593375111,36.87894462609924],[127.7859501613294,36.88010852096085],[127.78888461615624,36.88233725745772],[127.7891160621724,36.88560575049906],[127.78750685909095,36.894500953664256],[127.79218751785352,36.89802584845739],[127.79165957193659,36.901550439791514],[127.7863890583711,36.90402572449832],[127.7881518369066,36.90659384927167],[127.79632060536878,36.903123001968424],[127.79840421640121,36.90729250335656],[127.79737042285197,36.91224985315964],[127.79435035797862,36.91408287482637],[127.79294655205257,36.916881191918414],[127.7869023040934,36.915980042894155],[127.78401066491566,36.91767249913101],[127.78212130075957,36.92399496502465],[127.7863841720321,36.924733829714754],[127.78861647153697,36.92646217513887],[127.78933987183841,36.929246316283745],[127.78749672336934,36.931594291343416],[127.78873837216318,36.93409612957927],[127.78872722170374,36.93723378347338],[127.79231608357316,36.93928113371421],[127.7955548185994,36.946496461528],[127.80045114317741,36.94750949266157],[127.80640693433374,36.945925877952604],[127.80819789637411,36.94123342977369],[127.81025070491057,36.940103394889675],[127.82046898739934,36.94131204538274],[127.82240593055982,36.943391666992675],[127.82642146537228,36.94035534870089],[127.83304943700688,36.939743016904],[127.83354604450827,36.937370255138966],[127.8302209605087,36.93422748643113],[127.8337334812935,36.93304003338701],[127.8364367904063,36.930269766857144],[127.8402795563931,36.9297328265429],[127.84312072391059,36.927602299091724],[127.84209175902384,36.922348327645985],[127.83940462961675,36.91948499586329],[127.83808912317554,36.91331006120095],[127.84122513857132,36.91117026043668],[127.846345393569,36.90903724241408],[127.85127953001721,36.90898108617369],[127.85872483525789,36.904671282596624],[127.86015180811673,36.8992095031206],[127.86390556634397,36.89639369277184],[127.86806359044633,36.89703439861002],[127.87264256700807,36.895659014559],[127.8803424725696,36.895560378611854],[127.88095348644661,36.89011130001142],[127.8920474445595,36.89128209711629],[127.89692099230537,36.89316574670016],[127.90179999180292,36.88840717221111],[127.9071980706307,36.88651845549445],[127.90994741228904,36.88706193894447],[127.91265336129906,36.885919808203475],[127.91625878957588,36.88171455131711],[127.92050704889826,36.88176565600379],[127.92913986638054,36.88646369921642],[127.93541629515178,36.88819772564137],[127.94398076422267,36.88828798612711],[127.95077652533611,36.886722631200435],[127.94775727966014,36.87854675196122],[127.94471366203389,36.87395111521806],[127.94929662683292,36.87313447161185],[127.95352761716684,36.86992959414393],[127.95884760386973,36.867432182153024],[127.96115194827294,36.863664670667724],[127.96968071576536,36.86021845797004],[127.96746944880522,36.850745081854264],[127.9706724035195,36.84491704704448],[127.97522451263903,36.84188960625833],[127.97698362493101,36.836117859881135],[127.972591138347,36.82863771144983],[127.97266753607073,36.825505548079924],[127.97907661693488,36.82286494961842],[127.98190875717808,36.823223782048345],[127.98331658128791,36.817544062282636],[127.98229017105169,36.81541027234275],[127.98608079230517,36.81587280950959],[127.9930142929143,36.81244563704297],[127.99810297571436,36.812796504560254],[128.00249602348987,36.81036497729253],[128.004733341749,36.81065402171418],[128.01129744277972,36.80673287091882],[128.0140660889136,36.808607926921994],[128.01794950151893,36.80790772029815],[128.02362640472714,36.81411924869831],[128.02248384037122,36.823292707242025],[128.02296199397506,36.82495198525068],[128.02814107656582,36.824035065858446],[128.03211348168688,36.82516380689231],[128.03636473086138,36.82487030825876],[128.03946837970747,36.8215250204342],[128.04288513360981,36.82089649707905],[128.04724281664443,36.82219238173829],[128.05202845008026,36.81898591036959],[128.05955609408224,36.81680372242911],[128.059468364791,36.81390838713164],[128.05762588923565,36.81199847529632],[128.0575605292155,36.807051213456454],[128.05422938532072,36.804897660361576],[128.05634904224502,36.79896984603592],[128.05512126957854,36.793182329779235],[128.05080025396612,36.788226081429194],[128.04716586920722,36.78524770705914],[128.0445623625253,36.784569274487644],[128.0464777441141,36.77998559667981],[128.04434870599735,36.77507821177412],[128.0444243689262,36.7712461570824],[128.0407788096062,36.76736116189675],[128.03588469764628,36.759125236272446],[128.03214714160288,36.7546420779475],[128.03247701766645,36.747523748956695],[128.03723975361882,36.74448911009436],[128.04376283513108,36.7380692814659],[128.05155673564738,36.7361021588891],[128.05266875744476,36.731935953369565],[128.05564219368145,36.72871109682266],[128.0584188109494,36.72974697159583],[128.06119811969745,36.72633554567141],[128.0689508767222,36.72166599398062],[128.0739555695125,36.71164821950979],[128.07224396007283,36.70808540068912],[128.07132459910594,36.707293125745984],[128.0559409284076,36.708593503869686],[128.04876754350613,36.7075450322863],[128.03983309998958,36.71453355184248],[128.0334047466933,36.71679593300402],[128.03171393637032,36.719051288683275],[128.026105447412,36.71909969828385],[128.02227930709182,36.72378501215167],[128.0222219369789,36.72587226641779],[128.01434889357589,36.728265753559924],[128.01413875809385,36.73006353026429],[128.00841385860605,36.72776876110593],[128.00544914768747,36.7203875096736],[128.00261703605463,36.71663123600608],[127.99844991225812,36.71805167873737],[127.99266139116206,36.71731321653488],[127.98679978126262,36.71749872081816],[127.98043590606021,36.71996298648444],[127.97334060565903,36.72563894631511],[127.97091986209502,36.73058393067017],[127.96554778520081,36.73321249899358],[127.96077330747892,36.73677830811516],[127.95682366378877,36.73312627610913],[127.95422454531395,36.727611336501916],[127.95223486519524,36.71989530602378],[127.94797586709863,36.717452073012076],[127.94811034632937,36.714010815471646],[127.94951072753341,36.71234384560297],[127.94911570821237,36.70595671569465],[127.94634397569527,36.70443259565448],[127.94129409761958,36.70623150735302],[127.93501501816706,36.705629458682196],[127.93166668616641,36.706324874873374],[127.93210005992312,36.70282182355268]]]]}},{"type":"Feature","properties":{"regionCode":"43770","name":"음성군","parentCode":"43"},"geometry":{"type":"MultiPolygon","coordinates":[[[[127.70779768276884,36.87582354086682],[127.70022722560921,36.87862487869726],[127.69800288847847,36.8804984980758],[127.68990872076057,36.878506906555465],[127.69144750272042,36.8753199570903],[127.68980142506256,36.871539835089024],[127.68623658470658,36.868490315491],[127.6872415236975,36.862356290125106],[127.6860648644949,36.859280962140936],[127.68412160171731,36.85893236702588],[127.6835881057541,36.85599723605751],[127.67891722729958,36.852642002468464],[127.67786214028594,36.85079300759673],[127.66601368327122,36.85776771115722],[127.65708182128526,36.8605804715815],[127.65276963264307,36.8607925649581],[127.64518304340082,36.85823402384463],[127.64203362018411,36.855425082711655],[127.63836172536858,36.849893351343084],[127.63784009928779,36.847296257145146],[127.63538770283404,36.84705484943024],[127.62656538706565,36.84259194515426],[127.62460935807187,36.83757452678606],[127.61859488573089,36.83649890867702],[127.61686759319586,36.83460117667056],[127.61352713134139,36.834964142068095],[127.61293135153417,36.84396279414781],[127.6113325625444,36.847716603632605],[127.61273009429941,36.85105971239877],[127.61540982596169,36.85312196452],[127.61741938955653,36.85756184448629],[127.61353495467691,36.858094533239466],[127.60643118455849,36.85337747634951],[127.60297336776785,36.85195386258656],[127.59785091741888,36.8520242641439],[127.59547006458254,36.8530065054694],[127.59148019481702,36.85759117654814],[127.58291414678853,36.857685034832244],[127.58083916130981,36.85877879000026],[127.57835165619474,36.8568420323435],[127.57791199905343,36.85327325455717],[127.57515233903601,36.85780894632341],[127.57765063977399,36.86310107143333],[127.57724350125302,36.865830296185436],[127.58168496569922,36.86647441772073],[127.58513589741223,36.870408837766135],[127.58455217626182,36.87449184831639],[127.58179436282772,36.876517673316904],[127.57177893276322,36.87854807212836],[127.57142015431145,36.88205943916791],[127.56906323470471,36.88547812649141],[127.56683772507233,36.882716251536266],[127.56218489335897,36.88252355339451],[127.56116728103031,36.88594278732494],[127.55742394165125,36.88585297305657],[127.55534718528746,36.88702230126986],[127.55513728306332,36.891275231611885],[127.5519144046026,36.89397061036065],[127.55499612156198,36.89646026206682],[127.55366492572126,36.89820770077401],[127.5495976548985,36.89821213826405],[127.54588879287647,36.9007475427618],[127.5449683421693,36.90486745534995],[127.5415153275616,36.905631503637224],[127.5372279328406,36.91032453261924],[127.53464462629533,36.912267785849],[127.52714293879379,36.91070387255438],[127.52566361015273,36.91133355587415],[127.52319869780703,36.91571476627285],[127.52261111873061,36.91891203135204],[127.51986193964368,36.92316927073205],[127.51135299237683,36.930897666543146],[127.51021960914949,36.930395750896906],[127.49980914474078,36.934074211739315],[127.49160072679562,36.938710507790425],[127.48549673555463,36.93822698872871],[127.48283755305926,36.93634741496685],[127.48135086736556,36.933675665902726],[127.47633937325706,36.93642708012114],[127.47286126116245,36.93581568328072],[127.47001755461216,36.93645635600825],[127.46532899651596,36.939606250882804],[127.46400294837154,36.94411849782159],[127.46222973217775,36.94729900249108],[127.45931661919629,36.947967052063504],[127.45642950017516,36.947285720093944],[127.45090746249194,36.94797728814354],[127.44802033200983,36.95001955442109],[127.44683307855269,36.95106123439671],[127.44528187120831,36.95855921510568],[127.447115175513,36.96152020846244],[127.45000333981952,36.963310974824616],[127.45374347571084,36.96216081264384],[127.4571218899221,36.96375691709232],[127.45587950792824,36.96836705692279],[127.45443770875572,36.9695216887029],[127.45328660543629,36.974320300926045],[127.44949476696628,36.976624697610106],[127.44812088607084,36.988774266419625],[127.44872851789117,36.99220742239546],[127.45018100128735,36.99389313524726],[127.44797254155537,36.997844127878466],[127.44743126475994,37.00068721634565],[127.44899122206652,37.00435428353048],[127.44892088918908,37.00985067924093],[127.44670427543596,37.01103156441478],[127.44837057868187,37.016533471301464],[127.44959314973013,37.01820952365457],[127.45417513334822,37.02136973912655],[127.4580072963241,37.02058384586881],[127.45941390125036,37.0253741741447],[127.457835234687,37.03021248884566],[127.45805696588808,37.03296942384359],[127.45972593983403,37.03544982200921],[127.45949580241168,37.0384499279853],[127.4572094115823,37.04058590949618],[127.45771856487724,37.04359977632789],[127.46127415277407,37.047059413396966],[127.46830248797664,37.05055207301291],[127.46803673152135,37.0529979060048],[127.47137293505243,37.052544836782616],[127.48179434389718,37.053324174902414],[127.48995938220688,37.05281503301848],[127.4907188162117,37.051301622379235],[127.49688522110102,37.04837697239491],[127.50450147948169,37.04794905604985],[127.50896579380476,37.049437616347404],[127.50999736390263,37.05258374468979],[127.51251826371288,37.056219488252204],[127.51649368761704,37.05801730582638],[127.52225871934125,37.05567101245421],[127.52789955722572,37.05514675810618],[127.530700219337,37.05580648346134],[127.53569872156,37.05357225277336],[127.5504295762257,37.04540110479128],[127.55979973400154,37.04295002099021],[127.56240827898972,37.044608138634686],[127.56813462783742,37.04770080818919],[127.56711125447517,37.0525220955149],[127.56791743235469,37.055540659206876],[127.56504352646337,37.05889310757757],[127.5664808517585,37.06314419962142],[127.57360370396324,37.06987381476292],[127.57621599529006,37.07395339572637],[127.57938357852935,37.0753432380722],[127.58407428134579,37.07488820859598],[127.5891916178254,37.07274027294709],[127.59502694970409,37.073946229691],[127.60210572819722,37.07062988940858],[127.60424777466373,37.06858844892875],[127.60515883135432,37.07321477509908],[127.6044977861611,37.07746820211683],[127.60114215416316,37.08044871018644],[127.59978563261629,37.08280573884891],[127.60071036327412,37.08533785684227],[127.6102546778084,37.0861766360889],[127.61655847800259,37.08887870058062],[127.62284623671208,37.0928672069908],[127.6311115011877,37.09628814341909],[127.63333966416579,37.09838582726765],[127.6350099511685,37.10363603542693],[127.6344265169475,37.1059849273832],[127.63508956320389,37.11604298132551],[127.63414749649353,37.123725439427815],[127.63780059095444,37.140631569012],[127.63755225719628,37.141868978996996],[127.63311818546511,37.1452605519458],[127.63018400039091,37.149537073019694],[127.62876285826114,37.15379586087151],[127.63263187203007,37.1525133488797],[127.63866020316843,37.15308451513504],[127.64181426578149,37.1513767757925],[127.6479142978194,37.15058051430046],[127.65566957166023,37.1450452860495],[127.65751991728938,37.14201143754572],[127.66249524938428,37.13905562573261],[127.66570759229174,37.13926069583046],[127.6679919395374,37.13680159528805],[127.67067422009053,37.13630645222799],[127.67615976136297,37.13675505286163],[127.68790646576998,37.13530729579705],[127.69210083849734,37.13765696885846],[127.69543493224323,37.14044900028081],[127.6987397824324,37.138282721661305],[127.70876378712059,37.13582773343978],[127.71025306619653,37.13374178806481],[127.70990275572815,37.13120963812633],[127.71176406436759,37.1275821830819],[127.71431523900213,37.125494397917294],[127.7178288974314,37.12494628796714],[127.7220900512093,37.120854531069234],[127.7227057721797,37.114686159657474],[127.720598073203,37.110874590417204],[127.71486246631133,37.10991682347209],[127.7125216087605,37.106536846605714],[127.70537250396954,37.10497691527442],[127.70198541474548,37.10312639872921],[127.69836864021283,37.098020350668456],[127.69998827867745,37.09557511180402],[127.69938833098324,37.092119540037245],[127.6934405706292,37.085308081127984],[127.69231731719381,37.081387528502304],[127.68649183116354,37.08069100425592],[127.68385720757776,37.078456283863716],[127.68346044901597,37.075453941095944],[127.68667486061575,37.07326137420095],[127.68898846995427,37.06571856310768],[127.69067330856639,37.05744652431729],[127.68920001586048,37.054837170139514],[127.68893146738804,37.05136579266916],[127.68563606608367,37.047092356452104],[127.67989790286627,37.04446097909565],[127.67626606696408,37.04463190398989],[127.67136161715347,37.04028146994369],[127.67133915692666,37.03471762753443],[127.66657397747441,37.03310785889157],[127.66380562693791,37.030689712660866],[127.66423966831104,37.02315532154562],[127.6575517006084,37.01834058870551],[127.6562249542161,37.01594508254027],[127.65741039892805,37.0108401921343],[127.66237669944691,37.005452441271785],[127.66053526455309,37.00349112831373],[127.65553921495174,37.000923383600025],[127.65353268522928,36.99758429207192],[127.65467688980486,36.994404994932296],[127.65290668678568,36.99173461132571],[127.65362988428109,36.98647827145354],[127.65101475160353,36.98376627996596],[127.65569641767871,36.97973295549322],[127.661642167513,36.97768348006596],[127.6635868691663,36.98219344384417],[127.6666367643006,36.986461727206986],[127.66958634304882,36.98816996182221],[127.67219628317252,36.98602007796011],[127.6811612309468,36.985389156616854],[127.6845016539125,36.98597628056347],[127.68744309122468,36.98420635886931],[127.68799286162269,36.98139582669011],[127.69543718667283,36.978017971608864],[127.69495044792914,36.975068488107745],[127.70057503720241,36.9739810935327],[127.70397180403086,36.97179950383593],[127.70522905791948,36.96741646668123],[127.70758833169995,36.96497710596491],[127.7102302943295,36.96471093905551],[127.71075224292032,36.96254628004127],[127.71637009967756,36.9584437448007],[127.72770039354029,36.95904914631511],[127.73016144915115,36.95793210589936],[127.73299528733763,36.95357160484959],[127.74180870073351,36.952894692077905],[127.73986059147366,36.95806593307483],[127.74258112102582,36.96075045401838],[127.74784885710659,36.96092042765299],[127.75345038551231,36.95730723574265],[127.75642870080377,36.95217387975587],[127.7628855991474,36.94847669633378],[127.76400219362516,36.94625263068928],[127.76170400813444,36.944167116202436],[127.7647894238673,36.94016078114231],[127.76699038097426,36.939796573972444],[127.77026187786976,36.93748074099561],[127.77221737878902,36.933199517157526],[127.77497875172584,36.93318156741408],[127.78059257631732,36.934953418328945],[127.78279408379372,36.93703919879112],[127.78872722170374,36.93723378347338],[127.78873837216318,36.93409612957927],[127.78749672336934,36.931594291343416],[127.78933987183841,36.929246316283745],[127.78861647153697,36.92646217513887],[127.7863841720321,36.924733829714754],[127.78212130075957,36.92399496502465],[127.78401066491566,36.91767249913101],[127.7869023040934,36.915980042894155],[127.79294655205257,36.916881191918414],[127.79435035797862,36.91408287482637],[127.79737042285197,36.91224985315964],[127.79840421640121,36.90729250335656],[127.79632060536878,36.903123001968424],[127.7881518369066,36.90659384927167],[127.7863890583711,36.90402572449832],[127.79165957193659,36.901550439791514],[127.79218751785352,36.89802584845739],[127.78750685909095,36.894500953664256],[127.7891160621724,36.88560575049906],[127.78888461615624,36.88233725745772],[127.7859501613294,36.88010852096085],[127.77918593375111,36.87894462609924],[127.77639624242467,36.877827911626625],[127.77054912105321,36.87704621682236],[127.7662254568789,36.87476639748416],[127.76304070923173,36.877222376593465],[127.75908315958955,36.87415107756011],[127.7560938294083,36.8733715991706],[127.75015176127845,36.87305861930046],[127.7480035614017,36.87400695072936],[127.74539845402323,36.8778404963145],[127.74321187572659,36.87734778235033],[127.73508674011663,36.87946262438663],[127.73148843990188,36.87837468256672],[127.72609186258387,36.879381469306715],[127.72056678662895,36.87703901728968],[127.71700485197435,36.87721633273737],[127.70840856437918,36.87731897784209],[127.70779768276884,36.87582354086682]]]]}},{"type":"Feature","properties":{"regionCode":"43800","name":"단양군","parentCode":"43"},"geometry":{"type":"MultiPolygon","coordinates":[[[[128.443151567754,36.92010305468336],[128.44539665815682,36.91775151878028],[128.44486089667743,36.91381454943066],[128.44010726085588,36.901370626357995],[128.43606433799835,36.896990251594076],[128.4269532043518,36.88930708654278],[128.42804998712805,36.88584179252106],[128.42711995712713,36.88104706239842],[128.42495215595642,36.87915791613213],[128.42440683903914,36.87647074297153],[128.4282285343642,36.87510067848618],[128.43247914097208,36.875359443203614],[128.43857971221533,36.87331410600595],[128.44292648435038,36.8683030555654],[128.44891961467798,36.863386092161186],[128.4477296042809,36.86129707598899],[128.4471372162839,36.854583193726555],[128.44911010799643,36.84891436503374],[128.44677400985572,36.84356643707387],[128.44145937874475,36.837725279447206],[128.43431505123615,36.83402107881191],[128.43333625004695,36.82751090531244],[128.4316697423075,36.82413483505548],[128.4257131010764,36.81895829761733],[128.4251605012336,36.81512382568217],[128.42064591567234,36.811416391162574],[128.4130697347915,36.811144694199456],[128.40027675058738,36.81272259379381],[128.39411283819845,36.815382273282],[128.3818230264966,36.8139789677096],[128.37931221061245,36.81114102246405],[128.37353361779083,36.80759270165223],[128.37163743903648,36.80470522249934],[128.36658878735415,36.80064320462208],[128.3626442426871,36.80051313753963],[128.3563945635532,36.80410387076925],[128.3544155341165,36.80916677800094],[128.35163785989445,36.81082217480974],[128.34440098065647,36.81254755478602],[128.33661746696794,36.81555060023544],[128.3342286960589,36.81696688152422],[128.32348331608134,36.8154131824442],[128.31663098462585,36.81661444523162],[128.31568051270276,36.82310758612919],[128.31305480446534,36.82476554517839],[128.31074120197403,36.828549749478945],[128.30857495542114,36.82873774250777],[128.305556427301,36.828478795698246],[128.303698999356,36.83150014948913],[128.2966268812753,36.834438401796746],[128.29000730598875,36.843033115697445],[128.28694383954462,36.844626428477724],[128.28452500099726,36.85314903600963],[128.28201115595002,36.856627593383486],[128.27692489578266,36.8570899671699],[128.2689822337826,36.860134761709176],[128.26404885547853,36.86422506211321],[128.25194567005795,36.86726743014195],[128.2445775383201,36.87033493571322],[128.2419196703263,36.87279485620436],[128.24247761803153,36.878470844479175],[128.24795005286575,36.883117644563136],[128.25150198378796,36.884714912889756],[128.2482587195004,36.88789238716277],[128.24576744766253,36.888147705354555],[128.2435457838919,36.89206194969373],[128.2462557850106,36.90462127070305],[128.24196193223727,36.91193471834247],[128.23680075800738,36.91511445346565],[128.23695391770616,36.92276450138665],[128.2358680160042,36.93045747372835],[128.23739348742785,36.93352549400284],[128.24154605997455,36.93706287225088],[128.24401030665763,36.93663898246859],[128.24705257377616,36.93798199637521],[128.2449127065578,36.94149479326561],[128.24500858513753,36.94335528951046],[128.2479473963172,36.944243491738725],[128.25106977133305,36.94241346123105],[128.25445369384312,36.94331542068883],[128.25789293430782,36.94543142492524],[128.2600841493583,36.94860633682424],[128.26303181321987,36.94914934073363],[128.26433200313483,36.95280732131728],[128.26126593448302,36.95647682595773],[128.26624621538514,36.96091612178457],[128.26321528348453,36.96408471848988],[128.2610148004971,36.96929752217989],[128.25962196388522,36.979748868507514],[128.25640600947332,36.985958653348455],[128.25872978320402,36.99306586943155],[128.25706241020328,36.99551360794973],[128.25385537436532,36.99753352878728],[128.2567634470154,36.9985247605426],[128.25749921845127,37.00035165394848],[128.25521509763962,37.00710352714445],[128.25382775302492,37.009284761209095],[128.25071122682493,37.010637701165216],[128.247663269189,37.01384557015016],[128.24459172746862,37.02041366118816],[128.2405677658316,37.02374470536668],[128.23740867970324,37.02502232446054],[128.22813316208715,37.02445071420298],[128.22524239722065,37.027002611403496],[128.2241826161269,37.03131331248993],[128.2243214495027,37.03433944658042],[128.21734041969532,37.03755222160295],[128.22066007116052,37.04186406884779],[128.21926355263867,37.045853554277656],[128.220876047704,37.0492147080511],[128.2180066132712,37.05417568284471],[128.2218898237832,37.05606819407833],[128.22558803457633,37.062296376832776],[128.236895952864,37.06538900422355],[128.2387526075998,37.06790018160771],[128.23852431249338,37.07134591361518],[128.23995442977434,37.07392964995962],[128.24399110113174,37.07563228538202],[128.24791817215282,37.076132242195484],[128.24945382068702,37.07506390161916],[128.25234997980303,37.079220855292334],[128.2557739745435,37.08237930073906],[128.25880466425127,37.084033954199235],[128.26272053046426,37.08347252009088],[128.26973782457475,37.08801629093829],[128.26447303435745,37.087974415716744],[128.26142134716827,37.09220857158599],[128.26075862623517,37.097015884078225],[128.25914323707462,37.09823302158381],[128.25810745008138,37.10189318933481],[128.26806437973627,37.11402145127149],[128.27334840174362,37.11729739295767],[128.27801081271812,37.11538677783471],[128.27893795790067,37.11395247069033],[128.2778350906761,37.1108613989698],[128.28602788619563,37.103985403159776],[128.29430913306308,37.09789418897753],[128.2979409263043,37.09903606238145],[128.30068157246717,37.098456294625734],[128.3046435905732,37.10079864982344],[128.30964965831302,37.11149029679],[128.30894363371394,37.114336419830366],[128.30441498147275,37.11841937167275],[128.30375630527476,37.124533749261104],[128.30257501610726,37.12756368014584],[128.29826652272402,37.13417941826842],[128.30434056833178,37.13722990833046],[128.31147808153892,37.14537572881674],[128.31769697414958,37.147607173060614],[128.32577431047304,37.14839243118467],[128.32830448326635,37.15276447445812],[128.33061129136638,37.150340036324955],[128.3369834617735,37.157872607906285],[128.34331405701678,37.154308395538706],[128.3465650546961,37.15701587097566],[128.35033050114936,37.15793202002892],[128.35391457362576,37.15573533874757],[128.3585078321892,37.15029087426667],[128.3598002418304,37.150042658779185],[128.36383711936276,37.155189640303725],[128.37710358832652,37.15164263433361],[128.3790720462692,37.15521379421339],[128.38437070368178,37.15818443043261],[128.38768964882536,37.155521882280524],[128.39254735632196,37.15345805022994],[128.39672157782582,37.14853056212467],[128.4010075821503,37.14637550407265],[128.4035879407049,37.13962355215929],[128.40148497614845,37.13759470329616],[128.4016155186375,37.13479210121098],[128.39600142673004,37.12892152298686],[128.40642592664835,37.12683388986127],[128.41070669691416,37.12243779157057],[128.413436090326,37.12097770023537],[128.4179798807952,37.12020533695532],[128.4197070402918,37.118405880620415],[128.4212127379385,37.114098046803264],[128.4225190476791,37.11303841828432],[128.4231344904795,37.103358887334544],[128.42525324320624,37.10238624298652],[128.43032870580927,37.10413870790687],[128.43050569997905,37.107340446758],[128.43793794337552,37.11112135328864],[128.44532932100404,37.107453552732856],[128.4508418513214,37.11242103565744],[128.45269216966167,37.111748047456274],[128.46581391376094,37.109860950803615],[128.48055255034737,37.11162961635974],[128.48671522753136,37.120164012415145],[128.4901473320019,37.12285317507805],[128.49289333312166,37.121126276927356],[128.50081748160918,37.12009448993804],[128.5072559608719,37.11533431158235],[128.51263951012353,37.11332322109178],[128.51437548229435,37.10950181868796],[128.51477377259334,37.10332781683855],[128.51376019252427,37.0980980129862],[128.518817687606,37.10227462447691],[128.52225149597373,37.103373607496685],[128.52921334143417,37.10135054984194],[128.53413337498083,37.098851164836105],[128.53610122753972,37.09192016642246],[128.53797192832013,37.090044999029246],[128.54838534581853,37.08733098964234],[128.55059432227822,37.08590087205734],[128.55518460138194,37.0868330759142],[128.5621251807379,37.09036183746246],[128.56931837194654,37.08656006556976],[128.57404227315098,37.084655038080406],[128.58647795973496,37.08135529210727],[128.59166314499646,37.07820899103596],[128.59453012362815,37.08126606116485],[128.59959393067564,37.082962897399206],[128.60218011758454,37.08196013511404],[128.60182455665193,37.07872383879072],[128.605940938885,37.07661727171556],[128.6089472581102,37.07910003325888],[128.6150111905729,37.0817834676322],[128.61700661904936,37.08365875661137],[128.6227568584795,37.08713244961706],[128.624779349459,37.08412683924166],[128.62808396963212,37.081377342614644],[128.6272356083518,37.07754418313997],[128.62830311608957,37.07497994167575],[128.63367925332423,37.07182998832056],[128.64276068776607,37.07053550596549],[128.65222772050285,37.06545686450225],[128.64461641320358,37.06192599188822],[128.64237088414947,37.05581480411043],[128.63758479366686,37.05141672235191],[128.6345299659278,37.04654770292248],[128.6328992268561,37.04263743711992],[128.63029138629912,37.038997749139575],[128.62729664725148,37.04106347295847],[128.62455024017902,37.04511985078053],[128.62297445651365,37.04535028526608],[128.61926567694755,37.04954960139759],[128.608824343456,37.05262597752153],[128.60717446260148,37.050190061984395],[128.60678837500316,37.043395796810316],[128.59188523057603,37.04231046155705],[128.583858340636,37.04389168455067],[128.58187724718408,37.04262977852208],[128.58028399447608,37.03933381754046],[128.57656045793112,37.03546642821854],[128.5721402857256,37.036104767709915],[128.5676694303343,37.03414105050698],[128.56516267619105,37.030866848307475],[128.56692940908064,37.026510105483624],[128.5728213180685,37.021881681172715],[128.57146781889236,37.01642785165577],[128.56992059397695,37.01373228275177],[128.56290354661084,37.007957035158555],[128.55635353406086,37.005672768981086],[128.5561781314709,37.00179386614913],[128.55471038740134,36.99823499494264],[128.54514062969739,36.99313718510055],[128.53808577769047,36.99076100617649],[128.5330813555346,36.99013430737613],[128.52621127754097,36.99023082793273],[128.5160243965374,36.9868871225558],[128.5144905684291,36.98680996018055],[128.5143901397516,36.98343553760154],[128.51285326911295,36.98076698212307],[128.51362876208327,36.97681119768723],[128.50684503700236,36.97200071882283],[128.5048644362648,36.96914485406252],[128.49511472683426,36.96499005629229],[128.4889724875405,36.96345008327101],[128.48552100467063,36.96171120304223],[128.4849627800936,36.95746230422018],[128.48131027249593,36.95811125448404],[128.47712720947928,36.957540942850706],[128.46779412950497,36.95181351288882],[128.4632417928852,36.94744564488519],[128.4628122779952,36.94208917143162],[128.46020161003437,36.934006045109754],[128.45704011650116,36.93384643626712],[128.44518566469202,36.92821203704645],[128.44186829018182,36.92790034504325],[128.4435670364539,36.92261279671716],[128.443151567754,36.92010305468336]]]]}}]}
