{"type":"FeatureCollection","geometryVersion":"admdongkor-20260701-simplified","features":[{"type":"Feature","properties":{"regionCode":"41110","name":"수원시","parentCode":"41"},"geometry":{"type":"MultiPolygon","coordinates":[[[[127.01481031867287,37.28944697115501],[127.00920787956647,37.285520867887655],[127.00525950351373,37.286600753965615],[127.00064414960288,37.289778988611694],[126.99054217648388,37.28620366281203],[126.98841815457678,37.28958372520589],[126.98612771298066,37.28941155338559],[126.98437008242135,37.29133621879853],[126.97759353356714,37.28842660961371],[126.97876685881427,37.286572649234536],[126.97427822076641,37.28552216777181],[126.96957726973373,37.28661526893942],[126.96973333937055,37.28776517857115],[126.96807236175165,37.294263508540766],[126.9636671837674,37.29874380497139],[126.96424250277566,37.30272262512767],[126.9610752166736,37.3019687121463],[126.96397506329482,37.30437030714423],[126.96634986009674,37.308205988996754],[126.96666268436336,37.31304881551076],[126.96770523980321,37.31593794042539],[126.97000341451498,37.31692400004181],[126.96692202659356,37.323238361971136],[126.97119432204674,37.33178863450821],[126.98093781840896,37.32659362012859],[126.98277935878322,37.326747023477566],[126.98710775533263,37.329448508020306],[126.99141394401062,37.33401242781888],[127.00046651030817,37.33849368449755],[127.00611881535663,37.3380699870098],[127.00902511138911,37.33875767439271],[127.01269558713778,37.34687909081712],[127.01461020553634,37.34915055587574],[127.0188076940644,37.35156311737542],[127.02508349180493,37.34854234860914],[127.02877859223024,37.347576341667],[127.03344092364888,37.34470695410112],[127.03206804934035,37.34238478027626],[127.03153495011198,37.33700386494246],[127.03457699645394,37.33453487531195],[127.03594701932074,37.331000069833046],[127.03826505789314,37.32850216296585],[127.0372573324354,37.3263653233896],[127.03991793157468,37.32133695197896],[127.03889482898782,37.3208260119001],[127.03807111345938,37.31616030499192],[127.03423248277915,37.31376785004161],[127.03230777780381,37.30964317183557],[127.03322767150036,37.30801641933274],[127.03257548433444,37.29875432995581],[127.03450075482951,37.295422269134264],[127.03393198638591,37.293201483507204],[127.0271785496544,37.2915510676582],[127.02510290104524,37.289508060133016],[127.02466343512279,37.28951624023535],[127.02251567320283,37.28806762955775],[127.01761461509767,37.2878335985725],[127.01481031867287,37.28944697115501]]],[[[126.99264594823835,37.23085245816746],[126.98811538016567,37.233594619232015],[126.98572346354352,37.23263666292667],[126.98036006627134,37.23224480351824],[126.97822458087872,37.229572911663595],[126.97282308219386,37.22872083170063],[126.9703933011367,37.229196744879594],[126.96695423283646,37.23562517684138],[126.95776467963022,37.23976480644073],[126.95795860148625,37.24259827223269],[126.95667789024778,37.245188443536215],[126.9533657525033,37.24812870864571],[126.95224433524223,37.25147262969224],[126.94998261312715,37.25381883601669],[126.95004611715697,37.255843884866394],[126.94652972524321,37.2575040886718],[126.9435877824963,37.25684242389027],[126.93577695359531,37.25677165741207],[126.93084573671328,37.261042058333445],[126.92900819260379,37.26365626709575],[126.9272646844167,37.27143133965148],[126.92868182060445,37.27671912876092],[126.92737455910199,37.278797346317106],[126.92739619327676,37.27884589157925],[126.92929189604779,37.286021026056744],[126.93297761091021,37.291625149076864],[126.93929325576404,37.29497684656569],[126.93934230170163,37.296919565428304],[126.93546680305103,37.298030129083706],[126.93258957102812,37.30075996197891],[126.9329532092641,37.30304784371433],[126.93474649732423,37.30306543631546],[126.94158757536634,37.301022473194784],[126.95229328176649,37.30064969341378],[126.95430209847191,37.30314257159083],[126.9610752166736,37.3019687121463],[126.96424250277566,37.30272262512767],[126.9636671837674,37.29874380497139],[126.96807236175165,37.294263508540766],[126.96973333937055,37.28776517857115],[126.96957726973373,37.28661526893942],[126.97427822076641,37.28552216777181],[126.97876685881427,37.286572649234536],[126.98133813136297,37.28352261768414],[126.98386280760427,37.2842536933016],[126.98661026366055,37.28210901070926],[126.98567947255435,37.27746731568876],[126.98692527047069,37.27475615424428],[126.99313963695145,37.27737439111898],[126.99539459598233,37.27361946027393],[126.99743132393749,37.269899946385955],[126.9986698127897,37.266192543483314],[127.00038968820422,37.264178405176224],[127.00102287396122,37.26339576972796],[127.00191238613043,37.264148798740834],[127.00718916086723,37.26359624259576],[127.00981322291359,37.267647618595745],[127.01219316316816,37.26630088771368],[127.01358428967959,37.26449591871563],[127.02067671924755,37.264501184152486],[127.02934928316769,37.26228249007329],[127.03158850045514,37.261057445438645],[127.03046150805054,37.25820133095293],[127.03667421739159,37.25652104110118],[127.03946686085655,37.25417140503255],[127.0425353552713,37.25116137228451],[127.03955699721548,37.247003397449795],[127.03968326246633,37.24350305425567],[127.03713719682615,37.240500473312274],[127.0366998915232,37.238400803242776],[127.02964391368278,37.23201023832599],[127.02289852640207,37.22951454847343],[127.02396855255314,37.22741521171425],[127.02262819268907,37.224897164093015],[127.02137129523447,37.22423632268805],[127.01359635547969,37.226875044338954],[127.00809612297202,37.22784499164046],[127.00368395585323,37.229291369782516],[126.99758056517456,37.230232378401766],[126.99264594823835,37.23085245816746]]],[[[127.04407293717225,37.28542697885888],[127.0417838318746,37.284126963453836],[127.04375559105836,37.27915438615593],[127.04405384082548,37.274707160443825],[127.04036470307629,37.275866936235275],[127.03699343257696,37.27506735554131],[127.03833455225924,37.26946135509624],[127.0347941758409,37.26793779614611],[127.03586657318226,37.26638928151273],[127.04040862083214,37.265283700093846],[127.03667421739159,37.25652104110118],[127.03046150805054,37.25820133095293],[127.03158850045514,37.261057445438645],[127.02934928316769,37.26228249007329],[127.02067671924755,37.264501184152486],[127.01358428967959,37.26449591871563],[127.01219316316816,37.26630088771368],[127.00981322291359,37.267647618595745],[127.00718916086723,37.26359624259576],[127.00191238613043,37.264148798740834],[127.00102287396122,37.26339576972796],[127.00038968820422,37.264178405176224],[126.9986698127897,37.266192543483314],[126.99743132393749,37.269899946385955],[126.99539459598233,37.27361946027393],[126.99313963695145,37.27737439111898],[126.98692527047069,37.27475615424428],[126.98567947255435,37.27746731568876],[126.98661026366055,37.28210901070926],[126.98386280760427,37.2842536933016],[126.98133813136297,37.28352261768414],[126.97876685881427,37.286572649234536],[126.97759353356714,37.28842660961371],[126.98437008242135,37.29133621879853],[126.98612771298066,37.28941155338559],[126.98841815457678,37.28958372520589],[126.99054217648388,37.28620366281203],[127.00064414960288,37.289778988611694],[127.00525950351373,37.286600753965615],[127.00920787956647,37.285520867887655],[127.01481031867287,37.28944697115501],[127.01761461509767,37.2878335985725],[127.02251567320283,37.28806762955775],[127.02466343512279,37.28951624023535],[127.02510290104524,37.289508060133016],[127.0271785496544,37.2915510676582],[127.03393198638591,37.293201483507204],[127.03826149275932,37.2929863447301],[127.04322176615761,37.290372381986764],[127.03880513434268,37.284797001572805],[127.04407293717225,37.28542697885888]]],[[[127.04498933939965,37.233173413920106],[127.03912169709646,37.23723913429771],[127.04197312287468,37.24509581679244],[127.04262323978682,37.24675055836817],[127.04042368328864,37.24632621013356],[127.03968326246633,37.24350305425567],[127.03955699721548,37.247003397449795],[127.0425353552713,37.25116137228451],[127.03946686085655,37.25417140503255],[127.03667421739159,37.25652104110118],[127.04040862083214,37.265283700093846],[127.03586657318226,37.26638928151273],[127.0347941758409,37.26793779614611],[127.03833455225924,37.26946135509624],[127.03699343257696,37.27506735554131],[127.04036470307629,37.275866936235275],[127.04405384082548,37.274707160443825],[127.04375559105836,37.27915438615593],[127.0417838318746,37.284126963453836],[127.04407293717225,37.28542697885888],[127.03880513434268,37.284797001572805],[127.04322176615761,37.290372381986764],[127.03826149275932,37.2929863447301],[127.03393198638591,37.293201483507204],[127.03450075482951,37.295422269134264],[127.03257548433444,37.29875432995581],[127.03322767150036,37.30801641933274],[127.03230777780381,37.30964317183557],[127.03423248277915,37.31376785004161],[127.03807111345938,37.31616030499192],[127.03889482898782,37.3208260119001],[127.03991793157468,37.32133695197896],[127.04066937798633,37.32003173535493],[127.04902540099998,37.31591974988571],[127.05765379824098,37.315564081709866],[127.05811267518868,37.3133670497766],[127.06061731958967,37.31094262670583],[127.05818174508379,37.30493819606865],[127.06080678547758,37.30409557158788],[127.0600896638569,37.299455839705544],[127.0618567237614,37.296361884430674],[127.07934432974142,37.29327478564497],[127.07979844684168,37.295353674443895],[127.08559364835422,37.2981315778418],[127.08988322859707,37.29841355682057],[127.09057974788645,37.29714363993999],[127.08831098648984,37.29317439401815],[127.08863439802808,37.28687478477174],[127.08413476308137,37.28631822665879],[127.08168263906177,37.284632995151256],[127.07541111503502,37.282238873946945],[127.0695382561455,37.27874279235638],[127.06805589424259,37.27560955513144],[127.06465737194159,37.271105907789334],[127.0708920037222,37.266548456282656],[127.07599161853601,37.26572740626982],[127.08552868391035,37.270508152007324],[127.08620366981569,37.264773130473046],[127.08122497149147,37.260592298820555],[127.08469846603053,37.256609091726304],[127.08243871904678,37.25445083748968],[127.08210870040487,37.24940352490584],[127.08003514715102,37.24754042543945],[127.07650867331243,37.2475322997167],[127.06961848176353,37.246191415116435],[127.06621168726228,37.243882199339524],[127.06667990835032,37.24014808570359],[127.06325900249342,37.23916712186339],[127.056319798804,37.232866976040725],[127.05166042533368,37.234314662996674],[127.04498933939965,37.233173413920106]]]]}},{"type":"Feature","properties":{"regionCode":"41130","name":"성남시","parentCode":"41"},"geometry":{"type":"MultiPolygon","coordinates":[[[[127.11574647067849,37.40900660287914],[127.11121149059909,37.40768928995485],[127.10657171582919,37.40765124512835],[127.1025591422324,37.40970646944234],[127.09954932741834,37.40722559354942],[127.09474284756303,37.405731653708415],[127.08889073063496,37.4029029744369],[127.08899026681333,37.40096990242821],[127.0840106493746,37.39696952369935],[127.07851493492377,37.39911446785234],[127.07451042268629,37.39786636855714],[127.06763507846138,37.39795183767051],[127.06305171953751,37.398660605504865],[127.0558749505216,37.40242527422457],[127.04975358444794,37.40365390598352],[127.04369971656885,37.40420642770929],[127.04279101446623,37.40824109185007],[127.04659663529634,37.41062297370824],[127.04675185046257,37.41360037457231],[127.04167534027411,37.415633660359624],[127.04182910582954,37.42691491657111],[127.04591520843624,37.42908721146393],[127.04746704771722,37.4308710922291],[127.05089348836941,37.42965493838711],[127.05788851053727,37.43013537292797],[127.06315602842413,37.42970655656821],[127.06567425909925,37.42901070369192],[127.0681601579917,37.43057635676533],[127.07045631000307,37.430063405275675],[127.07143014670831,37.43520137071211],[127.07337772677296,37.439340069370694],[127.07242381988966,37.44235311818686],[127.07632996600819,37.4422745047957],[127.08231119316262,37.44119950298413],[127.08565036261274,37.44502742776834],[127.08798962369333,37.4450615198716],[127.0883242428717,37.44863730582032],[127.09082304770212,37.4528310077961],[127.09428333076085,37.456523907590565],[127.0963176312864,37.461432021370484],[127.0982144531008,37.45879413651465],[127.10350183559004,37.45962547869016],[127.10630703065962,37.462538385867475],[127.11202039312181,37.4615601446767],[127.11674713187564,37.458594296695395],[127.11746048978142,37.46217165665754],[127.12229337185815,37.46521354246407],[127.12506666419759,37.46890107776615],[127.12658929140393,37.46885064813597],[127.13056448214506,37.46762846921045],[127.13267621542862,37.46823394934359],[127.13258889298031,37.474846847260416],[127.1434452606241,37.47410418499762],[127.15445251626403,37.4736852785665],[127.15436269368145,37.47173364742644],[127.16279715069004,37.47125938009386],[127.1646152487135,37.469097701086106],[127.17073526870294,37.469945283180444],[127.17595660831105,37.47219961484187],[127.17691102556596,37.47133353568197],[127.17400321991784,37.46611339088566],[127.16629817382125,37.46066902666759],[127.16084827827204,37.45417943838781],[127.1573141433014,37.44569409769763],[127.15695072860407,37.44512969122254],[127.15688402419163,37.445049600086136],[127.15225372691619,37.442591061906526],[127.14458097510234,37.43954905979738],[127.14451041625522,37.43952243291917],[127.14078770151768,37.437419524806344],[127.1346710524672,37.434657716556856],[127.1258821339138,37.43303818444421],[127.1183888109848,37.43232565827615],[127.11793021493745,37.42651160626826],[127.11778538144125,37.42219925112955],[127.119982883778,37.41926667071649],[127.1179614007708,37.41520951658397],[127.11833555045469,37.41122786503144],[127.11574647067849,37.40900660287914]]],[[[127.19523060864046,37.431031221967686],[127.19335894221092,37.42609698689695],[127.19463802974579,37.42539347415219],[127.19137287368767,37.42206379873072],[127.1863224335016,37.41920827133679],[127.18488976233455,37.41534496877871],[127.1802577417367,37.41590262345924],[127.17777894071517,37.413512909623],[127.17715341278021,37.40901671566778],[127.17425924843835,37.40542693949518],[127.16466554574558,37.40669245965013],[127.15527757605896,37.41076559544888],[127.14655154224674,37.41098320232183],[127.14686648536272,37.41249732778739],[127.14359500065562,37.415042909753765],[127.13388401482212,37.4169640719078],[127.12211634135642,37.416949091223856],[127.1179614007708,37.41520951658397],[127.119982883778,37.41926667071649],[127.11778538144125,37.42219925112955],[127.11793021493745,37.42651160626826],[127.1183888109848,37.43232565827615],[127.1258821339138,37.43303818444421],[127.1346710524672,37.434657716556856],[127.14078770151768,37.437419524806344],[127.14451041625522,37.43952243291917],[127.14458097510234,37.43954905979738],[127.15225372691619,37.442591061906526],[127.15688402419163,37.445049600086136],[127.15695072860407,37.44512969122254],[127.1573141433014,37.44569409769763],[127.16084827827204,37.45417943838781],[127.16629817382125,37.46066902666759],[127.17400321991784,37.46611339088566],[127.17691102556596,37.47133353568197],[127.17595660831105,37.47219961484187],[127.17773121888236,37.473406666505866],[127.18105370146309,37.473289546856094],[127.18202610284817,37.467894001886066],[127.18160443928619,37.460469014384735],[127.1844467181798,37.458758303790994],[127.19099094021566,37.45735319679481],[127.19359146549029,37.452579914513784],[127.19572052907094,37.44505918785409],[127.19365607434285,37.439163116790084],[127.19439406731631,37.432769954626586],[127.19523060864046,37.431031221967686]]],[[[127.13785866646893,37.34439444637006],[127.13795522139029,37.34117306428036],[127.13634402208058,37.33964062278096],[127.1304711079624,37.3376203367418],[127.12329187362045,37.337006052485215],[127.12071627538178,37.33440745512825],[127.11688110214757,37.33341484040214],[127.11274845641292,37.3356886543662],[127.10895863437398,37.33601172199929],[127.10270015460546,37.33996058258117],[127.10224979511966,37.34241196367596],[127.09699149272102,37.343218934150975],[127.09245796143517,37.34712780529746],[127.08886631896898,37.34839872269095],[127.08698582035188,37.3509566080518],[127.08355588978169,37.352030749671115],[127.07810029810939,37.34910220427314],[127.07454050281174,37.3531672449378],[127.0708847126684,37.35767543879921],[127.06307045950378,37.36038590495586],[127.05294665767083,37.36112664216762],[127.05310836661828,37.363255637806205],[127.04740159268083,37.36648904670242],[127.04634221491357,37.368234790992496],[127.02794237427015,37.37214238803066],[127.02708438230145,37.375570939236084],[127.02888689203216,37.37924673889712],[127.03145617101568,37.381236595157496],[127.0353643893056,37.388793154927704],[127.03871949204202,37.39132901636381],[127.03828142801405,37.39817099645502],[127.0374049540001,37.40084237717608],[127.04369971656885,37.40420642770929],[127.04975358444794,37.40365390598352],[127.0558749505216,37.40242527422457],[127.06305171953751,37.398660605504865],[127.06763507846138,37.39795183767051],[127.07451042268629,37.39786636855714],[127.07851493492377,37.39911446785234],[127.0840106493746,37.39696952369935],[127.08899026681333,37.40096990242821],[127.08889073063496,37.4029029744369],[127.09474284756303,37.405731653708415],[127.09954932741834,37.40722559354942],[127.1025591422324,37.40970646944234],[127.10657171582919,37.40765124512835],[127.11121149059909,37.40768928995485],[127.11574647067849,37.40900660287914],[127.11833555045469,37.41122786503144],[127.1179614007708,37.41520951658397],[127.12211634135642,37.416949091223856],[127.13388401482212,37.4169640719078],[127.14359500065562,37.415042909753765],[127.14686648536272,37.41249732778739],[127.14655154224674,37.41098320232183],[127.15527757605896,37.41076559544888],[127.16466554574558,37.40669245965013],[127.17425924843835,37.40542693949518],[127.17161619680242,37.40100953046627],[127.17082894197797,37.39791122031992],[127.16866419060432,37.39544890432711],[127.1683919367876,37.39249499857584],[127.17681186712497,37.387247493904376],[127.17665032430153,37.385078106033475],[127.17345123672445,37.382672770073654],[127.16793571070426,37.38035100269824],[127.16169008470975,37.37971360263005],[127.16077265206819,37.37416070311407],[127.16052109061826,37.37278529021694],[127.15619050950484,37.36861187463357],[127.15285403079064,37.363535230316685],[127.15019197074653,37.361353927152194],[127.14443214395307,37.35938863911604],[127.1394819152213,37.359960688320946],[127.1339446102722,37.358477799991036],[127.13173657886057,37.35120127164446],[127.13414047372821,37.34720772327876],[127.13785866646893,37.34439444637006]]]]}},{"type":"Feature","properties":{"regionCode":"41150","name":"의정부시","parentCode":"41"},"geometry":{"type":"MultiPolygon","coordinates":[[[[127.04508536551484,37.69244158977186],[127.04157672512686,37.695359575959856],[127.03583545990709,37.692220769976636],[127.0324683384129,37.69171225536733],[127.03114435070763,37.69293904860681],[127.02921958468676,37.69900239367669],[127.02807217816179,37.70055640198995],[127.02489704499293,37.69943741173222],[127.01956770660941,37.70107989967062],[127.01584584752527,37.70102523886384],[127.01541247614834,37.70301201251458],[127.01939376315842,37.707264545181125],[127.01943846255205,37.70824829933763],[127.01352315356553,37.71393844878099],[127.01275538340043,37.71650743578269],[127.0141396936362,37.71921036400806],[127.01154481052896,37.72224273860243],[127.01267376143929,37.72561047630899],[127.00872555638571,37.72807160210406],[127.00987060420206,37.7299601339748],[127.0031079370001,37.73864536658834],[127.00219604874573,37.74070327180197],[127.00457080312002,37.74317608469071],[127.00247937394272,37.74564146096691],[127.00291303066284,37.74959644485211],[127.00210093119051,37.75140269662043],[127.0033370594396,37.75307082764065],[127.00139566146534,37.75807621690956],[127.00226780893739,37.76276275264856],[127.00469643709387,37.763181457662874],[127.01060277815522,37.76617262272433],[127.01728497525039,37.768561608845914],[127.02547242662672,37.7669465773414],[127.03507653091806,37.76772393911251],[127.04116910312399,37.76673946832589],[127.0508635018672,37.760941899230524],[127.05276161561467,37.761371560904436],[127.0602462104348,37.76211745337616],[127.06429346247386,37.76358815997275],[127.07045255479231,37.76583135439967],[127.07405345048156,37.76849543047091],[127.08154004411253,37.770674346685915],[127.08467794129328,37.77360552756496],[127.09272695093539,37.77660792393105],[127.1034617681679,37.77868156749032],[127.10434295102165,37.7796703467051],[127.11069304525438,37.779398569424664],[127.11541044391299,37.776432948278504],[127.11564289068853,37.773756788013834],[127.12139168554297,37.77374936869644],[127.12806637597392,37.771839632382665],[127.1290981200691,37.76688790557068],[127.12650500792198,37.7656209846878],[127.12543404543239,37.76329933582198],[127.12723547966537,37.76361248659496],[127.13342752506644,37.7622866870777],[127.13966031640152,37.76407250012188],[127.14318207347452,37.75883916181186],[127.14670654041863,37.75483612452198],[127.14204320018018,37.74992335977333],[127.14248418667157,37.74777052728048],[127.13825675773802,37.74731147946693],[127.13622365516224,37.74931179480239],[127.12848454433028,37.747825256814394],[127.12822968807423,37.74714958690348],[127.12904481159467,37.74554462115908],[127.12629489145132,37.743798427910214],[127.12371484262724,37.738612198745656],[127.12366723324567,37.734980696518136],[127.1256456736925,37.733538159795444],[127.12576770058203,37.72747149326406],[127.12411777498545,37.72597228996795],[127.12300668791717,37.72213697843665],[127.11819598708583,37.72080105173056],[127.11656462226652,37.71795375299951],[127.11221586998215,37.71771582877257],[127.109304407241,37.71280643317884],[127.10901358230244,37.708639076384],[127.10365495794386,37.707213984624495],[127.10150612900043,37.70494624311778],[127.099087944101,37.704770913721674],[127.09663008884273,37.70221376712027],[127.09400517651352,37.70380295869411],[127.09115922250034,37.702529189057806],[127.08384074446305,37.70174104662776],[127.0803557598973,37.69959776168512],[127.08111169633146,37.696090674589485],[127.07734112258754,37.69638438035926],[127.07262766395625,37.694349538326875],[127.06881247345542,37.694058490452264],[127.06511165553488,37.68984695256608],[127.06038027346888,37.688692605626706],[127.05462916889147,37.68928505664033],[127.05077658612298,37.68702162431446],[127.04911961679898,37.69352177983605],[127.04820486178114,37.69391373716467],[127.04508536551484,37.69244158977186]]]]}},{"type":"Feature","properties":{"regionCode":"41170","name":"안양시","parentCode":"41"},"geometry":{"type":"MultiPolygon","coordinates":[[[[126.91482673779718,37.375412424886],[126.91377442384233,37.372846186300826],[126.9117561806417,37.36806902336804],[126.9083088498347,37.36338936928926],[126.90696874801253,37.359697263618315],[126.90554068773868,37.35875159588259],[126.90407602171966,37.356987609231815],[126.90118869704526,37.35682768091791],[126.89723786976528,37.35806727082639],[126.8955590360616,37.360453771242454],[126.89109725252328,37.375271248747616],[126.88648898053886,37.376576687788805],[126.88191192588266,37.37622071772795],[126.88013894648161,37.38218978232223],[126.87792523462406,37.38729005392973],[126.87609271251853,37.39466150894793],[126.87758191780716,37.39713126594393],[126.87700377716085,37.40205411663258],[126.87742912736756,37.40450583553674],[126.87575523483555,37.40658137111308],[126.87089275630673,37.40669423248254],[126.8702997005587,37.40811072745635],[126.87124142968752,37.41254820689587],[126.87993581662806,37.41019311269691],[126.88890763641983,37.41255627687943],[126.88960545791154,37.41775931043727],[126.89035196127448,37.420399692809035],[126.89395825617454,37.4216776253315],[126.89647795488283,37.42562435295497],[126.89583286557328,37.43063053747821],[126.8978091648131,37.4310214188156],[126.90049098886135,37.43736038439732],[126.90192185647521,37.436370485591574],[126.90446939432324,37.43405783101786],[126.90933541520236,37.43415999085182],[126.91134537315976,37.437543503922846],[126.9152195932067,37.440055999842095],[126.91805469641226,37.439893100232],[126.9210933163163,37.44412527627808],[126.92874943387082,37.450192651427095],[126.93102571728235,37.44782068134244],[126.9305129143402,37.445293092043975],[126.93537015417954,37.44284880051098],[126.93784633858509,37.44017758130266],[126.93863857292533,37.436049097653104],[126.9414036876912,37.43741350228305],[126.94491857170948,37.43703837864929],[126.94822328964148,37.43852266164281],[126.94787676176146,37.43554425566147],[126.94886083308454,37.431964950320804],[126.94802308901768,37.42230604900096],[126.94630860304049,37.4217105057967],[126.94180995508253,37.41908465370689],[126.93708309918546,37.414185777625214],[126.9294041975267,37.413385181920816],[126.92751556799874,37.407342510793775],[126.92823718340271,37.40494385395029],[126.92783917945513,37.40083385540447],[126.9314631392167,37.39744205636957],[126.93149101039933,37.39742301101459],[126.93971818589573,37.39349845437097],[126.94133772344486,37.39182169038631],[126.94130079701786,37.386134971828746],[126.93902336905438,37.38127818354843],[126.9408169706462,37.379126761608966],[126.94118537511306,37.37676239726842],[126.94007611539308,37.375851238119886],[126.93489382592921,37.37699615257404],[126.9269472561717,37.37763845213979],[126.92141780726472,37.376518614550996],[126.9191782461432,37.37693353657449],[126.91753037900642,37.37678121145729],[126.91482673779718,37.375412424886]]],[[[126.94707458458723,37.36997906391843],[126.94559467322,37.37377820388944],[126.94575390310236,37.37400650225791],[126.94669408597204,37.37565818924537],[126.94528282471565,37.37701267337136],[126.9408169706462,37.379126761608966],[126.93902336905438,37.38127818354843],[126.94130079701786,37.386134971828746],[126.94133772344486,37.39182169038631],[126.93971818589573,37.39349845437097],[126.93149101039933,37.39742301101459],[126.9314631392167,37.39744205636957],[126.92783917945513,37.40083385540447],[126.92823718340271,37.40494385395029],[126.92751556799874,37.407342510793775],[126.9294041975267,37.413385181920816],[126.93708309918546,37.414185777625214],[126.94180995508253,37.41908465370689],[126.94630860304049,37.4217105057967],[126.94802308901768,37.42230604900096],[126.94886083308454,37.431964950320804],[126.94787676176146,37.43554425566147],[126.94822328964148,37.43852266164281],[126.9525900789986,37.43920882680613],[126.95524710269909,37.43859441045875],[126.96380325483926,37.44076820569039],[126.96423853614226,37.43138937304131],[126.96226647015135,37.42899115008802],[126.96091249941706,37.42602777294723],[126.96401549804355,37.41913226551188],[126.9707676931577,37.416312180825095],[126.97376439451027,37.41496216215216],[126.975260527257,37.41260271641134],[126.97615402539546,37.40609991091706],[126.97854277722558,37.40319228066285],[126.98256974682245,37.400674863707884],[126.98219007396912,37.398838343004364],[126.9795063009424,37.39589204939503],[126.98182997895643,37.39437891677716],[126.9741636543356,37.38846698154161],[126.97292657317108,37.38675788854935],[126.97143779858476,37.38026703261198],[126.96624555303862,37.37330194744563],[126.9657573579049,37.37275301377359],[126.96535389643537,37.3673510923106],[126.96434043454829,37.36514940121078],[126.9661259655316,37.36218743652841],[126.96213627602094,37.36155526752112],[126.95701969199604,37.36603091744259],[126.95389685913507,37.36627779495018],[126.95034333628651,37.36737359447971],[126.94707458458723,37.36997906391843]]]]}},{"type":"Feature","properties":{"regionCode":"41190","name":"부천시","parentCode":"41"},"geometry":{"type":"MultiPolygon","coordinates":[[[[126.77484307774748,37.48516119064926],[126.7743153508653,37.48518841706026],[126.76461816439745,37.48671683592794],[126.75351098755029,37.48760293946838],[126.74794608558855,37.48798582526162],[126.74241834123944,37.48849242368556],[126.74163400667263,37.495100622245126],[126.74255713410271,37.49722229566781],[126.7436166896993,37.50148007622003],[126.74215725041162,37.50644859868165],[126.74157538479264,37.50892647718734],[126.7437481893118,37.510369653973676],[126.7451006837717,37.514084702602005],[126.75194632718139,37.51538615875971],[126.75200360198652,37.516408840512376],[126.75496975175955,37.51659399631061],[126.75957405398505,37.51556038608361],[126.76100039843163,37.51797749905144],[126.76557221589356,37.517986437976965],[126.76855769900409,37.51683024273453],[126.77143809229574,37.513832923847104],[126.77527735810364,37.51505400363201],[126.7836635545399,37.51811101079998],[126.79314609242995,37.52246205506097],[126.79532835408288,37.52228243245367],[126.79529504637436,37.517574044102496],[126.79422999568237,37.51582517707826],[126.79024991289413,37.51304072467809],[126.79124888643906,37.51029941173355],[126.7910804056476,37.506802293320945],[126.79437274709602,37.50702660427383],[126.79750499086617,37.50585096920423],[126.79950084426018,37.50682775046294],[126.80366436954279,37.50684680033156],[126.81503819561128,37.50574599148842],[126.82244783209921,37.50607499270451],[126.81975742349445,37.499226525252986],[126.81592677323366,37.497640120958714],[126.81435947151455,37.49831427098729],[126.81297731654085,37.49628962225115],[126.81439205171421,37.49319883168195],[126.82061745720135,37.490756286446604],[126.81600113314177,37.48700573419755],[126.81192315865415,37.485304652585015],[126.80865801770064,37.484162041409114],[126.80317151055881,37.482404838710345],[126.79874714666833,37.482843094851646],[126.79180551683,37.48276007326166],[126.77994688146978,37.48459669981696],[126.77640625194661,37.4849930713871],[126.77484307774748,37.48516119064926]]],[[[126.82264846479232,37.475857981255636],[126.82597023605753,37.47684758198029],[126.82876030899904,37.47610043541639],[126.8317936893084,37.47757456016188],[126.83301396161603,37.47725141703063],[126.8320338084239,37.473423260323656],[126.83350818425534,37.46870015780759],[126.82768251341001,37.46321957581753],[126.82597323840619,37.45940498952971],[126.82318878179714,37.45834593213372],[126.8177409602437,37.459185868560304],[126.81547724355998,37.46098382973417],[126.81150775606666,37.45987818322783],[126.80888945495994,37.46209263633409],[126.80698784826792,37.46201608412375],[126.80410042833815,37.461504747380836],[126.80106459775043,37.463748195580365],[126.79978340553453,37.46417134670908],[126.79651795987898,37.4640246886252],[126.79477040116103,37.46571763670376],[126.78926886749365,37.46565530596121],[126.78790827760115,37.46925941961509],[126.78518635225161,37.47005550810269],[126.78432257487653,37.472409533683695],[126.77822709716354,37.47179487957215],[126.77807952739224,37.47181355690349],[126.77456443819783,37.471415134965206],[126.77187771895562,37.472357973155304],[126.76774170110463,37.471761614987166],[126.76519239622635,37.47523383436109],[126.76179150186124,37.476328628374915],[126.75905976539794,37.47682057853956],[126.75826612978476,37.478822428155546],[126.75524909356278,37.48082006650005],[126.7545166304779,37.483701743172425],[126.74979887898745,37.485347444074996],[126.7426005760681,37.48664671488251],[126.74241982798452,37.48843369328437],[126.74241834123944,37.48849242368556],[126.74794608558855,37.48798582526162],[126.75351098755029,37.48760293946838],[126.76461816439745,37.48671683592794],[126.7743153508653,37.48518841706026],[126.77484307774748,37.48516119064926],[126.77640625194661,37.4849930713871],[126.77994688146978,37.48459669981696],[126.79180551683,37.48276007326166],[126.79874714666833,37.482843094851646],[126.80317151055881,37.482404838710345],[126.80865801770064,37.484162041409114],[126.81192315865415,37.485304652585015],[126.81600113314177,37.48700573419755],[126.82061745720135,37.490756286446604],[126.82299994618428,37.488476790203556],[126.82232800406587,37.48673686309676],[126.81938920967947,37.485369987191014],[126.8195678101004,37.48027634637438],[126.81820103658725,37.47814290424062],[126.81529287906967,37.47645040312564],[126.81475306932268,37.47466778953366],[126.81590828327084,37.47399162347811],[126.81866669118571,37.47413464079345],[126.81922071956207,37.47615756282263],[126.82264846479232,37.475857981255636]]],[[[126.82323826442374,37.51618095339048],[126.82447101675223,37.51303582782136],[126.82467933759746,37.50832832061221],[126.82244783209921,37.50607499270451],[126.81503819561128,37.50574599148842],[126.80366436954279,37.50684680033156],[126.79950084426018,37.50682775046294],[126.79750499086617,37.50585096920423],[126.79437274709602,37.50702660427383],[126.7910804056476,37.506802293320945],[126.79124888643906,37.51029941173355],[126.79024991289413,37.51304072467809],[126.79422999568237,37.51582517707826],[126.79529504637436,37.517574044102496],[126.79532835408288,37.52228243245367],[126.79314609242995,37.52246205506097],[126.7836635545399,37.51811101079998],[126.77527735810364,37.51505400363201],[126.77143809229574,37.513832923847104],[126.76855769900409,37.51683024273453],[126.76557221589356,37.517986437976965],[126.76100039843163,37.51797749905144],[126.76033573950393,37.524096485668615],[126.7606752647558,37.535559183257924],[126.76094809268727,37.53785944540615],[126.76159610916417,37.54023039255077],[126.76350603440711,37.54675391899905],[126.76620290339415,37.55412641065769],[126.76755205986355,37.55196156491669],[126.77006995897497,37.550978649560854],[126.77174355287455,37.54830671551869],[126.77535088099287,37.54907289687588],[126.77758806822771,37.546580543218255],[126.78738159904084,37.545856910605835],[126.79175385110695,37.543749145282604],[126.79440080024341,37.5358308630404],[126.79906593037674,37.537508026574926],[126.79897862359417,37.54026810049534],[126.80284918268174,37.543081647758],[126.80731969293072,37.543616329528724],[126.81236247403122,37.54070900314653],[126.82214710748974,37.54067925643016],[126.82182896464812,37.53915585053755],[126.82182013892042,37.53487051219933],[126.82846062923139,37.5267027893729],[126.82591591158827,37.52407667736358],[126.82555878046828,37.51984566665044],[126.82323826442374,37.51618095339048]]]]}},{"type":"Feature","properties":{"regionCode":"41210","name":"광명시","parentCode":"41"},"geometry":{"type":"MultiPolygon","coordinates":[[[[126.8702997005587,37.40811072745635],[126.87089275630673,37.40669423248254],[126.87575523483555,37.40658137111308],[126.87742912736756,37.40450583553674],[126.87700377716085,37.40205411663258],[126.87061082037326,37.402155478176056],[126.86197071959414,37.40151426752884],[126.85769100486401,37.40223876860144],[126.85374360089598,37.40547125544367],[126.85284363304994,37.40829427751273],[126.8463182574987,37.41246936453525],[126.84459863470771,37.42096646588715],[126.84550703509258,37.4229082701916],[126.84193004295568,37.4263789695589],[126.84004457647296,37.43171150335372],[126.8417444279463,37.43442822207118],[126.83780503243456,37.436932281932044],[126.83771444390942,37.44243468461608],[126.83836220492324,37.44621988466399],[126.83810906084052,37.45294437772347],[126.83883242602121,37.45569767026412],[126.83835171927467,37.45732558984695],[126.83314261957152,37.46035062849384],[126.82928485523814,37.45778353048131],[126.82597323840619,37.45940498952971],[126.82768251341001,37.46321957581753],[126.83350818425534,37.46870015780759],[126.8320338084239,37.473423260323656],[126.83301396161603,37.47725141703063],[126.83579250154635,37.47525684918627],[126.8455505375182,37.474529350396665],[126.84648396021252,37.48170481737114],[126.84826960241006,37.482356895713785],[126.85189174764245,37.48163094932067],[126.8534827885174,37.48263904302956],[126.85650919034025,37.48568638132198],[126.85817508049041,37.486301591111996],[126.86309188133552,37.490958820466595],[126.86703984180227,37.49295518021014],[126.86830577620667,37.49510381307537],[126.87278030864226,37.4888035514669],[126.87528596030073,37.48853290104539],[126.87474246807251,37.485382052103006],[126.87397741920489,37.48505125149168],[126.87390901761702,37.48333383210486],[126.87562145633795,37.47948168848854],[126.88065449417017,37.47185013170166],[126.88578180848421,37.465816183841135],[126.88676713326149,37.46467771640881],[126.88865011557395,37.46247360090581],[126.8852740259245,37.4600618517056],[126.88637908528393,37.456198509418826],[126.88970719808991,37.452324123487436],[126.89407376184582,37.45263950724652],[126.89612318851181,37.44584699830896],[126.89822561618466,37.44465436493447],[126.89938412879738,37.438143444324],[126.90049098886135,37.43736038439732],[126.8978091648131,37.4310214188156],[126.89583286557328,37.43063053747821],[126.89647795488283,37.42562435295497],[126.89395825617454,37.4216776253315],[126.89035196127448,37.420399692809035],[126.88960545791154,37.41775931043727],[126.88890763641983,37.41255627687943],[126.87993581662806,37.41019311269691],[126.87124142968752,37.41254820689587],[126.8702997005587,37.40811072745635]]]]}},{"type":"Feature","properties":{"regionCode":"41220","name":"평택시","parentCode":"41"},"geometry":{"type":"MultiPolygon","coordinates":[[[[126.92758164613342,36.91060093181502],[126.9170599294352,36.90535935369537],[126.91203673036479,36.90446425365602],[126.90895914884426,36.90491027021893],[126.90589994649658,36.91631231600503],[126.90615799216354,36.919527552936515],[126.9044994983722,36.92598371945607],[126.90062202897494,36.93056199297343],[126.89585967971065,36.93371162662913],[126.89266237398485,36.934754502018585],[126.89132654010187,36.93372453981923],[126.88698440791879,36.93608989339985],[126.8642241350312,36.93269128250594],[126.86546501658141,36.93901133671317],[126.86240575861946,36.948846519806736],[126.85904772161368,36.95049378438659],[126.84988083339762,36.945372314453735],[126.84424035157586,36.95380584131208],[126.8465755071546,36.95597081478692],[126.84402169760243,36.958165245257064],[126.84231644956354,36.95741284183004],[126.8359196187504,36.966582464107496],[126.83884779152278,36.967921393345264],[126.82535728266298,36.98712501584344],[126.82442227910086,36.99032765251737],[126.82728548164272,36.99290286588224],[126.82421788881977,36.99596491218855],[126.81975605067252,36.99544703098702],[126.81325054188324,36.99599886870663],[126.81082829273372,36.99558706664961],[126.80973821626401,36.99798642024347],[126.80374100273399,36.999305783185825],[126.79965984815335,36.999401229763066],[126.79360898590704,36.995094857374475],[126.79020804586875,36.99411680571007],[126.7871148365307,36.99523972454273],[126.78561619328734,36.99942343521783],[126.78287017277485,37.00214607570502],[126.77990297006401,37.000070612749255],[126.77751112452437,37.00194785320772],[126.78184814618369,37.00371175226026],[126.79522277517778,37.00593055146544],[126.7976030712369,37.008034836903725],[126.79691478942877,37.01206008437089],[126.80685368241353,37.01272366026244],[126.82101260580427,37.01337566611827],[126.83806378381279,37.01365453371029],[126.84692522269957,37.015849018482555],[126.85310775280576,37.02000238905766],[126.86071574182878,37.02988612207166],[126.87291425442587,37.047267448899504],[126.87583403912559,37.05068796269668],[126.88253426991315,37.06080540859113],[126.88376283917516,37.066483933191584],[126.89169371659375,37.06711196087058],[126.90082458986697,37.07009480876927],[126.90491409371272,37.073637689690514],[126.9063042816026,37.069288551257955],[126.91039406605958,37.06882669192409],[126.91487832652764,37.065772864692164],[126.91941604840939,37.065188894333545],[126.92715371487616,37.06787894370931],[126.93023889055513,37.0671045357256],[126.93199735086152,37.06255793723992],[126.94038363174214,37.06081298212246],[126.94409063359001,37.06329805525001],[126.94549324301518,37.06556077903137],[126.95136834241606,37.06856053471141],[126.95644783736903,37.06826807108053],[126.96115232630818,37.06980955782747],[126.96640427504788,37.069106529253865],[126.96882702218485,37.07342726688679],[126.9755436606324,37.070601960732105],[126.98462666589226,37.0716502390414],[126.98759825141184,37.0704518273353],[126.99512804999782,37.07004808930581],[126.99172606070108,37.08477063740135],[126.99359342685008,37.08958206752882],[126.99777231765893,37.091264084542225],[126.99888221263488,37.093166268578294],[126.99702502485582,37.097817613987885],[126.99830804440207,37.100568995660765],[126.99785335856164,37.10445330875611],[126.99572816194984,37.108204325333396],[126.99665501533205,37.11198300078318],[127.00041216366186,37.11786029527405],[127.00205319773579,37.12176920081098],[126.9980983283942,37.12308776706459],[126.99913797382357,37.12363515812487],[127.00243007622905,37.12438150518084],[127.00537499654037,37.128096389779444],[127.0134601939253,37.12897605058376],[127.01750491168617,37.12992329244908],[127.02421863640261,37.13322139418887],[127.02887179386084,37.133374145400055],[127.03039621007055,37.13457227581912],[127.03563343269566,37.136019580557736],[127.03851568698451,37.13576134433948],[127.03818877817598,37.13177582867332],[127.04094230652349,37.12906988365664],[127.04556587614185,37.12634852062033],[127.04525437938312,37.12925777218273],[127.05233410345497,37.1296238754659],[127.05329926649972,37.13194866131979],[127.05570355173397,37.13351825144234],[127.05806925722725,37.131956398033445],[127.06508963269826,37.1319372913817],[127.06637241455586,37.13121553441527],[127.0661357041999,37.12768932580462],[127.06895815472532,37.12815987504517],[127.07113515279063,37.125605551558365],[127.07928031287224,37.128157786676354],[127.07926681676554,37.12576752409228],[127.08619642526561,37.12674873383298],[127.08903674098002,37.12793818432513],[127.0915283526482,37.131350174933],[127.08774260766361,37.13480365716961],[127.09160114161132,37.1372834687327],[127.09381396277604,37.136420078797066],[127.09785504092955,37.13685977622728],[127.09770400127567,37.138805195289194],[127.1003534484917,37.14229024133789],[127.10364660198648,37.14357454892091],[127.10430824725384,37.141931676537446],[127.10923126288027,37.142686038086715],[127.11412940584704,37.14461646959946],[127.11895160567077,37.14377685300055],[127.12269547734505,37.14450996211115],[127.12106608758,37.141581924420315],[127.12161354499666,37.135375167165336],[127.1207853248717,37.129892469069816],[127.11781064025678,37.128843469643044],[127.11494733567731,37.129738103845405],[127.11260764206904,37.128065733285105],[127.11256800711402,37.12624417319667],[127.10866960737441,37.12480560063334],[127.10978754155951,37.117407741263285],[127.11261040174631,37.11385090901244],[127.12305828090808,37.09134760785021],[127.12511491831596,37.08659801692574],[127.12643974892659,37.08159478207882],[127.1242095604987,37.07754258972452],[127.12144761542964,37.07640815120948],[127.1098797899744,37.075962771922775],[127.10807257490428,37.07654161380057],[127.10375287673754,37.075244106336555],[127.10271700896035,37.07299806441991],[127.10283684177743,37.06779292999548],[127.10673157262906,37.064855816324865],[127.11389773911701,37.06509457378792],[127.11846833308299,37.062671000620156],[127.12531834246354,37.064695131392156],[127.12830320105463,37.06329491385307],[127.13056656113824,37.05800383883633],[127.12762448098397,37.052857620153056],[127.12217910881425,37.05041893676032],[127.1196652209101,37.046094470118156],[127.11477224219499,37.04216393293031],[127.1100536483437,37.0408989092817],[127.10529419795047,37.035746140566545],[127.10704952476128,37.032915870882064],[127.11240768187574,37.029080962422235],[127.11693822585583,37.027210490862394],[127.118835884089,37.03163030391619],[127.1223107356929,37.0350600985765],[127.12841979888914,37.033324974625295],[127.13718668291696,37.0338715549994],[127.14784133542994,37.03059990060972],[127.15306890996351,37.029472768276165],[127.15253032663071,37.021546420390365],[127.14536713368716,37.016680016001324],[127.14427713070724,37.014008113535056],[127.14617072308545,37.01049294315551],[127.1488503866408,37.008165039860664],[127.15107696585727,37.00251460745789],[127.15225774477769,37.002577425156666],[127.153915991268,36.9977572381468],[127.14477689073931,36.99722073100129],[127.14173889023449,36.99514279894365],[127.136175312019,36.993372050045515],[127.13456181545718,36.98928748323116],[127.13060721518599,36.98667807674956],[127.13123070134051,36.98563876410172],[127.13637369388267,36.98471940701163],[127.13643274506862,36.98293276910155],[127.14113920270991,36.97971068237876],[127.1339839431066,36.97679510998],[127.12450895939429,36.97678581299739],[127.12496720249449,36.97498776019517],[127.11949890893676,36.96912796526028],[127.11581584419508,36.971135552201396],[127.11105721736192,36.97088314859412],[127.10442880537073,36.96610951620199],[127.10089196701665,36.9616187046814],[127.09633027054258,36.95922840399503],[127.0963789368971,36.95570962547439],[127.10168973857901,36.95362775805363],[127.09751886078642,36.949812206204804],[127.09632902740516,36.94258790242867],[127.09470535984542,36.94184262667285],[127.09054966124003,36.94531112906354],[127.08612266904618,36.94780505466421],[127.080114317541,36.94365796921384],[127.07393472561634,36.93839318738574],[127.0713770643182,36.94003971948903],[127.06063869734844,36.93951819011961],[127.05651054068483,36.93709723793165],[127.04805195925807,36.93349793728932],[127.03815092219867,36.932452245967106],[127.03173369240481,36.92833964863846],[127.01585984948298,36.93446097503086],[127.00631467022387,36.935184989268706],[126.99540570788413,36.93551723595457],[126.98532527286692,36.932466894329366],[126.97285285638561,36.92621512524931],[126.96422344681577,36.924099644968344],[126.94323404704777,36.917997631296984],[126.92758164613342,36.91060093181502]]]]}},{"type":"Feature","properties":{"regionCode":"41250","name":"동두천시","parentCode":"41"},"geometry":{"type":"MultiPolygon","coordinates":[[[[127.06842459035671,37.87064140575078],[127.06606334953592,37.87164950781258],[127.06254598960473,37.869206352218306],[127.05946162770375,37.87023361224167],[127.05768010952906,37.87319446497959],[127.05350520204657,37.87659238995029],[127.0501460487506,37.8814691640792],[127.04825472170826,37.882875914537095],[127.04689811107659,37.88772525398462],[127.04626428011824,37.89384944743832],[127.036226880672,37.895931711987195],[127.02876790656146,37.89893382963342],[127.02462671532726,37.89787279892473],[127.02089539999307,37.90060324871069],[127.01071311654978,37.90447299108011],[127.01055519806187,37.910336392206524],[127.00790110245758,37.91614543827301],[127.01233721888572,37.91842727966797],[127.00904003340952,37.9250504735495],[127.01004604364417,37.92757262710981],[127.01399280047119,37.9299605834413],[127.01675695601156,37.93661896211751],[127.02054838903032,37.94004924063705],[127.02495098260641,37.94041747460756],[127.0275723311146,37.943154435060336],[127.02930385108272,37.95572536123597],[127.03920953821459,37.957825148250535],[127.04168082560153,37.960849618365515],[127.04493130443637,37.970004675756506],[127.04443062820249,37.97226384274311],[127.04891860101823,37.97575897995239],[127.04881853950795,37.97885226261309],[127.05325916400604,37.981338730967465],[127.05705414949219,37.98034026813573],[127.06439266905214,37.97959820069189],[127.0634328166341,37.97602216575017],[127.0660986092734,37.975278280838985],[127.07617575748546,37.97667939171628],[127.08018158079761,37.976676857595415],[127.08457405471667,37.97562217301077],[127.08633027031843,37.97398689121651],[127.09171276213635,37.97144153038342],[127.09414464730294,37.96801040129623],[127.0922396954542,37.9600544365129],[127.09558196646499,37.95646644278562],[127.09883306749774,37.95532504713722],[127.09911541955411,37.95246103768691],[127.09557659306971,37.94901831604612],[127.09604842744854,37.94364602403637],[127.10234314569725,37.940781258466835],[127.10800854304198,37.9390899053997],[127.10947770884562,37.935523442699306],[127.11524513738814,37.928303845354485],[127.12089698081648,37.91702757330068],[127.12623368918446,37.915745907464206],[127.13284131488187,37.915922180540775],[127.13471233728183,37.913573360118775],[127.1387608519853,37.914027491436606],[127.14399206072858,37.91267120370859],[127.14663245219718,37.91081121800022],[127.1478560430291,37.906628428755106],[127.1467511505463,37.90442248421338],[127.15027359416878,37.900575435458656],[127.149660583333,37.897920406776684],[127.1556523276474,37.89567570812824],[127.15340104999119,37.89054980181925],[127.1494553468679,37.88438561232318],[127.14696392041334,37.87602590961417],[127.13983749128153,37.87621273486266],[127.13477770428192,37.873727009304616],[127.13169586526122,37.873110154736715],[127.12856003966374,37.87391260515001],[127.12355938320924,37.86982612865056],[127.12316225646751,37.867157071021055],[127.12035222458327,37.86604845102585],[127.11367693524551,37.86547694168197],[127.10918530066955,37.85985148862908],[127.10705168049377,37.86238494414766],[127.10287005044195,37.86558632214773],[127.0959776820183,37.867395929373124],[127.09146640088963,37.87120978058801],[127.08787787049752,37.872078270750535],[127.07750259653272,37.87101590262805],[127.0737308458761,37.87278612121577],[127.06842459035671,37.87064140575078]]]]}},{"type":"Feature","properties":{"regionCode":"41270","name":"안산시","parentCode":"41"},"geometry":{"type":"MultiPolygon","coordinates":[[[[126.83372298259823,37.27773724436741],[126.82930542506062,37.27860912035913],[126.82799837198688,37.27980162498617],[126.82573598317141,37.28881047537416],[126.82848363391219,37.288899450376775],[126.8277532844638,37.29159371703375],[126.82165178584727,37.29080285377748],[126.813919679971,37.29505111331134],[126.81632012185375,37.29800573092627],[126.8209907463374,37.30362685785579],[126.82371373494026,37.30440860190738],[126.82969042518644,37.30354573208871],[126.83544712302967,37.3035004541163],[126.84148904719855,37.30566598813312],[126.84211015972244,37.3071567174892],[126.8425222916004,37.31489285259556],[126.84310756896042,37.31628989999681],[126.84102279835894,37.320301747405885],[126.84182184228685,37.328070500349334],[126.84145899133883,37.33421764797818],[126.83710280269062,37.33903200973119],[126.8418288731962,37.3428012614267],[126.83633939792128,37.3453575196871],[126.83518969825133,37.34890136943966],[126.83480780517614,37.35064757610356],[126.83711785116948,37.35256049877062],[126.83695550283544,37.355774109938245],[126.84056021684599,37.358935593905976],[126.84075152292982,37.36368909455812],[126.84334741767695,37.363288902953535],[126.84825446698284,37.365053475230695],[126.85027648141542,37.36203031914075],[126.85448528430472,37.360291234159355],[126.85662235401179,37.361101665353004],[126.86483126548198,37.3615167217338],[126.87155102997673,37.36591300832663],[126.87315494029318,37.368509585843206],[126.88191192588266,37.37622071772795],[126.88648898053886,37.376576687788805],[126.89109725252328,37.375271248747616],[126.8955590360616,37.360453771242454],[126.89723786976528,37.35806727082639],[126.89408675501956,37.35570538034182],[126.89191889824377,37.351396925502634],[126.88867163734895,37.34944448373841],[126.88731185228832,37.34674796765817],[126.88767266739676,37.34359051082679],[126.88677663328924,37.340193992159236],[126.8809093684818,37.333619879294716],[126.8767244994036,37.332645700509424],[126.87398128998123,37.32994861709666],[126.87275024046686,37.326214842888724],[126.874213874551,37.32086162178055],[126.87811594541968,37.319455876629235],[126.88306320882377,37.32086309499512],[126.8877407341513,37.31790607897146],[126.8915304288972,37.31977683306243],[126.89503122174808,37.31916832352286],[126.90555786659371,37.3216520229295],[126.90815691350386,37.321610968542814],[126.91245787249105,37.31558311847849],[126.91417222876485,37.31593853761094],[126.91550855874648,37.3151379399467],[126.9143694075696,37.310524457599534],[126.91527731758718,37.30558204132514],[126.92064186197,37.30553687880956],[126.92257581142815,37.30644208113255],[126.93042700862954,37.30706491420128],[126.93052429516047,37.305210772340544],[126.9329532092641,37.30304784371433],[126.93258957102812,37.30075996197891],[126.93546680305103,37.298030129083706],[126.93934230170163,37.296919565428304],[126.93929325576404,37.29497684656569],[126.93297761091021,37.291625149076864],[126.92929189604779,37.286021026056744],[126.92739619327676,37.27884589157925],[126.92737455910199,37.278797346317106],[126.91756428308713,37.28539383570353],[126.91385491766198,37.291468905902164],[126.91198472800116,37.29014922986047],[126.90554556446901,37.289887211774875],[126.90149946513064,37.29097665252568],[126.89841236208623,37.293997542886615],[126.89954818777986,37.290203972228724],[126.89641092697711,37.2889948062494],[126.89287268615857,37.28645155338625],[126.89091301320349,37.282020360418976],[126.88618096081777,37.28052888796154],[126.88330085015856,37.28218148224136],[126.87969351242724,37.28566682167373],[126.8782701525348,37.28246597252791],[126.87815434424299,37.27923406705338],[126.87132164343637,37.274709068262325],[126.8582243085853,37.27417795776812],[126.85272497796203,37.27203661068024],[126.84646891260701,37.26587384936587],[126.8412772235945,37.2686495129346],[126.8388350637077,37.27142691790775],[126.83780558826567,37.275410793343305],[126.83372298259823,37.27773724436741]]],[[[126.46286759408113,37.09369190465294],[126.46506179691613,37.08914103585085],[126.4614576669719,37.088779482215614],[126.45849302701565,37.090934750464086],[126.45878186137317,37.0922859888701],[126.46286759408113,37.09369190465294]]],[[[126.45407943598764,37.09978921387687],[126.45769405156884,37.096999702628885],[126.45629896462579,37.09508437727585],[126.45294054090682,37.094756067125495],[126.44882634292156,37.09800320098193],[126.44898954034664,37.10018687206006],[126.45122410508218,37.10319489267488],[126.45407943598764,37.09978921387687]]],[[[126.38202369336663,37.10216259356271],[126.37988584102337,37.10448262355419],[126.37970947309786,37.10790845259832],[126.38201014930739,37.11423306225125],[126.38367044234448,37.11503741417666],[126.3896361916347,37.115251181955195],[126.39485613672318,37.112620607233666],[126.39656264695164,37.10908175688287],[126.39708255120742,37.10330640832932],[126.39773072522044,37.101629115086425],[126.39365229449618,37.09900191074958],[126.3890850816172,37.10178841679569],[126.38202369336663,37.10216259356271]]],[[[126.61779084813544,37.22367428986764],[126.61444873284252,37.2236786417237],[126.61397586724893,37.22543842878432],[126.61751546906466,37.22795942501145],[126.61779084813544,37.22367428986764]]],[[[126.58405627585734,37.29431338966202],[126.58615221887348,37.293004541417965],[126.5821914288172,37.288547091140195],[126.57796456365197,37.28829784679399],[126.57516243962657,37.284341577051265],[126.57210299963533,37.282404401877784],[126.57022036491941,37.279847846499685],[126.56925247055692,37.27205466565069],[126.57256125338603,37.276148064773814],[126.57720396057846,37.27518382930406],[126.58131486146155,37.27306944057355],[126.58306107556153,37.27393359383353],[126.58707002892334,37.27219454499289],[126.58551782960802,37.26863564270769],[126.59068332783067,37.26412127951297],[126.59685979439328,37.262426657273394],[126.60767698582718,37.26338526999707],[126.6091246831386,37.260578253562926],[126.61482274360628,37.259593427409136],[126.61822011541078,37.257403651442644],[126.61569057085646,37.254090258849764],[126.61455536042179,37.25046391470135],[126.6211697914417,37.24829241107471],[126.61927935411188,37.246161139184984],[126.62339098853019,37.24324988013514],[126.6235074534738,37.23952129211349],[126.62259240989506,37.23664372979831],[126.62994182103625,37.23439933708691],[126.63373239686703,37.23219844780012],[126.64376923909734,37.22880557133163],[126.64748841812104,37.22623312575023],[126.65072716857055,37.22502710917233],[126.65167717499783,37.22078280094364],[126.64973660846819,37.21825402770444],[126.64748703269235,37.21064482960131],[126.65081706449408,37.20972004372458],[126.65080097866274,37.2127260438228],[126.6529797838489,37.213657676201116],[126.65433898750862,37.21070855032978],[126.65204348302942,37.20731537310627],[126.64722492560281,37.20645939382633],[126.64639811701596,37.20420223057169],[126.65116173022439,37.20007769577819],[126.6504354187421,37.197520440587546],[126.64754700160906,37.19289011025014],[126.64562174141162,37.19166176701374],[126.64059321270992,37.19793168812335],[126.64231842843397,37.2013717085045],[126.64126640563354,37.204526819817104],[126.64226422496463,37.206472025468614],[126.64582751687476,37.206961987451585],[126.64683201625407,37.21076630707739],[126.63941497740919,37.21554969620564],[126.62921027858582,37.21799559850412],[126.62791352082006,37.22214818473522],[126.6252632351887,37.22312812648792],[126.62340026416608,37.226993644100034],[126.62344894074529,37.234229768043704],[126.6218002501429,37.23612281007232],[126.61950410845982,37.23313221548642],[126.61928485501237,37.22931793248218],[126.61498239763111,37.23063902527038],[126.61324269666459,37.233000016585976],[126.60994896067834,37.23262941179439],[126.61043116386,37.23032775101805],[126.6084698614751,37.229238108175714],[126.60280195429365,37.23018343886461],[126.59950776548222,37.226904461037016],[126.60254737327196,37.224199737294406],[126.6073322158826,37.22264834536206],[126.61161703542138,37.219023169836824],[126.61256473896017,37.21443997575049],[126.61583184925132,37.20923190322835],[126.614322589641,37.20729284632789],[126.60808348571778,37.20928089973336],[126.60539544412843,37.21198617914625],[126.60294244275656,37.20761508265632],[126.59814106939325,37.21110645147007],[126.60316815590244,37.216275680493226],[126.60165275870492,37.218194275688894],[126.59643956452057,37.2160981755448],[126.5952551190215,37.21406570738662],[126.58844482471751,37.213616882588994],[126.58734958797302,37.21793619474188],[126.58515144046822,37.22058851939789],[126.57656618511021,37.22056074585599],[126.57657587710428,37.2173151903942],[126.57320280702169,37.20979843717496],[126.56976330309713,37.206426231452404],[126.5682657472301,37.20283147776291],[126.56896235090322,37.20087645286623],[126.56542813725264,37.197693791913274],[126.56178247367858,37.19329778696048],[126.55792970241404,37.20033402937228],[126.55226651221781,37.20401267604763],[126.54252312367542,37.20569763769265],[126.54234408784058,37.20275432075126],[126.5374681877981,37.199715465842],[126.5404369701745,37.20647509667053],[126.5444060613789,37.20634268079078],[126.54458360742798,37.210192993819],[126.5432253340389,37.21384049286856],[126.5470988242734,37.21567449082272],[126.54710589466815,37.22072110824462],[126.54620504997676,37.22277913213944],[126.54347345180796,37.22442577166226],[126.54075255562678,37.22382801121195],[126.54029104158684,37.22850353318999],[126.54282215487554,37.2281893732232],[126.54444068977935,37.2335836551584],[126.55431430426133,37.23360320017887],[126.55670763799908,37.23457211307526],[126.55785705343311,37.23676144322026],[126.56580743508485,37.23619251587797],[126.56676236614577,37.23717224834127],[126.5603557641862,37.2425343346873],[126.55979210958755,37.24859722498608],[126.5622413332342,37.25175342397568],[126.56301576617436,37.25619768348881],[126.55950401250354,37.25710161042653],[126.5580552225522,37.25956568385444],[126.55877655846699,37.26163087119574],[126.55756690208516,37.266734268264024],[126.55500567818554,37.268514336444206],[126.55479938192404,37.27108499326979],[126.55082801794875,37.27292916649581],[126.54886166554355,37.276536882102675],[126.54861355231243,37.27995106873471],[126.54197402330816,37.28132618090456],[126.53947125420878,37.28265456703127],[126.53895116879224,37.28546476024976],[126.53377364683182,37.28758372828379],[126.5351468032453,37.28915541880346],[126.5416417292706,37.28562526131838],[126.54936710874826,37.28371356872247],[126.5518513675922,37.28188231244671],[126.55550499288353,37.28408760054788],[126.55776349996314,37.28167038055194],[126.55685455194488,37.27783804963653],[126.56039730625417,37.2775427733996],[126.56774417403996,37.28135168203836],[126.56528581953441,37.28374572866498],[126.56949897275437,37.28535854951726],[126.57433378257245,37.288331538432516],[126.57709873249128,37.29093500390413],[126.57371047507564,37.296090846283576],[126.5789957767444,37.295958582189954],[126.61219561418686,37.315125195076575],[126.64524838377646,37.32446562061783],[126.64665661436678,37.32176266195389],[126.61478388626965,37.31256555198143],[126.60802127296678,37.30899155288289],[126.59566147285304,37.301886914849504],[126.58368690143567,37.295001202962126],[126.5792314324549,37.29323693870516],[126.58140456567665,37.291677746119035],[126.58405627585734,37.29431338966202]]],[[[126.81632012185375,37.29800573092627],[126.80715289821173,37.2992898687083],[126.8041781523221,37.29625279426537],[126.79453514694868,37.29425772022312],[126.78299038564512,37.292349553152945],[126.7725842234774,37.2894050217247],[126.72557525886887,37.30232319917191],[126.71715962084404,37.30751608020175],[126.72403484836917,37.314689378557006],[126.73852099021138,37.32967922910069],[126.7465621961848,37.32473220756153],[126.74766709188204,37.3256044954887],[126.749299572627,37.33275209006903],[126.75022732905018,37.333962335348815],[126.7581191189404,37.33848519570415],[126.75982735403534,37.34085075195972],[126.76394468163775,37.34162346935277],[126.76821863473378,37.339422470006625],[126.77059109011583,37.34042305063469],[126.77638317212852,37.34200828596941],[126.78279948423945,37.3400638534826],[126.7840538895443,37.33747324519763],[126.78923264561244,37.340243527373346],[126.7920898761892,37.34313828098624],[126.79051385326852,37.34798047441566],[126.79158440980997,37.35247797238464],[126.79527709663095,37.35514216931423],[126.80215844397989,37.353095169184876],[126.80577998263782,37.353489421313796],[126.81022047376472,37.35562008122954],[126.81665261580113,37.35765199959959],[126.81855839037897,37.359707700936205],[126.82371841066046,37.36314118467663],[126.82762615731967,37.364199973465524],[126.83162737238747,37.361652616694336],[126.83959256033579,37.36288829538151],[126.84075152292982,37.36368909455812],[126.84056021684599,37.358935593905976],[126.83695550283544,37.355774109938245],[126.83711785116948,37.35256049877062],[126.83480780517614,37.35064757610356],[126.83518969825133,37.34890136943966],[126.83633939792128,37.3453575196871],[126.8418288731962,37.3428012614267],[126.83710280269062,37.33903200973119],[126.84145899133883,37.33421764797818],[126.84182184228685,37.328070500349334],[126.84102279835894,37.320301747405885],[126.84310756896042,37.31628989999681],[126.8425222916004,37.31489285259556],[126.84211015972244,37.3071567174892],[126.84148904719855,37.30566598813312],[126.83544712302967,37.3035004541163],[126.82969042518644,37.30354573208871],[126.82371373494026,37.30440860190738],[126.8209907463374,37.30362685785579],[126.81632012185375,37.29800573092627]]]]}},{"type":"Feature","properties":{"regionCode":"41280","name":"고양시","parentCode":"41"},"geometry":{"type":"MultiPolygon","coordinates":[[[[126.8185806111641,37.59358658667874],[126.81759357177894,37.59529399871683],[126.81128425134442,37.59868066632504],[126.80493593311222,37.60402118608447],[126.79794633826815,37.61085688097573],[126.78874702732462,37.61375247710878],[126.78250929152239,37.61658545374929],[126.77399907497714,37.62219154401614],[126.77269188374807,37.629735235917856],[126.77427278031003,37.63191285650192],[126.78404595898402,37.63151066523542],[126.78847642497728,37.62773160547039],[126.79308234218308,37.62774013803499],[126.79447916626543,37.6290047266285],[126.79412880314055,37.63189927663604],[126.79526973853793,37.64054307558698],[126.79728813944271,37.642408109729494],[126.8020897341256,37.64499561694317],[126.80587532315278,37.64381805930352],[126.81203295225656,37.64813430871202],[126.81607639720839,37.64634727913608],[126.8181624823681,37.649170368640924],[126.81660236552871,37.651259180097405],[126.81605051014839,37.65549338464034],[126.81114181719654,37.65830097118742],[126.81108901987025,37.659508085009776],[126.81431875839728,37.660359463849986],[126.81489253655731,37.662619405877344],[126.81939742245449,37.66422401847777],[126.82163206778748,37.67205250422865],[126.83237602925416,37.67783609336069],[126.83218361485817,37.67937621159468],[126.83351991361275,37.683086000822385],[126.83993442111053,37.68430509883044],[126.84146008800424,37.68539294030009],[126.84807881323648,37.686329911860575],[126.84895917442633,37.69022511077659],[126.85254993171426,37.68880042009899],[126.85493977034456,37.692131552636006],[126.85382803751861,37.695256505830336],[126.84975787359262,37.698041758028246],[126.8465612326688,37.70716232168758],[126.841775585064,37.71640812625439],[126.83991823755049,37.723222867354124],[126.83563195260213,37.72806795134153],[126.83945566950773,37.72867211594765],[126.84124770662467,37.73150101158739],[126.84804185931259,37.733686169960905],[126.85439812701954,37.73365806187265],[126.85656146506118,37.73571919531149],[126.8609441084243,37.732682002854204],[126.86495067644208,37.73254029283273],[126.86764765250754,37.72958945641676],[126.87149002789518,37.7293001774467],[126.87342669866197,37.72613674784511],[126.88098675850982,37.72616085716312],[126.88327215552002,37.719812933015604],[126.88270471484641,37.71931311068625],[126.88692140073101,37.71888107419862],[126.88922767489636,37.72344808895834],[126.89468774012963,37.726768319965885],[126.89927369965551,37.72676135906123],[126.90215536136581,37.72843330937612],[126.90188696130313,37.73428939335738],[126.90088022060415,37.73713469927248],[126.90357970864824,37.74159757686114],[126.90838297707984,37.74433921912723],[126.90956109122511,37.747219178421794],[126.9152876637488,37.74810730346573],[126.9218264543984,37.74703212135274],[126.92781300369911,37.74928308300413],[126.92970874242381,37.74853178461585],[126.93299466834836,37.745381570486195],[126.93020889928712,37.74316572982589],[126.93102403970393,37.73750600669213],[126.93006454853047,37.73590152990437],[126.92642601837372,37.73512553838868],[126.92261198903756,37.73193776221231],[126.92188584920495,37.730182263195154],[126.92360483868244,37.72765243746388],[126.92307215334297,37.72501333428065],[126.92504064412448,37.71991024363328],[126.92308127628426,37.71624468554184],[126.9204654977077,37.71367729972487],[126.92454154955907,37.71173056490976],[126.92466854489105,37.707869015672074],[126.9233941094751,37.70598136312771],[126.92174073217059,37.699032985711675],[126.91873998138955,37.69417800061328],[126.91579233364995,37.691100172019844],[126.91401292198724,37.687238175821655],[126.91401854540979,37.682198662742564],[126.91477671192281,37.6796144924079],[126.91137969682897,37.674387914155524],[126.90948698520253,37.673721610168876],[126.90688232822966,37.675421010501395],[126.9061422220245,37.67339949040132],[126.90805166764257,37.67026007440398],[126.911340969884,37.66870371869899],[126.92036057644988,37.66958549892627],[126.92177746782349,37.671932528538115],[126.92802928084396,37.670697772956665],[126.93005600838026,37.6722927965117],[126.93816030566809,37.6714292249847],[126.93982164432147,37.670756645126566],[126.94292742255945,37.67308887593013],[126.94471026331976,37.676926597810294],[126.94307704771684,37.67943043072641],[126.94463782404944,37.68484575864478],[126.9510074889552,37.68772152482571],[126.95444350902818,37.692646341580186],[126.95995647569907,37.6914920881918],[126.965235701587,37.69247268041758],[126.97299229596429,37.68667708421989],[126.97929380929132,37.686224043738314],[126.98758382250348,37.682615606119704],[126.99173632766428,37.67946543249626],[126.99295739337022,37.67761166318997],[126.99425696395392,37.66648354847951],[126.9928446150757,37.66502408592706],[126.98801896272771,37.66333802695061],[126.98499617433961,37.6593026707282],[126.98128631720417,37.65742065589698],[126.97964383183502,37.654884055408296],[126.98370229707739,37.64978456467067],[126.9849433081877,37.64582411683296],[126.98326621232157,37.64359780845904],[126.98636747030174,37.6406509135974],[126.98462538828213,37.63656487056026],[126.97853512979675,37.63384988645762],[126.97507466788086,37.63138628651299],[126.97178590780638,37.63228533903874],[126.96876404251695,37.63697561867808],[126.96882344891381,37.63868166382999],[126.96500569504917,37.64275985460244],[126.96173169440684,37.64515941183055],[126.95676540403868,37.6526492624794],[126.9546230281742,37.65475074904568],[126.95125098366289,37.654950303920366],[126.94730531549875,37.6589315442636],[126.94119170655057,37.65715427256853],[126.93704253969295,37.65193036444436],[126.93449160544333,37.65056165722764],[126.92889478272726,37.6499646396109],[126.92541979258209,37.64744315025331],[126.92126892195863,37.64555766524389],[126.91419297337679,37.644680559145094],[126.90527090887042,37.648914873430456],[126.90758429277841,37.64649416089275],[126.91222682533144,37.644377663610754],[126.91246719106086,37.64180123264446],[126.91022642576263,37.63866693340107],[126.90981678027804,37.63510912446462],[126.906530709959,37.63252383868431],[126.90881073596854,37.62905050142664],[126.90793736298467,37.6253934627425],[126.90643541231006,37.62402597775657],[126.90524472501262,37.61949872435838],[126.90339266421643,37.61880208820669],[126.90103131509832,37.612457094366334],[126.90220738931254,37.60709223275102],[126.90171484135661,37.60573097011439],[126.90208416732567,37.603820877787086],[126.90026058441242,37.60315477546994],[126.90141778019566,37.59826638204024],[126.90055611396696,37.594297244701984],[126.89898909138753,37.59265897581402],[126.89984123859193,37.589866904828185],[126.89696151598842,37.5886207710837],[126.88726180929973,37.58859447774934],[126.8854418368198,37.591088381708076],[126.88224101754084,37.59093660473637],[126.88028648989977,37.5896407938631],[126.87667182198187,37.58412133510444],[126.87707656896659,37.57890294324922],[126.87334512579619,37.57884665357865],[126.86799067087887,37.57739286210846],[126.86495408181973,37.57583670668176],[126.86172335873313,37.57585615430218],[126.8541170751827,37.57385570359623],[126.85355733358531,37.571805247320704],[126.85162866224654,37.57325709319498],[126.83209323243436,37.58576677415693],[126.82682266145918,37.587993134081664],[126.8185806111641,37.59358658667874]]],[[[126.79412880314055,37.63189927663604],[126.79447916626543,37.6290047266285],[126.79308234218308,37.62774013803499],[126.78847642497728,37.62773160547039],[126.78404595898402,37.63151066523542],[126.77427278031003,37.63191285650192],[126.77269188374807,37.629735235917856],[126.77399907497714,37.62219154401614],[126.76823849610726,37.62369155354388],[126.76090918627611,37.62823363135772],[126.74882622296812,37.634449709120865],[126.74092368353017,37.6389250758077],[126.74086416613967,37.6539023600725],[126.74404870720738,37.65413228782398],[126.74508972900858,37.65949711490522],[126.75022211615595,37.65871886324401],[126.7509679794334,37.66410561610725],[126.75518765952557,37.66222051239516],[126.7563250073263,37.66356271025799],[126.75804008495156,37.66610280866648],[126.75832549738966,37.66597840965691],[126.7626841314831,37.663289444331326],[126.76742183316281,37.666233556476776],[126.76986017626872,37.66807610888692],[126.77324939405467,37.67298336742351],[126.77755614097613,37.678758027116714],[126.77729436481646,37.67887166522915],[126.77788386492571,37.682771909569816],[126.77690843585503,37.69043848917732],[126.77814374157545,37.69579222688614],[126.78126716588682,37.69919551711902],[126.77373427346723,37.70261785010149],[126.77334781351969,37.70425095698598],[126.77327912482949,37.709231183665466],[126.77785377281856,37.71410047783344],[126.78256290837693,37.717610570076495],[126.78502904524058,37.72089063953011],[126.79194665830178,37.724201837758606],[126.79607937786187,37.72960671043001],[126.79557983354394,37.73356126424819],[126.79437650078215,37.7342863086061],[126.79473642024435,37.73587095615548],[126.7981653370724,37.73716274624945],[126.80075579863609,37.73527862008136],[126.80098560393199,37.730753133612254],[126.80282756871775,37.73037535005618],[126.80690420797622,37.72697326653318],[126.81398922495102,37.72347824516388],[126.82302965103383,37.72880651258718],[126.82541147801233,37.72714709919395],[126.83175338897748,37.72881122255317],[126.83563195260213,37.72806795134153],[126.83991823755049,37.723222867354124],[126.841775585064,37.71640812625439],[126.8465612326688,37.70716232168758],[126.84975787359262,37.698041758028246],[126.85382803751861,37.695256505830336],[126.85493977034456,37.692131552636006],[126.85254993171426,37.68880042009899],[126.84895917442633,37.69022511077659],[126.84807881323648,37.686329911860575],[126.84146008800424,37.68539294030009],[126.83993442111053,37.68430509883044],[126.83351991361275,37.683086000822385],[126.83218361485817,37.67937621159468],[126.83237602925416,37.67783609336069],[126.82163206778748,37.67205250422865],[126.81939742245449,37.66422401847777],[126.81489253655731,37.662619405877344],[126.81431875839728,37.660359463849986],[126.81108901987025,37.659508085009776],[126.81114181719654,37.65830097118742],[126.81605051014839,37.65549338464034],[126.81660236552871,37.651259180097405],[126.8181624823681,37.649170368640924],[126.81607639720839,37.64634727913608],[126.81203295225656,37.64813430871202],[126.80587532315278,37.64381805930352],[126.8020897341256,37.64499561694317],[126.79728813944271,37.642408109729494],[126.79526973853793,37.64054307558698],[126.79412880314055,37.63189927663604]]],[[[126.74508972900858,37.65949711490522],[126.74404870720738,37.65413228782398],[126.74086416613967,37.6539023600725],[126.74092368353017,37.6389250758077],[126.73579707227482,37.64154735518557],[126.72838763870998,37.64450615201247],[126.71826484875429,37.64928975033891],[126.70933206655472,37.65466172720334],[126.70158732942453,37.65931903525035],[126.68932153135165,37.66618115775095],[126.67346434319872,37.67491414355302],[126.66846293122464,37.68017528378052],[126.66678537503994,37.684156322182126],[126.66704641081864,37.689140199901644],[126.67654831891679,37.70008467370003],[126.68347898645052,37.695126040900824],[126.68738695123216,37.69158383419772],[126.6914034525092,37.68911255616649],[126.69661925354069,37.69489520651498],[126.69928666651494,37.6970291860328],[126.7045770456152,37.69620535958238],[126.71190837546409,37.69973704702825],[126.71707220360916,37.7002392221619],[126.72352187607189,37.703028533804684],[126.7283766701156,37.70393599838929],[126.72989091958758,37.7049411243816],[126.73613048103769,37.704630105136644],[126.7401667922455,37.7050532737557],[126.74802082672635,37.70313763031862],[126.75553264733564,37.70488778603628],[126.76113176668377,37.70399453612085],[126.76766354885713,37.70663630879264],[126.77334781351969,37.70425095698598],[126.77373427346723,37.70261785010149],[126.78126716588682,37.69919551711902],[126.77814374157545,37.69579222688614],[126.77690843585503,37.69043848917732],[126.77788386492571,37.682771909569816],[126.77729436481646,37.67887166522915],[126.77755614097613,37.678758027116714],[126.77324939405467,37.67298336742351],[126.76986017626872,37.66807610888692],[126.76742183316281,37.666233556476776],[126.7626841314831,37.663289444331326],[126.75832549738966,37.66597840965691],[126.75804008495156,37.66610280866648],[126.7563250073263,37.66356271025799],[126.75518765952557,37.66222051239516],[126.7509679794334,37.66410561610725],[126.75022211615595,37.65871886324401],[126.74508972900858,37.65949711490522]]]]}},{"type":"Feature","properties":{"regionCode":"41290","name":"과천시","parentCode":"41"},"geometry":{"type":"MultiPolygon","coordinates":[[[[126.9949800777088,37.40513623208737],[126.99189704579437,37.40771897336447],[126.98827406000514,37.40793995787971],[126.98578430859381,37.40664470151531],[126.98256974682245,37.400674863707884],[126.97854277722558,37.40319228066285],[126.97615402539546,37.40609991091706],[126.975260527257,37.41260271641134],[126.97376439451027,37.41496216215216],[126.9707676931577,37.416312180825095],[126.96401549804355,37.41913226551188],[126.96091249941706,37.42602777294723],[126.96226647015135,37.42899115008802],[126.96423853614226,37.43138937304131],[126.96380325483926,37.44076820569039],[126.96441050842971,37.445580153573886],[126.96869719680184,37.44679042965236],[126.97081222311287,37.447461294950685],[126.97398314583471,37.447599378096996],[126.98235574666255,37.455158240783824],[126.98862046387836,37.458135323217356],[126.99683201181607,37.46218492617583],[126.99627509882059,37.46671749087119],[127.00342193700581,37.46725934879104],[127.0051557557203,37.46306059579489],[127.01106032839904,37.45538864973786],[127.01617106320967,37.45536912238311],[127.02053387336493,37.456167710917896],[127.02610497921987,37.45851014202381],[127.02986236271967,37.46345355304681],[127.02986111865329,37.4654453005473],[127.03473491489402,37.463847834388574],[127.03342946289989,37.46107522675779],[127.03583473655377,37.45754591860271],[127.03835863543168,37.4456510084154],[127.035413112466,37.441172670533135],[127.03586426708745,37.439155899625554],[127.04105997621345,37.43811482660866],[127.04639094552913,37.433484341239016],[127.04746704771722,37.4308710922291],[127.04591520843624,37.42908721146393],[127.04182910582954,37.42691491657111],[127.04167534027411,37.415633660359624],[127.0380208037407,37.41393837732762],[127.03375485256196,37.41383600926094],[127.0284035586207,37.41211456239223],[127.02115483307105,37.41239752557661],[127.01814044177091,37.41317848511997],[127.008449968516,37.412175290045],[127.00412698008756,37.40777089854013],[127.00075491834991,37.405736620654984],[126.99953910361,37.40462831383809],[126.9949800777088,37.40513623208737]]]]}},{"type":"Feature","properties":{"regionCode":"41310","name":"구리시","parentCode":"41"},"geometry":{"type":"MultiPolygon","coordinates":[[[[127.16798040573991,37.59419313272543],[127.16830841891155,37.590474864251505],[127.16372869681994,37.590004144864245],[127.16092426177407,37.58835198839456],[127.1622783962542,37.584527035701505],[127.16554591995498,37.58423042011547],[127.17076195721104,37.58091809496363],[127.16856621812114,37.5789466401408],[127.16662379436175,37.57892027848271],[127.16227748842206,37.576421776862425],[127.15290680366344,37.57067018806569],[127.14924237405107,37.56848658796402],[127.14541137535429,37.568266223412174],[127.13382468198465,37.56844520191191],[127.12228096158411,37.564254547880985],[127.11668259708428,37.56002073681968],[127.1137691771839,37.55888549092249],[127.11002219824084,37.55845873405385],[127.10896038693978,37.55982369013402],[127.10424638970304,37.55987605946642],[127.1011460799232,37.56002336317411],[127.10334184502871,37.569649304038116],[127.10415964070647,37.57092182714483],[127.10093021118088,37.573559795823115],[127.10267823187601,37.57891294732714],[127.1026655861381,37.584104673555004],[127.10932809122542,37.58466434029016],[127.11014333874036,37.58741619339008],[127.1123997606826,37.59186378093394],[127.11390575571913,37.59334278726775],[127.11836564712655,37.595015524601116],[127.1139627329203,37.59942081802319],[127.11801121467134,37.60457760024447],[127.11837502985998,37.60737632861362],[127.11661509079283,37.60882189786028],[127.11679645267469,37.60990507764774],[127.11758668705428,37.61170699061383],[127.11696815201357,37.61743077296312],[127.11567458701147,37.61929460112488],[127.11097928775352,37.62075629026599],[127.10571036714282,37.62083343234811],[127.10352988456548,37.62306597308524],[127.10548870544851,37.62726039877589],[127.11098324373879,37.630593313859],[127.1123843166474,37.63522852209713],[127.11115471503085,37.64241159163724],[127.11198927098907,37.64345332687808],[127.11650541212616,37.64340029928896],[127.1270249122876,37.641318130385685],[127.12902788881225,37.64169399412112],[127.13106289569053,37.641327445961025],[127.13338952203978,37.64360269583983],[127.13910659546819,37.64582184588846],[127.14174911443789,37.64613184885215],[127.14664799309988,37.64378173254607],[127.15026170865916,37.63942569345341],[127.14943938137817,37.63305846786547],[127.14845282114298,37.631818440554426],[127.14437154230644,37.62896247501059],[127.1430744052805,37.625957781253966],[127.14343315304454,37.620632358670825],[127.14701519587628,37.61513028165977],[127.14895095615879,37.60466918065843],[127.14920394408742,37.60402773175104],[127.15061261266254,37.60063376312275],[127.15408496250109,37.59708148019659],[127.15657640703334,37.595933457071915],[127.16286568457514,37.594541314047206],[127.16798040573991,37.59419313272543]]]]}},{"type":"Feature","properties":{"regionCode":"41360","name":"남양주시","parentCode":"41"},"geometry":{"type":"MultiPolygon","coordinates":[[[[127.16554591995498,37.58423042011547],[127.1622783962542,37.584527035701505],[127.16092426177407,37.58835198839456],[127.16372869681994,37.590004144864245],[127.16830841891155,37.590474864251505],[127.16798040573991,37.59419313272543],[127.16286568457514,37.594541314047206],[127.15657640703334,37.595933457071915],[127.15408496250109,37.59708148019659],[127.15061261266254,37.60063376312275],[127.14920394408742,37.60402773175104],[127.14895095615879,37.60466918065843],[127.14701519587628,37.61513028165977],[127.14343315304454,37.620632358670825],[127.1430744052805,37.625957781253966],[127.14437154230644,37.62896247501059],[127.14845282114298,37.631818440554426],[127.14943938137817,37.63305846786547],[127.15026170865916,37.63942569345341],[127.14664799309988,37.64378173254607],[127.14174911443789,37.64613184885215],[127.13910659546819,37.64582184588846],[127.13338952203978,37.64360269583983],[127.13106289569053,37.641327445961025],[127.12902788881225,37.64169399412112],[127.1270249122876,37.641318130385685],[127.11650541212616,37.64340029928896],[127.11198927098907,37.64345332687808],[127.11115471503085,37.64241159163724],[127.10656795572935,37.64548959251487],[127.0978142702977,37.6452815729829],[127.09445212499575,37.64575907901987],[127.09229791715144,37.64999466384976],[127.0936018870392,37.65331721238588],[127.09281808479378,37.65490311643604],[127.08603443399842,37.65591267225598],[127.09244495585239,37.65809256043153],[127.09396031613478,37.66257066784949],[127.09572830788656,37.670417231369676],[127.09556154288181,37.67280745073942],[127.09182776444449,37.679187298896515],[127.09281142909215,37.681804565526235],[127.09632169639002,37.68594699061477],[127.0959236405964,37.68771674545949],[127.09283501347736,37.68967891237454],[127.0889917161366,37.689755713182386],[127.08492587944606,37.69084335023972],[127.08376676034781,37.69465978186424],[127.08111169633146,37.696090674589485],[127.0803557598973,37.69959776168512],[127.08384074446305,37.70174104662776],[127.09115922250034,37.702529189057806],[127.09400517651352,37.70380295869411],[127.09663008884273,37.70221376712027],[127.099087944101,37.704770913721674],[127.10150612900043,37.70494624311778],[127.10365495794386,37.707213984624495],[127.10901358230244,37.708639076384],[127.109304407241,37.71280643317884],[127.11221586998215,37.71771582877257],[127.11656462226652,37.71795375299951],[127.11819598708583,37.72080105173056],[127.12300668791717,37.72213697843665],[127.12411777498545,37.72597228996795],[127.12576770058203,37.72747149326406],[127.1256456736925,37.733538159795444],[127.12366723324567,37.734980696518136],[127.12371484262724,37.738612198745656],[127.12629489145132,37.743798427910214],[127.12904481159467,37.74554462115908],[127.12822968807423,37.74714958690348],[127.12848454433028,37.747825256814394],[127.13622365516224,37.74931179480239],[127.13825675773802,37.74731147946693],[127.14248418667157,37.74777052728048],[127.14204320018018,37.74992335977333],[127.14670654041863,37.75483612452198],[127.15375667376084,37.75549924013617],[127.15912245283813,37.753240165961934],[127.16584915859148,37.75292255924519],[127.17326433818994,37.75511441335536],[127.17626224695715,37.75734106943702],[127.17702629546477,37.759816171939704],[127.18090554893648,37.76309516194946],[127.18431456788093,37.76472672314196],[127.19092423848515,37.76257768827481],[127.2042601769901,37.76345689926251],[127.20528298064342,37.761241079094326],[127.21096062173224,37.764610317355945],[127.21265072593718,37.76465388423366],[127.21404649566196,37.76060244964901],[127.22186952880371,37.75716909927097],[127.22168188381704,37.75498407039433],[127.22462157614893,37.753592795121094],[127.22762236476933,37.75427688876623],[127.23068134130155,37.75732589027126],[127.23340903139874,37.758458803632095],[127.23649147132865,37.76219152879235],[127.24047325688583,37.76270510607472],[127.25185419806421,37.76634167523551],[127.25374843814501,37.76775960014145],[127.25972576839244,37.768400739149236],[127.26093902877653,37.772446093071636],[127.26328611651915,37.77682279593204],[127.266523837898,37.780450292744206],[127.26973125156424,37.77882748914831],[127.27406242865924,37.7740487239581],[127.28185513928356,37.77492079103806],[127.28999585904062,37.77501444588176],[127.29313147448488,37.77623677828107],[127.30210065518628,37.77337808832558],[127.3063056487596,37.77034874079285],[127.31087725657787,37.76812426224802],[127.3152123049657,37.769030209693554],[127.31857475061531,37.767228278691626],[127.3237027649989,37.76175697862562],[127.32644736219369,37.76025035845253],[127.33009180819373,37.755848184069656],[127.33383458801343,37.75298088382356],[127.33106753916569,37.74954255021312],[127.33293042559562,37.746455904737054],[127.34240895199606,37.737803886266455],[127.3433550463489,37.733211668935176],[127.34285845783883,37.7295527333275],[127.34499579497516,37.72769769484195],[127.35545440472052,37.72368992399443],[127.35404296963505,37.71941361167123],[127.35471503597117,37.71662594419279],[127.35338749096617,37.71094014672298],[127.35516823069132,37.708582101306135],[127.3534354562361,37.70382426773393],[127.35848755830314,37.6992300472861],[127.36134764293605,37.69380537926917],[127.37081976769595,37.6929181794772],[127.37075170535742,37.69047097565396],[127.3671412279449,37.69010980855966],[127.36856946914477,37.68579287668064],[127.37381277513377,37.68248731335378],[127.37477429058006,37.677968932187156],[127.37919772392932,37.67459492286802],[127.37754979652871,37.66989939115414],[127.3763740265911,37.660106375943634],[127.37442027368988,37.65432804810952],[127.37112753436035,37.64818839305886],[127.36667613990164,37.64101212890166],[127.36408152891563,37.638094445030404],[127.35809399148494,37.63332716608924],[127.35215833163575,37.62779237406179],[127.34709961573172,37.61777534155523],[127.34532410816071,37.61093500898132],[127.34342993851733,37.6027946181433],[127.34146716704632,37.59179326369411],[127.33918891848846,37.58654431246164],[127.33582573677681,37.58074189950793],[127.32132916844974,37.5583524290559],[127.31710261523307,37.55219081569394],[127.3116895223446,37.54546831688114],[127.3078985733228,37.53804064608975],[127.30477029470445,37.52498719603054],[127.30710334111875,37.5163751852271],[127.30128043720113,37.51054830799851],[127.2923967949354,37.5071393714671],[127.28906482999521,37.50713574450646],[127.28785691876125,37.5096641601557],[127.28758295516984,37.513496716072815],[127.28478419362258,37.52149016968254],[127.27898980120284,37.5263647912772],[127.26346662767205,37.533274068346635],[127.25914028371805,37.53564603922326],[127.248547743644,37.54140166894712],[127.23842102288489,37.54499636763308],[127.2361832118215,37.550453194220744],[127.23442751250147,37.552059723890885],[127.23422688496673,37.55774457389479],[127.2290627591046,37.5633572904539],[127.22185549059084,37.56466872084184],[127.22011469947277,37.56696273384477],[127.21966876555392,37.57389783549082],[127.21293726138448,37.57697367850979],[127.20843457041856,37.58181178989717],[127.20618533626214,37.58510494777836],[127.20243278652127,37.58817950224885],[127.19928754122971,37.591143732008774],[127.1940240101492,37.59194471809535],[127.18533102329896,37.59172147419012],[127.18337787775668,37.591701327386886],[127.18022163456492,37.5878854172316],[127.17076195721104,37.58091809496363],[127.16554591995498,37.58423042011547]]]]}},{"type":"Feature","properties":{"regionCode":"41370","name":"오산시","parentCode":"41"},"geometry":{"type":"MultiPolygon","coordinates":[[[[127.10364660198648,37.14357454892091],[127.1003534484917,37.14229024133789],[127.09770400127567,37.138805195289194],[127.09785504092955,37.13685977622728],[127.09381396277604,37.136420078797066],[127.09160114161132,37.1372834687327],[127.08774260766361,37.13480365716961],[127.0915283526482,37.131350174933],[127.08903674098002,37.12793818432513],[127.08619642526561,37.12674873383298],[127.07926681676554,37.12576752409228],[127.07928031287224,37.128157786676354],[127.07113515279063,37.125605551558365],[127.06895815472532,37.12815987504517],[127.0661357041999,37.12768932580462],[127.06637241455586,37.13121553441527],[127.06508963269826,37.1319372913817],[127.05806925722725,37.131956398033445],[127.05570355173397,37.13351825144234],[127.05329926649972,37.13194866131979],[127.05233410345497,37.1296238754659],[127.04525437938312,37.12925777218273],[127.04556587614185,37.12634852062033],[127.04094230652349,37.12906988365664],[127.03818877817598,37.13177582867332],[127.03851568698451,37.13576134433948],[127.03563343269566,37.136019580557736],[127.03257294876185,37.1401968847175],[127.03034319402322,37.146450438419436],[127.02998127086526,37.15000394773649],[127.02783434211463,37.153794922249325],[127.02879470555537,37.15498404140759],[127.0304867791237,37.156007184235925],[127.02975744049786,37.15875914346949],[127.0269744188379,37.16066126629116],[127.02809505248347,37.163121926457094],[127.02402318825135,37.16526117348183],[127.01662683318271,37.1678454793493],[127.01239135073811,37.167568971995635],[127.00653029279879,37.168064181800894],[126.99966780348663,37.17374240744233],[126.9952535935849,37.17501377206125],[126.99649720676064,37.178461362466315],[126.99976996436222,37.177576071396665],[127.0030091093062,37.17913793969035],[127.00242608866436,37.18204803992761],[127.00784506905812,37.18699690420797],[127.00981837133574,37.1924045003446],[127.01360426018219,37.19480882619722],[127.01752759400223,37.19546148590908],[127.02467599656254,37.19809320598534],[127.02665101671123,37.200417705675434],[127.03705569350241,37.199906712498006],[127.03872316287297,37.19832787147226],[127.04250711207189,37.19763832290502],[127.04609860011163,37.196263973755386],[127.05040747069674,37.196326586017896],[127.05673186684464,37.19723943056863],[127.06146608313912,37.199400718442],[127.06497235523975,37.197748879515956],[127.0660226865167,37.19571779068923],[127.06564660929077,37.19215585724556],[127.06863618418403,37.190618454132235],[127.06532443080881,37.186445406596384],[127.06659419746512,37.184071451464604],[127.07105904208225,37.18403760461313],[127.07213953856551,37.18201945345088],[127.07221798246965,37.17597583085148],[127.07072820079858,37.173923371130456],[127.07127447117107,37.16820649885931],[127.07346781981225,37.16549208242126],[127.07784152005368,37.162315367546014],[127.07987794417186,37.161353139936004],[127.08895355840001,37.160524542726584],[127.09386111016404,37.15945250111411],[127.09799023590622,37.15585079615151],[127.09775603738964,37.1517009264326],[127.09930881090114,37.15021352982816],[127.10094927307202,37.146087206018066],[127.10364660198648,37.14357454892091]]]]}},{"type":"Feature","properties":{"regionCode":"41390","name":"시흥시","parentCode":"41"},"geometry":{"type":"MultiPolygon","coordinates":[[[[126.68136380607433,37.32008050974661],[126.67715988175435,37.32009390247851],[126.67531399866438,37.32378643852837],[126.67106449501567,37.32988698791891],[126.69148874590753,37.33593401711225],[126.69114843998017,37.33920627533859],[126.68559087335449,37.34087677424653],[126.68844729679088,37.348859970538136],[126.69291369015825,37.348293387839476],[126.70319662752708,37.35126841959407],[126.7004521683918,37.35465839303705],[126.71647595240353,37.37190346534954],[126.72984057230123,37.38556918378812],[126.73282081477169,37.386401180626],[126.74258944196124,37.38263586188136],[126.74055114311994,37.38690447032743],[126.73744550862678,37.388217374044814],[126.73548576900524,37.38701717388694],[126.73351453430665,37.3890324783675],[126.73654154837307,37.39542661589188],[126.73835868219007,37.396519490864655],[126.74384491411273,37.400374764745756],[126.7458483045781,37.40158815602722],[126.750575879332,37.40760623569069],[126.75058994744568,37.40980902483931],[126.75328961988788,37.41691612813735],[126.7550419484636,37.4181636870026],[126.75369009495193,37.42253943913569],[126.7596752848379,37.4265334425289],[126.76098205461899,37.42628900672631],[126.7638149210869,37.4257591092596],[126.76736934433276,37.426593557963244],[126.77035223152424,37.42904817687087],[126.77127482748675,37.43138230699046],[126.77104815287684,37.4368233519385],[126.76883815718544,37.44293488511684],[126.7717375779374,37.45027217487829],[126.77831583751951,37.450789381866805],[126.77976935646252,37.454325945045106],[126.77744777918323,37.45751850443531],[126.77984193551697,37.46579138667863],[126.77822709716354,37.47179487957215],[126.78432257487653,37.472409533683695],[126.78518635225161,37.47005550810269],[126.78790827760115,37.46925941961509],[126.78926886749365,37.46565530596121],[126.79477040116103,37.46571763670376],[126.79651795987898,37.4640246886252],[126.79978340553453,37.46417134670908],[126.80106459775043,37.463748195580365],[126.80410042833815,37.461504747380836],[126.80698784826792,37.46201608412375],[126.80888945495994,37.46209263633409],[126.81150775606666,37.45987818322783],[126.81547724355998,37.46098382973417],[126.8177409602437,37.459185868560304],[126.82318878179714,37.45834593213372],[126.82597323840619,37.45940498952971],[126.82928485523814,37.45778353048131],[126.83314261957152,37.46035062849384],[126.83835171927467,37.45732558984695],[126.83883242602121,37.45569767026412],[126.83810906084052,37.45294437772347],[126.83836220492324,37.44621988466399],[126.83771444390942,37.44243468461608],[126.83780503243456,37.436932281932044],[126.8417444279463,37.43442822207118],[126.84004457647296,37.43171150335372],[126.84193004295568,37.4263789695589],[126.84550703509258,37.4229082701916],[126.84459863470771,37.42096646588715],[126.8463182574987,37.41246936453525],[126.85284363304994,37.40829427751273],[126.85374360089598,37.40547125544367],[126.85769100486401,37.40223876860144],[126.86197071959414,37.40151426752884],[126.87061082037326,37.402155478176056],[126.87700377716085,37.40205411663258],[126.87758191780716,37.39713126594393],[126.87609271251853,37.39466150894793],[126.87792523462406,37.38729005392973],[126.88013894648161,37.38218978232223],[126.88191192588266,37.37622071772795],[126.87315494029318,37.368509585843206],[126.87155102997673,37.36591300832663],[126.86483126548198,37.3615167217338],[126.85662235401179,37.361101665353004],[126.85448528430472,37.360291234159355],[126.85027648141542,37.36203031914075],[126.84825446698284,37.365053475230695],[126.84334741767695,37.363288902953535],[126.84075152292982,37.36368909455812],[126.83959256033579,37.36288829538151],[126.83162737238747,37.361652616694336],[126.82762615731967,37.364199973465524],[126.82371841066046,37.36314118467663],[126.81855839037897,37.359707700936205],[126.81665261580113,37.35765199959959],[126.81022047376472,37.35562008122954],[126.80577998263782,37.353489421313796],[126.80215844397989,37.353095169184876],[126.79527709663095,37.35514216931423],[126.79158440980997,37.35247797238464],[126.79051385326852,37.34798047441566],[126.7920898761892,37.34313828098624],[126.78923264561244,37.340243527373346],[126.7840538895443,37.33747324519763],[126.78279948423945,37.3400638534826],[126.77638317212852,37.34200828596941],[126.77059109011583,37.34042305063469],[126.76821863473378,37.339422470006625],[126.76394468163775,37.34162346935277],[126.75982735403534,37.34085075195972],[126.7581191189404,37.33848519570415],[126.75022732905018,37.333962335348815],[126.749299572627,37.33275209006903],[126.74766709188204,37.3256044954887],[126.7465621961848,37.32473220756153],[126.73852099021138,37.32967922910069],[126.72403484836917,37.314689378557006],[126.71715962084404,37.30751608020175],[126.70610723924304,37.31044402971416],[126.6923962577354,37.318999101289194],[126.68136380607433,37.32008050974661]]]]}},{"type":"Feature","properties":{"regionCode":"41410","name":"군포시","parentCode":"41"},"geometry":{"type":"MultiPolygon","coordinates":[[[[126.94741025502891,37.32813976712345],[126.94696090264453,37.324766499067394],[126.9450513718034,37.32034191109648],[126.93867361297427,37.322462751756916],[126.93550183824762,37.321643164584124],[126.9296395281222,37.31703043222624],[126.93024151470887,37.312964692167306],[126.93284686433631,37.30885112352838],[126.93042700862954,37.30706491420128],[126.92257581142815,37.30644208113255],[126.92064186197,37.30553687880956],[126.91527731758718,37.30558204132514],[126.9143694075696,37.310524457599534],[126.91550855874648,37.3151379399467],[126.91417222876485,37.31593853761094],[126.91245787249105,37.31558311847849],[126.90815691350386,37.321610968542814],[126.90555786659371,37.3216520229295],[126.89503122174808,37.31916832352286],[126.8915304288972,37.31977683306243],[126.8877407341513,37.31790607897146],[126.88306320882377,37.32086309499512],[126.87811594541968,37.319455876629235],[126.874213874551,37.32086162178055],[126.87275024046686,37.326214842888724],[126.87398128998123,37.32994861709666],[126.8767244994036,37.332645700509424],[126.8809093684818,37.333619879294716],[126.88677663328924,37.340193992159236],[126.88767266739676,37.34359051082679],[126.88731185228832,37.34674796765817],[126.88867163734895,37.34944448373841],[126.89191889824377,37.351396925502634],[126.89408675501956,37.35570538034182],[126.89723786976528,37.35806727082639],[126.90118869704526,37.35682768091791],[126.90407602171966,37.356987609231815],[126.90554068773868,37.35875159588259],[126.90696874801253,37.359697263618315],[126.9083088498347,37.36338936928926],[126.9117561806417,37.36806902336804],[126.91377442384233,37.372846186300826],[126.91482673779718,37.375412424886],[126.91753037900642,37.37678121145729],[126.9191782461432,37.37693353657449],[126.92141780726472,37.376518614550996],[126.9269472561717,37.37763845213979],[126.93489382592921,37.37699615257404],[126.94007611539308,37.375851238119886],[126.94118537511306,37.37676239726842],[126.9408169706462,37.379126761608966],[126.94528282471565,37.37701267337136],[126.94669408597204,37.37565818924537],[126.94575390310236,37.37400650225791],[126.94559467322,37.37377820388944],[126.94707458458723,37.36997906391843],[126.95034333628651,37.36737359447971],[126.95389685913507,37.36627779495018],[126.95701969199604,37.36603091744259],[126.96213627602094,37.36155526752112],[126.96051616918426,37.35639429176955],[126.96236504950208,37.35533907353355],[126.9594326561588,37.35061714335784],[126.95823897638957,37.34723151395389],[126.95757988334272,37.34434089753001],[126.95444437036028,37.34110134783784],[126.9513387720142,37.34175425387358],[126.94856348150984,37.3397515082416],[126.94790013973302,37.3311853425055],[126.94783680829823,37.33079162935364],[126.94741025502891,37.32813976712345]]]]}},{"type":"Feature","properties":{"regionCode":"41430","name":"의왕시","parentCode":"41"},"geometry":{"type":"MultiPolygon","coordinates":[[[[126.97000341451498,37.31692400004181],[126.96770523980321,37.31593794042539],[126.96666268436336,37.31304881551076],[126.96634986009674,37.308205988996754],[126.96397506329482,37.30437030714423],[126.9610752166736,37.3019687121463],[126.95430209847191,37.30314257159083],[126.95229328176649,37.30064969341378],[126.94158757536634,37.301022473194784],[126.93474649732423,37.30306543631546],[126.9329532092641,37.30304784371433],[126.93052429516047,37.305210772340544],[126.93042700862954,37.30706491420128],[126.93284686433631,37.30885112352838],[126.93024151470887,37.312964692167306],[126.9296395281222,37.31703043222624],[126.93550183824762,37.321643164584124],[126.93867361297427,37.322462751756916],[126.9450513718034,37.32034191109648],[126.94696090264453,37.324766499067394],[126.94741025502891,37.32813976712345],[126.94790013973302,37.3311853425055],[126.94856348150984,37.3397515082416],[126.9513387720142,37.34175425387358],[126.95444437036028,37.34110134783784],[126.95757988334272,37.34434089753001],[126.95823897638957,37.34723151395389],[126.9594326561588,37.35061714335784],[126.96236504950208,37.35533907353355],[126.96051616918426,37.35639429176955],[126.96213627602094,37.36155526752112],[126.9661259655316,37.36218743652841],[126.96434043454829,37.36514940121078],[126.96535389643537,37.3673510923106],[126.9657573579049,37.37275301377359],[126.96624555303862,37.37330194744563],[126.97143779858476,37.38026703261198],[126.97292657317108,37.38675788854935],[126.9741636543356,37.38846698154161],[126.98182997895643,37.39437891677716],[126.9795063009424,37.39589204939503],[126.98219007396912,37.398838343004364],[126.98256974682245,37.400674863707884],[126.98578430859381,37.40664470151531],[126.98827406000514,37.40793995787971],[126.99189704579437,37.40771897336447],[126.9949800777088,37.40513623208737],[126.99953910361,37.40462831383809],[127.00075491834991,37.405736620654984],[127.00412698008756,37.40777089854013],[127.008449968516,37.412175290045],[127.01814044177091,37.41317848511997],[127.02115483307105,37.41239752557661],[127.0284035586207,37.41211456239223],[127.03375485256196,37.41383600926094],[127.0380208037407,37.41393837732762],[127.04167534027411,37.415633660359624],[127.04675185046257,37.41360037457231],[127.04659663529634,37.41062297370824],[127.04279101446623,37.40824109185007],[127.04369971656885,37.40420642770929],[127.0374049540001,37.40084237717608],[127.03828142801405,37.39817099645502],[127.03871949204202,37.39132901636381],[127.0353643893056,37.388793154927704],[127.03145617101568,37.381236595157496],[127.02888689203216,37.37924673889712],[127.02708438230145,37.375570939236084],[127.02794237427015,37.37214238803066],[127.02691889580937,37.36864994735646],[127.02399719726448,37.3642079480369],[127.01824761552555,37.360352681264146],[127.01613153950261,37.35664268299994],[127.01687051023275,37.35374554764737],[127.0188076940644,37.35156311737542],[127.01461020553634,37.34915055587574],[127.01269558713778,37.34687909081712],[127.00902511138911,37.33875767439271],[127.00611881535663,37.3380699870098],[127.00046651030817,37.33849368449755],[126.99141394401062,37.33401242781888],[126.98710775533263,37.329448508020306],[126.98277935878322,37.326747023477566],[126.98093781840896,37.32659362012859],[126.97119432204674,37.33178863450821],[126.96692202659356,37.323238361971136],[126.97000341451498,37.31692400004181]]]]}},{"type":"Feature","properties":{"regionCode":"41450","name":"하남시","parentCode":"41"},"geometry":{"type":"MultiPolygon","coordinates":[[[[127.17773121888236,37.473406666505866],[127.17595660831105,37.47219961484187],[127.17073526870294,37.469945283180444],[127.1646152487135,37.469097701086106],[127.16279715069004,37.47125938009386],[127.15436269368145,37.47173364742644],[127.15445251626403,37.4736852785665],[127.1434452606241,37.47410418499762],[127.14424494819606,37.47732471748754],[127.14739957071382,37.47721780909402],[127.14771968602788,37.48175024300532],[127.14983972331646,37.48527063558697],[127.15763863747891,37.48914280054281],[127.15767886964817,37.490166400670006],[127.15997722650022,37.494222384615014],[127.16004833198636,37.49444567758847],[127.16005402169033,37.49459554471811],[127.16009543352675,37.497160050159195],[127.16137615866293,37.49961204680415],[127.15761697184965,37.503088356557335],[127.15647122324073,37.50190086665547],[127.15359645452716,37.502747637941255],[127.15321317706709,37.50275214779723],[127.15012265324374,37.50450970356701],[127.1476861402132,37.50326991283001],[127.14437217717085,37.5043877056885],[127.14113544171697,37.50545395934771],[127.1402267429743,37.50839417575326],[127.14112530726499,37.51232372030165],[127.1435243959871,37.51268902694083],[127.14466293981724,37.51554693704178],[127.14461305227165,37.51696019781759],[127.14580008867549,37.521989966841396],[127.14776346110432,37.52216933126086],[127.14942775873865,37.52563097171409],[127.15326485814504,37.5293312211051],[127.15355242225388,37.533996519079544],[127.15699375900817,37.53836687877954],[127.16040210515521,37.54159780430569],[127.16319304745531,37.54501868568689],[127.17412719970096,37.54541112977806],[127.17904635644585,37.5466413585008],[127.18355190345548,37.54582646715933],[127.18138944438635,37.55285240857274],[127.18187832639636,37.55885787455035],[127.18182464503386,37.56133194537491],[127.17947562244152,37.56653725292983],[127.17911365130952,37.56914778925791],[127.1758174076579,37.574847158173185],[127.17550975335656,37.57837960964092],[127.17395294565993,37.579582003364855],[127.16856621812114,37.5789466401408],[127.17076195721104,37.58091809496363],[127.18022163456492,37.5878854172316],[127.18337787775668,37.591701327386886],[127.18533102329896,37.59172147419012],[127.1940240101492,37.59194471809535],[127.19928754122971,37.591143732008774],[127.20243278652127,37.58817950224885],[127.20618533626214,37.58510494777836],[127.20843457041856,37.58181178989717],[127.21293726138448,37.57697367850979],[127.21966876555392,37.57389783549082],[127.22011469947277,37.56696273384477],[127.22185549059084,37.56466872084184],[127.2290627591046,37.5633572904539],[127.23422688496673,37.55774457389479],[127.23442751250147,37.552059723890885],[127.2361832118215,37.550453194220744],[127.23842102288489,37.54499636763308],[127.248547743644,37.54140166894712],[127.25914028371805,37.53564603922326],[127.26346662767205,37.533274068346635],[127.27898980120284,37.5263647912772],[127.28478419362258,37.52149016968254],[127.28758295516984,37.513496716072815],[127.28320094301928,37.51353607593698],[127.27957077488571,37.51257616584707],[127.27641377047716,37.508314670750515],[127.27042202335576,37.507262904730645],[127.26815823888491,37.50623014899364],[127.26120171795303,37.507242700529396],[127.2543946871939,37.50595671669129],[127.25326850308358,37.50325250388836],[127.25553463919462,37.49615333582832],[127.25792588163476,37.49462368556889],[127.25914511570146,37.49211136755402],[127.25854380978318,37.48958180856777],[127.25362678067255,37.48631997799899],[127.25379702764393,37.48460542412811],[127.24876837885382,37.482353873291196],[127.24622324522292,37.47781568270298],[127.24173640546135,37.47686403136434],[127.23746092972115,37.47493131513384],[127.22615205734617,37.479732464840126],[127.21573197308597,37.48230148033377],[127.20683876645876,37.480311451186104],[127.2025856145696,37.48170574909062],[127.19804284954179,37.47958510685328],[127.19238228827462,37.480723127156615],[127.18917855638604,37.4802178645048],[127.18547243226114,37.48101595573664],[127.18318620903972,37.4835717949962],[127.17873186421609,37.48519373041981],[127.17579207698006,37.48527851442624],[127.17584124283789,37.47677005459245],[127.18105370146309,37.473289546856094],[127.17773121888236,37.473406666505866]]]]}},{"type":"Feature","properties":{"regionCode":"41460","name":"용인시","parentCode":"41"},"geometry":{"type":"MultiPolygon","coordinates":[[[[127.1762605547396,37.08767036903575],[127.17308216757883,37.08587480083665],[127.16620329237995,37.086595709077656],[127.16152173423933,37.089001641173745],[127.15370436689288,37.091012910691454],[127.14642575446726,37.09141284916676],[127.14238980937124,37.08793815159523],[127.13725862281883,37.08918681414896],[127.13569974170558,37.09176377861574],[127.12593759129325,37.09062660123822],[127.12305828090808,37.09134760785021],[127.11261040174631,37.11385090901244],[127.10978754155951,37.117407741263285],[127.10866960737441,37.12480560063334],[127.11256800711402,37.12624417319667],[127.11260764206904,37.128065733285105],[127.11494733567731,37.129738103845405],[127.11781064025678,37.128843469643044],[127.1207853248717,37.129892469069816],[127.12161354499666,37.135375167165336],[127.12106608758,37.141581924420315],[127.12269547734505,37.14450996211115],[127.1270792773717,37.145649477492405],[127.12948936699448,37.148750018236605],[127.13059262482636,37.151850949051955],[127.12882948826955,37.15848210150787],[127.12914510966604,37.16202677192796],[127.13368296605584,37.16473047578324],[127.13255329650265,37.16818276975648],[127.13330725480529,37.169204826889064],[127.14370776569984,37.17017177024821],[127.14862134221951,37.16979770780068],[127.1511488477143,37.171604619935955],[127.15549931808002,37.17664609974297],[127.15925727350515,37.177976406199434],[127.16067009339847,37.180557303591655],[127.15907821780459,37.18413478481523],[127.16023076248457,37.185891338855775],[127.16090918563268,37.19172484115654],[127.15571974196577,37.19665986109267],[127.15229428967118,37.19832916910363],[127.15338581255322,37.20190741133056],[127.15767518135708,37.20699610050965],[127.15171809087629,37.21413927716269],[127.15160402018091,37.21854357488899],[127.14983127526253,37.221693126372],[127.1530261786613,37.22336900064011],[127.1562138827903,37.227886473729356],[127.15557733325913,37.229993878225905],[127.15025184046479,37.23634104866014],[127.14922559568247,37.24067045092381],[127.15058925318611,37.24296187816447],[127.152254594869,37.242876482439414],[127.15812386121773,37.24780966456318],[127.15913412153554,37.25342822265524],[127.16336586306275,37.254639190542704],[127.16994147762675,37.254979955368334],[127.17511645055194,37.258338488684764],[127.1741493947018,37.260146490448484],[127.1721783618474,37.269485173028244],[127.17239394121778,37.27065537854944],[127.1737026418841,37.2741256993214],[127.17690448955871,37.28195434479774],[127.17709953013188,37.28498356726154],[127.17468689230195,37.28921351919253],[127.17043341644184,37.29202194517647],[127.17191477506546,37.294645783710976],[127.1701465709023,37.299702203555576],[127.16723530480509,37.3016928272869],[127.16311777821187,37.30415330455683],[127.15624872202355,37.3046130577409],[127.14875472974218,37.3061002458442],[127.14700903166892,37.30945386177408],[127.14318179545775,37.313391601612906],[127.14273200987249,37.317396833822116],[127.13723693863422,37.32063872888066],[127.13725415313553,37.3243896982132],[127.13969027740808,37.32419769658654],[127.14246435710068,37.325774528618034],[127.14132417223757,37.3290757928241],[127.14185843051624,37.336314426384206],[127.14820193755428,37.33770018770809],[127.15266953983763,37.34000516397112],[127.15755444436003,37.34106501291797],[127.1620637026494,37.34331792498792],[127.17288440750623,37.344605772837994],[127.17673482650605,37.34441557927061],[127.17876396170762,37.34322360697194],[127.19170571847135,37.34718696013786],[127.1924629363939,37.34666054272343],[127.19553119533093,37.34452653611965],[127.1981832148075,37.34112155440313],[127.19695913470187,37.33587771493221],[127.19744062795577,37.3335431564607],[127.20147354280654,37.32860848767613],[127.20830864449351,37.33087900925967],[127.21264937888812,37.33742019501802],[127.21681128438924,37.34067184700131],[127.21831480046816,37.34504947466637],[127.22158099792352,37.34930043810087],[127.21791532051118,37.35219587012376],[127.21669951009993,37.35464758696576],[127.22262083425262,37.35437542797486],[127.22495571369815,37.355249579025035],[127.22860882384853,37.3589018823276],[127.23369288947218,37.35798953077233],[127.23876315315135,37.359696578167814],[127.23877678143218,37.35645948166964],[127.2410227291983,37.35350336584104],[127.24691409029766,37.355646201546996],[127.25441695861753,37.350757912469554],[127.26097170827792,37.348658711387365],[127.26503211032835,37.342676439596644],[127.26874635340133,37.342354305072334],[127.27544583374518,37.34316381328022],[127.28038667955136,37.34603499726415],[127.28334323898032,37.34531376107707],[127.28367385647293,37.33855727112602],[127.28319578037582,37.33648770646125],[127.28015182293696,37.33219485211826],[127.28036626476043,37.328084908036075],[127.28232167390112,37.327413604865896],[127.2820521945047,37.322278556329415],[127.2830894477677,37.3189937558891],[127.27948674480379,37.313768036404134],[127.27734931369027,37.30954438522913],[127.27860339037379,37.3054397161021],[127.28166305457418,37.29804611744874],[127.27779638374172,37.29039846086429],[127.27854568429277,37.28663540425772],[127.27994575219124,37.2855056346344],[127.28175385634074,37.278083713999514],[127.27572674904125,37.27474966682066],[127.2800582286777,37.269628829232346],[127.28446027096132,37.26897664987064],[127.28755731703775,37.270876314956155],[127.29148383162354,37.27164835916163],[127.29667565909887,37.270492203964686],[127.2990070471565,37.26925545255499],[127.30038835757718,37.26618101428167],[127.30215841626527,37.2661748965822],[127.30301284867053,37.26992727489554],[127.31072641619578,37.27328431734384],[127.31655225951067,37.27381603631525],[127.3192917941327,37.27498868948541],[127.33089373447451,37.27023854995333],[127.33675322179712,37.27120000687371],[127.33879971089392,37.27053918912106],[127.34093781899976,37.2658232118145],[127.34018037216458,37.26315669370129],[127.33666363613466,37.26116971395656],[127.33618379148255,37.25777847534661],[127.33856901170094,37.252392339639734],[127.33344231263999,37.24931605869792],[127.33115236221917,37.24312134367716],[127.33445063573068,37.23780770929725],[127.3341968871987,37.23140962471498],[127.3333854044708,37.227157224203566],[127.3308723539218,37.22304211587494],[127.33186540392924,37.22000015042191],[127.33703817721283,37.21745301446044],[127.33853056109655,37.21629224075199],[127.33958160682438,37.21207375693377],[127.34217549771817,37.208080803927935],[127.34519203501337,37.207509009518276],[127.34840245330716,37.204355912754615],[127.35619179923899,37.20237919659398],[127.3572447466616,37.200504407398846],[127.36204759892742,37.20111404340093],[127.37038447071039,37.20391896061082],[127.37820671284301,37.19555314276862],[127.37597102604593,37.190997521496435],[127.37203829372504,37.189759579276284],[127.37224454943393,37.18602995644528],[127.37528779608603,37.18510218130021],[127.38121157258513,37.18755840550348],[127.3823816181454,37.182742639520356],[127.38827639871117,37.181413124721175],[127.40357038146968,37.1803290856005],[127.40908063085621,37.18389853692435],[127.41113298867533,37.183465162323685],[127.41414821113185,37.17339293940613],[127.41302350947696,37.170019694628145],[127.41063284827854,37.16750634373392],[127.40969472258674,37.1643822880184],[127.41231635590003,37.1550669045995],[127.41484307795632,37.15207941522941],[127.41791611723063,37.151360444038595],[127.42350126381949,37.151827288420144],[127.42982266646477,37.14773652311438],[127.42728809336226,37.14592074616091],[127.42586277605902,37.14304106786915],[127.42643992347507,37.1386109416645],[127.42560911303907,37.13397481545329],[127.4209098087064,37.126066339240154],[127.41501445324018,37.12282840108227],[127.41256645333749,37.11942815246123],[127.41520745233706,37.115696017617836],[127.42027397138071,37.115732204891515],[127.42511433612303,37.1127076912271],[127.42306812278723,37.111190942186184],[127.4245913575867,37.10943519657941],[127.42107293560407,37.106510031087055],[127.42417688015863,37.09969952247884],[127.42171833047718,37.097283224503556],[127.4162818501466,37.09573794842792],[127.41612009408827,37.09309235381268],[127.41553611094746,37.093412982179515],[127.40197313014995,37.0938780500389],[127.39898630505341,37.095384325135946],[127.39381775698979,37.104379419761024],[127.39323024841138,37.10650175068188],[127.38746748293535,37.10817870906852],[127.38413871277909,37.105942228849656],[127.3792609834836,37.10523424089011],[127.37701814916436,37.10111466953368],[127.37419808411516,37.10297203091252],[127.37387148140535,37.10523651719246],[127.36926223378468,37.10676958322641],[127.36121587175153,37.10750862199717],[127.35822327136397,37.10724704930504],[127.3551852630358,37.103878804957986],[127.35442203231372,37.10059611416858],[127.35231768093279,37.10017941910496],[127.34767501057658,37.10357417802095],[127.34343057380948,37.10401823601378],[127.33968577813623,37.10932150320829],[127.33335653179381,37.111735357689945],[127.32958908440469,37.118811817679266],[127.32672014092037,37.11944201824201],[127.32035246409947,37.11313611169413],[127.31636114993667,37.10984092359697],[127.31328232593688,37.109469977152585],[127.310634215038,37.10538338207272],[127.30570384126248,37.107114029945926],[127.30410127008835,37.10909114702309],[127.30340232850864,37.111704121840596],[127.29980415441757,37.11248684748379],[127.29908495989454,37.116839509743095],[127.29713674267472,37.12033484082995],[127.29283725040824,37.12350074693808],[127.29230726352563,37.126645450855676],[127.28626647833678,37.13202408899247],[127.28412861924876,37.13082029649355],[127.28229540939834,37.133867028334485],[127.27435794450851,37.13364376342522],[127.27272837310545,37.13596525161151],[127.27192504643071,37.141030747842755],[127.27312442168031,37.143313613513676],[127.26915348478025,37.14713695402953],[127.26803125791021,37.14932635900328],[127.26953803285058,37.15144312375386],[127.26876796759568,37.154240525805115],[127.2669436996165,37.15532991845062],[127.26379998523646,37.15587356208265],[127.26047351714485,37.15206628493031],[127.25527576914679,37.151163263128865],[127.25376732145132,37.147297562929076],[127.25025725653718,37.14523724864942],[127.252808899214,37.14119747135221],[127.2537134153582,37.138093964264996],[127.2511609931812,37.13360294166614],[127.25337840920578,37.129000190023625],[127.25195890486575,37.12456223543598],[127.25051564168551,37.12269777099703],[127.24587140078269,37.1220594850818],[127.24301777428596,37.122504788521894],[127.23644507284217,37.12124534707146],[127.23379197512102,37.11764385853014],[127.22939189530113,37.1171279740168],[127.22616790144396,37.11394192048831],[127.22321792765645,37.11290383579818],[127.22016203385112,37.113427616992645],[127.21469624091378,37.11092553877033],[127.20860536568344,37.11009606352293],[127.209712275299,37.107968040507345],[127.20858996638187,37.104385508200636],[127.20232142732624,37.100398038381904],[127.1989079572614,37.09685921647406],[127.19760456950215,37.09299780069505],[127.19527272046582,37.089069499061274],[127.19238047359312,37.08709467447731],[127.18869702760682,37.086364945265736],[127.18623374004416,37.084492615124],[127.18190336480046,37.08714590967007],[127.1762605547396,37.08767036903575]]],[[[127.15160402018091,37.21854357488899],[127.14846968844893,37.21907389330226],[127.1400208284669,37.21750373403473],[127.13675672246572,37.21568081793321],[127.12965728435836,37.217456009393885],[127.12671525292849,37.21751212591331],[127.11738471629546,37.219964561509755],[127.11517517236503,37.21914618201571],[127.1043251660069,37.21981690132552],[127.09558244025135,37.218293294333165],[127.08878178576394,37.21644118895723],[127.08873665903569,37.216460118601724],[127.08283286206381,37.21952343472658],[127.07558339692721,37.22589990688454],[127.07455991747064,37.228133924748334],[127.06875572634347,37.23015221290942],[127.06805168409994,37.238756500421175],[127.06667990835032,37.24014808570359],[127.06621168726228,37.243882199339524],[127.06961848176353,37.246191415116435],[127.07650867331243,37.2475322997167],[127.08003514715102,37.24754042543945],[127.08210870040487,37.24940352490584],[127.08243871904678,37.25445083748968],[127.08469846603053,37.256609091726304],[127.08122497149147,37.260592298820555],[127.08620366981569,37.264773130473046],[127.08552868391035,37.270508152007324],[127.07599161853601,37.26572740626982],[127.0708920037222,37.266548456282656],[127.06465737194159,37.271105907789334],[127.06805589424259,37.27560955513144],[127.0695382561455,37.27874279235638],[127.07541111503502,37.282238873946945],[127.08168263906177,37.284632995151256],[127.08413476308137,37.28631822665879],[127.08863439802808,37.28687478477174],[127.08831098648984,37.29317439401815],[127.09057974788645,37.29714363993999],[127.08988322859707,37.29841355682057],[127.0930288182659,37.301413939150855],[127.09328861396413,37.3071890793218],[127.09167128635872,37.308907418171614],[127.09392587384336,37.313137320133386],[127.09993343467417,37.31363863786479],[127.1003517281152,37.31896162585717],[127.09762539239672,37.320947834827706],[127.10456507845076,37.32364041545993],[127.1108005091742,37.32423028079846],[127.1130987509391,37.320901413886],[127.12455835810758,37.32127409674028],[127.12708159515269,37.31842129118348],[127.1258468293068,37.315225409069754],[127.13462937729015,37.319843119102664],[127.13258836021396,37.32236857413742],[127.13725415313553,37.3243896982132],[127.13723693863422,37.32063872888066],[127.14273200987249,37.317396833822116],[127.14318179545775,37.313391601612906],[127.14700903166892,37.30945386177408],[127.14875472974218,37.3061002458442],[127.15624872202355,37.3046130577409],[127.16311777821187,37.30415330455683],[127.16723530480509,37.3016928272869],[127.1701465709023,37.299702203555576],[127.17191477506546,37.294645783710976],[127.17043341644184,37.29202194517647],[127.17468689230195,37.28921351919253],[127.17709953013188,37.28498356726154],[127.17690448955871,37.28195434479774],[127.1737026418841,37.2741256993214],[127.17239394121778,37.27065537854944],[127.1721783618474,37.269485173028244],[127.1741493947018,37.260146490448484],[127.17511645055194,37.258338488684764],[127.16994147762675,37.254979955368334],[127.16336586306275,37.254639190542704],[127.15913412153554,37.25342822265524],[127.15812386121773,37.24780966456318],[127.152254594869,37.242876482439414],[127.15058925318611,37.24296187816447],[127.14922559568247,37.24067045092381],[127.15025184046479,37.23634104866014],[127.15557733325913,37.229993878225905],[127.1562138827903,37.227886473729356],[127.1530261786613,37.22336900064011],[127.14983127526253,37.221693126372],[127.15160402018091,37.21854357488899]]],[[[127.0600896638569,37.299455839705544],[127.06080678547758,37.30409557158788],[127.05818174508379,37.30493819606865],[127.06061731958967,37.31094262670583],[127.05811267518868,37.3133670497766],[127.05765379824098,37.315564081709866],[127.04902540099998,37.31591974988571],[127.04066937798633,37.32003173535493],[127.03991793157468,37.32133695197896],[127.0372573324354,37.3263653233896],[127.03826505789314,37.32850216296585],[127.03594701932074,37.331000069833046],[127.03457699645394,37.33453487531195],[127.03153495011198,37.33700386494246],[127.03206804934035,37.34238478027626],[127.03344092364888,37.34470695410112],[127.02877859223024,37.347576341667],[127.02508349180493,37.34854234860914],[127.0188076940644,37.35156311737542],[127.01687051023275,37.35374554764737],[127.01613153950261,37.35664268299994],[127.01824761552555,37.360352681264146],[127.02399719726448,37.3642079480369],[127.02691889580937,37.36864994735646],[127.02794237427015,37.37214238803066],[127.04634221491357,37.368234790992496],[127.04740159268083,37.36648904670242],[127.05310836661828,37.363255637806205],[127.05294665767083,37.36112664216762],[127.06307045950378,37.36038590495586],[127.0708847126684,37.35767543879921],[127.07454050281174,37.3531672449378],[127.07810029810939,37.34910220427314],[127.08355588978169,37.352030749671115],[127.08698582035188,37.3509566080518],[127.08886631896898,37.34839872269095],[127.09245796143517,37.34712780529746],[127.09699149272102,37.343218934150975],[127.10224979511966,37.34241196367596],[127.10270015460546,37.33996058258117],[127.10895863437398,37.33601172199929],[127.11274845641292,37.3356886543662],[127.11688110214757,37.33341484040214],[127.12071627538178,37.33440745512825],[127.12329187362045,37.337006052485215],[127.1304711079624,37.3376203367418],[127.13634402208058,37.33964062278096],[127.13954485484308,37.33883917035849],[127.14185843051624,37.336314426384206],[127.14132417223757,37.3290757928241],[127.14246435710068,37.325774528618034],[127.13969027740808,37.32419769658654],[127.13725415313553,37.3243896982132],[127.13258836021396,37.32236857413742],[127.13462937729015,37.319843119102664],[127.1258468293068,37.315225409069754],[127.12708159515269,37.31842129118348],[127.12455835810758,37.32127409674028],[127.1130987509391,37.320901413886],[127.1108005091742,37.32423028079846],[127.10456507845076,37.32364041545993],[127.09762539239672,37.320947834827706],[127.1003517281152,37.31896162585717],[127.09993343467417,37.31363863786479],[127.09392587384336,37.313137320133386],[127.09167128635872,37.308907418171614],[127.09328861396413,37.3071890793218],[127.0930288182659,37.301413939150855],[127.08988322859707,37.29841355682057],[127.08559364835422,37.2981315778418],[127.07979844684168,37.295353674443895],[127.07934432974142,37.29327478564497],[127.0618567237614,37.296361884430674],[127.0600896638569,37.299455839705544]]]]}},{"type":"Feature","properties":{"regionCode":"41480","name":"파주시","parentCode":"41"},"geometry":{"type":"MultiPolygon","coordinates":[[[[126.7401667922455,37.7050532737557],[126.73613048103769,37.704630105136644],[126.72989091958758,37.7049411243816],[126.7283766701156,37.70393599838929],[126.72352187607189,37.703028533804684],[126.71707220360916,37.7002392221619],[126.71190837546409,37.69973704702825],[126.7045770456152,37.69620535958238],[126.69928666651494,37.6970291860328],[126.69661925354069,37.69489520651498],[126.6914034525092,37.68911255616649],[126.68738695123216,37.69158383419772],[126.68347898645052,37.695126040900824],[126.67654831891679,37.70008467370003],[126.67972324344882,37.70515073402786],[126.68362249619508,37.713392119079074],[126.68544252239072,37.72280312479126],[126.68479503998236,37.725649039367084],[126.67739221662292,37.735011859518636],[126.67400254079905,37.75000607664066],[126.67617415563828,37.75499986306866],[126.6736473352811,37.76427347590684],[126.67289369276628,37.76937519170541],[126.6699313687831,37.777719560819165],[126.66700405635578,37.784517209504884],[126.66328121564607,37.787429088062815],[126.66215954716547,37.790153041762885],[126.66506370758424,37.798641484280964],[126.66604788775722,37.81206649852145],[126.67164167524261,37.82660891842371],[126.67396347842937,37.83104831110479],[126.67175719138531,37.83286700419698],[126.66890804642817,37.83466298600411],[126.66019641556521,37.838827113339164],[126.6593486087684,37.84024172336886],[126.66096200899435,37.84360152251073],[126.66500708883896,37.843188642244435],[126.67101318145522,37.84577384160919],[126.67620967332171,37.84397847227135],[126.67959991189171,37.84596912604804],[126.67990392745865,37.851688848351074],[126.68707076344562,37.860282769338525],[126.69217981196105,37.8684284346493],[126.68344646989061,37.873998946790415],[126.67913326743324,37.870124964129424],[126.6726135836675,37.87006356263562],[126.67522746560057,37.87442722127883],[126.67551804893598,37.87717479879615],[126.68168794559092,37.879227647749126],[126.67641449507046,37.88448711657008],[126.67483655160675,37.88143986314782],[126.672329927172,37.88302429980302],[126.67446525872325,37.88465034004175],[126.6722010859348,37.88869247136066],[126.67712280152685,37.89722157572943],[126.67702299119001,37.90446267136988],[126.67585501199233,37.90617595524312],[126.68045020094584,37.9111104493661],[126.68280161190411,37.91279923954037],[126.68233080531024,37.91525083222759],[126.67436041616968,37.9139615667622],[126.67009914550904,37.91428308448058],[126.66591943241107,37.9183419637394],[126.66556005000336,37.92113675984933],[126.66678134361014,37.924445218723235],[126.66920718295502,37.927966088192484],[126.66755805604653,37.93269289849787],[126.66957358106328,37.937505374676306],[126.67184754149194,37.93970693338576],[126.66905675293133,37.94140395335888],[126.66939808779499,37.94468487902447],[126.6721272264261,37.94761759401243],[126.67068903252843,37.951970760321814],[126.67038387779681,37.95569988264043],[126.67546590901478,37.95439609250282],[126.67918349158519,37.95577985906959],[126.68129819846975,37.95810523639417],[126.68730753204127,37.957197144330586],[126.68820387750303,37.96031194995414],[126.69001392383024,37.96103552214559],[126.69156080231178,37.96624272341786],[126.69457878462067,37.967023178733164],[126.6983182425261,37.96925449972264],[126.7006604419469,37.9691245271294],[126.70248547786578,37.97431878696709],[126.70769660567986,37.97564331793954],[126.70966157721125,37.97351246320621],[126.70947982482845,37.9705865440776],[126.71203861546878,37.96839799380804],[126.71527540400751,37.96931697368399],[126.71939457262842,37.96495209153481],[126.72197404628885,37.96650108059752],[126.72556906169466,37.96688064246884],[126.72777827046218,37.968678073794685],[126.73041381397836,37.96879454019917],[126.73756517124546,37.96639998507824],[126.73996353839392,37.97270033634066],[126.74455273361953,37.974218296064834],[126.74806090488869,37.97903330218218],[126.7521604748128,37.98165172862921],[126.76253650055463,37.98501365378783],[126.76511255306268,37.98453972334153],[126.77142196671826,37.97898767833304],[126.77533051571929,37.98041326656404],[126.77181926577906,37.982353021484535],[126.77586018006652,37.98445428153926],[126.78224032590002,37.980463562052336],[126.78362331938584,37.982270038212214],[126.79369340834563,37.992314816342635],[126.79723887859251,37.99282503736286],[126.80090816955057,37.99199741364024],[126.79850474830519,37.987711059067934],[126.80202827471825,37.979550687803076],[126.80451096686137,37.970749998294856],[126.81044583882863,37.96766857328148],[126.81388123068372,37.96889071016929],[126.81847094793652,37.964094432639754],[126.81753996826029,37.96128829867118],[126.82073135840041,37.95745942287981],[126.82830256544563,37.95980231054265],[126.8311378511882,37.963241096801845],[126.83593890937223,37.9640341541065],[126.83678090735596,37.96472863346197],[126.83741254943298,37.97139935394563],[126.83881123281542,37.97761816439771],[126.84023117472226,37.980945253522876],[126.84397529388228,37.98500601722908],[126.84809303346353,37.98704214174964],[126.85493957197824,37.987239867615585],[126.86596965250938,37.97735535535704],[126.87184088613996,37.97114999392312],[126.88137107103908,37.9668225227148],[126.88775853286057,37.9661382845875],[126.89152192197866,37.96707149520617],[126.89436307159838,37.968807606555586],[126.89545784070965,37.97110136830461],[126.89267118997635,37.978283746612085],[126.89156839168888,37.98247576166068],[126.89116178669609,37.988188898200576],[126.89174071537883,37.99237720831572],[126.89546025319424,37.99937118666976],[126.89824314171844,37.9971356111689],[126.90483741952117,37.99441801483172],[126.90807903791682,37.992513694301216],[126.92162859085599,37.98593173948954],[126.9317026854187,37.98228446514432],[126.9371991933799,37.981708169211586],[126.94378958945593,37.983561226214405],[126.95246164959137,37.988001459232464],[126.95659200348761,37.991715709990494],[126.96166273770095,37.9976525588488],[126.96956520493069,38.00333386218724],[126.97866372978132,38.00365845217579],[126.98207571737412,38.00468746882668],[126.98581332009869,38.003144655008235],[126.99214685442607,38.0033704871662],[126.99609072479215,38.00139897119221],[127.00099268276364,37.996251021787195],[127.01030348663409,37.99323143022632],[127.01528215638315,37.99230908686715],[127.01704422262794,37.986928911972434],[127.01259799746566,37.98456610552514],[127.01129315145315,37.97611669625399],[127.00852804143148,37.973837380363555],[127.00465958343247,37.97323420785511],[127.00078305343655,37.97392983579975],[126.99635472817104,37.973198943372324],[126.99121676968842,37.96693768206001],[126.98852481792312,37.96009312805843],[126.98175769167914,37.95659130298156],[126.97912253507752,37.954078653441705],[126.97742180072018,37.9486103699113],[126.97743859414452,37.94614213515443],[126.97335568839246,37.94203426604021],[126.97032407944748,37.94203414748618],[126.96443236258423,37.93831331544984],[126.96409368957394,37.93294008401302],[126.96505301442588,37.92823970117356],[126.96304889206857,37.927076916136684],[126.9620025582077,37.92291156280491],[126.96001730621946,37.92016366867159],[126.95632563506473,37.9223435714647],[126.9496002574581,37.918965136313126],[126.95055857095802,37.91679524642735],[126.95473027363586,37.912469289535764],[126.95316114441194,37.90870696336885],[126.95083818204537,37.90720904417889],[126.94762092788382,37.9025680962705],[126.94673355848859,37.89964260677463],[126.94853522865957,37.89674776409954],[126.948179927867,37.893757816930155],[126.94599632321982,37.88846205776746],[126.94728490580202,37.88599281573723],[126.94808315013785,37.88464915309495],[126.94649466825591,37.88047210307718],[126.94709910848029,37.879472181754885],[126.94426435611797,37.87363234550649],[126.94633973135406,37.86698562157968],[126.94283093134581,37.86254706551244],[126.93850349266448,37.8540610389008],[126.93886629612291,37.85249900979274],[126.93561986809411,37.84938864916087],[126.93451225021502,37.846243278914834],[126.93648521599881,37.84079098368371],[126.93297616252924,37.83857044420197],[126.9272828301592,37.83805056759223],[126.9253312111924,37.841585435752805],[126.91393019712237,37.8410695851872],[126.91192503207964,37.83846386348851],[126.91300338282078,37.83602893788213],[126.91136100605827,37.828636808610234],[126.90919346902804,37.828544838276294],[126.9029901534786,37.826387606181704],[126.90230760650456,37.82472352968232],[126.90562179155717,37.82005122229436],[126.91021627566545,37.81648486728863],[126.90878555100484,37.810505411986114],[126.9116401126658,37.80823939656134],[126.91191090560268,37.80614520835053],[126.90671927313217,37.803593261178186],[126.90554703218832,37.802097940149274],[126.9052954676804,37.79663811928648],[126.90389467124947,37.79094941161407],[126.91203734954155,37.792076407149686],[126.91952105458252,37.790394267122615],[126.92127506461964,37.78821045737832],[126.92721060712641,37.785081492750315],[126.93209545250888,37.7887836164679],[126.93811523886998,37.786943382565674],[126.93338397574834,37.779936800083156],[126.936291199406,37.77420810549826],[126.93280019785661,37.77068639903912],[126.93391021676048,37.7675831413538],[126.93089710020699,37.76306787422969],[126.92869340965667,37.75759073326544],[126.9312623909926,37.75567212851535],[126.93154971988658,37.75187442474892],[126.92970874242381,37.74853178461585],[126.92781300369911,37.74928308300413],[126.9218264543984,37.74703212135274],[126.9152876637488,37.74810730346573],[126.90956109122511,37.747219178421794],[126.90838297707984,37.74433921912723],[126.90357970864824,37.74159757686114],[126.90088022060415,37.73713469927248],[126.90188696130313,37.73428939335738],[126.90215536136581,37.72843330937612],[126.89927369965551,37.72676135906123],[126.89468774012963,37.726768319965885],[126.88922767489636,37.72344808895834],[126.88692140073101,37.71888107419862],[126.88270471484641,37.71931311068625],[126.88327215552002,37.719812933015604],[126.88098675850982,37.72616085716312],[126.87342669866197,37.72613674784511],[126.87149002789518,37.7293001774467],[126.86764765250754,37.72958945641676],[126.86495067644208,37.73254029283273],[126.8609441084243,37.732682002854204],[126.85656146506118,37.73571919531149],[126.85439812701954,37.73365806187265],[126.84804185931259,37.733686169960905],[126.84124770662467,37.73150101158739],[126.83945566950773,37.72867211594765],[126.83563195260213,37.72806795134153],[126.83175338897748,37.72881122255317],[126.82541147801233,37.72714709919395],[126.82302965103383,37.72880651258718],[126.81398922495102,37.72347824516388],[126.80690420797622,37.72697326653318],[126.80282756871775,37.73037535005618],[126.80098560393199,37.730753133612254],[126.80075579863609,37.73527862008136],[126.7981653370724,37.73716274624945],[126.79473642024435,37.73587095615548],[126.79437650078215,37.7342863086061],[126.79557983354394,37.73356126424819],[126.79607937786187,37.72960671043001],[126.79194665830178,37.724201837758606],[126.78502904524058,37.72089063953011],[126.78256290837693,37.717610570076495],[126.77785377281856,37.71410047783344],[126.77327912482949,37.709231183665466],[126.77334781351969,37.70425095698598],[126.76766354885713,37.70663630879264],[126.76113176668377,37.70399453612085],[126.75553264733564,37.70488778603628],[126.74802082672635,37.70313763031862],[126.7401667922455,37.7050532737557]]]]}},{"type":"Feature","properties":{"regionCode":"41500","name":"이천시","parentCode":"41"},"geometry":{"type":"MultiPolygon","coordinates":[[[[127.40908063085621,37.18389853692435],[127.40357038146968,37.1803290856005],[127.38827639871117,37.181413124721175],[127.3823816181454,37.182742639520356],[127.38121157258513,37.18755840550348],[127.37528779608603,37.18510218130021],[127.37224454943393,37.18602995644528],[127.37203829372504,37.189759579276284],[127.37597102604593,37.190997521496435],[127.37820671284301,37.19555314276862],[127.37038447071039,37.20391896061082],[127.36204759892742,37.20111404340093],[127.3572447466616,37.200504407398846],[127.35619179923899,37.20237919659398],[127.34840245330716,37.204355912754615],[127.34519203501337,37.207509009518276],[127.34217549771817,37.208080803927935],[127.33958160682438,37.21207375693377],[127.33853056109655,37.21629224075199],[127.33703817721283,37.21745301446044],[127.33186540392924,37.22000015042191],[127.3308723539218,37.22304211587494],[127.3333854044708,37.227157224203566],[127.3341968871987,37.23140962471498],[127.33445063573068,37.23780770929725],[127.33115236221917,37.24312134367716],[127.33344231263999,37.24931605869792],[127.33856901170094,37.252392339639734],[127.33618379148255,37.25777847534661],[127.33666363613466,37.26116971395656],[127.34018037216458,37.26315669370129],[127.34093781899976,37.2658232118145],[127.33879971089392,37.27053918912106],[127.34094686076928,37.2729195031615],[127.34331146814745,37.27317842974157],[127.3489822305703,37.27669787921298],[127.34827034494703,37.279077791045076],[127.34308192793364,37.282553808513605],[127.34237507775774,37.286175182465186],[127.34017582877959,37.288163379821334],[127.34325317637257,37.291090278609964],[127.34801499995044,37.29000692326834],[127.35308393162583,37.29231998232193],[127.35455801487426,37.29433054096348],[127.35714117461356,37.29460415034164],[127.35740599184662,37.29776499315526],[127.3545525702112,37.30153273866636],[127.35771731380953,37.30507343812418],[127.36131309038055,37.30719035329092],[127.36432024092002,37.30768397285376],[127.36494744998951,37.30993029111521],[127.36361600977582,37.31217211066504],[127.3635860332541,37.3158835667024],[127.36960109339135,37.31523232998523],[127.37268396842106,37.3187195749346],[127.37575630822445,37.32064168238027],[127.37838833382497,37.31934300253666],[127.38717456627762,37.318887515265246],[127.39245149886531,37.320939719535865],[127.39363574402033,37.32354243672257],[127.39990711613139,37.32723573281526],[127.40519737178342,37.327819906055694],[127.4079837841495,37.33091884401304],[127.41248423454223,37.33393065330199],[127.41497032959882,37.33411161860609],[127.4198345547717,37.337843394089916],[127.4212674087128,37.34205610620943],[127.42367710307037,37.34410947440209],[127.429686198764,37.34641287008815],[127.43378781296767,37.35080613115742],[127.4358393037185,37.35489618752952],[127.4424563377744,37.358444301586474],[127.44385078920536,37.357686678852836],[127.44884279867433,37.35219272518913],[127.45487391001976,37.35415566021144],[127.45628361264676,37.35606041387804],[127.46021699366062,37.358196966023115],[127.46377333131949,37.358139509375796],[127.47049352258136,37.3615159535646],[127.47490907929685,37.35736946405913],[127.47834519556221,37.35576445084369],[127.48386794802478,37.35057117193819],[127.48724214526345,37.34904593063089],[127.48952451695213,37.342363682783024],[127.499794680754,37.33973305194342],[127.50259791114632,37.3378784109753],[127.50796592351377,37.33819253158591],[127.51030932727667,37.339577112974474],[127.51359591377063,37.339387488785],[127.51690033978208,37.33449565695422],[127.52151262859155,37.32969184376057],[127.52716167401773,37.32934360506997],[127.52918503136038,37.326613124088546],[127.52654095713324,37.322468409435835],[127.5289530446061,37.32123969467797],[127.52905302238655,37.3170662371822],[127.52880157239639,37.316199811392195],[127.53608318499455,37.31344856058141],[127.54261230822921,37.31305653625031],[127.54636209539511,37.30994193222809],[127.54644314103903,37.30180905268387],[127.54305214000742,37.296439133602576],[127.54272540967368,37.29475268435292],[127.53681221712512,37.289699906720635],[127.53437513092565,37.28928036238365],[127.53066848121172,37.27924429619808],[127.52918995761365,37.27351626785016],[127.52996091770684,37.2674676697763],[127.53236175704942,37.26065919408216],[127.53317601857665,37.25620379974147],[127.53707417191994,37.25160546376847],[127.53736836209346,37.24662732097421],[127.5328110741221,37.24353801851318],[127.52969257616759,37.242930392556346],[127.52555455728871,37.24048854637071],[127.5252018064049,37.23922665391633],[127.52696346277254,37.22946176576326],[127.52549899837878,37.22757406556385],[127.5276086924173,37.22739075811907],[127.53007648049017,37.217790017687534],[127.52986632060285,37.21176753831764],[127.53147435273308,37.20822689721515],[127.53147108592907,37.20535358245931],[127.53007829178479,37.20276125756544],[127.53127941427111,37.19999248413127],[127.52623790348194,37.19523086880915],[127.52569653917237,37.193733513695136],[127.51960339237533,37.18760619168112],[127.51597293569685,37.185316010691665],[127.51754814726603,37.18213408598463],[127.52286487194317,37.18123819471521],[127.5265516249402,37.17609376570786],[127.52789382538597,37.17295765521125],[127.54681127798487,37.17419001118609],[127.55337812411817,37.17559343173654],[127.56038654801887,37.18022448367862],[127.56617655245344,37.1763960097043],[127.5690232085687,37.17342421951458],[127.57050788128811,37.170227823535804],[127.5753167675492,37.17429588614209],[127.57754460019144,37.17727700926723],[127.57237899767696,37.18485892535498],[127.57637441325473,37.18915503657138],[127.5836722670085,37.18695403747985],[127.59048617168376,37.18789889469139],[127.59303457967837,37.189627635691615],[127.59600415051993,37.189629773725294],[127.59795353688396,37.18814873263977],[127.59915211589612,37.183352211559345],[127.60167499788427,37.183373753661506],[127.60484308736928,37.178910097394265],[127.61238765498369,37.1733752501016],[127.61391921576728,37.17027854936513],[127.61522199539182,37.164025962830635],[127.61947065675349,37.16244314832063],[127.62928817104891,37.16640809490627],[127.63077297346217,37.165666176965395],[127.6301869282866,37.159324213738316],[127.62868019624602,37.15618217191827],[127.62876285826114,37.15379586087151],[127.63018400039091,37.149537073019694],[127.63311818546511,37.1452605519458],[127.63755225719628,37.141868978996996],[127.63780059095444,37.140631569012],[127.63414749649353,37.123725439427815],[127.63508956320389,37.11604298132551],[127.6344265169475,37.1059849273832],[127.6350099511685,37.10363603542693],[127.63333966416579,37.09838582726765],[127.6311115011877,37.09628814341909],[127.62284623671208,37.0928672069908],[127.61655847800259,37.08887870058062],[127.6102546778084,37.0861766360889],[127.60071036327412,37.08533785684227],[127.59978563261629,37.08280573884891],[127.60114215416316,37.08044871018644],[127.6044977861611,37.07746820211683],[127.60515883135432,37.07321477509908],[127.60424777466373,37.06858844892875],[127.60210572819722,37.07062988940858],[127.59502694970409,37.073946229691],[127.5891916178254,37.07274027294709],[127.58407428134579,37.07488820859598],[127.57938357852935,37.0753432380722],[127.57621599529006,37.07395339572637],[127.57360370396324,37.06987381476292],[127.5664808517585,37.06314419962142],[127.56504352646337,37.05889310757757],[127.56791743235469,37.055540659206876],[127.56711125447517,37.0525220955149],[127.56813462783742,37.04770080818919],[127.56240827898972,37.044608138634686],[127.55979973400154,37.04295002099021],[127.5504295762257,37.04540110479128],[127.53569872156,37.05357225277336],[127.530700219337,37.05580648346134],[127.52789955722572,37.05514675810618],[127.52225871934125,37.05567101245421],[127.51649368761704,37.05801730582638],[127.51251826371288,37.056219488252204],[127.50999736390263,37.05258374468979],[127.50896579380476,37.049437616347404],[127.50450147948169,37.04794905604985],[127.49688522110102,37.04837697239491],[127.4907188162117,37.051301622379235],[127.48995938220688,37.05281503301848],[127.49354897296597,37.056531518963055],[127.49780675822758,37.05718070589294],[127.5048098766891,37.06039311415767],[127.50846374093277,37.06406512444368],[127.50678820076809,37.06931590344318],[127.51109885606563,37.070104507519964],[127.51254108635254,37.07134608575709],[127.51474129729148,37.076167365716934],[127.51409688251186,37.07816974814405],[127.51594966065655,37.08132790170205],[127.51839204302823,37.08220869643102],[127.51562214617867,37.085720569808316],[127.51485644281264,37.09335198862191],[127.51355854199873,37.09551331914871],[127.51052251549561,37.09686126274429],[127.51246138064501,37.10039464446307],[127.51462377312905,37.10127444325513],[127.51317909348712,37.10561836499741],[127.50774456353749,37.10577659418221],[127.50388710592198,37.1096560599949],[127.5027817332569,37.11858046766133],[127.49881518004942,37.12348196506569],[127.49680291181959,37.124490396077036],[127.49248030320082,37.12308849611907],[127.48048975499499,37.12662971631378],[127.47518361174605,37.12739492988503],[127.4699619390356,37.12953573362635],[127.45834890208873,37.130150823907776],[127.45345199646212,37.135236406519624],[127.4502827462266,37.14146957734532],[127.44782854051982,37.14491871166859],[127.450333390046,37.148076999719734],[127.44586743805078,37.14941366673473],[127.44160455587352,37.14923924655457],[127.43883886740787,37.14799952569364],[127.43269396947716,37.14879282568273],[127.42982266646477,37.14773652311438],[127.42350126381949,37.151827288420144],[127.41791611723063,37.151360444038595],[127.41484307795632,37.15207941522941],[127.41231635590003,37.1550669045995],[127.40969472258674,37.1643822880184],[127.41063284827854,37.16750634373392],[127.41302350947696,37.170019694628145],[127.41414821113185,37.17339293940613],[127.41113298867533,37.183465162323685],[127.40908063085621,37.18389853692435]]]]}},{"type":"Feature","properties":{"regionCode":"41550","name":"안성시","parentCode":"41"},"geometry":{"type":"MultiPolygon","coordinates":[[[[127.29592138503041,36.92814640787249],[127.30407765078967,36.915140516788874],[127.30345961644443,36.91343152896384],[127.29698685724028,36.90177132494592],[127.29067110253496,36.89684852877622],[127.289801866995,36.893818800322194],[127.28481839541382,36.89568900824778],[127.27933485871856,36.90051845617397],[127.28035646022364,36.90419987780333],[127.27491182731895,36.90831845300367],[127.27175931683911,36.91330880978378],[127.26157408887829,36.91477293101164],[127.25757565983747,36.916544529169265],[127.25405805571735,36.92180755964944],[127.2497621379731,36.921439640241005],[127.24820833319782,36.919214286064005],[127.2440184977727,36.9174045505125],[127.23757608980394,36.9206492738817],[127.23635819990555,36.92354443755927],[127.22884977397099,36.92438643912184],[127.2202078911625,36.9303012445027],[127.21261026864244,36.929716255871035],[127.20988003185738,36.93129551410471],[127.21160453192432,36.93564984406052],[127.21129055625669,36.93830689923937],[127.20586633093541,36.94221374910886],[127.20692417016123,36.94574401315774],[127.20447614338647,36.95015408781335],[127.20189088793852,36.95211477658484],[127.19539161516985,36.95207162787064],[127.19011197699335,36.95285822726444],[127.1879840606963,36.955238952133094],[127.18190050102531,36.95753244380671],[127.17766653709832,36.958269642630114],[127.17586548648364,36.961062522749245],[127.17233803466289,36.96319348038963],[127.16505017987032,36.962018999936106],[127.16126515548271,36.964165876674514],[127.15612576457683,36.96539966234916],[127.15677070453856,36.96722562290827],[127.15380596513312,36.969418808819945],[127.14913073685074,36.969876549679505],[127.14430057523515,36.97151191417936],[127.13564288445386,36.96783942755154],[127.13346567736758,36.965316204409675],[127.12883706272126,36.96607081009413],[127.11949890893676,36.96912796526028],[127.12496720249449,36.97498776019517],[127.12450895939429,36.97678581299739],[127.1339839431066,36.97679510998],[127.14113920270991,36.97971068237876],[127.13643274506862,36.98293276910155],[127.13637369388267,36.98471940701163],[127.13123070134051,36.98563876410172],[127.13060721518599,36.98667807674956],[127.13456181545718,36.98928748323116],[127.136175312019,36.993372050045515],[127.14173889023449,36.99514279894365],[127.14477689073931,36.99722073100129],[127.153915991268,36.9977572381468],[127.15225774477769,37.002577425156666],[127.15107696585727,37.00251460745789],[127.1488503866408,37.008165039860664],[127.14617072308545,37.01049294315551],[127.14427713070724,37.014008113535056],[127.14536713368716,37.016680016001324],[127.15253032663071,37.021546420390365],[127.15306890996351,37.029472768276165],[127.14784133542994,37.03059990060972],[127.13718668291696,37.0338715549994],[127.12841979888914,37.033324974625295],[127.1223107356929,37.0350600985765],[127.118835884089,37.03163030391619],[127.11693822585583,37.027210490862394],[127.11240768187574,37.029080962422235],[127.10704952476128,37.032915870882064],[127.10529419795047,37.035746140566545],[127.1100536483437,37.0408989092817],[127.11477224219499,37.04216393293031],[127.1196652209101,37.046094470118156],[127.12217910881425,37.05041893676032],[127.12762448098397,37.052857620153056],[127.13056656113824,37.05800383883633],[127.12830320105463,37.06329491385307],[127.12531834246354,37.064695131392156],[127.11846833308299,37.062671000620156],[127.11389773911701,37.06509457378792],[127.10673157262906,37.064855816324865],[127.10283684177743,37.06779292999548],[127.10271700896035,37.07299806441991],[127.10375287673754,37.075244106336555],[127.10807257490428,37.07654161380057],[127.1098797899744,37.075962771922775],[127.12144761542964,37.07640815120948],[127.1242095604987,37.07754258972452],[127.12643974892659,37.08159478207882],[127.12511491831596,37.08659801692574],[127.12305828090808,37.09134760785021],[127.12593759129325,37.09062660123822],[127.13569974170558,37.09176377861574],[127.13725862281883,37.08918681414896],[127.14238980937124,37.08793815159523],[127.14642575446726,37.09141284916676],[127.15370436689288,37.091012910691454],[127.16152173423933,37.089001641173745],[127.16620329237995,37.086595709077656],[127.17308216757883,37.08587480083665],[127.1762605547396,37.08767036903575],[127.18190336480046,37.08714590967007],[127.18623374004416,37.084492615124],[127.18869702760682,37.086364945265736],[127.19238047359312,37.08709467447731],[127.19527272046582,37.089069499061274],[127.19760456950215,37.09299780069505],[127.1989079572614,37.09685921647406],[127.20232142732624,37.100398038381904],[127.20858996638187,37.104385508200636],[127.209712275299,37.107968040507345],[127.20860536568344,37.11009606352293],[127.21469624091378,37.11092553877033],[127.22016203385112,37.113427616992645],[127.22321792765645,37.11290383579818],[127.22616790144396,37.11394192048831],[127.22939189530113,37.1171279740168],[127.23379197512102,37.11764385853014],[127.23644507284217,37.12124534707146],[127.24301777428596,37.122504788521894],[127.24587140078269,37.1220594850818],[127.25051564168551,37.12269777099703],[127.25195890486575,37.12456223543598],[127.25337840920578,37.129000190023625],[127.2511609931812,37.13360294166614],[127.2537134153582,37.138093964264996],[127.252808899214,37.14119747135221],[127.25025725653718,37.14523724864942],[127.25376732145132,37.147297562929076],[127.25527576914679,37.151163263128865],[127.26047351714485,37.15206628493031],[127.26379998523646,37.15587356208265],[127.2669436996165,37.15532991845062],[127.26876796759568,37.154240525805115],[127.26953803285058,37.15144312375386],[127.26803125791021,37.14932635900328],[127.26915348478025,37.14713695402953],[127.27312442168031,37.143313613513676],[127.27192504643071,37.141030747842755],[127.27272837310545,37.13596525161151],[127.27435794450851,37.13364376342522],[127.28229540939834,37.133867028334485],[127.28412861924876,37.13082029649355],[127.28626647833678,37.13202408899247],[127.29230726352563,37.126645450855676],[127.29283725040824,37.12350074693808],[127.29713674267472,37.12033484082995],[127.29908495989454,37.116839509743095],[127.29980415441757,37.11248684748379],[127.30340232850864,37.111704121840596],[127.30410127008835,37.10909114702309],[127.30570384126248,37.107114029945926],[127.310634215038,37.10538338207272],[127.31328232593688,37.109469977152585],[127.31636114993667,37.10984092359697],[127.32035246409947,37.11313611169413],[127.32672014092037,37.11944201824201],[127.32958908440469,37.118811817679266],[127.33335653179381,37.111735357689945],[127.33968577813623,37.10932150320829],[127.34343057380948,37.10401823601378],[127.34767501057658,37.10357417802095],[127.35231768093279,37.10017941910496],[127.35442203231372,37.10059611416858],[127.3551852630358,37.103878804957986],[127.35822327136397,37.10724704930504],[127.36121587175153,37.10750862199717],[127.36926223378468,37.10676958322641],[127.37387148140535,37.10523651719246],[127.37419808411516,37.10297203091252],[127.37701814916436,37.10111466953368],[127.3792609834836,37.10523424089011],[127.38413871277909,37.105942228849656],[127.38746748293535,37.10817870906852],[127.39323024841138,37.10650175068188],[127.39381775698979,37.104379419761024],[127.39898630505341,37.095384325135946],[127.40197313014995,37.0938780500389],[127.41553611094746,37.093412982179515],[127.41612009408827,37.09309235381268],[127.4162818501466,37.09573794842792],[127.42171833047718,37.097283224503556],[127.42417688015863,37.09969952247884],[127.42107293560407,37.106510031087055],[127.4245913575867,37.10943519657941],[127.42306812278723,37.111190942186184],[127.42511433612303,37.1127076912271],[127.42027397138071,37.115732204891515],[127.41520745233706,37.115696017617836],[127.41256645333749,37.11942815246123],[127.41501445324018,37.12282840108227],[127.4209098087064,37.126066339240154],[127.42560911303907,37.13397481545329],[127.42643992347507,37.1386109416645],[127.42586277605902,37.14304106786915],[127.42728809336226,37.14592074616091],[127.42982266646477,37.14773652311438],[127.43269396947716,37.14879282568273],[127.43883886740787,37.14799952569364],[127.44160455587352,37.14923924655457],[127.44586743805078,37.14941366673473],[127.450333390046,37.148076999719734],[127.44782854051982,37.14491871166859],[127.4502827462266,37.14146957734532],[127.45345199646212,37.135236406519624],[127.45834890208873,37.130150823907776],[127.4699619390356,37.12953573362635],[127.47518361174605,37.12739492988503],[127.48048975499499,37.12662971631378],[127.49248030320082,37.12308849611907],[127.49680291181959,37.124490396077036],[127.49881518004942,37.12348196506569],[127.5027817332569,37.11858046766133],[127.50388710592198,37.1096560599949],[127.50774456353749,37.10577659418221],[127.51317909348712,37.10561836499741],[127.51462377312905,37.10127444325513],[127.51246138064501,37.10039464446307],[127.51052251549561,37.09686126274429],[127.51355854199873,37.09551331914871],[127.51485644281264,37.09335198862191],[127.51562214617867,37.085720569808316],[127.51839204302823,37.08220869643102],[127.51594966065655,37.08132790170205],[127.51409688251186,37.07816974814405],[127.51474129729148,37.076167365716934],[127.51254108635254,37.07134608575709],[127.51109885606563,37.070104507519964],[127.50678820076809,37.06931590344318],[127.50846374093277,37.06406512444368],[127.5048098766891,37.06039311415767],[127.49780675822758,37.05718070589294],[127.49354897296597,37.056531518963055],[127.48995938220688,37.05281503301848],[127.48179434389718,37.053324174902414],[127.47137293505243,37.052544836782616],[127.46803673152135,37.0529979060048],[127.46830248797664,37.05055207301291],[127.46127415277407,37.047059413396966],[127.45771856487724,37.04359977632789],[127.4572094115823,37.04058590949618],[127.45949580241168,37.0384499279853],[127.45972593983403,37.03544982200921],[127.45805696588808,37.03296942384359],[127.457835234687,37.03021248884566],[127.45941390125036,37.0253741741447],[127.4580072963241,37.02058384586881],[127.45417513334822,37.02136973912655],[127.44959314973013,37.01820952365457],[127.44837057868187,37.016533471301464],[127.44670427543596,37.01103156441478],[127.44111132735999,37.01161855287262],[127.43838061719016,37.00991861607215],[127.43446395130877,37.005256378359356],[127.4297345763771,37.00187822504848],[127.42234935290085,37.00476296757855],[127.41508727195931,36.99966095000167],[127.41197050796437,37.00026268574236],[127.408145802024,36.99818039354481],[127.4019565494404,36.99877552426492],[127.39553397488889,36.998378186663025],[127.3925362280613,36.99649746330527],[127.39069749441265,36.99088163771361],[127.38536456855753,36.985057581808555],[127.38608278146444,36.98139177710204],[127.38961179319072,36.98016477306809],[127.3941213569405,36.97729680113444],[127.39959665855967,36.97003595222194],[127.40185704887993,36.96774918631385],[127.39659867733265,36.963985109449155],[127.3915742948149,36.96474455812905],[127.3875945076214,36.964065377211895],[127.38538175255121,36.95914282978116],[127.38005635372056,36.95855215133564],[127.37863331043036,36.95580481087467],[127.37852771077901,36.951466248384584],[127.37549500023763,36.94818434728433],[127.37252215083764,36.94929048191997],[127.36204675352215,36.94927209750121],[127.35789456139054,36.94747819285804],[127.35597600949602,36.951063056423955],[127.3540672764494,36.95225050708647],[127.3497353751849,36.95256716472005],[127.3435093539804,36.947976288052985],[127.34342979642655,36.944296119901935],[127.33923854636647,36.94302501916344],[127.3321773031832,36.939516416718035],[127.32702955185152,36.93578267684557],[127.3231836476947,36.93643469120414],[127.31648835755597,36.93464618971716],[127.31502729726009,36.93221894323014],[127.30914734415009,36.92909412682449],[127.29657377301295,36.929565034382236],[127.29592138503041,36.92814640787249]]]]}},{"type":"Feature","properties":{"regionCode":"41570","name":"김포시","parentCode":"41"},"geometry":{"type":"MultiPolygon","coordinates":[[[[126.65130636784274,37.637700807888784],[126.65169300236363,37.635169175668665],[126.6475792237419,37.628736108402826],[126.64491502946976,37.628595808670056],[126.63947688434598,37.6277578456602],[126.63695290557065,37.62603338893903],[126.636495615496,37.62036671755794],[126.63433944432127,37.61941222694634],[126.63141832258623,37.61346456227405],[126.62929294650701,37.610960505350356],[126.6276949434403,37.605968774960736],[126.62339794803326,37.60279721049733],[126.6157468167582,37.605488454425334],[126.6124630778915,37.60543043370956],[126.60905535219958,37.6041527083154],[126.60711401593407,37.601267153499606],[126.60298316415219,37.59816006288505],[126.5927237316429,37.592975778527155],[126.57257906940627,37.587784222507025],[126.56574983556453,37.58607739353138],[126.56365041532166,37.58697000197513],[126.56305555332725,37.58947648610349],[126.5660605971418,37.59417042151969],[126.56238903958011,37.597062638743225],[126.55939700355789,37.60055623295541],[126.55416876148665,37.60930108480092],[126.55404162339583,37.61452780411107],[126.55081686555522,37.62465185888426],[126.5495556340581,37.62708539747722],[126.53793075108791,37.63681549744698],[126.53437599740448,37.64181014648058],[126.52895643551031,37.65297442703012],[126.529701547408,37.655889895993305],[126.53446188268909,37.65914305676166],[126.5355178378936,37.66170814309118],[126.53530292816356,37.66633368635628],[126.52411301917212,37.673178226426444],[126.5229825306347,37.6765172468365],[126.5254483638461,37.68740831003247],[126.52550082805294,37.69011501590089],[126.5255522117134,37.69269476567302],[126.52728142525596,37.70314165222604],[126.52214156007587,37.707931840034966],[126.51851491911813,37.71272805239405],[126.51845734366346,37.72159809825519],[126.51965787160644,37.72618850903146],[126.52237304418934,37.73127092418701],[126.52601717505105,37.7380924089514],[126.52784499463343,37.74839763972848],[126.52269688196095,37.753939711403746],[126.51457950637565,37.76465501125539],[126.51456397746584,37.76694862256429],[126.52250667246537,37.76898635547944],[126.52981933705881,37.77012496163763],[126.53478830373912,37.771684845138154],[126.54057759641836,37.77059049369271],[126.55515497631626,37.76898227714349],[126.55884169824543,37.76756407620732],[126.5616253416578,37.76504909832816],[126.56135492781101,37.761573607491364],[126.56676113041213,37.75602850499852],[126.57135198285486,37.75446496715523],[126.57724928877401,37.75365393446469],[126.5825827041894,37.75415410635744],[126.59201263822247,37.75773544207882],[126.59980735408452,37.756567219975594],[126.60184914943856,37.75429237117004],[126.60574682519217,37.752896830479564],[126.60946784603637,37.75290923374996],[126.62261295174369,37.76227883174347],[126.62714868284266,37.768600206201256],[126.6278952635769,37.77155523486501],[126.63894280940086,37.778433401997354],[126.64908109783126,37.781283055082376],[126.6561831873227,37.78230978819593],[126.66700405635578,37.784517209504884],[126.6699313687831,37.777719560819165],[126.67289369276628,37.76937519170541],[126.6736473352811,37.76427347590684],[126.67617415563828,37.75499986306866],[126.67400254079905,37.75000607664066],[126.67739221662292,37.735011859518636],[126.68479503998236,37.725649039367084],[126.68544252239072,37.72280312479126],[126.68362249619508,37.713392119079074],[126.67972324344882,37.70515073402786],[126.67654831891679,37.70008467370003],[126.66704641081864,37.689140199901644],[126.66678537503994,37.684156322182126],[126.66846293122464,37.68017528378052],[126.67346434319872,37.67491414355302],[126.68932153135165,37.66618115775095],[126.70158732942453,37.65931903525035],[126.70933206655472,37.65466172720334],[126.71826484875429,37.64928975033891],[126.72838763870998,37.64450615201247],[126.73579707227482,37.64154735518557],[126.74092368353017,37.6389250758077],[126.74882622296812,37.634449709120865],[126.76090918627611,37.62823363135772],[126.76823849610726,37.62369155354388],[126.77399907497714,37.62219154401614],[126.78250929152239,37.61658545374929],[126.78874702732462,37.61375247710878],[126.79794633826815,37.61085688097573],[126.80493593311222,37.60402118608447],[126.80059985806557,37.60410358872229],[126.79791583338596,37.60075486444949],[126.79725409556816,37.596592490497386],[126.80088156842656,37.5887521372121],[126.79833852328292,37.58779289862741],[126.79702534838833,37.58418086857975],[126.79367364183499,37.5816045499506],[126.78704893474996,37.5855519015647],[126.784113431033,37.582585135084074],[126.78009751313205,37.5843615896377],[126.77336113495488,37.585117073022474],[126.76731222973504,37.58802599503989],[126.76307854848325,37.584892059639024],[126.75770409896974,37.58479212956424],[126.75473593167008,37.58043351208355],[126.75181644136558,37.57957178878136],[126.74992856690655,37.58094766606571],[126.75002610948678,37.58368316697104],[126.74646327201802,37.586856830309664],[126.74362412306513,37.593349709658874],[126.73704526954766,37.59318001392937],[126.73501926973213,37.590466282336216],[126.72901216328026,37.59294286564898],[126.72512592212895,37.59200096855635],[126.72450980695135,37.592942833007044],[126.72186353810437,37.59592797301895],[126.71811789722528,37.59779713886565],[126.71317981967002,37.60281520562223],[126.71199392181632,37.6047861523375],[126.70836672055819,37.60493375172488],[126.7046520881429,37.6026160210425],[126.70450659500229,37.602648840231886],[126.70424772308364,37.60554564968182],[126.70607712302993,37.60777092353739],[126.70628274805935,37.61015136842132],[126.70416173450505,37.61254878254348],[126.69863317300995,37.617462451274356],[126.69152022995546,37.621327016088244],[126.68519337952583,37.62420208954372],[126.68167531768509,37.626525450372185],[126.67930792543027,37.62988708570582],[126.67517028097531,37.629953672991164],[126.6740769486237,37.632227506106965],[126.67093518006962,37.634359576090766],[126.66563196244522,37.63623891408282],[126.66108463645843,37.63671787769754],[126.6594362051889,37.63822828854139],[126.65601093676659,37.63800689299029],[126.65130636784274,37.637700807888784]]],[[[126.51507237337182,37.77542951737685],[126.51535000530693,37.78242697803378],[126.51957367763332,37.78645942135802],[126.51863747399808,37.790430821422895],[126.51978240323137,37.79268567897664],[126.52384021214057,37.7898048369493],[126.52716570325741,37.78385003249532],[126.53214883614051,37.7807747242765],[126.53737247490125,37.778950852986725],[126.5399443206725,37.77709827503554],[126.53782524057863,37.77386112312217],[126.52628668782877,37.77343398168683],[126.51825870299275,37.771853640285514],[126.51654437154819,37.772099151526604],[126.51507237337182,37.77542951737685]]]]}},{"type":"Feature","properties":{"regionCode":"41590","name":"화성시","parentCode":"41"},"geometry":{"type":"MultiPolygon","coordinates":[[[[126.73581082095627,37.082999983410446],[126.73525967401504,37.092644930618285],[126.73743083268545,37.09178674256834],[126.73944492556326,37.08651404881207],[126.74194945574337,37.083228675681866],[126.74250953481574,37.07676239159115],[126.74112294733207,37.07563577977663],[126.73382910593003,37.07351113782024],[126.73169762464205,37.072226362333396],[126.73051860542077,37.073960691966505],[126.73191215567905,37.07772296773847],[126.73581082095627,37.082999983410446]]],[[[126.54117393129218,37.1089839357221],[126.54166733840243,37.102761594370584],[126.53985144455416,37.0994514745266],[126.53786475045834,37.10356004372604],[126.53703703069493,37.10893801351192],[126.54016896365835,37.11180955339955],[126.54117393129218,37.1089839357221]]],[[[126.74246593031904,37.15485859403999],[126.74257923921812,37.153801312330806],[126.73752498131788,37.14973514652052],[126.73113662558934,37.14910458653119],[126.7320829384013,37.14641892096748],[126.72806698316816,37.13875918346842],[126.72108265664349,37.13574668967695],[126.71922410094474,37.1319959060495],[126.71378061074829,37.129426992941156],[126.71129571319388,37.13109610522425],[126.70639413653441,37.1310397293468],[126.70502603375722,37.12878874395846],[126.70483854238078,37.12313726609777],[126.6982429173479,37.11978943764939],[126.69237599532855,37.11916714096342],[126.68847871781121,37.11611632936647],[126.68837721660573,37.1139568287079],[126.68612820151787,37.111924478183454],[126.68326670042528,37.111519451761474],[126.67791071028734,37.115030678049244],[126.68088825898917,37.11559844984055],[126.68368234116424,37.117426487053265],[126.68449983501378,37.11958758561498],[126.68192892626796,37.12843839406319],[126.67744024063144,37.13497412984503],[126.67369624003577,37.13469907859248],[126.67350912136128,37.13799237836536],[126.67901328073731,37.140733681722175],[126.68371239761066,37.14973616334006],[126.68988847377186,37.15083542632244],[126.69449976326752,37.15236428940336],[126.69073364921687,37.15718363889551],[126.68416720837706,37.15967829550447],[126.68931380124164,37.16749158346638],[126.68360091588292,37.163246164267754],[126.68261061298247,37.160366123935155],[126.67012296984883,37.155704786661786],[126.66392658787954,37.15656826064339],[126.66057554781678,37.15439925684775],[126.65485230669573,37.152972689121235],[126.6493357785862,37.15454325643942],[126.65037058176485,37.157101696133566],[126.65785430067972,37.15923958222155],[126.660651472889,37.16211120709305],[126.65765212872128,37.16737320377772],[126.65586075899189,37.17349326353317],[126.65555248247406,37.17766002154389],[126.65312213996935,37.180239801264854],[126.65462466993354,37.18137501478073],[126.65850247259444,37.17842240234823],[126.66085991044551,37.178026803841114],[126.66291790370008,37.1813989691764],[126.66467292134661,37.18238372921873],[126.66615164694338,37.18903400105014],[126.66472709155555,37.191465597815295],[126.65835620714665,37.18989040293678],[126.65450988870631,37.185860854143726],[126.65411181865323,37.183674300870955],[126.65050403134354,37.18253311898969],[126.65017623685806,37.18526986094142],[126.65727472840905,37.190957637476004],[126.6602717416673,37.19604131633189],[126.66212561744048,37.1967744257518],[126.67120929905117,37.19438903270761],[126.67026784114285,37.19704469038053],[126.67796391542399,37.19761326083817],[126.68035298828454,37.1996072360288],[126.68658245248625,37.20220673408113],[126.69192718504459,37.203141383358094],[126.69283184323059,37.206547975987675],[126.69897814779657,37.21404638644391],[126.69174691484616,37.214298134470944],[126.69021437690883,37.21302460034572],[126.68843599672167,37.20754777347505],[126.68417822182727,37.20945200690416],[126.67921390472783,37.20717775824327],[126.67894385480479,37.20395455656352],[126.67693576772749,37.20091759540366],[126.67341809670455,37.199738199885076],[126.6712332039391,37.201631618822994],[126.6663769743144,37.208374840132976],[126.66539814226766,37.211681663996494],[126.66613229873887,37.21684491711039],[126.67556745317557,37.22110815660011],[126.6773847055116,37.22359506444109],[126.6714881357408,37.23029517817015],[126.66857318758643,37.2291626686419],[126.66476785955078,37.233643501942055],[126.66452886583822,37.23678580849319],[126.66131252823857,37.238231196325586],[126.65670286780956,37.23780072248048],[126.6555734658693,37.234755050655714],[126.65144223960138,37.2387952240135],[126.64808034245569,37.24901074918441],[126.64976982079938,37.25158941197718],[126.65237439495056,37.25075418603839],[126.65615000052392,37.24800716253891],[126.65498084751789,37.246813538319785],[126.6671437620187,37.24439723310146],[126.66993930158999,37.24284846148202],[126.67660683867086,37.24647462078983],[126.6802848729785,37.256017591502605],[126.67539870024535,37.25742811331328],[126.6769062597962,37.26073201504122],[126.67979620956176,37.260588696922184],[126.6811246522867,37.25721884947496],[126.6848696575481,37.25940349526621],[126.68673297013392,37.262706341796275],[126.69086341433713,37.26256788867528],[126.69312019610082,37.26152417105522],[126.69856421759266,37.26153861481507],[126.70411372982487,37.258628539684814],[126.70899372002923,37.25864096142476],[126.71425685951714,37.25677973019981],[126.71913947738186,37.25611684309138],[126.72658991344882,37.257829922388275],[126.72782268722257,37.2542335682729],[126.72941738958453,37.254462514256694],[126.73403087558412,37.250349498974465],[126.7407115170711,37.255150704560435],[126.74893364469531,37.25578002208032],[126.75700779335006,37.25504789974962],[126.76386592314451,37.252812489750546],[126.76753961280235,37.2483215882535],[126.77247515291765,37.249014534914],[126.7758917985021,37.24679102814825],[126.77761226228922,37.237904762029444],[126.78173731882099,37.234390867755934],[126.78641070349616,37.232984768457015],[126.78309806481168,37.23437094574413],[126.77829702582703,37.239245332302744],[126.77806327506215,37.245949095728285],[126.78936229592827,37.24437467419778],[126.78952378023182,37.247824570675206],[126.7880917065306,37.25517465802262],[126.79274247889492,37.25880243829328],[126.79011038211964,37.26732166578365],[126.79613830634243,37.270918123760936],[126.80217170425617,37.26963106402892],[126.80927769437848,37.2668085891995],[126.80502316870648,37.27491529868852],[126.80056776907816,37.277810664629705],[126.80260725694566,37.282936915465235],[126.804487668692,37.28365977911975],[126.80464424555693,37.29318333865403],[126.81172538600889,37.29339547334421],[126.8146372309547,37.29280744855235],[126.81932277117858,37.29053188222066],[126.82348700143955,37.28643838247673],[126.82682998218631,37.27853490049617],[126.82901933266214,37.27673255987526],[126.8356138785131,37.27657461862235],[126.83726441628102,37.27492520755881],[126.83753252693579,37.27219479223924],[126.84143009886574,37.26765033152249],[126.84522980099607,37.26589565954371],[126.84124633843676,37.26632237666249],[126.83837706384195,37.26383345951641],[126.8340586621866,37.25770127088293],[126.83442513290662,37.25443118214341],[126.83076517656885,37.25363993359062],[126.82754842794432,37.2518758317937],[126.82637230982972,37.24865626238106],[126.82711796849837,37.24286457262574],[126.82370121235066,37.236848614375454],[126.82680808958452,37.23541855642015],[126.82898577171855,37.229620226156364],[126.83913256553127,37.232133575938306],[126.8409314698871,37.22928506258474],[126.84523241539311,37.229156814219586],[126.84997582786534,37.2261531332226],[126.85095810532442,37.22310056783638],[126.85690599263823,37.21422270953225],[126.86536841847062,37.21173542994755],[126.86696257911933,37.20943640843394],[126.86579695447625,37.20430129592803],[126.86332733173724,37.201329046876324],[126.87053609823495,37.1982127556749],[126.87590277023014,37.19383877791153],[126.87853371348925,37.19425164335495],[126.88230088102269,37.19724145462662],[126.88892048260796,37.1970264059378],[126.89416974861608,37.193029419843185],[126.89843003586182,37.19505405782127],[126.89990363128334,37.19404073115911],[126.90420762250497,37.192444410179135],[126.91484642661902,37.19184503949236],[126.91997010101714,37.18964602739258],[126.91979510452771,37.18794377402819],[126.92150556638441,37.18295273788403],[126.92105609549691,37.17920183245744],[126.9172135468884,37.175862394066385],[126.91945943406553,37.17052702339826],[126.92134685572134,37.16831204108202],[126.91553573199982,37.16590381260215],[126.9148731385553,37.15997533516586],[126.91699006454567,37.155736368330935],[126.92041811681123,37.154506979509804],[126.92610525852074,37.16102136081029],[126.93551903737296,37.161172185157994],[126.9366134590224,37.157118006561376],[126.93405394022838,37.15024724842627],[126.92906378520084,37.14792247189162],[126.9288243397768,37.14616587508159],[126.93059510921017,37.143532084975455],[126.93297439758177,37.14354011620106],[126.93568283303456,37.14547529677059],[126.94182745288708,37.14307622864222],[126.94520617454809,37.14529264912857],[126.94602974677332,37.150577630712554],[126.95238380240632,37.14813842570256],[126.95254550562686,37.14552958812105],[126.95855502595832,37.14254651844625],[126.96657827793999,37.14358230533961],[126.96917074820259,37.144711692952555],[126.97422151109444,37.14331554179188],[126.9790664319006,37.14317976500863],[126.98222387535303,37.1414499856636],[126.98213914233189,37.13519494509131],[126.98720876834506,37.129721745041515],[126.99057882108823,37.12871880537309],[126.99311934592698,37.129808011417225],[126.99732215511207,37.127886740956306],[126.99677383667415,37.12473308140431],[126.99913797382357,37.12363515812487],[126.9980983283942,37.12308776706459],[127.00205319773579,37.12176920081098],[127.00041216366186,37.11786029527405],[126.99665501533205,37.11198300078318],[126.99572816194984,37.108204325333396],[126.99785335856164,37.10445330875611],[126.99830804440207,37.100568995660765],[126.99702502485582,37.097817613987885],[126.99888221263488,37.093166268578294],[126.99777231765893,37.091264084542225],[126.99359342685008,37.08958206752882],[126.99172606070108,37.08477063740135],[126.99512804999782,37.07004808930581],[126.98759825141184,37.0704518273353],[126.98462666589226,37.0716502390414],[126.9755436606324,37.070601960732105],[126.96882702218485,37.07342726688679],[126.96640427504788,37.069106529253865],[126.96115232630818,37.06980955782747],[126.95644783736903,37.06826807108053],[126.95136834241606,37.06856053471141],[126.94549324301518,37.06556077903137],[126.94409063359001,37.06329805525001],[126.94038363174214,37.06081298212246],[126.93199735086152,37.06255793723992],[126.93023889055513,37.0671045357256],[126.92715371487616,37.06787894370931],[126.91941604840939,37.065188894333545],[126.91487832652764,37.065772864692164],[126.91039406605958,37.06882669192409],[126.9063042816026,37.069288551257955],[126.90491409371272,37.073637689690514],[126.90082458986697,37.07009480876927],[126.89169371659375,37.06711196087058],[126.88376283917516,37.066483933191584],[126.88253426991315,37.06080540859113],[126.87583403912559,37.05068796269668],[126.87291425442587,37.047267448899504],[126.86071574182878,37.02988612207166],[126.85310775280576,37.02000238905766],[126.84692522269957,37.015849018482555],[126.83806378381279,37.01365453371029],[126.82101260580427,37.01337566611827],[126.80685368241353,37.01272366026244],[126.79691478942877,37.01206008437089],[126.79665979739202,37.01602035905196],[126.7950308742211,37.01803577314037],[126.79456292376928,37.02579170938629],[126.78905982430179,37.02917186626013],[126.76567911360983,37.02933145491533],[126.75100563879833,37.02925100714912],[126.74881825380825,37.03009803298015],[126.74475198869676,37.036319035374454],[126.74479783128747,37.04162415649687],[126.74836738352101,37.04903504438102],[126.75658886207421,37.056386047610744],[126.76895396770144,37.06014062528667],[126.77018183857409,37.06384627030056],[126.7628863708817,37.062798354812024],[126.76133843339355,37.068078872105126],[126.76431119181488,37.07037788377116],[126.76277099365375,37.07522245651324],[126.7636679736501,37.08120438048854],[126.76494563996573,37.08469850807186],[126.76423903261038,37.08650595938139],[126.76710910186286,37.09093612880792],[126.76628419002213,37.09319394291147],[126.76823490887946,37.09570139236917],[126.77033129745277,37.10114529314085],[126.77023703376281,37.102832598283086],[126.76634659876372,37.10371901158259],[126.76534204149073,37.10591785772094],[126.7586395095403,37.11066598405353],[126.75817088180428,37.11255487619278],[126.75940491744801,37.116293281358764],[126.76437593096135,37.12304194576338],[126.76873981757805,37.12789596127057],[126.7739995003966,37.128304607892225],[126.77609971580459,37.13229927059282],[126.7825195800024,37.13507871653025],[126.78682172845997,37.13268778980963],[126.78748628195434,37.129802786711394],[126.79492655193656,37.129014530317896],[126.79591229422812,37.1345686045486],[126.80131113672715,37.13874024678023],[126.81037741914623,37.14016009408119],[126.81194994624018,37.13941430700984],[126.81512252190853,37.14305406971181],[126.80764677975749,37.144353728007445],[126.8054960933244,37.14891014312663],[126.80451185855718,37.151467719898996],[126.79953537712937,37.15359048540151],[126.79477082880703,37.150878330144565],[126.79031522357675,37.149547757766655],[126.7827599495105,37.15120737525601],[126.78180140980287,37.152763246832926],[126.78553341913316,37.1549018412933],[126.78831623415735,37.155225061177866],[126.79498958584078,37.15824520282931],[126.79760292295896,37.162448850715606],[126.79576327248452,37.16619904841053],[126.79618935453729,37.17043023982663],[126.79200481334499,37.17314556348512],[126.79259231002017,37.17658227049723],[126.7955674164637,37.17971432291861],[126.79728173676703,37.1863258169843],[126.79710503013769,37.1888808779548],[126.79530781596168,37.18136008026209],[126.79035464617358,37.175321581352264],[126.78492642490873,37.17017464182491],[126.77797610534402,37.16467678538359],[126.7664394210594,37.164218330448826],[126.7589273836793,37.16490059586066],[126.75304355203188,37.166716024448185],[126.74923342867628,37.1668823571325],[126.7465167134666,37.1654837319657],[126.74680405788659,37.161709846368275],[126.74588629959003,37.159074170658116],[126.74246593031904,37.15485859403999]]],[[[126.62240443239827,37.16314565365243],[126.61821298777089,37.15759690844408],[126.61688424984678,37.15917412595396],[126.61747160020903,37.161792991214206],[126.61621853817552,37.17328761957936],[126.61845377560131,37.177165586291174],[126.62182306899213,37.17897695730503],[126.62464364318319,37.17687345812151],[126.6306152952331,37.17380876568049],[126.62848957521676,37.169113815986066],[126.62602183562934,37.165961061463996],[126.62240443239827,37.16314565365243]]],[[[126.68016653852193,37.283904200514584],[126.68496875543411,37.2806180913855],[126.68058067730612,37.27483476252885],[126.67280464999918,37.27360738549692],[126.66875816095292,37.273452101038075],[126.66668475773372,37.275320271405135],[126.67285647261485,37.2808856080024],[126.68016653852193,37.283904200514584]]],[[[126.74491085411728,37.283008821846956],[126.73752173279148,37.28352594060313],[126.73423006208877,37.2830922490638],[126.7347540177562,37.285936085207915],[126.73665967018617,37.28832135011213],[126.74061818796707,37.289004826445556],[126.74246466514818,37.287658751098675],[126.74538358956491,37.28798519216027],[126.74588762712902,37.283615590708045],[126.74491085411728,37.283008821846956]]],[[[126.99522310848442,37.19397024975787],[126.99744336176602,37.1925070199337],[126.99766654836188,37.19049445354505],[127.0070192394596,37.18773262418657],[127.00784506905812,37.18699690420797],[127.00242608866436,37.18204803992761],[127.0030091093062,37.17913793969035],[126.99976996436222,37.177576071396665],[126.99649720676064,37.178461362466315],[126.9952535935849,37.17501377206125],[126.99966780348663,37.17374240744233],[127.00653029279879,37.168064181800894],[127.01239135073811,37.167568971995635],[127.01662683318271,37.1678454793493],[127.02402318825135,37.16526117348183],[127.02809505248347,37.163121926457094],[127.0269744188379,37.16066126629116],[127.02975744049786,37.15875914346949],[127.0304867791237,37.156007184235925],[127.02879470555537,37.15498404140759],[127.02783434211463,37.153794922249325],[127.02998127086526,37.15000394773649],[127.03034319402322,37.146450438419436],[127.03257294876185,37.1401968847175],[127.03563343269566,37.136019580557736],[127.03039621007055,37.13457227581912],[127.02887179386084,37.133374145400055],[127.02421863640261,37.13322139418887],[127.01750491168617,37.12992329244908],[127.0134601939253,37.12897605058376],[127.00537499654037,37.128096389779444],[127.00243007622905,37.12438150518084],[126.99913797382357,37.12363515812487],[126.99677383667415,37.12473308140431],[126.99732215511207,37.127886740956306],[126.99311934592698,37.129808011417225],[126.99057882108823,37.12871880537309],[126.98720876834506,37.129721745041515],[126.98213914233189,37.13519494509131],[126.98222387535303,37.1414499856636],[126.9790664319006,37.14317976500863],[126.97422151109444,37.14331554179188],[126.96917074820259,37.144711692952555],[126.96657827793999,37.14358230533961],[126.95855502595832,37.14254651844625],[126.95254550562686,37.14552958812105],[126.95238380240632,37.14813842570256],[126.94602974677332,37.150577630712554],[126.94520617454809,37.14529264912857],[126.94182745288708,37.14307622864222],[126.93568283303456,37.14547529677059],[126.93297439758177,37.14354011620106],[126.93059510921017,37.143532084975455],[126.9288243397768,37.14616587508159],[126.92906378520084,37.14792247189162],[126.93405394022838,37.15024724842627],[126.9366134590224,37.157118006561376],[126.93551903737296,37.161172185157994],[126.92610525852074,37.16102136081029],[126.92041811681123,37.154506979509804],[126.91699006454567,37.155736368330935],[126.9148731385553,37.15997533516586],[126.91553573199982,37.16590381260215],[126.92134685572134,37.16831204108202],[126.91945943406553,37.17052702339826],[126.9172135468884,37.175862394066385],[126.92105609549691,37.17920183245744],[126.92150556638441,37.18295273788403],[126.91979510452771,37.18794377402819],[126.91997010101714,37.18964602739258],[126.91484642661902,37.19184503949236],[126.90420762250497,37.192444410179135],[126.89990363128334,37.19404073115911],[126.89843003586182,37.19505405782127],[126.89416974861608,37.193029419843185],[126.88892048260796,37.1970264059378],[126.88230088102269,37.19724145462662],[126.87853371348925,37.19425164335495],[126.87590277023014,37.19383877791153],[126.87053609823495,37.1982127556749],[126.86332733173724,37.201329046876324],[126.86579695447625,37.20430129592803],[126.86696257911933,37.20943640843394],[126.86536841847062,37.21173542994755],[126.85690599263823,37.21422270953225],[126.85095810532442,37.22310056783638],[126.84997582786534,37.2261531332226],[126.84523241539311,37.229156814219586],[126.8409314698871,37.22928506258474],[126.83913256553127,37.232133575938306],[126.82898577171855,37.229620226156364],[126.82680808958452,37.23541855642015],[126.82370121235066,37.236848614375454],[126.82711796849837,37.24286457262574],[126.82637230982972,37.24865626238106],[126.82754842794432,37.2518758317937],[126.83076517656885,37.25363993359062],[126.83442513290662,37.25443118214341],[126.8340586621866,37.25770127088293],[126.83837706384195,37.26383345951641],[126.84124633843676,37.26632237666249],[126.84522980099607,37.26589565954371],[126.84646891260701,37.26587384936587],[126.85272497796203,37.27203661068024],[126.8582243085853,37.27417795776812],[126.87132164343637,37.274709068262325],[126.87815434424299,37.27923406705338],[126.8782701525348,37.28246597252791],[126.87969351242724,37.28566682167373],[126.88330085015856,37.28218148224136],[126.88618096081777,37.28052888796154],[126.89091301320349,37.282020360418976],[126.89287268615857,37.28645155338625],[126.89641092697711,37.2889948062494],[126.89954818777986,37.290203972228724],[126.89841236208623,37.293997542886615],[126.90149946513064,37.29097665252568],[126.90554556446901,37.289887211774875],[126.91198472800116,37.29014922986047],[126.91385491766198,37.291468905902164],[126.91756428308713,37.28539383570353],[126.92737455910199,37.278797346317106],[126.92868182060445,37.27671912876092],[126.9272646844167,37.27143133965148],[126.92900819260379,37.26365626709575],[126.93084573671328,37.261042058333445],[126.93577695359531,37.25677165741207],[126.9435877824963,37.25684242389027],[126.94652972524321,37.2575040886718],[126.95004611715697,37.255843884866394],[126.94998261312715,37.25381883601669],[126.95224433524223,37.25147262969224],[126.9533657525033,37.24812870864571],[126.95667789024778,37.245188443536215],[126.95795860148625,37.24259827223269],[126.95776467963022,37.23976480644073],[126.96695423283646,37.23562517684138],[126.9703933011367,37.229196744879594],[126.97282308219386,37.22872083170063],[126.97822458087872,37.229572911663595],[126.98036006627134,37.23224480351824],[126.98572346354352,37.23263666292667],[126.98811538016567,37.233594619232015],[126.99264594823835,37.23085245816746],[126.99758056517456,37.230232378401766],[127.00368395585323,37.229291369782516],[127.00809612297202,37.22784499164046],[127.00312916695495,37.2227966633126],[127.0034258223203,37.220050206618225],[126.99951311352272,37.219655267756046],[126.99385535624084,37.21686903140281],[126.98161143363919,37.21329837214852],[126.97974262444933,37.21248229757727],[126.97998573485434,37.206822627521106],[126.98510283092918,37.201941296313784],[126.98556588185264,37.20023289868863],[126.98373180748975,37.197582202787785],[126.9842175984551,37.195726780358086],[126.98538565077718,37.194931862715116],[126.99522310848442,37.19397024975787]]],[[[127.05282704457214,37.20293404334265],[127.05297085923019,37.20147769076505],[127.04994079912281,37.19794748708186],[127.05040747069674,37.196326586017896],[127.04609860011163,37.196263973755386],[127.04250711207189,37.19763832290502],[127.03872316287297,37.19832787147226],[127.03705569350241,37.199906712498006],[127.02665101671123,37.200417705675434],[127.02467599656254,37.19809320598534],[127.01752759400223,37.19546148590908],[127.01360426018219,37.19480882619722],[127.00981837133574,37.1924045003446],[127.00784506905812,37.18699690420797],[127.0070192394596,37.18773262418657],[126.99766654836188,37.19049445354505],[126.99744336176602,37.1925070199337],[126.99522310848442,37.19397024975787],[126.98538565077718,37.194931862715116],[126.9842175984551,37.195726780358086],[126.98373180748975,37.197582202787785],[126.98556588185264,37.20023289868863],[126.98510283092918,37.201941296313784],[126.97998573485434,37.206822627521106],[126.97974262444933,37.21248229757727],[126.98161143363919,37.21329837214852],[126.99385535624084,37.21686903140281],[126.99951311352272,37.219655267756046],[127.0034258223203,37.220050206618225],[127.00312916695495,37.2227966633126],[127.00809612297202,37.22784499164046],[127.01359635547969,37.226875044338954],[127.02137129523447,37.22423632268805],[127.02262819268907,37.224897164093015],[127.02396855255314,37.22741521171425],[127.02289852640207,37.22951454847343],[127.02964391368278,37.23201023832599],[127.0366998915232,37.238400803242776],[127.03713719682615,37.240500473312274],[127.03968326246633,37.24350305425567],[127.04042368328864,37.24632621013356],[127.04262323978682,37.24675055836817],[127.04197312287468,37.24509581679244],[127.03912169709646,37.23723913429771],[127.04498933939965,37.233173413920106],[127.05166042533368,37.234314662996674],[127.056319798804,37.232866976040725],[127.06325900249342,37.23916712186339],[127.06667990835032,37.24014808570359],[127.06805168409994,37.238756500421175],[127.06875572634347,37.23015221290942],[127.07455991747064,37.228133924748334],[127.07558339692721,37.22589990688454],[127.07321953262532,37.226317297646375],[127.06752969351281,37.22214120060563],[127.06908627127135,37.21972435869563],[127.07071530106491,37.21370214188792],[127.06437508597052,37.2120757921021],[127.06161082057547,37.220652358272815],[127.06032534012314,37.221475811504355],[127.05653625074405,37.21863694412391],[127.05283554734059,37.21485955345017],[127.05627036678311,37.212202156878604],[127.05387472667749,37.20813346219639],[127.05142526295984,37.20874169585873],[127.0513411696315,37.21087085211746],[127.04883812048351,37.209395505350024],[127.04867104013265,37.20711984954612],[127.05282704457214,37.20293404334265]]],[[[127.12948936699448,37.148750018236605],[127.1270792773717,37.145649477492405],[127.12269547734505,37.14450996211115],[127.11895160567077,37.14377685300055],[127.11412940584704,37.14461646959946],[127.10923126288027,37.142686038086715],[127.10430824725384,37.141931676537446],[127.10364660198648,37.14357454892091],[127.10094927307202,37.146087206018066],[127.09930881090114,37.15021352982816],[127.09775603738964,37.1517009264326],[127.09799023590622,37.15585079615151],[127.09386111016404,37.15945250111411],[127.08895355840001,37.160524542726584],[127.07987794417186,37.161353139936004],[127.07784152005368,37.162315367546014],[127.07346781981225,37.16549208242126],[127.07127447117107,37.16820649885931],[127.07072820079858,37.173923371130456],[127.07221798246965,37.17597583085148],[127.07213953856551,37.18201945345088],[127.07105904208225,37.18403760461313],[127.06659419746512,37.184071451464604],[127.06532443080881,37.186445406596384],[127.06863618418403,37.190618454132235],[127.06564660929077,37.19215585724556],[127.0660226865167,37.19571779068923],[127.06497235523975,37.197748879515956],[127.06146608313912,37.199400718442],[127.05673186684464,37.19723943056863],[127.05040747069674,37.196326586017896],[127.04994079912281,37.19794748708186],[127.05297085923019,37.20147769076505],[127.05282704457214,37.20293404334265],[127.04867104013265,37.20711984954612],[127.04883812048351,37.209395505350024],[127.0513411696315,37.21087085211746],[127.05142526295984,37.20874169585873],[127.05387472667749,37.20813346219639],[127.05627036678311,37.212202156878604],[127.05283554734059,37.21485955345017],[127.05653625074405,37.21863694412391],[127.06032534012314,37.221475811504355],[127.06161082057547,37.220652358272815],[127.06437508597052,37.2120757921021],[127.07071530106491,37.21370214188792],[127.06908627127135,37.21972435869563],[127.06752969351281,37.22214120060563],[127.07321953262532,37.226317297646375],[127.07558339692721,37.22589990688454],[127.08283286206381,37.21952343472658],[127.08873665903569,37.216460118601724],[127.08878178576394,37.21644118895723],[127.09558244025135,37.218293294333165],[127.1043251660069,37.21981690132552],[127.11517517236503,37.21914618201571],[127.11738471629546,37.219964561509755],[127.12671525292849,37.21751212591331],[127.12965728435836,37.217456009393885],[127.13675672246572,37.21568081793321],[127.1400208284669,37.21750373403473],[127.14846968844893,37.21907389330226],[127.15160402018091,37.21854357488899],[127.15171809087629,37.21413927716269],[127.15767518135708,37.20699610050965],[127.15338581255322,37.20190741133056],[127.15229428967118,37.19832916910363],[127.15571974196577,37.19665986109267],[127.16090918563268,37.19172484115654],[127.16023076248457,37.185891338855775],[127.15907821780459,37.18413478481523],[127.16067009339847,37.180557303591655],[127.15925727350515,37.177976406199434],[127.15549931808002,37.17664609974297],[127.1511488477143,37.171604619935955],[127.14862134221951,37.16979770780068],[127.14370776569984,37.17017177024821],[127.13330725480529,37.169204826889064],[127.13255329650265,37.16818276975648],[127.13368296605584,37.16473047578324],[127.12914510966604,37.16202677192796],[127.12882948826955,37.15848210150787],[127.13059262482636,37.151850949051955],[127.12948936699448,37.148750018236605]]]]}},{"type":"Feature","properties":{"regionCode":"41610","name":"광주시","parentCode":"41"},"geometry":{"type":"MultiPolygon","coordinates":[[[[127.17288440750623,37.344605772837994],[127.1620637026494,37.34331792498792],[127.15755444436003,37.34106501291797],[127.15266953983763,37.34000516397112],[127.14820193755428,37.33770018770809],[127.14185843051624,37.336314426384206],[127.13954485484308,37.33883917035849],[127.13634402208058,37.33964062278096],[127.13795522139029,37.34117306428036],[127.13785866646893,37.34439444637006],[127.13414047372821,37.34720772327876],[127.13173657886057,37.35120127164446],[127.1339446102722,37.358477799991036],[127.1394819152213,37.359960688320946],[127.14443214395307,37.35938863911604],[127.15019197074653,37.361353927152194],[127.15285403079064,37.363535230316685],[127.15619050950484,37.36861187463357],[127.16052109061826,37.37278529021694],[127.16077265206819,37.37416070311407],[127.16169008470975,37.37971360263005],[127.16793571070426,37.38035100269824],[127.17345123672445,37.382672770073654],[127.17665032430153,37.385078106033475],[127.17681186712497,37.387247493904376],[127.1683919367876,37.39249499857584],[127.16866419060432,37.39544890432711],[127.17082894197797,37.39791122031992],[127.17161619680242,37.40100953046627],[127.17425924843835,37.40542693949518],[127.17715341278021,37.40901671566778],[127.17777894071517,37.413512909623],[127.1802577417367,37.41590262345924],[127.18488976233455,37.41534496877871],[127.1863224335016,37.41920827133679],[127.19137287368767,37.42206379873072],[127.19463802974579,37.42539347415219],[127.19335894221092,37.42609698689695],[127.19523060864046,37.431031221967686],[127.19439406731631,37.432769954626586],[127.19365607434285,37.439163116790084],[127.19572052907094,37.44505918785409],[127.19359146549029,37.452579914513784],[127.19099094021566,37.45735319679481],[127.1844467181798,37.458758303790994],[127.18160443928619,37.460469014384735],[127.18202610284817,37.467894001886066],[127.18105370146309,37.473289546856094],[127.17584124283789,37.47677005459245],[127.17579207698006,37.48527851442624],[127.17873186421609,37.48519373041981],[127.18318620903972,37.4835717949962],[127.18547243226114,37.48101595573664],[127.18917855638604,37.4802178645048],[127.19238228827462,37.480723127156615],[127.19804284954179,37.47958510685328],[127.2025856145696,37.48170574909062],[127.20683876645876,37.480311451186104],[127.21573197308597,37.48230148033377],[127.22615205734617,37.479732464840126],[127.23746092972115,37.47493131513384],[127.24173640546135,37.47686403136434],[127.24622324522292,37.47781568270298],[127.24876837885382,37.482353873291196],[127.25379702764393,37.48460542412811],[127.25362678067255,37.48631997799899],[127.25854380978318,37.48958180856777],[127.25914511570146,37.49211136755402],[127.25792588163476,37.49462368556889],[127.25553463919462,37.49615333582832],[127.25326850308358,37.50325250388836],[127.2543946871939,37.50595671669129],[127.26120171795303,37.507242700529396],[127.26815823888491,37.50623014899364],[127.27042202335576,37.507262904730645],[127.27641377047716,37.508314670750515],[127.27957077488571,37.51257616584707],[127.28320094301928,37.51353607593698],[127.28758295516984,37.513496716072815],[127.28785691876125,37.5096641601557],[127.28906482999521,37.50713574450646],[127.2923967949354,37.5071393714671],[127.30128043720113,37.51054830799851],[127.30710334111875,37.5163751852271],[127.31735899636578,37.52920884822445],[127.3232791143571,37.533311116571234],[127.32933444516219,37.53458305393014],[127.34786645003605,37.53574634910565],[127.35233169334435,37.53505571604852],[127.35864942757223,37.53294299573886],[127.36418978842606,37.52997140867596],[127.36636293174993,37.527804075950854],[127.37155677268399,37.52012009065535],[127.38072715734745,37.504281460539204],[127.3835896785573,37.50241849819006],[127.38047987527717,37.48993935027654],[127.3883313395087,37.476943661309306],[127.38868654073728,37.4743210099048],[127.38652718074843,37.46960366153334],[127.38698291497255,37.46735968441734],[127.38530564843147,37.459996114568035],[127.38183821826173,37.45837924182188],[127.37799094777296,37.458782067775914],[127.36798516634714,37.45694717046778],[127.3721440548653,37.45198770141574],[127.37258801812789,37.44474762395025],[127.3826081805036,37.44277497641636],[127.38436507618927,37.43745859376666],[127.38402033684055,37.435150733638274],[127.38929012950771,37.428817982380856],[127.39488107417733,37.426107662697916],[127.40063027855071,37.42138038465177],[127.40103031126138,37.419043936979676],[127.39821366260345,37.415751518681404],[127.4001771784427,37.41310763803624],[127.4040570834388,37.410075453602204],[127.40963638959502,37.40775879519481],[127.4128274604278,37.40318780990956],[127.4128064049299,37.39819977406715],[127.41741784468245,37.38949460145328],[127.42156892487994,37.38592231470699],[127.42516271393607,37.38577366266161],[127.42973843731588,37.38802767488343],[127.43542978915404,37.386416316669724],[127.44249918466888,37.38737993913745],[127.44453472514714,37.385411387488936],[127.4452832433907,37.38132959161077],[127.44366905771346,37.376126886283245],[127.44375774468062,37.36978856166204],[127.44592026105894,37.363421628293246],[127.44602573134584,37.3609101536161],[127.4424563377744,37.358444301586474],[127.4358393037185,37.35489618752952],[127.43378781296767,37.35080613115742],[127.429686198764,37.34641287008815],[127.42367710307037,37.34410947440209],[127.4212674087128,37.34205610620943],[127.4198345547717,37.337843394089916],[127.41497032959882,37.33411161860609],[127.41248423454223,37.33393065330199],[127.4079837841495,37.33091884401304],[127.40519737178342,37.327819906055694],[127.39990711613139,37.32723573281526],[127.39363574402033,37.32354243672257],[127.39245149886531,37.320939719535865],[127.38717456627762,37.318887515265246],[127.37838833382497,37.31934300253666],[127.37575630822445,37.32064168238027],[127.37268396842106,37.3187195749346],[127.36960109339135,37.31523232998523],[127.3635860332541,37.3158835667024],[127.36361600977582,37.31217211066504],[127.36494744998951,37.30993029111521],[127.36432024092002,37.30768397285376],[127.36131309038055,37.30719035329092],[127.35771731380953,37.30507343812418],[127.3545525702112,37.30153273866636],[127.35740599184662,37.29776499315526],[127.35714117461356,37.29460415034164],[127.35455801487426,37.29433054096348],[127.35308393162583,37.29231998232193],[127.34801499995044,37.29000692326834],[127.34325317637257,37.291090278609964],[127.34017582877959,37.288163379821334],[127.34237507775774,37.286175182465186],[127.34308192793364,37.282553808513605],[127.34827034494703,37.279077791045076],[127.3489822305703,37.27669787921298],[127.34331146814745,37.27317842974157],[127.34094686076928,37.2729195031615],[127.33879971089392,37.27053918912106],[127.33675322179712,37.27120000687371],[127.33089373447451,37.27023854995333],[127.3192917941327,37.27498868948541],[127.31655225951067,37.27381603631525],[127.31072641619578,37.27328431734384],[127.30301284867053,37.26992727489554],[127.30215841626527,37.2661748965822],[127.30038835757718,37.26618101428167],[127.2990070471565,37.26925545255499],[127.29667565909887,37.270492203964686],[127.29148383162354,37.27164835916163],[127.28755731703775,37.270876314956155],[127.28446027096132,37.26897664987064],[127.2800582286777,37.269628829232346],[127.27572674904125,37.27474966682066],[127.28175385634074,37.278083713999514],[127.27994575219124,37.2855056346344],[127.27854568429277,37.28663540425772],[127.27779638374172,37.29039846086429],[127.28166305457418,37.29804611744874],[127.27860339037379,37.3054397161021],[127.27734931369027,37.30954438522913],[127.27948674480379,37.313768036404134],[127.2830894477677,37.3189937558891],[127.2820521945047,37.322278556329415],[127.28232167390112,37.327413604865896],[127.28036626476043,37.328084908036075],[127.28015182293696,37.33219485211826],[127.28319578037582,37.33648770646125],[127.28367385647293,37.33855727112602],[127.28334323898032,37.34531376107707],[127.28038667955136,37.34603499726415],[127.27544583374518,37.34316381328022],[127.26874635340133,37.342354305072334],[127.26503211032835,37.342676439596644],[127.26097170827792,37.348658711387365],[127.25441695861753,37.350757912469554],[127.24691409029766,37.355646201546996],[127.2410227291983,37.35350336584104],[127.23877678143218,37.35645948166964],[127.23876315315135,37.359696578167814],[127.23369288947218,37.35798953077233],[127.22860882384853,37.3589018823276],[127.22495571369815,37.355249579025035],[127.22262083425262,37.35437542797486],[127.21669951009993,37.35464758696576],[127.21791532051118,37.35219587012376],[127.22158099792352,37.34930043810087],[127.21831480046816,37.34504947466637],[127.21681128438924,37.34067184700131],[127.21264937888812,37.33742019501802],[127.20830864449351,37.33087900925967],[127.20147354280654,37.32860848767613],[127.19744062795577,37.3335431564607],[127.19695913470187,37.33587771493221],[127.1981832148075,37.34112155440313],[127.19553119533093,37.34452653611965],[127.1924629363939,37.34666054272343],[127.19170961256933,37.34718425299487],[127.19170571847135,37.34718696013786],[127.17876396170762,37.34322360697194],[127.17673482650605,37.34441557927061],[127.17288440750623,37.344605772837994]]]]}},{"type":"Feature","properties":{"regionCode":"41630","name":"양주시","parentCode":"41"},"geometry":{"type":"MultiPolygon","coordinates":[[[[127.00457080312002,37.74317608469071],[127.00219604874573,37.74070327180197],[127.0031079370001,37.73864536658834],[127.00987060420206,37.7299601339748],[127.00872555638571,37.72807160210406],[127.01267376143929,37.72561047630899],[127.01154481052896,37.72224273860243],[127.0141396936362,37.71921036400806],[127.01275538340043,37.71650743578269],[127.01352315356553,37.71393844878099],[127.01943846255205,37.70824829933763],[127.01939376315842,37.707264545181125],[127.01541247614834,37.70301201251458],[127.01584584752527,37.70102523886384],[127.01452731173593,37.698277526659716],[127.01191731167371,37.698214925835586],[127.00881994327617,37.694547178772055],[127.00807528748686,37.68911582178105],[127.00829247114032,37.68467769374363],[127.00363825548686,37.68509983444255],[126.99798606038159,37.68382418780206],[126.99384505835835,37.68028228801913],[126.99173632766428,37.67946543249626],[126.98758382250348,37.682615606119704],[126.97929380929132,37.686224043738314],[126.97299229596429,37.68667708421989],[126.965235701587,37.69247268041758],[126.95995647569907,37.6914920881918],[126.95444350902818,37.692646341580186],[126.9510074889552,37.68772152482571],[126.94463782404944,37.68484575864478],[126.94307704771684,37.67943043072641],[126.94471026331976,37.676926597810294],[126.94292742255945,37.67308887593013],[126.93982164432147,37.670756645126566],[126.93816030566809,37.6714292249847],[126.93005600838026,37.6722927965117],[126.92802928084396,37.670697772956665],[126.92177746782349,37.671932528538115],[126.92036057644988,37.66958549892627],[126.911340969884,37.66870371869899],[126.90805166764257,37.67026007440398],[126.9061422220245,37.67339949040132],[126.90688232822966,37.675421010501395],[126.90948698520253,37.673721610168876],[126.91137969682897,37.674387914155524],[126.91477671192281,37.6796144924079],[126.91401854540979,37.682198662742564],[126.91401292198724,37.687238175821655],[126.91579233364995,37.691100172019844],[126.91873998138955,37.69417800061328],[126.92174073217059,37.699032985711675],[126.9233941094751,37.70598136312771],[126.92466854489105,37.707869015672074],[126.92454154955907,37.71173056490976],[126.9204654977077,37.71367729972487],[126.92308127628426,37.71624468554184],[126.92504064412448,37.71991024363328],[126.92307215334297,37.72501333428065],[126.92360483868244,37.72765243746388],[126.92188584920495,37.730182263195154],[126.92261198903756,37.73193776221231],[126.92642601837372,37.73512553838868],[126.93006454853047,37.73590152990437],[126.93102403970393,37.73750600669213],[126.93020889928712,37.74316572982589],[126.93299466834836,37.745381570486195],[126.92970874242381,37.74853178461585],[126.93154971988658,37.75187442474892],[126.9312623909926,37.75567212851535],[126.92869340965667,37.75759073326544],[126.93089710020699,37.76306787422969],[126.93391021676048,37.7675831413538],[126.93280019785661,37.77068639903912],[126.936291199406,37.77420810549826],[126.93338397574834,37.779936800083156],[126.93811523886998,37.786943382565674],[126.93209545250888,37.7887836164679],[126.92721060712641,37.785081492750315],[126.92127506461964,37.78821045737832],[126.91952105458252,37.790394267122615],[126.91203734954155,37.792076407149686],[126.90389467124947,37.79094941161407],[126.9052954676804,37.79663811928648],[126.90554703218832,37.802097940149274],[126.90671927313217,37.803593261178186],[126.91191090560268,37.80614520835053],[126.9116401126658,37.80823939656134],[126.90878555100484,37.810505411986114],[126.91021627566545,37.81648486728863],[126.90562179155717,37.82005122229436],[126.90230760650456,37.82472352968232],[126.9029901534786,37.826387606181704],[126.90919346902804,37.828544838276294],[126.91136100605827,37.828636808610234],[126.91300338282078,37.83602893788213],[126.91192503207964,37.83846386348851],[126.91393019712237,37.8410695851872],[126.9253312111924,37.841585435752805],[126.9272828301592,37.83805056759223],[126.93297616252924,37.83857044420197],[126.93648521599881,37.84079098368371],[126.93451225021502,37.846243278914834],[126.93561986809411,37.84938864916087],[126.93886629612291,37.85249900979274],[126.93850349266448,37.8540610389008],[126.94283093134581,37.86254706551244],[126.94633973135406,37.86698562157968],[126.94426435611797,37.87363234550649],[126.94709910848029,37.879472181754885],[126.94649466825591,37.88047210307718],[126.94808315013785,37.88464915309495],[126.94728490580202,37.88599281573723],[126.94599632321982,37.88846205776746],[126.948179927867,37.893757816930155],[126.94853522865957,37.89674776409954],[126.94673355848859,37.89964260677463],[126.94762092788382,37.9025680962705],[126.95083818204537,37.90720904417889],[126.95316114441194,37.90870696336885],[126.95473027363586,37.912469289535764],[126.95055857095802,37.91679524642735],[126.9496002574581,37.918965136313126],[126.95632563506473,37.9223435714647],[126.96001730621946,37.92016366867159],[126.9620025582077,37.92291156280491],[126.96304889206857,37.927076916136684],[126.96505301442588,37.92823970117356],[126.96409368957394,37.93294008401302],[126.96443236258423,37.93831331544984],[126.97032407944748,37.94203414748618],[126.97335568839246,37.94203426604021],[126.97533883100436,37.94032163158416],[126.9810136868814,37.937455910057544],[126.98545044258799,37.93889267459377],[126.98941180275683,37.93627928831836],[126.9919683253411,37.93757694663407],[126.99319921884997,37.93451223254617],[127.00131368672457,37.93303154949379],[127.00258948710686,37.93324653934008],[127.00971037436527,37.92915861310914],[127.01004604364417,37.92757262710981],[127.00904003340952,37.9250504735495],[127.01233721888572,37.91842727966797],[127.00790110245758,37.91614543827301],[127.01055519806187,37.910336392206524],[127.01071311654978,37.90447299108011],[127.02089539999307,37.90060324871069],[127.02462671532726,37.89787279892473],[127.02876790656146,37.89893382963342],[127.036226880672,37.895931711987195],[127.04626428011824,37.89384944743832],[127.04689811107659,37.88772525398462],[127.04825472170826,37.882875914537095],[127.0501460487506,37.8814691640792],[127.05350520204657,37.87659238995029],[127.05768010952906,37.87319446497959],[127.05946162770375,37.87023361224167],[127.06254598960473,37.869206352218306],[127.06606334953592,37.87164950781258],[127.06842459035671,37.87064140575078],[127.0737308458761,37.87278612121577],[127.07750259653272,37.87101590262805],[127.08787787049752,37.872078270750535],[127.09146640088963,37.87120978058801],[127.0959776820183,37.867395929373124],[127.10287005044195,37.86558632214773],[127.10705168049377,37.86238494414766],[127.10918530066955,37.85985148862908],[127.11036168925959,37.855574180583325],[127.1148464527597,37.850339754295476],[127.11614785372076,37.84391354734965],[127.11567148696764,37.83853911534394],[127.11795409436434,37.836431585928096],[127.11806296842832,37.83327419044134],[127.12189343699438,37.82814775094826],[127.1207781209134,37.82362521228609],[127.1201916421863,37.81736483316511],[127.12200590125579,37.812084493071204],[127.1198262403528,37.809690096078235],[127.11875249376166,37.80903542636425],[127.11713627925332,37.80412027303731],[127.11805867717521,37.79995919012854],[127.11718706654894,37.79590024997328],[127.11293092544942,37.788504747121465],[127.10594750606246,37.78318072470076],[127.10434295102165,37.7796703467051],[127.1034617681679,37.77868156749032],[127.09272695093539,37.77660792393105],[127.08467794129328,37.77360552756496],[127.08154004411253,37.770674346685915],[127.07405345048156,37.76849543047091],[127.07045255479231,37.76583135439967],[127.06429346247386,37.76358815997275],[127.0602462104348,37.76211745337616],[127.05276161561467,37.761371560904436],[127.0508635018672,37.760941899230524],[127.04116910312399,37.76673946832589],[127.03507653091806,37.76772393911251],[127.02547242662672,37.7669465773414],[127.01728497525039,37.768561608845914],[127.01060277815522,37.76617262272433],[127.00469643709387,37.763181457662874],[127.00226780893739,37.76276275264856],[127.00139566146534,37.75807621690956],[127.0033370594396,37.75307082764065],[127.00210093119051,37.75140269662043],[127.00291303066284,37.74959644485211],[127.00247937394272,37.74564146096691],[127.00457080312002,37.74317608469071]]]]}},{"type":"Feature","properties":{"regionCode":"41650","name":"포천시","parentCode":"41"},"geometry":{"type":"MultiPolygon","coordinates":[[[[127.17702629546477,37.759816171939704],[127.17626224695715,37.75734106943702],[127.17326433818994,37.75511441335536],[127.16584915859148,37.75292255924519],[127.15912245283813,37.753240165961934],[127.15375667376084,37.75549924013617],[127.14670654041863,37.75483612452198],[127.14318207347452,37.75883916181186],[127.13966031640152,37.76407250012188],[127.13342752506644,37.7622866870777],[127.12723547966537,37.76361248659496],[127.12543404543239,37.76329933582198],[127.12650500792198,37.7656209846878],[127.1290981200691,37.76688790557068],[127.12806637597392,37.771839632382665],[127.12139168554297,37.77374936869644],[127.11564289068853,37.773756788013834],[127.11541044391299,37.776432948278504],[127.11069304525438,37.779398569424664],[127.10434295102165,37.7796703467051],[127.10594750606246,37.78318072470076],[127.11293092544942,37.788504747121465],[127.11718706654894,37.79590024997328],[127.11805867717521,37.79995919012854],[127.11713627925332,37.80412027303731],[127.11875249376166,37.80903542636425],[127.1198262403528,37.809690096078235],[127.12200590125579,37.812084493071204],[127.1201916421863,37.81736483316511],[127.1207781209134,37.82362521228609],[127.12189343699438,37.82814775094826],[127.11806296842832,37.83327419044134],[127.11795409436434,37.836431585928096],[127.11567148696764,37.83853911534394],[127.11614785372076,37.84391354734965],[127.1148464527597,37.850339754295476],[127.11036168925959,37.855574180583325],[127.10918530066955,37.85985148862908],[127.11367693524551,37.86547694168197],[127.12035222458327,37.86604845102585],[127.12316225646751,37.867157071021055],[127.12355938320924,37.86982612865056],[127.12856003966374,37.87391260515001],[127.13169586526122,37.873110154736715],[127.13477770428192,37.873727009304616],[127.13983749128153,37.87621273486266],[127.14696392041334,37.87602590961417],[127.1494553468679,37.88438561232318],[127.15340104999119,37.89054980181925],[127.1556523276474,37.89567570812824],[127.149660583333,37.897920406776684],[127.15027359416878,37.900575435458656],[127.1467511505463,37.90442248421338],[127.1478560430291,37.906628428755106],[127.14663245219718,37.91081121800022],[127.14399206072858,37.91267120370859],[127.1387608519853,37.914027491436606],[127.13471233728183,37.913573360118775],[127.13284131488187,37.915922180540775],[127.12623368918446,37.915745907464206],[127.12089698081648,37.91702757330068],[127.11524513738814,37.928303845354485],[127.10947770884562,37.935523442699306],[127.10800854304198,37.9390899053997],[127.10234314569725,37.940781258466835],[127.09604842744854,37.94364602403637],[127.09557659306971,37.94901831604612],[127.09911541955411,37.95246103768691],[127.09883306749774,37.95532504713722],[127.09558196646499,37.95646644278562],[127.0922396954542,37.9600544365129],[127.09414464730294,37.96801040129623],[127.09171276213635,37.97144153038342],[127.09266709435101,37.97490128039809],[127.09092447949276,37.979875975155664],[127.09037069554275,37.98439548090121],[127.09118811182329,37.988024366282865],[127.09480424639958,37.989110695428664],[127.10056915370697,37.98969597173205],[127.10942515212946,37.988844706236485],[127.11153586847895,37.98931471440759],[127.11409460686414,37.986468329463094],[127.11733453990654,37.985743263597435],[127.12019877746053,37.97949533214052],[127.12343279271582,37.98028985076292],[127.13053045475367,37.98465994762684],[127.1325549589351,37.988292845317126],[127.14085495514917,37.99203291199889],[127.14328730420118,37.99126182848662],[127.14481802548235,37.991916514333326],[127.14686672910211,37.99564303295273],[127.14563940639385,38.00094650130488],[127.14079910754306,38.00552724504236],[127.14024037159984,38.011480791590614],[127.1426083925119,38.014419450298334],[127.1453222344533,38.0156489170184],[127.13919835098572,38.02143337979617],[127.13979321649298,38.02544929043383],[127.13549383522597,38.02926085349061],[127.13517834281504,38.030842749652464],[127.13814886857357,38.03603541701856],[127.13742205541298,38.03784137251194],[127.13359602987086,38.03897075615706],[127.12815400425755,38.03667568561744],[127.12443707621647,38.0370671936221],[127.1227316537001,38.038944288018584],[127.11825181909994,38.038640282022506],[127.11435597742941,38.039980614295956],[127.11788336470818,38.042658788912995],[127.11796162673943,38.04390844147554],[127.11363671049038,38.04849871003847],[127.11228384759818,38.05095812381074],[127.11422505265988,38.0560949132245],[127.11717284013038,38.06065047646628],[127.12372626336571,38.06142533027725],[127.12656589516592,38.059787304016055],[127.1301213523881,38.06141182997735],[127.1349124549936,38.06560534771579],[127.13826411710941,38.06645953053581],[127.13833949459877,38.06910401844609],[127.14114829064256,38.072741245668844],[127.14421435318961,38.07350087806902],[127.1476808503711,38.06967752156237],[127.14619606089144,38.06344531992191],[127.14685436268807,38.05914025267262],[127.14874064024195,38.057702733912876],[127.15317058304325,38.0594925312839],[127.15565655070887,38.06262839672771],[127.15949603801833,38.063400033853746],[127.16466857137966,38.06138365183796],[127.16745590151537,38.0618117908432],[127.17092325333783,38.065515656770046],[127.17482071599314,38.06645932397641],[127.18359717123874,38.06386168835847],[127.18662363845847,38.064436539756514],[127.18573933802813,38.07225381177069],[127.18624928098423,38.07431335837595],[127.1907279787971,38.0778425579181],[127.19225414428735,38.08249488845243],[127.19098753809384,38.085428537283555],[127.18819715027777,38.087484009919955],[127.18451059808568,38.0922283232281],[127.18220719021967,38.1073117142047],[127.18394361966418,38.110337905420906],[127.18433416520904,38.114015008194045],[127.1826558560053,38.11664669970158],[127.1765656981337,38.11982396101656],[127.17282848518228,38.12003893021318],[127.17156448093188,38.121562971401566],[127.17448293351966,38.12448564910315],[127.17577228777216,38.12880966541064],[127.17544592445823,38.13502145213396],[127.17356450344789,38.14319772187488],[127.17681781745169,38.14673305416078],[127.17718408956578,38.15150966012407],[127.17610538038795,38.1538015315806],[127.17578428202752,38.15801066673578],[127.17393561004852,38.16111265145967],[127.17459395771468,38.16788520250711],[127.17360468594651,38.16923326119642],[127.17427770755857,38.172735357825374],[127.17764856592815,38.17644207724526],[127.17937718266585,38.18465332788373],[127.18169723715589,38.18509386612565],[127.18789589028428,38.18825013016502],[127.19039965472298,38.188855032483886],[127.18884746825633,38.186311274602915],[127.18604370683755,38.173386669057145],[127.18869896039202,38.163623273549895],[127.19024747407065,38.160421509749916],[127.19551534632475,38.15688151841894],[127.20264654202354,38.15356841303244],[127.20859268888591,38.14691516132302],[127.21177289662275,38.14687963742735],[127.21341627496365,38.14337715725112],[127.22189093358902,38.13763007064966],[127.22369653029219,38.14143069846741],[127.2232670267822,38.14685891066471],[127.22591088807708,38.14820757173799],[127.23203454127764,38.14703110088061],[127.23508430254974,38.14801442231316],[127.23962070025576,38.154543585423184],[127.24705365684152,38.15942541342798],[127.25433961067372,38.16280224051424],[127.25850187919195,38.16865018148679],[127.26351785637148,38.17146468754579],[127.26596386494766,38.176053665889654],[127.26442468723116,38.17827745088672],[127.26651250468001,38.180635961328974],[127.27697696830536,38.18236679005648],[127.28282663771587,38.18290914031535],[127.28657787243627,38.18033508543072],[127.28933234404917,38.17689840006826],[127.29586045746453,38.176420047398295],[127.29707023308971,38.17427229978169],[127.2947831571912,38.17263617868618],[127.2911944444301,38.17232934568902],[127.28724549207193,38.16870762279289],[127.28799523023105,38.16353921963413],[127.28752290538175,38.160884161010486],[127.28464308942878,38.15775342680951],[127.28723617949436,38.15232810796395],[127.28416753880263,38.14592784892135],[127.27841026488827,38.13921682644605],[127.27577328510935,38.13722262503154],[127.27577044410842,38.13397391254184],[127.27739126782052,38.132493894834575],[127.27748441838695,38.127639244951624],[127.27674056363806,38.125447758318415],[127.28042974958996,38.12552084638314],[127.28305189598467,38.123371078509514],[127.28320437386895,38.1164800682054],[127.28603469168957,38.115052923926584],[127.28856162533103,38.11668889682515],[127.29292741789162,38.114094425949965],[127.2958639765602,38.116315496123505],[127.3027377946897,38.115675134342304],[127.30564277021328,38.117142478803885],[127.30722515075739,38.11935610178101],[127.31129173574625,38.115973997083216],[127.31184313112588,38.10949063754143],[127.31399754128306,38.104617175522016],[127.32119209688913,38.09522494022175],[127.32556228072724,38.095122112031575],[127.33032106380121,38.09411414550298],[127.33195519005169,38.092197895131186],[127.33739004471947,38.08981567229383],[127.3381026470284,38.100502424623485],[127.3392668580741,38.101544976794436],[127.34600560075164,38.104263750157166],[127.35337185153841,38.10433886788823],[127.35635214007571,38.106305449005575],[127.36445287318006,38.10703868720645],[127.370614449889,38.109840342628516],[127.37270439303514,38.114350385449],[127.37826911673258,38.117756144440385],[127.38576340317829,38.11426264139699],[127.39395733088833,38.11339620569547],[127.40072063554611,38.11370892717426],[127.4033990132338,38.112894580084294],[127.40580852919128,38.10638760687584],[127.40869849091088,38.10408894471118],[127.41205771107037,38.10272263498852],[127.41518843056475,38.10366959399841],[127.42249660438512,38.108880345854075],[127.43056731236592,38.115281264381494],[127.43262500414775,38.11281645419201],[127.4410047744206,38.108171360327546],[127.44439690269566,38.097521210111736],[127.4455683525097,38.0859919804669],[127.44693535174169,38.07951681271226],[127.44610864643082,38.07274837790764],[127.44692577302976,38.07045560956601],[127.44589220556468,38.06235068153823],[127.44394005981862,38.05849696059991],[127.44667580495482,38.05433354890855],[127.44565558352299,38.05098204376955],[127.44439319937808,38.05000259790453],[127.44177018651473,38.04478064834167],[127.4335461192459,38.036734584269],[127.43018996455714,38.03465067249333],[127.424906702165,38.03340139083395],[127.42429322611811,38.030939484759806],[127.4271880063054,38.02748926850639],[127.42349112668285,38.020148198527366],[127.42154198713466,38.01902030565238],[127.41827701515419,38.01475052753174],[127.41481479946312,38.00691926923999],[127.4147861051898,38.00175255458322],[127.41302245998081,37.99779572788026],[127.40906644161349,37.99630448026735],[127.40649769016719,37.99162927412094],[127.39942201779424,37.989401753622666],[127.38980477747857,37.98267741338123],[127.38504385560881,37.982412605983754],[127.38412361138302,37.977932254419954],[127.3853895685414,37.97614555450995],[127.38244575616915,37.974222894604125],[127.3826400343799,37.96970109000913],[127.37789969946206,37.96534494620211],[127.3761436536757,37.96152732892679],[127.3791689343985,37.95891897090904],[127.37951443309919,37.956474559783],[127.37683260413878,37.952934126578675],[127.3787491759328,37.95112345156969],[127.3823534626713,37.95044663143209],[127.38491257449107,37.94708731402147],[127.38428417950534,37.94354453811807],[127.37981445591276,37.93913390280113],[127.37753966738414,37.93877329106873],[127.37195187718478,37.933856289706725],[127.36988863113886,37.93061958579199],[127.36609760031537,37.92883420170931],[127.36430364490106,37.92595017519374],[127.35582658485067,37.92164652250712],[127.3503148580542,37.92232686541173],[127.34744056476751,37.92607147750688],[127.3451767214615,37.9272052861787],[127.33995675748024,37.92426006312786],[127.33728539298978,37.9237742039934],[127.33302599083484,37.926500273524624],[127.33097633275898,37.925907027292595],[127.32899413853706,37.92203087704592],[127.33076763487983,37.9167540964414],[127.32786307327856,37.91241453969421],[127.33038695959023,37.91004101725349],[127.32736932549552,37.902502861048845],[127.32912576646284,37.89431143741749],[127.32370106913528,37.88785463274248],[127.3230814941334,37.880747494648645],[127.32374677478457,37.87374019252224],[127.31210044654269,37.86611938251935],[127.3056993449059,37.86878726849834],[127.3006388823806,37.86809606731597],[127.29617492550466,37.86886805638865],[127.29316762692373,37.8734218539622],[127.29153830003185,37.87414498389932],[127.28587717356773,37.865575774014445],[127.28466134066262,37.859975298053804],[127.28036268236994,37.85543489454788],[127.28033521940267,37.85389257456416],[127.28630363661223,37.848306314516435],[127.27903481111377,37.84234086010547],[127.2785655066677,37.83941296542146],[127.27630020762452,37.835914969015604],[127.2741450142858,37.83061563680108],[127.27408950509692,37.8266936853254],[127.2758291133368,37.82470284950497],[127.27925829599975,37.81638951336337],[127.27739942663179,37.80882237866516],[127.27875254480816,37.805463546329555],[127.27051611083884,37.793781934758236],[127.27216352699834,37.790386028457014],[127.27093060850032,37.78621953623813],[127.26870309311306,37.78535104305668],[127.266523837898,37.780450292744206],[127.26328611651915,37.77682279593204],[127.26093902877653,37.772446093071636],[127.25972576839244,37.768400739149236],[127.25374843814501,37.76775960014145],[127.25185419806421,37.76634167523551],[127.24047325688583,37.76270510607472],[127.23649147132865,37.76219152879235],[127.23340903139874,37.758458803632095],[127.23068134130155,37.75732589027126],[127.22762236476933,37.75427688876623],[127.22462157614893,37.753592795121094],[127.22168188381704,37.75498407039433],[127.22186952880371,37.75716909927097],[127.21404649566196,37.76060244964901],[127.21265072593718,37.76465388423366],[127.21096062173224,37.764610317355945],[127.20528298064342,37.761241079094326],[127.2042601769901,37.76345689926251],[127.19092423848515,37.76257768827481],[127.18431456788093,37.76472672314196],[127.18090554893648,37.76309516194946],[127.17702629546477,37.759816171939704]]]]}},{"type":"Feature","properties":{"regionCode":"41670","name":"여주시","parentCode":"41"},"geometry":{"type":"MultiPolygon","coordinates":[[[[127.62928817104891,37.16640809490627],[127.61947065675349,37.16244314832063],[127.61522199539182,37.164025962830635],[127.61391921576728,37.17027854936513],[127.61238765498369,37.1733752501016],[127.60484308736928,37.178910097394265],[127.60167499788427,37.183373753661506],[127.59915211589612,37.183352211559345],[127.59795353688396,37.18814873263977],[127.59600415051993,37.189629773725294],[127.59303457967837,37.189627635691615],[127.59048617168376,37.18789889469139],[127.5836722670085,37.18695403747985],[127.57637441325473,37.18915503657138],[127.57237899767696,37.18485892535498],[127.57754460019144,37.17727700926723],[127.5753167675492,37.17429588614209],[127.57050788128811,37.170227823535804],[127.5690232085687,37.17342421951458],[127.56617655245344,37.1763960097043],[127.56038654801887,37.18022448367862],[127.55337812411817,37.17559343173654],[127.54681127798487,37.17419001118609],[127.52789382538597,37.17295765521125],[127.5265516249402,37.17609376570786],[127.52286487194317,37.18123819471521],[127.51754814726603,37.18213408598463],[127.51597293569685,37.185316010691665],[127.51960339237533,37.18760619168112],[127.52569653917237,37.193733513695136],[127.52623790348194,37.19523086880915],[127.53127941427111,37.19999248413127],[127.53007829178479,37.20276125756544],[127.53147108592907,37.20535358245931],[127.53147435273308,37.20822689721515],[127.52986632060285,37.21176753831764],[127.53007648049017,37.217790017687534],[127.5276086924173,37.22739075811907],[127.52549899837878,37.22757406556385],[127.52696346277254,37.22946176576326],[127.5252018064049,37.23922665391633],[127.52555455728871,37.24048854637071],[127.52969257616759,37.242930392556346],[127.5328110741221,37.24353801851318],[127.53736836209346,37.24662732097421],[127.53707417191994,37.25160546376847],[127.53317601857665,37.25620379974147],[127.53236175704942,37.26065919408216],[127.52996091770684,37.2674676697763],[127.52918995761365,37.27351626785016],[127.53066848121172,37.27924429619808],[127.53437513092565,37.28928036238365],[127.53681221712512,37.289699906720635],[127.54272540967368,37.29475268435292],[127.54305214000742,37.296439133602576],[127.54644314103903,37.30180905268387],[127.54636209539511,37.30994193222809],[127.54261230822921,37.31305653625031],[127.53608318499455,37.31344856058141],[127.52880157239639,37.316199811392195],[127.52905302238655,37.3170662371822],[127.5289530446061,37.32123969467797],[127.52654095713324,37.322468409435835],[127.52918503136038,37.326613124088546],[127.52716167401773,37.32934360506997],[127.52151262859155,37.32969184376057],[127.51690033978208,37.33449565695422],[127.51359591377063,37.339387488785],[127.51030932727667,37.339577112974474],[127.50796592351377,37.33819253158591],[127.50259791114632,37.3378784109753],[127.499794680754,37.33973305194342],[127.48952451695213,37.342363682783024],[127.48724214526345,37.34904593063089],[127.48386794802478,37.35057117193819],[127.47834519556221,37.35576445084369],[127.47490907929685,37.35736946405913],[127.47049352258136,37.3615159535646],[127.46377333131949,37.358139509375796],[127.46021699366062,37.358196966023115],[127.45628361264676,37.35606041387804],[127.45487391001976,37.35415566021144],[127.44884279867433,37.35219272518913],[127.44385078920536,37.357686678852836],[127.4424563377744,37.358444301586474],[127.44602573134584,37.3609101536161],[127.44592026105894,37.363421628293246],[127.44375774468062,37.36978856166204],[127.44366905771346,37.376126886283245],[127.4452832433907,37.38132959161077],[127.44453472514714,37.385411387488936],[127.44249918466888,37.38737993913745],[127.43542978915404,37.386416316669724],[127.42973843731588,37.38802767488343],[127.42516271393607,37.38577366266161],[127.42156892487994,37.38592231470699],[127.41741784468245,37.38949460145328],[127.4128064049299,37.39819977406715],[127.4128274604278,37.40318780990956],[127.40963638959502,37.40775879519481],[127.4040570834388,37.410075453602204],[127.4001771784427,37.41310763803624],[127.39821366260345,37.415751518681404],[127.40103031126138,37.419043936979676],[127.40063027855071,37.42138038465177],[127.40258642186706,37.42453471335298],[127.40737581328703,37.43008532446441],[127.4097719787711,37.43131305040429],[127.41462325250245,37.4321684279035],[127.4202418546173,37.437647114412144],[127.42286601516003,37.43951357726757],[127.42645477068793,37.437744661157545],[127.4324401411125,37.43634434041256],[127.43422427455094,37.435265948528695],[127.44170105772241,37.43426596449291],[127.4499009468152,37.43131884179368],[127.45431484835133,37.42895338800637],[127.4601084232524,37.42726314862863],[127.4652011039934,37.42685463059605],[127.47170709907554,37.42496572646339],[127.47430891443433,37.422333169106274],[127.47964582640391,37.423660361473054],[127.48242634855787,37.428972230141525],[127.48522587600701,37.43223101451754],[127.48835599066359,37.43364542367718],[127.49445287887525,37.432739983252986],[127.49837795834289,37.4332550138446],[127.50554748671546,37.438122305398515],[127.50800565566843,37.43981001447201],[127.51036953568914,37.438714676967344],[127.5164319165346,37.43765147453072],[127.52286377175221,37.434735579433884],[127.52881704624563,37.42863308182738],[127.53444295687615,37.41932033911927],[127.53695642392431,37.411310828932244],[127.53933388161718,37.4117337033396],[127.5439523341822,37.41002064400494],[127.54737208493401,37.409866025506155],[127.55074826753311,37.411396970977485],[127.55117355832769,37.41367041493304],[127.5541559632478,37.41728372182941],[127.56003963264287,37.417526759338415],[127.56629304030399,37.41381624206114],[127.5711635946555,37.412913797664565],[127.57174838394162,37.41164192619044],[127.5796348302758,37.41593075681646],[127.583202797767,37.41696488571858],[127.58446093121798,37.413991695217426],[127.58649011668277,37.414634714508345],[127.58850761597166,37.417321584938236],[127.58748216359737,37.41985071584929],[127.5905575691387,37.42279476271501],[127.5942852360469,37.42067475415972],[127.60011535688146,37.4206293986055],[127.60897579203872,37.41724590004155],[127.61114163374329,37.415521123145574],[127.61694283398764,37.41485176512949],[127.62025516453663,37.409005370689705],[127.62230434100177,37.40967705024503],[127.62705087299523,37.41339922710902],[127.63538231574202,37.413474507188134],[127.64144123532982,37.40857089570525],[127.64292532539125,37.4060179790412],[127.64623823455142,37.40460550307141],[127.65206966300389,37.40759074711065],[127.65412816627783,37.41269439674548],[127.65853830191043,37.41747150619878],[127.66017823756873,37.41574991618122],[127.66523083453973,37.41434131882307],[127.66844106349588,37.411891798352315],[127.67628059707262,37.41279864927201],[127.68444544569898,37.41265549346721],[127.68722793722506,37.41058132848938],[127.68615688520416,37.401660703094606],[127.68700200680493,37.39952964152345],[127.69491455458852,37.403410826166855],[127.69869948835942,37.4074074497726],[127.70227987728686,37.408076615252426],[127.70779348223007,37.41066865875525],[127.71037269328434,37.40662141261635],[127.71368737108274,37.40527466657298],[127.71569809364686,37.40163845515306],[127.71436222516932,37.398487180282565],[127.70460352610515,37.392551973367006],[127.70335919128448,37.38802918249617],[127.7037127689697,37.38587649179986],[127.70599990131612,37.38320457652621],[127.7029402292307,37.38058785999224],[127.70131068458223,37.37387749334643],[127.70729204502484,37.37015355096764],[127.7110220459548,37.37172888515605],[127.71646857536756,37.369977116186895],[127.71981694581895,37.37108071371206],[127.72391416033472,37.37119139233792],[127.72827683818855,37.37479422295075],[127.73204698626715,37.375666861898445],[127.73866615946821,37.37139697619152],[127.74577908844967,37.36889564294149],[127.75240983340393,37.36923169493236],[127.75447387125408,37.36806375613471],[127.75948478241624,37.36704394037488],[127.7611729254722,37.36378784111807],[127.75929301209295,37.35985676399336],[127.75982783058029,37.35447561196382],[127.75833103115232,37.35043614341904],[127.75778951782868,37.34621233435803],[127.7590036528109,37.34152966379021],[127.760693862592,37.34071553198262],[127.761569562412,37.333690298350035],[127.76036176253905,37.32912354626065],[127.76282777923956,37.32324443402961],[127.7621869117953,37.32078294002447],[127.76546209289559,37.3133481628694],[127.7685700680754,37.307830488708625],[127.76735689297479,37.30610540124393],[127.76768239764084,37.30289227872186],[127.76566534453133,37.301407114527],[127.7619225205177,37.30211283150902],[127.75750471468717,37.299976744432364],[127.75476517652099,37.29769229064109],[127.75612888900727,37.29345674654997],[127.7537964517393,37.28900890158889],[127.75578330726879,37.282840537843846],[127.7547030199528,37.27851924962009],[127.75529123157115,37.27210185527069],[127.75732388417106,37.26482047082919],[127.75830778668016,37.25802651137656],[127.75366842947194,37.251236673328584],[127.7488583733141,37.24747967332898],[127.74764581415566,37.24347482162602],[127.74639733270124,37.22963235958411],[127.75000028960233,37.22678426718234],[127.75077981958138,37.22175141810712],[127.74791916960423,37.21667839805168],[127.74640995086035,37.21652251106549],[127.74077493040596,37.21195114223338],[127.7366780080965,37.20989659541225],[127.73556810212965,37.20557458630876],[127.73310492029286,37.201658606108104],[127.73276150750897,37.19608557265153],[127.7286244458203,37.19186699849571],[127.72809439976515,37.18654372260554],[127.72668934861562,37.18300395752793],[127.72273031807165,37.18181956395169],[127.71829649327029,37.1838162369496],[127.71459887931567,37.181074002462495],[127.71227985762438,37.17680397739162],[127.71061666616694,37.175890243770745],[127.70967186294399,37.172108403699504],[127.70695855796768,37.17043555859206],[127.70458431328464,37.16663905123079],[127.70516295645129,37.163780089982254],[127.70399402696997,37.15648985963734],[127.70070901636932,37.15374724458607],[127.69593848448389,37.15210140605328],[127.69441397447716,37.14964219380069],[127.69403496538516,37.14406844942626],[127.69543493224323,37.14044900028081],[127.69210083849734,37.13765696885846],[127.68790646576998,37.13530729579705],[127.67615976136297,37.13675505286163],[127.67067422009053,37.13630645222799],[127.6679919395374,37.13680159528805],[127.66570759229174,37.13926069583046],[127.66249524938428,37.13905562573261],[127.65751991728938,37.14201143754572],[127.65566957166023,37.1450452860495],[127.6479142978194,37.15058051430046],[127.64181426578149,37.1513767757925],[127.63866020316843,37.15308451513504],[127.63263187203007,37.1525133488797],[127.62876285826114,37.15379586087151],[127.62868019624602,37.15618217191827],[127.6301869282866,37.159324213738316],[127.63077297346217,37.165666176965395],[127.62928817104891,37.16640809490627]]]]}},{"type":"Feature","properties":{"regionCode":"41800","name":"연천군","parentCode":"41"},"geometry":{"type":"MultiPolygon","coordinates":[[[[126.89156839168888,37.98247576166068],[126.89267118997635,37.978283746612085],[126.89545784070965,37.97110136830461],[126.89436307159838,37.968807606555586],[126.89152192197866,37.96707149520617],[126.88775853286057,37.9661382845875],[126.88137107103908,37.9668225227148],[126.87184088613996,37.97114999392312],[126.86596965250938,37.97735535535704],[126.85493957197824,37.987239867615585],[126.84809303346353,37.98704214174964],[126.84397529388228,37.98500601722908],[126.84023117472226,37.980945253522876],[126.83881123281542,37.97761816439771],[126.83741254943298,37.97139935394563],[126.83678090735596,37.96472863346197],[126.83593890937223,37.9640341541065],[126.8311378511882,37.963241096801845],[126.82830256544563,37.95980231054265],[126.82073135840041,37.95745942287981],[126.81753996826029,37.96128829867118],[126.81847094793652,37.964094432639754],[126.81388123068372,37.96889071016929],[126.81044583882863,37.96766857328148],[126.80451096686137,37.970749998294856],[126.80202827471825,37.979550687803076],[126.79850474830519,37.987711059067934],[126.80090816955057,37.99199741364024],[126.80739798422788,37.993750464276566],[126.81423354350089,37.99312247300004],[126.81864260043857,37.99393217724653],[126.82251241352267,37.992419016361254],[126.82955141295692,37.99310038628866],[126.83045629143125,37.9987170497577],[126.82517330157987,38.000703514670086],[126.82428735357288,38.0076506302929],[126.82314143204647,38.01187777075057],[126.82515076621553,38.01628752975574],[126.8287414611442,38.020188059218235],[126.835079154879,38.018169168718735],[126.83332172355234,38.02132831557794],[126.83565639412777,38.02450267289244],[126.83310431104884,38.025910048267484],[126.83045758043139,38.02542296538384],[126.83104218949128,38.03223877233606],[126.8318382035395,38.03374841982075],[126.83909887406413,38.03383001654692],[126.8456178758115,38.03178454669621],[126.84727826485835,38.03298179111397],[126.85359394505059,38.03147830081051],[126.85255482727601,38.03734306705597],[126.85462345315541,38.040132029501905],[126.85268733529834,38.0436138851587],[126.85282833679877,38.053103357476125],[126.85806578179424,38.05311621348142],[126.85799026591988,38.06031707255409],[126.85944465174691,38.064623793292746],[126.86625427531153,38.06945223431011],[126.86707237007359,38.07374919940761],[126.86956143579535,38.07788508443127],[126.86694940752719,38.08031858797679],[126.86456246728329,38.083321560906874],[126.86057284310718,38.08587302801436],[126.8587860151153,38.08939511602661],[126.8560695725988,38.09966091357722],[126.86716457299482,38.11117951941833],[126.88365833171204,38.116250240230784],[126.88918541331871,38.128818990764],[126.90047738380073,38.13342580332432],[126.90470373297183,38.13789271110282],[126.9170581968034,38.136718219009985],[126.92701482925848,38.12851619138828],[126.9304711837113,38.1274051908273],[126.93234869876305,38.13165120164571],[126.94411358838781,38.134637803382596],[126.95600336702068,38.13460167123893],[126.96086032645474,38.136073822274994],[126.96085889564345,38.139677422675796],[126.96511069925415,38.13802458386125],[126.96483346703424,38.135824996825306],[126.96991682059007,38.14353804065728],[126.96826569082675,38.147167155260966],[126.96113350618364,38.151242132155666],[126.95688547648726,38.15516699972874],[126.95002985544384,38.15910980763928],[126.95172801371363,38.16489905352959],[126.95453821680012,38.163256571852195],[126.9657169608147,38.17140453810066],[126.96918458249688,38.18193083072736],[126.96826173613914,38.18609818864076],[126.96292346309306,38.190534059832785],[126.96669053835899,38.19441185673663],[126.9667939249263,38.19910538779565],[126.96883206587097,38.199659882769744],[126.97392181609511,38.19911275873668],[126.97546108234431,38.19986317739598],[126.9758698479762,38.20487595256825],[126.97930336181085,38.20518669565514],[126.98029221416046,38.20747520151614],[126.9835917857692,38.21050242529208],[126.9839544298135,38.21212288819215],[126.98186215997852,38.21642359940133],[126.98010320360969,38.217741373272325],[126.98106657954814,38.21983522541807],[126.97816074615623,38.22214025271642],[126.98202763794984,38.2274611654325],[126.99026022053398,38.22693210969529],[126.99159066326592,38.22947233284082],[127.00150520764987,38.223000460104636],[127.00523890999908,38.22288196182367],[127.0055783443807,38.22498664648865],[127.00799930376245,38.22611886894764],[127.0141718443507,38.23706082985548],[127.02218441679301,38.24037985337648],[127.02093291736226,38.245881215494144],[127.03285630194846,38.248441319640634],[127.04189123502226,38.259017678727986],[127.05505854813914,38.259000081149544],[127.0668593569441,38.265681479961415],[127.07255533979372,38.271694880214774],[127.07599844937498,38.27807605836363],[127.08586254626697,38.27927091481287],[127.09330762458146,38.282110479293394],[127.10055641397733,38.28595100522357],[127.10402692403042,38.28837981189829],[127.10467760349391,38.29056997225166],[127.10928347342096,38.29203792732757],[127.11398702610802,38.265273921744175],[127.1104570811923,38.25168761083261],[127.1110980189953,38.24832118116773],[127.10989204103552,38.244610917722135],[127.11012747320923,38.24216211975335],[127.11300460083339,38.23758900900871],[127.11727895110913,38.23646796217375],[127.12288001047956,38.232510230894675],[127.12627271508487,38.23376923564736],[127.13053837374306,38.2325591667315],[127.13465862075016,38.233762614710756],[127.13592387307088,38.236148373020676],[127.14149118419569,38.23725390683605],[127.14696814872318,38.23972227599935],[127.1485134671,38.24251065289023],[127.15265830082018,38.241721019046324],[127.15836147058523,38.23890408420614],[127.16249235500516,38.2322179252424],[127.1595565326795,38.22550970325974],[127.16146363079294,38.22303841225743],[127.15947056621974,38.219414149448234],[127.16163799031894,38.21710286804184],[127.16956026722144,38.21384980246251],[127.17218923091937,38.21042417980582],[127.1720245382033,38.20559187714092],[127.16644694103461,38.199535257348266],[127.16650186496979,38.19781986659142],[127.17389257261625,38.19170485509175],[127.17742162685467,38.185748941662986],[127.17937718266585,38.18465332788373],[127.17764856592815,38.17644207724526],[127.17427770755857,38.172735357825374],[127.17360468594651,38.16923326119642],[127.17459395771468,38.16788520250711],[127.17393561004852,38.16111265145967],[127.17578428202752,38.15801066673578],[127.17610538038795,38.1538015315806],[127.17718408956578,38.15150966012407],[127.17681781745169,38.14673305416078],[127.17356450344789,38.14319772187488],[127.17544592445823,38.13502145213396],[127.17577228777216,38.12880966541064],[127.17448293351966,38.12448564910315],[127.17156448093188,38.121562971401566],[127.17282848518228,38.12003893021318],[127.1765656981337,38.11982396101656],[127.1826558560053,38.11664669970158],[127.18433416520904,38.114015008194045],[127.18394361966418,38.110337905420906],[127.18220719021967,38.1073117142047],[127.18451059808568,38.0922283232281],[127.18819715027777,38.087484009919955],[127.19098753809384,38.085428537283555],[127.19225414428735,38.08249488845243],[127.1907279787971,38.0778425579181],[127.18624928098423,38.07431335837595],[127.18573933802813,38.07225381177069],[127.18662363845847,38.064436539756514],[127.18359717123874,38.06386168835847],[127.17482071599314,38.06645932397641],[127.17092325333783,38.065515656770046],[127.16745590151537,38.0618117908432],[127.16466857137966,38.06138365183796],[127.15949603801833,38.063400033853746],[127.15565655070887,38.06262839672771],[127.15317058304325,38.0594925312839],[127.14874064024195,38.057702733912876],[127.14685436268807,38.05914025267262],[127.14619606089144,38.06344531992191],[127.1476808503711,38.06967752156237],[127.14421435318961,38.07350087806902],[127.14114829064256,38.072741245668844],[127.13833949459877,38.06910401844609],[127.13826411710941,38.06645953053581],[127.1349124549936,38.06560534771579],[127.1301213523881,38.06141182997735],[127.12656589516592,38.059787304016055],[127.12372626336571,38.06142533027725],[127.11717284013038,38.06065047646628],[127.11422505265988,38.0560949132245],[127.11228384759818,38.05095812381074],[127.11363671049038,38.04849871003847],[127.11796162673943,38.04390844147554],[127.11788336470818,38.042658788912995],[127.11435597742941,38.039980614295956],[127.11825181909994,38.038640282022506],[127.1227316537001,38.038944288018584],[127.12443707621647,38.0370671936221],[127.12815400425755,38.03667568561744],[127.13359602987086,38.03897075615706],[127.13742205541298,38.03784137251194],[127.13814886857357,38.03603541701856],[127.13517834281504,38.030842749652464],[127.13549383522597,38.02926085349061],[127.13979321649298,38.02544929043383],[127.13919835098572,38.02143337979617],[127.1453222344533,38.0156489170184],[127.1426083925119,38.014419450298334],[127.14024037159984,38.011480791590614],[127.14079910754306,38.00552724504236],[127.14563940639385,38.00094650130488],[127.14686672910211,37.99564303295273],[127.14481802548235,37.991916514333326],[127.14328730420118,37.99126182848662],[127.14085495514917,37.99203291199889],[127.1325549589351,37.988292845317126],[127.13053045475367,37.98465994762684],[127.12343279271582,37.98028985076292],[127.12019877746053,37.97949533214052],[127.11733453990654,37.985743263597435],[127.11409460686414,37.986468329463094],[127.11153586847895,37.98931471440759],[127.10942515212946,37.988844706236485],[127.10056915370697,37.98969597173205],[127.09480424639958,37.989110695428664],[127.09118811182329,37.988024366282865],[127.09037069554275,37.98439548090121],[127.09092447949276,37.979875975155664],[127.09266709435101,37.97490128039809],[127.09171276213635,37.97144153038342],[127.08633027031843,37.97398689121651],[127.08457405471667,37.97562217301077],[127.08018158079761,37.976676857595415],[127.07617575748546,37.97667939171628],[127.0660986092734,37.975278280838985],[127.0634328166341,37.97602216575017],[127.06439266905214,37.97959820069189],[127.05705414949219,37.98034026813573],[127.05325916400604,37.981338730967465],[127.04881853950795,37.97885226261309],[127.04891860101823,37.97575897995239],[127.04443062820249,37.97226384274311],[127.04493130443637,37.970004675756506],[127.04168082560153,37.960849618365515],[127.03920953821459,37.957825148250535],[127.02930385108272,37.95572536123597],[127.0275723311146,37.943154435060336],[127.02495098260641,37.94041747460756],[127.02054838903032,37.94004924063705],[127.01675695601156,37.93661896211751],[127.01399280047119,37.9299605834413],[127.01004604364417,37.92757262710981],[127.00971037436527,37.92915861310914],[127.00258948710686,37.93324653934008],[127.00131368672457,37.93303154949379],[126.99319921884997,37.93451223254617],[126.9919683253411,37.93757694663407],[126.98941180275683,37.93627928831836],[126.98545044258799,37.93889267459377],[126.9810136868814,37.937455910057544],[126.97533883100436,37.94032163158416],[126.97335568839246,37.94203426604021],[126.97743859414452,37.94614213515443],[126.97742180072018,37.9486103699113],[126.97912253507752,37.954078653441705],[126.98175769167914,37.95659130298156],[126.98852481792312,37.96009312805843],[126.99121676968842,37.96693768206001],[126.99635472817104,37.973198943372324],[127.00078305343655,37.97392983579975],[127.00465958343247,37.97323420785511],[127.00852804143148,37.973837380363555],[127.01129315145315,37.97611669625399],[127.01259799746566,37.98456610552514],[127.01704422262794,37.986928911972434],[127.01528215638315,37.99230908686715],[127.01030348663409,37.99323143022632],[127.00099268276364,37.996251021787195],[126.99609072479215,38.00139897119221],[126.99214685442607,38.0033704871662],[126.98581332009869,38.003144655008235],[126.98207571737412,38.00468746882668],[126.97866372978132,38.00365845217579],[126.96956520493069,38.00333386218724],[126.96166273770095,37.9976525588488],[126.95659200348761,37.991715709990494],[126.95246164959137,37.988001459232464],[126.94378958945593,37.983561226214405],[126.9371991933799,37.981708169211586],[126.9317026854187,37.98228446514432],[126.92162859085599,37.98593173948954],[126.90807903791682,37.992513694301216],[126.90483741952117,37.99441801483172],[126.89824314171844,37.9971356111689],[126.89546025319424,37.99937118666976],[126.89174071537883,37.99237720831572],[126.89116178669609,37.988188898200576],[126.89156839168888,37.98247576166068]]]]}},{"type":"Feature","properties":{"regionCode":"41820","name":"가평군","parentCode":"41"},"geometry":{"type":"MultiPolygon","coordinates":[[[[127.52538466245736,37.726900554136215],[127.53088387461688,37.72505445122175],[127.5335212286163,37.7222110997134],[127.5408031201987,37.719090623597396],[127.54249379779274,37.71953377242804],[127.54819497439996,37.72342228044886],[127.55209321226285,37.728261718899105],[127.5573494309758,37.728988065107075],[127.55986059362328,37.728512819109795],[127.55967952717171,37.723144777807974],[127.56216776851285,37.722318035495455],[127.56103052439099,37.718216878579334],[127.55806446721148,37.714300140484006],[127.55842482620395,37.706021344141675],[127.55698822994408,37.704861660296785],[127.55507441721949,37.69902235639151],[127.55063112446692,37.68780132991839],[127.54989081233906,37.68055892820089],[127.55095901342844,37.678189070867965],[127.54975308979036,37.67549428406672],[127.5492122925296,37.66757117154641],[127.55164586034974,37.665019160869015],[127.5528071283113,37.66154695114282],[127.5464858118366,37.657433382017594],[127.54486686174018,37.65535238054746],[127.54391321009801,37.651586834143046],[127.5356753829321,37.65035030531344],[127.53522891647377,37.646372516736],[127.53701864951356,37.643001851636896],[127.54377720882242,37.63818002448256],[127.54682185232795,37.63756031616742],[127.54826389516849,37.63319513175708],[127.55898162627281,37.628449266439425],[127.55980554637672,37.62340587411293],[127.56646115089214,37.618781819519974],[127.56758934062778,37.61566251266713],[127.57075035804208,37.61367221917326],[127.56956482382927,37.60830999982899],[127.56615198301172,37.60796016981229],[127.562299055694,37.604351307737566],[127.56244249506376,37.60000648265369],[127.5590812348083,37.59423409112029],[127.56151645727091,37.587060332283244],[127.56024678956815,37.58307587787476],[127.55468511797615,37.584214291173346],[127.55245019786594,37.58607547376757],[127.5378814493448,37.58460620398504],[127.53605710370488,37.585840507577764],[127.52410794226162,37.586646884098016],[127.52011647032046,37.58566064976614],[127.51295755593819,37.57811844528837],[127.51002762767001,37.576468124479156],[127.50435722233964,37.5749158858189],[127.49834028247736,37.5718355723319],[127.49109530139141,37.57377879602356],[127.4901169775612,37.57497526731949],[127.48414448939984,37.575263049888235],[127.47472931254487,37.577246644222576],[127.47158982071497,37.57989365960432],[127.4694065145392,37.591055273630055],[127.47090725985504,37.59494721956718],[127.47260169204584,37.596410289515724],[127.47351302302211,37.60791598633706],[127.47217137045072,37.60928123640381],[127.4718457562194,37.618284533828394],[127.46987619572315,37.6236098882405],[127.46834873466344,37.62466631851559],[127.46259673214912,37.624926026209664],[127.45826859016778,37.629974254858],[127.45659710182247,37.63558689398322],[127.45410041647271,37.6385085713164],[127.45146508052976,37.639704052527954],[127.44862814179008,37.64446645880193],[127.44485386114818,37.64776592808462],[127.44190659083678,37.646794442089636],[127.43807632692506,37.64789326013578],[127.43723239959021,37.65140129420963],[127.43477258428865,37.65361163060052],[127.43777805892731,37.6572253851803],[127.44138189484809,37.659802744518544],[127.43985900965514,37.66180640914264],[127.43505951651383,37.66504080716862],[127.4298297781138,37.66940931534569],[127.42814802810159,37.67154458324565],[127.42706636640516,37.668161535537386],[127.42509308304855,37.665632033075696],[127.42217234845897,37.66393449840972],[127.41644076109453,37.66336723908333],[127.41210196811049,37.66018685646324],[127.40812633026972,37.6598830041634],[127.40405831564469,37.657056311535726],[127.40036446394117,37.65336450498099],[127.39942756477666,37.650859103903414],[127.38005150208612,37.651422359431166],[127.37327728972767,37.647667942640446],[127.37112753436035,37.64818839305886],[127.37442027368988,37.65432804810952],[127.3763740265911,37.660106375943634],[127.37754979652871,37.66989939115414],[127.37919772392932,37.67459492286802],[127.37477429058006,37.677968932187156],[127.37381277513377,37.68248731335378],[127.36856946914477,37.68579287668064],[127.3671412279449,37.69010980855966],[127.37075170535742,37.69047097565396],[127.37081976769595,37.6929181794772],[127.36134764293605,37.69380537926917],[127.35848755830314,37.6992300472861],[127.3534354562361,37.70382426773393],[127.35516823069132,37.708582101306135],[127.35338749096617,37.71094014672298],[127.35471503597117,37.71662594419279],[127.35404296963505,37.71941361167123],[127.35545440472052,37.72368992399443],[127.34499579497516,37.72769769484195],[127.34285845783883,37.7295527333275],[127.3433550463489,37.733211668935176],[127.34240895199606,37.737803886266455],[127.33293042559562,37.746455904737054],[127.33106753916569,37.74954255021312],[127.33383458801343,37.75298088382356],[127.33009180819373,37.755848184069656],[127.32644736219369,37.76025035845253],[127.3237027649989,37.76175697862562],[127.31857475061531,37.767228278691626],[127.3152123049657,37.769030209693554],[127.31087725657787,37.76812426224802],[127.3063056487596,37.77034874079285],[127.30210065518628,37.77337808832558],[127.29313147448488,37.77623677828107],[127.28999585904062,37.77501444588176],[127.28185513928356,37.77492079103806],[127.27406242865924,37.7740487239581],[127.26973125156424,37.77882748914831],[127.266523837898,37.780450292744206],[127.26870309311306,37.78535104305668],[127.27093060850032,37.78621953623813],[127.27216352699834,37.790386028457014],[127.27051611083884,37.793781934758236],[127.27875254480816,37.805463546329555],[127.27739942663179,37.80882237866516],[127.27925829599975,37.81638951336337],[127.2758291133368,37.82470284950497],[127.27408950509692,37.8266936853254],[127.2741450142858,37.83061563680108],[127.27630020762452,37.835914969015604],[127.2785655066677,37.83941296542146],[127.27903481111377,37.84234086010547],[127.28630363661223,37.848306314516435],[127.28033521940267,37.85389257456416],[127.28036268236994,37.85543489454788],[127.28466134066262,37.859975298053804],[127.28587717356773,37.865575774014445],[127.29153830003185,37.87414498389932],[127.29316762692373,37.8734218539622],[127.29617492550466,37.86886805638865],[127.3006388823806,37.86809606731597],[127.3056993449059,37.86878726849834],[127.31210044654269,37.86611938251935],[127.32374677478457,37.87374019252224],[127.3230814941334,37.880747494648645],[127.32370106913528,37.88785463274248],[127.32912576646284,37.89431143741749],[127.32736932549552,37.902502861048845],[127.33038695959023,37.91004101725349],[127.32786307327856,37.91241453969421],[127.33076763487983,37.9167540964414],[127.32899413853706,37.92203087704592],[127.33097633275898,37.925907027292595],[127.33302599083484,37.926500273524624],[127.33728539298978,37.9237742039934],[127.33995675748024,37.92426006312786],[127.3451767214615,37.9272052861787],[127.34744056476751,37.92607147750688],[127.3503148580542,37.92232686541173],[127.35582658485067,37.92164652250712],[127.36430364490106,37.92595017519374],[127.36609760031537,37.92883420170931],[127.36988863113886,37.93061958579199],[127.37195187718478,37.933856289706725],[127.37753966738414,37.93877329106873],[127.37981445591276,37.93913390280113],[127.38428417950534,37.94354453811807],[127.38491257449107,37.94708731402147],[127.3823534626713,37.95044663143209],[127.3787491759328,37.95112345156969],[127.37683260413878,37.952934126578675],[127.37951443309919,37.956474559783],[127.3791689343985,37.95891897090904],[127.3761436536757,37.96152732892679],[127.37789969946206,37.96534494620211],[127.3826400343799,37.96970109000913],[127.38244575616915,37.974222894604125],[127.3853895685414,37.97614555450995],[127.38412361138302,37.977932254419954],[127.38504385560881,37.982412605983754],[127.38980477747857,37.98267741338123],[127.39942201779424,37.989401753622666],[127.40649769016719,37.99162927412094],[127.40906644161349,37.99630448026735],[127.41302245998081,37.99779572788026],[127.4147861051898,38.00175255458322],[127.41481479946312,38.00691926923999],[127.41827701515419,38.01475052753174],[127.42154198713466,38.01902030565238],[127.42349112668285,38.020148198527366],[127.4271880063054,38.02748926850639],[127.42429322611811,38.030939484759806],[127.424906702165,38.03340139083395],[127.43018996455714,38.03465067249333],[127.4335461192459,38.036734584269],[127.44177018651473,38.04478064834167],[127.44439319937808,38.05000259790453],[127.44565558352299,38.05098204376955],[127.44911702404482,38.04982866115238],[127.45222484118206,38.0474411539309],[127.45237329604939,38.043364035373955],[127.45066982388695,38.03898475297276],[127.45345570411112,38.030893902736345],[127.45626573480102,38.02726246848369],[127.45547157661315,38.02502694345102],[127.45798948551693,38.016233286625365],[127.4613934752372,38.0128987776764],[127.46924510204973,38.008592747572045],[127.47215844450999,38.006064222511974],[127.47896869890108,38.00615148449954],[127.48554477100502,38.00436247035882],[127.4902061812588,38.0051655220006],[127.4972731579744,38.00361226374572],[127.49840111999133,38.001097788206046],[127.50141198893405,37.99955782583659],[127.50582661692786,38.00051795770088],[127.51634643893459,38.00101937835281],[127.52350559108851,38.00187358581308],[127.52751856979964,38.0007108833416],[127.5380726415892,38.00071078832716],[127.53974106686961,38.00118093678474],[127.54266938699753,37.99559753200229],[127.54345267925677,37.98881481662092],[127.54610361069057,37.98517255911173],[127.54709511644722,37.97976302250852],[127.5446091088292,37.974226327250605],[127.54432614845655,37.968120546960535],[127.5482972797088,37.96612567332695],[127.55159954078592,37.966204390077834],[127.55763069641763,37.96385233243421],[127.5622936853714,37.962661049605046],[127.57322232999005,37.964054666270265],[127.58785133637727,37.96125917075773],[127.59361489106863,37.95714503141695],[127.60008967378671,37.95651149682794],[127.60299370955819,37.95509527270969],[127.6035417116276,37.95292410779499],[127.60266788097985,37.947714591996444],[127.60472056586387,37.94429673669394],[127.6094596047626,37.94333502487606],[127.61376096988457,37.93938624574545],[127.61660208753578,37.929451320338536],[127.61258879816008,37.92526848733373],[127.61207206828962,37.92080896353961],[127.61348609872836,37.919695637273335],[127.61720929230724,37.91240434681389],[127.6177309308248,37.90661254597479],[127.60759956798536,37.889858378927975],[127.60882056493955,37.88417208984466],[127.60586492146614,37.876692939730845],[127.60110054842946,37.874622793254424],[127.59455305054979,37.8758909574094],[127.58435508502302,37.875731144381405],[127.57833640248465,37.8737991270044],[127.57471362562084,37.87159461939223],[127.56914199846013,37.8663203827808],[127.5663366878457,37.861241525043866],[127.56569875286492,37.85844867996012],[127.56242460929934,37.855476814424456],[127.55384407092143,37.85391415979004],[127.550882521361,37.85205154353302],[127.54932006245474,37.846854206154774],[127.54083207870914,37.84616699663026],[127.5325252541202,37.84188161708679],[127.52927275935066,37.83890523579191],[127.52595946851046,37.83300327256552],[127.52470662624643,37.828911289127],[127.52504655621686,37.82399425926164],[127.5285702811314,37.821429314363755],[127.53548290764955,37.81751686436786],[127.53712355684796,37.81379433249147],[127.53589930568616,37.80922590566791],[127.52926443700485,37.80407345497591],[127.52309940289808,37.796051391794904],[127.52154435341632,37.79278012620629],[127.52388849335445,37.78770338797779],[127.52922299118636,37.783161311776055],[127.5369392904045,37.77528405712987],[127.54145612985008,37.76944932593061],[127.544350502059,37.76273524952546],[127.54398397094417,37.75830887589673],[127.54126200019608,37.7543440722087],[127.53773454109734,37.75141703831767],[127.53184339752269,37.74772099711676],[127.51825516621365,37.74059668678871],[127.51312280050713,37.73758636779726],[127.5095790668923,37.73447370268351],[127.50764819246342,37.73069651765021],[127.50684031883293,37.723806749510366],[127.50730672950328,37.719672683308424],[127.51092708139214,37.71769206258005],[127.51961823550928,37.72253291538636],[127.52538466245736,37.726900554136215]]]]}},{"type":"Feature","properties":{"regionCode":"41830","name":"양평군","parentCode":"41"},"geometry":{"type":"MultiPolygon","coordinates":[[[[127.50554748671546,37.438122305398515],[127.49837795834289,37.4332550138446],[127.49445287887525,37.432739983252986],[127.48835599066359,37.43364542367718],[127.48522587600701,37.43223101451754],[127.48242634855787,37.428972230141525],[127.47964582640391,37.423660361473054],[127.47430891443433,37.422333169106274],[127.47170709907554,37.42496572646339],[127.4652011039934,37.42685463059605],[127.4601084232524,37.42726314862863],[127.45431484835133,37.42895338800637],[127.4499009468152,37.43131884179368],[127.44170105772241,37.43426596449291],[127.43422427455094,37.435265948528695],[127.4324401411125,37.43634434041256],[127.42645477068793,37.437744661157545],[127.42286601516003,37.43951357726757],[127.4202418546173,37.437647114412144],[127.41462325250245,37.4321684279035],[127.4097719787711,37.43131305040429],[127.40737581328703,37.43008532446441],[127.40258642186706,37.42453471335298],[127.40063027855071,37.42138038465177],[127.39488107417733,37.426107662697916],[127.38929012950771,37.428817982380856],[127.38402033684055,37.435150733638274],[127.38436507618927,37.43745859376666],[127.3826081805036,37.44277497641636],[127.37258801812789,37.44474762395025],[127.3721440548653,37.45198770141574],[127.36798516634714,37.45694717046778],[127.37799094777296,37.458782067775914],[127.38183821826173,37.45837924182188],[127.38530564843147,37.459996114568035],[127.38698291497255,37.46735968441734],[127.38652718074843,37.46960366153334],[127.38868654073728,37.4743210099048],[127.3883313395087,37.476943661309306],[127.38047987527717,37.48993935027654],[127.3835896785573,37.50241849819006],[127.38072715734745,37.504281460539204],[127.37155677268399,37.52012009065535],[127.36636293174993,37.527804075950854],[127.36418978842606,37.52997140867596],[127.35864942757223,37.53294299573886],[127.35233169334435,37.53505571604852],[127.34786645003605,37.53574634910565],[127.32933444516219,37.53458305393014],[127.3232791143571,37.533311116571234],[127.31735899636578,37.52920884822445],[127.30710334111875,37.5163751852271],[127.30477029470445,37.52498719603054],[127.3078985733228,37.53804064608975],[127.3116895223446,37.54546831688114],[127.31710261523307,37.55219081569394],[127.32132916844974,37.5583524290559],[127.33582573677681,37.58074189950793],[127.33918891848846,37.58654431246164],[127.34146716704632,37.59179326369411],[127.34342993851733,37.6027946181433],[127.34532410816071,37.61093500898132],[127.34709961573172,37.61777534155523],[127.35215833163575,37.62779237406179],[127.35809399148494,37.63332716608924],[127.36408152891563,37.638094445030404],[127.36667613990164,37.64101212890166],[127.37112753436035,37.64818839305886],[127.37327728972767,37.647667942640446],[127.38005150208612,37.651422359431166],[127.39942756477666,37.650859103903414],[127.40036446394117,37.65336450498099],[127.40405831564469,37.657056311535726],[127.40812633026972,37.6598830041634],[127.41210196811049,37.66018685646324],[127.41644076109453,37.66336723908333],[127.42217234845897,37.66393449840972],[127.42509308304855,37.665632033075696],[127.42706636640516,37.668161535537386],[127.42814802810159,37.67154458324565],[127.4298297781138,37.66940931534569],[127.43505951651383,37.66504080716862],[127.43985900965514,37.66180640914264],[127.44138189484809,37.659802744518544],[127.43777805892731,37.6572253851803],[127.43477258428865,37.65361163060052],[127.43723239959021,37.65140129420963],[127.43807632692506,37.64789326013578],[127.44190659083678,37.646794442089636],[127.44485386114818,37.64776592808462],[127.44862814179008,37.64446645880193],[127.45146508052976,37.639704052527954],[127.45410041647271,37.6385085713164],[127.45659710182247,37.63558689398322],[127.45826859016778,37.629974254858],[127.46259673214912,37.624926026209664],[127.46834873466344,37.62466631851559],[127.46987619572315,37.6236098882405],[127.4718457562194,37.618284533828394],[127.47217137045072,37.60928123640381],[127.47351302302211,37.60791598633706],[127.47260169204584,37.596410289515724],[127.47090725985504,37.59494721956718],[127.4694065145392,37.591055273630055],[127.47158982071497,37.57989365960432],[127.47472931254487,37.577246644222576],[127.48414448939984,37.575263049888235],[127.4901169775612,37.57497526731949],[127.49109530139141,37.57377879602356],[127.49834028247736,37.5718355723319],[127.50435722233964,37.5749158858189],[127.51002762767001,37.576468124479156],[127.51295755593819,37.57811844528837],[127.52011647032046,37.58566064976614],[127.52410794226162,37.586646884098016],[127.53605710370488,37.585840507577764],[127.5378814493448,37.58460620398504],[127.55245019786594,37.58607547376757],[127.55468511797615,37.584214291173346],[127.56024678956815,37.58307587787476],[127.56151645727091,37.587060332283244],[127.5590812348083,37.59423409112029],[127.56244249506376,37.60000648265369],[127.562299055694,37.604351307737566],[127.56615198301172,37.60796016981229],[127.56956482382927,37.60830999982899],[127.57075035804208,37.61367221917326],[127.56758934062778,37.61566251266713],[127.56646115089214,37.618781819519974],[127.55980554637672,37.62340587411293],[127.55898162627281,37.628449266439425],[127.56457407294253,37.63306713727276],[127.57192122758448,37.63220253543877],[127.57507023733442,37.633495900264684],[127.57951153060048,37.63312665682728],[127.58366631616528,37.63596131963353],[127.5832174788046,37.6390290136434],[127.5856800944199,37.64210655159536],[127.59067569798454,37.64316624310076],[127.5985950778665,37.646740450481964],[127.60234796111283,37.651339426808214],[127.60721939494087,37.651034674990285],[127.60935440867512,37.648128836598936],[127.61361558365532,37.646124459497585],[127.61540749379624,37.64729511332586],[127.61812026515386,37.6457030817162],[127.62014624320578,37.64305626613251],[127.6234011680879,37.64137979502349],[127.62522350692787,37.64272746682099],[127.62799459517598,37.6423249820805],[127.63854896160342,37.63393361614834],[127.64105550541858,37.632615306275994],[127.64687601772756,37.632920398884764],[127.64709695713096,37.63024779658595],[127.64944061892845,37.62472535157129],[127.65336880455327,37.62234019560896],[127.65725374054016,37.62261443135998],[127.66197282313705,37.62440878312135],[127.66367952344596,37.624015906951016],[127.66772241045682,37.61722206929929],[127.6808194260521,37.60903203317791],[127.6859419814219,37.60672531444589],[127.68720441179202,37.604332728554375],[127.6919173946763,37.60171401734082],[127.69615796002861,37.60048998888894],[127.70024804465213,37.59667009532592],[127.69793809885931,37.5915782965698],[127.70079976819771,37.5896803077816],[127.70624935291772,37.58856546756645],[127.70812498323647,37.58640159279938],[127.71369098864484,37.588838846175086],[127.71598340010087,37.5881433876508],[127.72049291936007,37.590601063246226],[127.72311434203976,37.59062627296918],[127.73947313456856,37.5871632657897],[127.7456515565719,37.58855122120564],[127.74782747393638,37.59035939645212],[127.75349455431747,37.59187544991768],[127.76458437143717,37.58580816165559],[127.7662161735014,37.58297809765812],[127.77560671849444,37.580049199713706],[127.78290969729544,37.578690557674186],[127.78839734049201,37.579490899714614],[127.79275148958276,37.58532938834978],[127.79640699504213,37.58441033332735],[127.80037450836056,37.58213287868321],[127.80426025087802,37.578863742453834],[127.80487399207716,37.57519501906113],[127.80972765865407,37.573368647947596],[127.81045143075431,37.56867091543703],[127.8129040883365,37.56464099341878],[127.82685830607642,37.56075103021859],[127.82874090658648,37.561243481148935],[127.83710500863464,37.56046041099831],[127.83995354851402,37.559504067411176],[127.8461353468692,37.55418976976122],[127.84944404910682,37.55317710418489],[127.84910453982023,37.54958656427852],[127.84645822880111,37.54795864100617],[127.84643868414314,37.543595500124376],[127.84239865804936,37.5390232152675],[127.83374905034141,37.53849173633245],[127.82861666753269,37.53638726315624],[127.8219267424269,37.53802340172316],[127.81510233056704,37.53652699906072],[127.80950489899251,37.53673678902226],[127.80638497550575,37.535010032688085],[127.80651783086559,37.531342199164726],[127.80507340397459,37.53024459260954],[127.79653277746905,37.52850969367885],[127.79674719964444,37.52357133359004],[127.79014418001393,37.519056817027504],[127.78607510315742,37.51387021325831],[127.78398733639956,37.512187649666004],[127.78113984970204,37.51299778401399],[127.77858470588703,37.50959139717655],[127.77394366986321,37.50609486975266],[127.76486161799333,37.5027189477118],[127.75936248977963,37.50365679332941],[127.76007373087434,37.49973268460611],[127.75924693642241,37.49682646653692],[127.76033484886128,37.49234161718804],[127.76588289126936,37.493051060984186],[127.77447646288414,37.49164675779633],[127.77626788355457,37.488431034231596],[127.78059799790965,37.48817565523022],[127.7820463913947,37.48164612096591],[127.78784229141948,37.47605294144048],[127.79491176675903,37.472724972053875],[127.7993011488424,37.4723930043067],[127.80063167381154,37.47014138546036],[127.79914023029646,37.46563558860249],[127.79634616728974,37.46360932602025],[127.79655703892702,37.45979064238784],[127.79955354285963,37.45167887521635],[127.79953631627856,37.445787672530116],[127.79861757734186,37.44238170341164],[127.80179958513581,37.43533319540742],[127.80313983850539,37.43407174069589],[127.80396065780599,37.42911667669638],[127.80211871707353,37.42729085699804],[127.79744556464541,37.42662129944619],[127.7946084606242,37.424248778814025],[127.7924825602667,37.41824318940639],[127.79180451515585,37.41385107585679],[127.78942199819784,37.40690703727572],[127.78790385716543,37.40541412273971],[127.78743840281383,37.40060084931959],[127.78369402383233,37.398612344419824],[127.78442073251107,37.395774444259],[127.78238281716067,37.39207912582845],[127.7831441595876,37.390268714375644],[127.77658544630286,37.383243234457034],[127.77584688488929,37.37841945178207],[127.77717305084906,37.37671647880061],[127.77779778784806,37.37119533935394],[127.76865024777213,37.36938937767694],[127.76316393267939,37.36989511879684],[127.75948478241624,37.36704394037488],[127.75447387125408,37.36806375613471],[127.75240983340393,37.36923169493236],[127.74577908844967,37.36889564294149],[127.73866615946821,37.37139697619152],[127.73204698626715,37.375666861898445],[127.72827683818855,37.37479422295075],[127.72391416033472,37.37119139233792],[127.71981694581895,37.37108071371206],[127.71646857536756,37.369977116186895],[127.7110220459548,37.37172888515605],[127.70729204502484,37.37015355096764],[127.70131068458223,37.37387749334643],[127.7029402292307,37.38058785999224],[127.70599990131612,37.38320457652621],[127.7037127689697,37.38587649179986],[127.70335919128448,37.38802918249617],[127.70460352610515,37.392551973367006],[127.71436222516932,37.398487180282565],[127.71569809364686,37.40163845515306],[127.71368737108274,37.40527466657298],[127.71037269328434,37.40662141261635],[127.70779348223007,37.41066865875525],[127.70227987728686,37.408076615252426],[127.69869948835942,37.4074074497726],[127.69491455458852,37.403410826166855],[127.68700200680493,37.39952964152345],[127.68615688520416,37.401660703094606],[127.68722793722506,37.41058132848938],[127.68444544569898,37.41265549346721],[127.67628059707262,37.41279864927201],[127.66844106349588,37.411891798352315],[127.66523083453973,37.41434131882307],[127.66017823756873,37.41574991618122],[127.65853830191043,37.41747150619878],[127.65412816627783,37.41269439674548],[127.65206966300389,37.40759074711065],[127.64623823455142,37.40460550307141],[127.64292532539125,37.4060179790412],[127.64144123532982,37.40857089570525],[127.63538231574202,37.413474507188134],[127.62705087299523,37.41339922710902],[127.62230434100177,37.40967705024503],[127.62025516453663,37.409005370689705],[127.61694283398764,37.41485176512949],[127.61114163374329,37.415521123145574],[127.60897579203872,37.41724590004155],[127.60011535688146,37.4206293986055],[127.5942852360469,37.42067475415972],[127.5905575691387,37.42279476271501],[127.58748216359737,37.41985071584929],[127.58850761597166,37.417321584938236],[127.58649011668277,37.414634714508345],[127.58446093121798,37.413991695217426],[127.583202797767,37.41696488571858],[127.5796348302758,37.41593075681646],[127.57174838394162,37.41164192619044],[127.5711635946555,37.412913797664565],[127.56629304030399,37.41381624206114],[127.56003963264287,37.417526759338415],[127.5541559632478,37.41728372182941],[127.55117355832769,37.41367041493304],[127.55074826753311,37.411396970977485],[127.54737208493401,37.409866025506155],[127.5439523341822,37.41002064400494],[127.53933388161718,37.4117337033396],[127.53695642392431,37.411310828932244],[127.53444295687615,37.41932033911927],[127.52881704624563,37.42863308182738],[127.52286377175221,37.434735579433884],[127.5164319165346,37.43765147453072],[127.51036953568914,37.438714676967344],[127.50800565566843,37.43981001447201],[127.50554748671546,37.438122305398515]]]]}}]}
