{"type":"FeatureCollection","geometryVersion":"admdongkor-20260701-simplified","features":[{"type":"Feature","properties":{"regionCode":"47110","name":"포항시","parentCode":"47"},"geometry":{"type":"MultiPolygon","coordinates":[[[[129.335617504764,35.89744248126423],[129.33319257005968,35.902226794331185],[129.33448439961256,35.90556462074936],[129.33407451764373,35.91114505018588],[129.33642147112928,35.915112174107655],[129.33643131803592,35.91744670116024],[129.3328542396625,35.923207412461416],[129.3295972962314,35.92659649795319],[129.33304236401082,35.92916844942129],[129.33301935734968,35.93065858799589],[129.32954577614805,35.936781869213235],[129.32788952154945,35.93840812650255],[129.32320589481844,35.94058284627321],[129.31877839430814,35.94378183163252],[129.3166834113306,35.94642119888368],[129.32001490871838,35.95807120727131],[129.31534397614917,35.95935281983303],[129.3121813933624,35.96466175192361],[129.3122915257964,35.96835357957384],[129.3078913830158,35.969657728805856],[129.3056835995111,35.975269835520365],[129.3053587943008,35.98307892354051],[129.30287433973072,35.986988405217595],[129.3046498494144,35.99018727048211],[129.30332548696174,35.995800882605586],[129.29612978633602,35.99479663785066],[129.2955001021612,35.99835361077801],[129.2958313192212,36.00353194718888],[129.2973315511681,36.00739766317752],[129.2929632333391,36.01345367861695],[129.28903772087563,36.01689726702971],[129.28400029830573,36.02227259744078],[129.27867702149,36.02456545362474],[129.2766716464366,36.028562233150964],[129.2788342144443,36.03187454724318],[129.28079943335794,36.039296394172716],[129.2829806441172,36.0425410856604],[129.2839925644968,36.046642845432814],[129.2826375693086,36.05372411023289],[129.2808879743789,36.057697890001165],[129.28458982584618,36.061858408439726],[129.28659173031573,36.06243683278694],[129.29027743212242,36.06206834243641],[129.29342731081945,36.0607339478313],[129.2968485603778,36.05772965547033],[129.30332535402775,36.050535967792314],[129.30501558447648,36.04986714167982],[129.30730474752278,36.04531081902035],[129.30979174791756,36.04265966236909],[129.31400802760982,36.04434282597847],[129.3152751169489,36.04382663767325],[129.32084262608097,36.04338376456506],[129.32341295802146,36.04200619654953],[129.33156001534408,36.042660491550144],[129.33482339536857,36.04101383972915],[129.33900049293578,36.03050697359395],[129.3407573997841,36.030229060536215],[129.344040388501,36.02736916879621],[129.3462560119748,36.02335472535149],[129.3465268742212,36.01949614639174],[129.34778555417282,36.018720891800356],[129.35033167188578,36.01704657310478],[129.34897697897526,36.0153445451634],[129.3512245999598,36.014171651268526],[129.35397999578626,36.015126255249534],[129.358500878875,36.018938136397246],[129.36123213860694,36.02218269332577],[129.36093714447594,36.0255856108667],[129.36206594138145,36.02724367546614],[129.36566424136208,36.02794885160813],[129.36858161027652,36.02878159564572],[129.37154544759565,36.03314089512151],[129.3702521357411,36.03689961532484],[129.37368111700678,36.04956470181569],[129.3762195371016,36.050029915005425],[129.37777235858496,36.04610965879422],[129.37735132484963,36.04139807550676],[129.37954503609146,36.03662835106825],[129.38405042082138,36.02981871249057],[129.38864663970986,36.031746178631614],[129.39027393825296,36.02850955278989],[129.3940888362705,36.02606431553562],[129.40817105991138,36.02958289274106],[129.40074653246808,36.021109490552085],[129.39663210761736,36.02042913613701],[129.39168219318387,36.01208462502601],[129.39446102814128,36.01077632948744],[129.3984578468114,36.01423722291516],[129.40682942452125,36.01368823492359],[129.40453692994464,36.01111950032894],[129.40749516782202,36.00909913126499],[129.411959546608,36.01233037436242],[129.41687883642095,36.012280718732924],[129.41634411804353,36.00568379368502],[129.42023762195151,36.00366011517074],[129.42141293784417,36.00122170083326],[129.4240346529127,35.99956617314396],[129.431981897684,35.99614660056427],[129.44632177054598,35.991839769557565],[129.451938115034,35.99166500965641],[129.45635665504744,35.99339205387913],[129.45756340272558,35.99774160013216],[129.45552812037667,36.00009762942589],[129.45900116620808,36.00354315834521],[129.46232124868837,36.00426129220364],[129.4655123186263,36.007136509638535],[129.47394865559312,36.01312441282439],[129.48164445587022,36.01669242951408],[129.4861171920599,36.01656975187738],[129.49318441618502,36.0189478018795],[129.49777191818646,36.023631298510544],[129.5032558181325,36.026222018836876],[129.5032240751607,36.03340612829528],[129.50410619542683,36.03672395630651],[129.50848667328611,36.04065992566361],[129.51049804897877,36.04106868737773],[129.51559967354714,36.04438814169289],[129.51977811751257,36.0512433725436],[129.52350014034772,36.05451657295619],[129.52279948606713,36.05568329276295],[129.52633792049247,36.05828541345506],[129.531481228054,36.05673694821347],[129.53304066181389,36.057486061194574],[129.53373273617274,36.061945013303806],[129.54047094958918,36.06768865817839],[129.54097209153798,36.07329428133008],[129.54434574090686,36.07468159087368],[129.5458060267179,36.07805177487939],[129.54571516602948,36.08377934823557],[129.5496268935064,36.085955047154386],[129.55198282131008,36.084422656418326],[129.55543561388603,36.08607337134698],[129.55930389925746,36.08343113662599],[129.55984412177602,36.07991059557123],[129.5619549205176,36.07830257582103],[129.56503473765778,36.07914094444608],[129.5695550236558,36.07916113349042],[129.57039423879093,36.077809374560175],[129.57041931422137,36.07328583679748],[129.56862181933036,36.06863884933391],[129.5730301067426,36.06608551289654],[129.57663438627267,36.05774617764076],[129.57727914416213,36.05498856441972],[129.57717044998233,36.04942250600003],[129.58259574954644,36.047991637783056],[129.58356808819624,36.04564992221101],[129.58142336570697,36.044126077087824],[129.5790282121902,36.040181943445916],[129.5814644016514,36.038090028948886],[129.58108821631967,36.03635918949115],[129.57799128083582,36.03556751557702],[129.57822993778947,36.0323369043778],[129.58170938700292,36.032950614328435],[129.58228433637726,36.02878000958937],[129.57746741593596,36.02651412734683],[129.57766869463794,36.02383078105934],[129.5814927015248,36.02152917514897],[129.58485858175823,36.01652863260698],[129.58130472981375,36.01289838960617],[129.57775065715515,36.01176561138907],[129.5753899423842,36.004148352466906],[129.57348042977975,36.003954219654894],[129.56658956044222,35.995590525260866],[129.56848751017674,35.991606724744564],[129.56743338755285,35.989714683054196],[129.56219310346117,35.9888460111918],[129.5583724793526,35.99096756089595],[129.55640666974406,35.99069646652884],[129.5521918671878,35.98559334319967],[129.55667806091913,35.98085180465238],[129.55235855067804,35.979688064630295],[129.5522054276533,35.97412566301623],[129.55426303682714,35.970619147997816],[129.55450172157563,35.96787577559608],[129.5492580499028,35.96661081760326],[129.54740098146996,35.964331980711],[129.54970151799702,35.96283421111221],[129.5505046457775,35.96007410264789],[129.54729538710973,35.957341018499534],[129.54524409421566,35.95270485863474],[129.53980520350896,35.94916038869046],[129.5389742673665,35.94529879881769],[129.53695465287592,35.944814711171375],[129.53502546678973,35.939779027079155],[129.53260461955568,35.935950960329016],[129.53015160879679,35.93495175025241],[129.5311205213036,35.93186543553266],[129.5277160839219,35.931576717883175],[129.52419446615605,35.93368531824419],[129.52114974519003,35.931543204206854],[129.51889645722184,35.92715979040934],[129.5186715172791,35.92269784635021],[129.51984900805536,35.918604116218894],[129.52437562066748,35.915627123276636],[129.5260321070834,35.90785682864435],[129.52845067506328,35.905111266057794],[129.5347577698903,35.90015455865027],[129.53292739254803,35.89860068676382],[129.52760792674695,35.89745807323425],[129.5252736798388,35.89311576580574],[129.52565591435157,35.88833026068303],[129.5314268216577,35.886834902136265],[129.52866389087393,35.882064997830845],[129.52701618542443,35.88097542786492],[129.5205012903462,35.881424608839055],[129.5192846179117,35.879388986352794],[129.51920920606113,35.87458122970361],[129.51999421821645,35.87269100524535],[129.5261796080357,35.87156175456206],[129.53403221984522,35.87214588259385],[129.53572128871966,35.87099725100589],[129.5345192628864,35.86823929235625],[129.53073209498146,35.86507127877964],[129.52768944426705,35.86357386720951],[129.52723187226474,35.85883661703253],[129.52496094226825,35.85261158887886],[129.52254460304644,35.85147561631938],[129.52038390644387,35.84871029686358],[129.51959808766722,35.844497501474976],[129.51825930640126,35.841936131215455],[129.5127742031877,35.83996996291579],[129.50732657355812,35.84066875899646],[129.50113603849607,35.839854197701435],[129.48961628351486,35.843527972169085],[129.48318730738131,35.85068110953306],[129.4800812756472,35.852915451660216],[129.4747439235979,35.84974188248212],[129.46996791124946,35.84970803123363],[129.46743052893652,35.8508547145822],[129.46591390046,35.84903645146116],[129.4606207375598,35.84876750885571],[129.45819011292707,35.846511478948514],[129.45485294824522,35.846759915866045],[129.4505699208428,35.84911829437822],[129.4490231793496,35.85133827171437],[129.4496475168117,35.85447119183595],[129.44610598988865,35.85900551848841],[129.44453558207522,35.866770259487645],[129.440847638315,35.86886068302576],[129.43805190957988,35.874044552797855],[129.43719278040209,35.87848981876494],[129.42986624308196,35.88063911671845],[129.42551511430884,35.883945425392255],[129.42142158054898,35.883985273725216],[129.419916609526,35.882135469575665],[129.42144961843707,35.87800564695852],[129.41762193096656,35.87763208151489],[129.41462658239578,35.8761543783501],[129.41021495313083,35.87041566908894],[129.41010899357397,35.86156110627854],[129.40612038604647,35.857968219044395],[129.40300629137457,35.85858500177716],[129.39367995400264,35.85824215995577],[129.39221166382916,35.86311832606897],[129.39066176787188,35.863903540697514],[129.38282657241172,35.863828754020474],[129.37984283514817,35.86551965939675],[129.3771102330612,35.86541195531693],[129.3749502710557,35.863420666987594],[129.37172216159763,35.861299740503526],[129.3664879828279,35.86421176350033],[129.36058319461588,35.86525891052157],[129.35505436917583,35.872776430158915],[129.35633734444113,35.87526666896169],[129.36052456895578,35.87568760016812],[129.36364518396408,35.87852909723375],[129.36112139024104,35.88818622102864],[129.35717434332707,35.88588154573981],[129.35308644976325,35.88746169114306],[129.35252088646035,35.890459242523875],[129.35015183405662,35.89228838137873],[129.34770646816983,35.88864759551033],[129.34255888132736,35.889214094640465],[129.33731870732888,35.892802534595866],[129.33831428541052,35.89468637365169],[129.335617504764,35.89744248126423]]],[[[129.3462560119748,36.02335472535149],[129.344040388501,36.02736916879621],[129.3407573997841,36.030229060536215],[129.33900049293578,36.03050697359395],[129.33482339536857,36.04101383972915],[129.33156001534408,36.042660491550144],[129.32341295802146,36.04200619654953],[129.32084262608097,36.04338376456506],[129.3152751169489,36.04382663767325],[129.31400802760982,36.04434282597847],[129.30979174791756,36.04265966236909],[129.30730474752278,36.04531081902035],[129.30501558447648,36.04986714167982],[129.30332535402775,36.050535967792314],[129.2968485603778,36.05772965547033],[129.29342731081945,36.0607339478313],[129.29027743212242,36.06206834243641],[129.28659173031573,36.06243683278694],[129.2851711045728,36.06816427958996],[129.28488582546663,36.07187921680325],[129.27785672267348,36.076478400494395],[129.27536275005315,36.079486969240826],[129.26977013113228,36.07932793107714],[129.2692223609037,36.07794885652996],[129.26300880351914,36.07519964797334],[129.2571213999654,36.07441107057668],[129.25417971838888,36.075741547639666],[129.25086489404342,36.0724977198682],[129.24761927610888,36.07347105751814],[129.2464969908528,36.073660580983876],[129.24279817313374,36.0700284228414],[129.24148387619678,36.06277481495696],[129.23767756023173,36.05276172767011],[129.22753172224847,36.04803727930614],[129.22357291507618,36.0437662521567],[129.20833211126723,36.042849383513065],[129.2041847862971,36.04306898821519],[129.19771788194893,36.040381777727376],[129.19489784827874,36.03699246516784],[129.18488021073307,36.0293936979518],[129.1812601463373,36.027353375858894],[129.17905749719483,36.02760289258666],[129.17730092469674,36.03244972894361],[129.17906674461543,36.03406940397961],[129.17920122192575,36.040001474502894],[129.17835284103123,36.045882824413695],[129.1772520339138,36.04804642931668],[129.17074298062522,36.04882672494311],[129.17060315735245,36.05121569457705],[129.1684878415017,36.05335395060244],[129.1644083531564,36.05552115522034],[129.16101894444327,36.054824106596364],[129.15357901581922,36.05531448257196],[129.15157052078865,36.054838042187214],[129.14925942409215,36.057423409299034],[129.1455285269817,36.056740531318866],[129.14133146448097,36.05801818633777],[129.13787050133902,36.06162534899764],[129.13339092988096,36.06884283675316],[129.13453713956497,36.07068106742255],[129.1333617323652,36.07488777764988],[129.1288281661485,36.08085657097445],[129.11994469824634,36.078921081744696],[129.1120038042689,36.07984216537728],[129.11076081126268,36.083671460816994],[129.1009023436818,36.08907725932634],[129.09777075705233,36.09394897559921],[129.09255285597345,36.099796811057615],[129.0932402354486,36.10466013554032],[129.09902211233248,36.107080319299584],[129.1012170095353,36.10888196978128],[129.1050256937507,36.11422226063572],[129.1044427816081,36.116645549918694],[129.10273061751477,36.11741941543296],[129.09772575858256,36.12185080050999],[129.0907953210199,36.119869232350425],[129.08925315438,36.11859893109603],[129.08190843419305,36.11724389126827],[129.07871766893655,36.11158531989279],[129.0713123070746,36.114736405609],[129.068461010107,36.11838907094745],[129.06926982468406,36.12063591817359],[129.06654000834905,36.12410820767839],[129.05663039219357,36.13165968911804],[129.0592558348157,36.135365921529996],[129.06411078428545,36.13640733735908],[129.06348758647852,36.14025443917632],[129.0617417926893,36.14352442259131],[129.059156813294,36.14399932883994],[129.05376528248746,36.14764608811597],[129.05360385148452,36.14940703175897],[129.05062404346828,36.15063046645489],[129.04543564374407,36.15118072807547],[129.04433970741022,36.15460111052043],[129.04492422208511,36.15668750498576],[129.04279263943397,36.159174548371396],[129.0402395737607,36.15891890109741],[129.03161532075453,36.16064289324301],[129.02561923488736,36.15900929697938],[129.02013526032192,36.16023997073224],[129.0122420679001,36.16302351509961],[129.00676313736957,36.162594340784494],[129.00213986171167,36.16417104234322],[128.99791082315963,36.16417100812245],[128.9950912743284,36.166455754970336],[128.9874917298352,36.16796491628093],[128.9901476033749,36.1682578325745],[128.99154036018123,36.170671713049806],[128.99229885776205,36.175891109657975],[128.9977339017416,36.179047641971565],[129.00065754874905,36.17972322117034],[129.00287068235176,36.17856677993011],[129.00974163669463,36.17893576202871],[129.01732108627783,36.180762755259],[129.02124802115037,36.183126942482716],[129.0252623005781,36.18253675903898],[129.0283758996578,36.187527561409894],[129.02758912663703,36.192850953444434],[129.028896510291,36.195693674056194],[129.03240237436862,36.20050625189477],[129.03277660678157,36.202887901618695],[129.03587609177595,36.205236108974375],[129.03546886299077,36.208109119418026],[129.03742215545105,36.215831563577936],[129.03925314006307,36.2190421779557],[129.04375880415935,36.22209935912475],[129.0451191621641,36.2213008697913],[129.05129784937833,36.222132536098805],[129.05664094169444,36.22396459999051],[129.06260245682296,36.22021213166498],[129.066080127763,36.22148624350375],[129.06555920086845,36.22330663909189],[129.06690040603252,36.226817890278824],[129.0694206456357,36.228740727133406],[129.07399869516038,36.22961306632135],[129.08090228713135,36.23395910023396],[129.08077962248473,36.23588657565012],[129.07804082313513,36.23998990018883],[129.07517645116286,36.24787989520125],[129.0755805151946,36.25018780782857],[129.0725357981993,36.25217048279868],[129.06843011768584,36.252093086006965],[129.06539388904469,36.25373905997038],[129.0619915345706,36.252040831334426],[129.05668008693323,36.25500815992921],[129.05312084109107,36.25960512981383],[129.0529938929994,36.26369007665221],[129.05966506153146,36.26471521570286],[129.05988166809738,36.26803270422146],[129.0656507317193,36.27378273581124],[129.07442393284057,36.275107790597204],[129.08065534921238,36.27741784951918],[129.08473561418694,36.27437425004546],[129.0902883593087,36.272551314959564],[129.09350306760587,36.27388601017635],[129.09896156328554,36.27101899107798],[129.09938049819635,36.26855247096548],[129.10275029603645,36.26477904994591],[129.10587607381646,36.2669176376537],[129.10931061208834,36.2665955994317],[129.1126490497352,36.26445001898187],[129.11719351933925,36.266087767165835],[129.1238706397491,36.26215392699969],[129.12652866426097,36.26416502530029],[129.132367535536,36.26214505574209],[129.13382286225192,36.258334233034155],[129.13794752227193,36.25507037725015],[129.13885869507845,36.249527060429564],[129.1408675242329,36.247002244381996],[129.1449319386577,36.2439187702692],[129.14712376428102,36.239261194206264],[129.15484488116425,36.23564453262943],[129.15506889774184,36.23360891960067],[129.1633534345797,36.2318116361825],[129.17103218816314,36.224644781779034],[129.17330739025135,36.2247911984831],[129.1788811263648,36.22720408721312],[129.1873851801952,36.23354235666879],[129.19042149129388,36.23652558075984],[129.19182804845755,36.24027148734749],[129.19471200704166,36.24335657433551],[129.19801690878583,36.24449195536454],[129.19866552506392,36.246657647651105],[129.19705482340842,36.24893682347033],[129.19898539404485,36.25008299222874],[129.20411888745724,36.25621339415326],[129.2057246358791,36.26455727582924],[129.20701939159704,36.26672243978832],[129.209534932365,36.2669537414205],[129.21396475898382,36.27173117239403],[129.21663428767076,36.27127625117448],[129.22072508493073,36.27317851053278],[129.2214369352778,36.27758922580286],[129.22417878003145,36.279615511396365],[129.2257138474662,36.28241145626128],[129.22271299633385,36.284671707626245],[129.22100434106468,36.28777240683331],[129.22405582645067,36.29091828602549],[129.2243845914019,36.29280772800672],[129.22267589085405,36.295483166062255],[129.22387347660313,36.299111902905224],[129.22017349581043,36.30122870133906],[129.2197346773946,36.30347517744211],[129.22530990502395,36.30855917853],[129.22745488346598,36.30915362184751],[129.23191614930323,36.31222678019311],[129.23640884050036,36.314223420568915],[129.23883449661653,36.31733517576027],[129.24327114715828,36.31877583964329],[129.24930161483152,36.31904844532803],[129.25194599964124,36.32090990113512],[129.2666694730301,36.32079884871858],[129.26745446171066,36.33004225293213],[129.26972590595102,36.33132021715595],[129.27300657937735,36.32779992207556],[129.27577080257953,36.3277691247357],[129.28292913746657,36.33146673456141],[129.28494229919482,36.33322764115182],[129.28726402757542,36.33250326350624],[129.2892817176084,36.33083537931812],[129.288740435286,36.32868008106981],[129.29166921659404,36.324721981848],[129.3016561182707,36.31809792321657],[129.30021353786782,36.307311287055164],[129.29931366158235,36.30610702509916],[129.29435735900108,36.30437937020628],[129.28648860213772,36.29839572532502],[129.2878888797558,36.28888483469678],[129.2866098551239,36.286098455355855],[129.292215348569,36.27906069965646],[129.29338358248225,36.27637252331268],[129.3000961370492,36.27358282007211],[129.30126680002277,36.270750532553755],[129.30435923649316,36.2677285577794],[129.3116957988864,36.26923653173668],[129.31421989886252,36.270904096900175],[129.3244116822278,36.26908068933665],[129.32843127304147,36.2674557273592],[129.33633158844916,36.2680187442258],[129.33936102920532,36.26665243187025],[129.34426999171836,36.27034501732588],[129.347702199816,36.269801634094115],[129.35113611194646,36.27094966973693],[129.3534971526554,36.273063308972375],[129.3579277787659,36.27267971358016],[129.36285604370434,36.270994668455494],[129.3661038679936,36.26856144863072],[129.37305150144792,36.267716830551834],[129.37627236731666,36.26830475491422],[129.37565211983497,36.26048269154747],[129.37316282229938,36.25461547302417],[129.37750526511334,36.247116352106616],[129.38062763812223,36.24372225136808],[129.3844320975046,36.24155827249637],[129.38601016906506,36.2386555070297],[129.38340685734948,36.232573212843555],[129.38173650097937,36.23243246927063],[129.3817186870946,36.22829988156369],[129.38403098819703,36.22480412303504],[129.38673041861958,36.22344517138585],[129.38623849622365,36.218110151399316],[129.3843110820759,36.212342252128934],[129.37860962341102,36.20856977807891],[129.372582904576,36.207112843638726],[129.37169505582935,36.20297908331465],[129.3731320243327,36.19554279240024],[129.37715757038296,36.1897132622623],[129.3824084738612,36.18577284121973],[129.38667200248844,36.18394668457153],[129.38912318198362,36.18496168073295],[129.39229719534467,36.18397705462548],[129.39362847396416,36.18150687501827],[129.39305413436037,36.17952975184764],[129.39528183435579,36.17264377868436],[129.39704241987178,36.17134143963617],[129.39773363004568,36.16858036904082],[129.39980920194725,36.164608073377295],[129.3980546304171,36.161652841723274],[129.3981659033914,36.156989162624555],[129.4005641087985,36.15376042265745],[129.39826877069228,36.149672639256636],[129.39525520116877,36.142181062187944],[129.39727164351382,36.138303535407374],[129.39774668067074,36.134893190490295],[129.40515414260312,36.1287052900898],[129.4187338695342,36.11944348356904],[129.425835999461,36.11371322013923],[129.4307344009468,36.11291149353096],[129.43259443784578,36.11102026595181],[129.44085698289283,36.110872420477556],[129.44066047548142,36.10028086323424],[129.43711378923518,36.100324837519025],[129.43697293630095,36.09614765741037],[129.43277445467302,36.09613210621867],[129.43286590575212,36.09909919363003],[129.43046514071787,36.099581705000816],[129.42207125986738,36.08997164134906],[129.41859318545977,36.08854668025456],[129.4169813277761,36.084310855962414],[129.4172067978622,36.0816681169003],[129.42016693588366,36.07691407726007],[129.41797385073954,36.07351510279743],[129.41302115106228,36.07213888732611],[129.41106162811684,36.073115505856876],[129.40361044230653,36.070763235955184],[129.40147736879126,36.069431442334974],[129.3978238043244,36.06429689517883],[129.3957805601867,36.06330737390382],[129.3897922606583,36.06244033861897],[129.38701937955892,36.064167851443415],[129.38354761391287,36.062982170767775],[129.38089515890118,36.060406822513045],[129.37852088037968,36.0556326868066],[129.37819305010777,36.051501011648504],[129.37610215580258,36.05177046841247],[129.37368111700678,36.04956470181569],[129.3702521357411,36.03689961532484],[129.37154544759565,36.03314089512151],[129.36858161027652,36.02878159564572],[129.36566424136208,36.02794885160813],[129.36206594138145,36.02724367546614],[129.36093714447594,36.0255856108667],[129.36123213860694,36.02218269332577],[129.358500878875,36.018938136397246],[129.35397999578626,36.015126255249534],[129.3512245999598,36.014171651268526],[129.34897697897526,36.0153445451634],[129.35033167188578,36.01704657310478],[129.34778555417282,36.018720891800356],[129.3465268742212,36.01949614639174],[129.3462560119748,36.02335472535149]]]]}},{"type":"Feature","properties":{"regionCode":"47130","name":"경주시","parentCode":"47"},"geometry":{"type":"MultiPolygon","coordinates":[[[[129.0734107399607,35.68552638157138],[129.06948549235406,35.680728687571325],[129.0730263661055,35.67801226834108],[129.0726695823764,35.67670369632983],[129.0683260353619,35.67311711232751],[129.06756921865764,35.67124164785094],[129.06947423655723,35.669108532982946],[129.06760919066494,35.66179876257611],[129.06841570128842,35.6582778211024],[129.07014924629487,35.6577470130095],[129.07516719249216,35.65274688780287],[129.07938740896975,35.64978364996592],[129.0810747419879,35.64748068711177],[129.0812058572966,35.64343175839386],[129.07413172138828,35.64008515672879],[129.07015771404863,35.64342938603899],[129.06432839049782,35.64624644023234],[129.05596464889305,35.64783469458523],[129.04731156623572,35.650146667720406],[129.04481664536695,35.65363517589559],[129.04280891479607,35.65476027045887],[129.04034767307272,35.65820330524213],[129.04069960532084,35.660920717379405],[129.03972272252452,35.66661345801501],[129.0344002003798,35.67622846355175],[129.03606083094908,35.67774780640932],[129.0379431396928,35.687484025560934],[129.03757975383624,35.69249064144717],[129.03245246944655,35.6904650186158],[129.02524792820708,35.68885939653754],[129.02243446613656,35.6875114302815],[129.0195393204763,35.68821893333673],[129.0085828862426,35.69427167519993],[129.00544673792803,35.69335699218935],[129.00387794604853,35.697691541825755],[129.00497865979767,35.704846732258154],[128.9966924327081,35.7125566668246],[128.99703310120074,35.717388848022196],[128.99129122966173,35.71930975063644],[128.9897783854703,35.72347265999685],[128.9859099188462,35.72752722849272],[128.97796207323137,35.73420883120954],[128.97274077463874,35.73694980712705],[128.9737727478981,35.7396772214714],[128.97417280295852,35.74780789812571],[128.96988462040787,35.75277464388489],[128.97458658834387,35.76008725401179],[128.97513810528514,35.762316366021295],[128.97418215092281,35.770105449209204],[128.9749444008929,35.77099878127759],[128.98026088511364,35.770872550125],[128.9828571898346,35.77260954756992],[128.9875712345728,35.77243197977927],[128.98841751429282,35.77407369057717],[128.98735629865146,35.77829246579835],[128.98761797828004,35.78546619019786],[128.99244456978963,35.793058270159634],[128.9929830734971,35.79544789683113],[128.9905131242802,35.800452966863396],[128.99724362131352,35.806379570977754],[129.0033605972327,35.8163622662282],[129.004336354811,35.82331383855028],[129.0077964639279,35.82780753131692],[129.0083324544069,35.83190396870577],[129.01379779584292,35.835614888709976],[129.01638873971717,35.84060799896851],[129.01587133815028,35.84394855203543],[129.01412912518515,35.84619748960155],[129.01609841222054,35.84980338476317],[129.01870881975628,35.85640612815832],[129.0219142615294,35.85906365996919],[129.024211107772,35.86278960219469],[129.02700110909268,35.86316833816533],[129.03291954391136,35.87070959119515],[129.0288263401294,35.8840220335412],[129.02604667323874,35.89056732411527],[129.0289682724413,35.89822644230984],[129.02687596995943,35.89933735372733],[129.02852661551864,35.90466505126596],[129.03239629404575,35.90735584606471],[129.03786089676578,35.91208099249778],[129.0415187872355,35.911862029775115],[129.0455611211554,35.912667187799244],[129.04744227120656,35.91832678544725],[129.04853980951063,35.91922679769809],[129.05487152942493,35.92012698857238],[129.0563520728566,35.92198393410908],[129.05744778120342,35.92599858795891],[129.06050970395805,35.92614778513888],[129.06143696765136,35.93003084743221],[129.06066551550032,35.93427918047028],[129.06291271888583,35.93800512366449],[129.0647652124338,35.940853207919965],[129.0670964296098,35.942265290632236],[129.07201049811528,35.94272770275615],[129.0785174314168,35.94179733021536],[129.0820139258315,35.93745231494084],[129.08684323601807,35.938992903845175],[129.08962707155453,35.93859498486913],[129.09457078111538,35.94069105863482],[129.10066277081648,35.937669011254066],[129.105266903689,35.93418613757627],[129.10987190867846,35.92984365172424],[129.11386928195682,35.92321324229316],[129.1152523870025,35.91699622436276],[129.11853916732326,35.917051126788515],[129.11857991165027,35.91925856874953],[129.12115675457198,35.922230925398786],[129.12415889436525,35.92282560725692],[129.12737100784716,35.921797148937934],[129.13094197416171,35.924030338828906],[129.13307692632634,35.927176932644144],[129.13484371674141,35.931662919338955],[129.13446196816,35.93421131750725],[129.13174873508322,35.93767382935605],[129.1283865417945,35.938684315895806],[129.12738965328717,35.94987368191156],[129.1249106515518,35.950746597690554],[129.1211449342509,35.956317468330795],[129.11777590563452,35.96006415681754],[129.11721575636037,35.9629635477403],[129.11796638121243,35.96741969786127],[129.11808684095993,35.97412361749443],[129.11721742378427,35.97928578685874],[129.11714131427001,35.98553136824123],[129.11263928838864,35.99131368239295],[129.11056974255536,35.99674439006964],[129.11300733922985,36.00139377750421],[129.11046171085934,36.004792928627324],[129.11435745540706,36.012100355469464],[129.1168046038032,36.01255233178175],[129.12272481124126,36.00683778685751],[129.1269362274124,36.005408259248604],[129.13251616116918,36.00575773075963],[129.14233896905927,36.00955175330022],[129.14428722246433,36.01151708172614],[129.14162747745496,36.02181361780941],[129.14037342137578,36.02468404799182],[129.1342119196106,36.03423939541666],[129.13968514897397,36.043194066235536],[129.14633439157816,36.045523043345405],[129.1513376155534,36.04962860838207],[129.1497591516205,36.05287882928534],[129.15157052078865,36.054838042187214],[129.15357901581922,36.05531448257196],[129.16101894444327,36.054824106596364],[129.1644083531564,36.05552115522034],[129.1684878415017,36.05335395060244],[129.17060315735245,36.05121569457705],[129.17074298062522,36.04882672494311],[129.1772520339138,36.04804642931668],[129.17835284103123,36.045882824413695],[129.17920122192575,36.040001474502894],[129.17906674461543,36.03406940397961],[129.17730092469674,36.03244972894361],[129.17905749719483,36.02760289258666],[129.1812601463373,36.027353375858894],[129.18488021073307,36.0293936979518],[129.19489784827874,36.03699246516784],[129.19771788194893,36.040381777727376],[129.2041847862971,36.04306898821519],[129.20833211126723,36.042849383513065],[129.22357291507618,36.0437662521567],[129.22753172224847,36.04803727930614],[129.23767756023173,36.05276172767011],[129.24148387619678,36.06277481495696],[129.24279817313374,36.0700284228414],[129.2464969908528,36.073660580983876],[129.24761927610888,36.07347105751814],[129.25086489404342,36.0724977198682],[129.25417971838888,36.075741547639666],[129.2571213999654,36.07441107057668],[129.26300880351914,36.07519964797334],[129.2692223609037,36.07794885652996],[129.26977013113228,36.07932793107714],[129.27536275005315,36.079486969240826],[129.27785672267348,36.076478400494395],[129.28488582546663,36.07187921680325],[129.2851711045728,36.06816427958996],[129.28659173031573,36.06243683278694],[129.28458982584618,36.061858408439726],[129.2808879743789,36.057697890001165],[129.2826375693086,36.05372411023289],[129.2839925644968,36.046642845432814],[129.2829806441172,36.0425410856604],[129.28079943335794,36.039296394172716],[129.2788342144443,36.03187454724318],[129.2766716464366,36.028562233150964],[129.27867702149,36.02456545362474],[129.28400029830573,36.02227259744078],[129.28903772087563,36.01689726702971],[129.2929632333391,36.01345367861695],[129.2973315511681,36.00739766317752],[129.2958313192212,36.00353194718888],[129.2955001021612,35.99835361077801],[129.29612978633602,35.99479663785066],[129.30332548696174,35.995800882605586],[129.3046498494144,35.99018727048211],[129.30287433973072,35.986988405217595],[129.3053587943008,35.98307892354051],[129.3056835995111,35.975269835520365],[129.3078913830158,35.969657728805856],[129.3122915257964,35.96835357957384],[129.3121813933624,35.96466175192361],[129.31534397614917,35.95935281983303],[129.32001490871838,35.95807120727131],[129.3166834113306,35.94642119888368],[129.31877839430814,35.94378183163252],[129.32320589481844,35.94058284627321],[129.32788952154945,35.93840812650255],[129.32954577614805,35.936781869213235],[129.33301935734968,35.93065858799589],[129.33304236401082,35.92916844942129],[129.3295972962314,35.92659649795319],[129.3328542396625,35.923207412461416],[129.33643131803592,35.91744670116024],[129.33642147112928,35.915112174107655],[129.33407451764373,35.91114505018588],[129.33448439961256,35.90556462074936],[129.33319257005968,35.902226794331185],[129.335617504764,35.89744248126423],[129.33831428541052,35.89468637365169],[129.33731870732888,35.892802534595866],[129.34255888132736,35.889214094640465],[129.34770646816983,35.88864759551033],[129.35015183405662,35.89228838137873],[129.35252088646035,35.890459242523875],[129.35308644976325,35.88746169114306],[129.35717434332707,35.88588154573981],[129.36112139024104,35.88818622102864],[129.36364518396408,35.87852909723375],[129.36052456895578,35.87568760016812],[129.35633734444113,35.87526666896169],[129.35505436917583,35.872776430158915],[129.36058319461588,35.86525891052157],[129.3664879828279,35.86421176350033],[129.37172216159763,35.861299740503526],[129.3749502710557,35.863420666987594],[129.3771102330612,35.86541195531693],[129.37984283514817,35.86551965939675],[129.38282657241172,35.863828754020474],[129.39066176787188,35.863903540697514],[129.39221166382916,35.86311832606897],[129.39367995400264,35.85824215995577],[129.40300629137457,35.85858500177716],[129.40612038604647,35.857968219044395],[129.41010899357397,35.86156110627854],[129.41021495313083,35.87041566908894],[129.41462658239578,35.8761543783501],[129.41762193096656,35.87763208151489],[129.42144961843707,35.87800564695852],[129.419916609526,35.882135469575665],[129.42142158054898,35.883985273725216],[129.42551511430884,35.883945425392255],[129.42986624308196,35.88063911671845],[129.43719278040209,35.87848981876494],[129.43805190957988,35.874044552797855],[129.440847638315,35.86886068302576],[129.44453558207522,35.866770259487645],[129.44610598988865,35.85900551848841],[129.4496475168117,35.85447119183595],[129.4490231793496,35.85133827171437],[129.4505699208428,35.84911829437822],[129.45485294824522,35.846759915866045],[129.45819011292707,35.846511478948514],[129.4606207375598,35.84876750885571],[129.46591390046,35.84903645146116],[129.46743052893652,35.8508547145822],[129.46996791124946,35.84970803123363],[129.4747439235979,35.84974188248212],[129.4800812756472,35.852915451660216],[129.48318730738131,35.85068110953306],[129.48961628351486,35.843527972169085],[129.50113603849607,35.839854197701435],[129.50732657355812,35.84066875899646],[129.5127742031877,35.83996996291579],[129.51825930640126,35.841936131215455],[129.52078842429572,35.83756853238947],[129.51651908189683,35.835337131911274],[129.51460903199197,35.83168742747319],[129.51093125246766,35.82685411614649],[129.50964041665142,35.82351712194088],[129.51092842104364,35.81964151084079],[129.5143992731415,35.81589206502227],[129.51188674087368,35.814458191905246],[129.51038622729354,35.81157958544176],[129.51313839194054,35.80841890423392],[129.50987491737393,35.80653128378873],[129.5062253740181,35.80866751729384],[129.50385355348232,35.80741299293953],[129.50485057959895,35.804680280029494],[129.5034164028264,35.8011431134327],[129.499993257252,35.80058336005309],[129.4994691013202,35.798169066429544],[129.50121380499112,35.7965942192221],[129.50139062938024,35.7930363378618],[129.49829484607133,35.79033649980572],[129.49558329734847,35.79172275690628],[129.49324982917574,35.790858436218535],[129.49183541494676,35.78659568480643],[129.4928978516332,35.78061262349375],[129.4968724386214,35.77353373156164],[129.49641668313635,35.77124837076108],[129.49438802347765,35.76986946484394],[129.4947536060972,35.76209079452225],[129.49159839641374,35.75846387156086],[129.49343535796694,35.75165634440744],[129.4899117908329,35.74852177772834],[129.4868497754434,35.74477778943467],[129.48472478539802,35.74342150205638],[129.4843432197167,35.741718405953975],[129.48587862806076,35.732271488965175],[129.48567644169955,35.72887611049481],[129.48166945796666,35.72246059129058],[129.48118416742193,35.71845691209754],[129.4792882923515,35.71733550656784],[129.48007100409367,35.71296423701311],[129.47450028011778,35.70854574312156],[129.47305357662728,35.703448272231554],[129.47375089750915,35.7003201313037],[129.47605061793035,35.69779911276284],[129.47588856932447,35.69338631134719],[129.47770490815248,35.69063889728448],[129.47516868785823,35.68974929613351],[129.475730984234,35.685736617694225],[129.47338681797424,35.68378640037563],[129.47254771969656,35.680254128650546],[129.46698712742622,35.67884279786161],[129.46542755790537,35.67695270827843],[129.4649028200427,35.67254352261759],[129.46622235125216,35.66832776350698],[129.46509406728669,35.6662964719981],[129.4600623512671,35.66476191215615],[129.45707074281205,35.66597089774882],[129.4535452198017,35.66205349981497],[129.45245280189178,35.655551188958405],[129.45000815531807,35.65094846895011],[129.4446398395774,35.653883436059985],[129.43741703505023,35.65451642173909],[129.43513611343795,35.65222274237654],[129.43297908546438,35.65631314436199],[129.4283882828888,35.65593554652776],[129.42141315423711,35.65937424596613],[129.41740160234906,35.6605417411347],[129.41263409283587,35.66401868072863],[129.40594799943227,35.66284314079568],[129.40303567966308,35.66324908227609],[129.40080058004617,35.66711004558345],[129.39383717029338,35.66803767872782],[129.38098696906087,35.67107571285938],[129.37642146758097,35.66982367303821],[129.3734732648931,35.6698358249029],[129.37256826732641,35.67242262452099],[129.367593994848,35.67453592185965],[129.36469553420903,35.677012064469835],[129.36455070753226,35.67876787715019],[129.3586098962238,35.67972583349411],[129.35388798057974,35.67955276533426],[129.3487918182535,35.67733282971759],[129.34667863123656,35.674656707650925],[129.34161888115142,35.67083026193143],[129.33720541987205,35.66890036370551],[129.33067134244388,35.66584968229568],[129.3260167658402,35.66228598028628],[129.32399437098928,35.659210286292954],[129.31878926161548,35.658414450593206],[129.3107529398917,35.660225843951004],[129.30357010391245,35.656968549059926],[129.30278790519233,35.64834722461808],[129.29655288587983,35.64636302621305],[129.29580796064099,35.6443030989463],[129.2918223193547,35.6452064715009],[129.2902175362257,35.64797271511827],[129.28451482363596,35.65144762933259],[129.28214378104911,35.64949046258073],[129.27528992789965,35.652890107182444],[129.26950008999398,35.65104352825378],[129.26499586269773,35.65356305717263],[129.26007797423347,35.65450517844181],[129.257657243433,35.65851422273235],[129.2551742920823,35.660339192100196],[129.2542466553393,35.666258528661864],[129.259814039415,35.67303104470961],[129.26085937795756,35.6793940911834],[129.25862784111615,35.683494332080784],[129.2623017509977,35.6860057585307],[129.26269415916573,35.691445407712],[129.25910428252868,35.69821460496749],[129.2560356097542,35.70078479686128],[129.25292557598198,35.70169668886053],[129.2439865296227,35.70278142927973],[129.23720049608747,35.702952415512215],[129.23406285658183,35.703582594047404],[129.23254025683096,35.70807171922877],[129.2285326852057,35.708946653368166],[129.2266921809986,35.708323011374056],[129.21943685738623,35.71346119663582],[129.2140515359531,35.71524749362876],[129.20723454961526,35.72150751730422],[129.20207669919895,35.718708798546956],[129.20091485996664,35.716016046591186],[129.19764570092747,35.715794319449],[129.1937199507197,35.717998800463974],[129.18639128841352,35.72056276362564],[129.1815171899236,35.72313901257429],[129.18073209105384,35.72006491646817],[129.17685676445345,35.71553114802609],[129.17331951732743,35.714394037420995],[129.16063965091655,35.71487964565827],[129.15437178047586,35.721711996250946],[129.1457201819203,35.72469752196526],[129.14283836176062,35.723931214284],[129.13853440703053,35.72087916007867],[129.14003752200426,35.718078641117614],[129.1367649445604,35.71501981688544],[129.13524492721697,35.711929816342746],[129.1291689495099,35.712866716278434],[129.1266515369327,35.714455400913465],[129.12548859744683,35.71027231565909],[129.12327579006194,35.70748034568906],[129.11768180170836,35.70674959001949],[129.11610904374308,35.708264237993156],[129.11208316120488,35.707945280527596],[129.10879758686735,35.7065066078794],[129.10168056454327,35.70622926837038],[129.0942345537725,35.70304185707946],[129.09103006964082,35.70257153425341],[129.0885657076513,35.70201710859793],[129.08368963422853,35.69907193326235],[129.07742937650704,35.69302497592036],[129.0734107399607,35.68552638157138]]]]}},{"type":"Feature","properties":{"regionCode":"47150","name":"김천시","parentCode":"47"},"geometry":{"type":"MultiPolygon","coordinates":[[[[128.04721054891652,35.926445276760525],[128.04913073441722,35.92155052966589],[128.04937839899807,35.91864431842426],[128.0539735170895,35.91567162536176],[128.05543848235445,35.91082819342526],[128.06040043074202,35.90740596746746],[128.05678056370584,35.9037745778373],[128.05814160066188,35.90123817319208],[128.06066857751472,35.89949816268848],[128.06389077082505,35.89913753322767],[128.06516018243954,35.89719027943993],[128.06514936110906,35.89376436982004],[128.06767257890385,35.886984857701705],[128.07090111864363,35.88062607642455],[128.08110213851833,35.872937796851474],[128.087299511635,35.87260086029803],[128.0868947298201,35.871751588737936],[128.0770884433486,35.86116842481049],[128.07603370189688,35.85451917138493],[128.07293688448374,35.85012708909271],[128.0738546717271,35.8479574598138],[128.07844063605594,35.84310898972817],[128.07871283152147,35.83892876199547],[128.07412196190418,35.8388919271479],[128.0704082429594,35.84068741044189],[128.06392830083053,35.83689817045983],[128.06145475670112,35.83448826707037],[128.05284412569688,35.83247111308442],[128.05083941880497,35.82926045886636],[128.04259642447985,35.83101827905028],[128.0383439361393,35.83384264424179],[128.03161650686175,35.83571373709914],[128.0255413727865,35.833274604308],[128.01982719465653,35.832984262564544],[128.01472446576773,35.83083288041667],[128.01214365603775,35.8288634781166],[128.0084125097868,35.83100457050608],[128.00686996649873,35.833754274636334],[128.0045015553007,35.83541783280464],[127.99740710946848,35.837754595131976],[127.99646145483622,35.84053456422761],[127.99338455860881,35.84353016606394],[127.9912368858566,35.84822311111969],[127.988219060718,35.85137209087732],[127.98536625944556,35.85739079539308],[127.98181448679908,35.85890445383996],[127.97787829443278,35.854371823956996],[127.97373234529624,35.850868558792726],[127.97115391766377,35.85117144668904],[127.9634596023912,35.85498693221009],[127.9599500957974,35.85957965935619],[127.95083475957343,35.8612542168666],[127.9423413205248,35.85430771376679],[127.93571440687565,35.85441988921067],[127.93235133518536,35.85579121984815],[127.92584143822519,35.85640073085401],[127.92742342064018,35.85832325811332],[127.92979596628926,35.8579724225395],[127.93215396595951,35.85955636121402],[127.93317387467326,35.8642038430096],[127.93256982635837,35.86653622514808],[127.92950737348357,35.87144204864627],[127.92937307683586,35.87744368584647],[127.92811610925591,35.88114142430377],[127.92337224179185,35.882069711720256],[127.92138829183627,35.88717863119276],[127.91887139774981,35.88958603776396],[127.91948432058628,35.8928008187775],[127.91340185709855,35.89045900596597],[127.90225568136292,35.88871420842007],[127.89329747265673,35.88658939195073],[127.89081234217767,35.89025051605207],[127.8864038935469,35.89303399859459],[127.88486191093938,35.89301510134845],[127.8830552915889,35.89928595246679],[127.8847964626962,35.90551561263129],[127.88724841007853,35.90714506525406],[127.88893166135338,35.9098079775848],[127.88760998455497,35.91457892082827],[127.88318553808787,35.917725140277405],[127.88222761085923,35.920150537548494],[127.88378013131245,35.92441665339997],[127.8822188272738,35.92773825433797],[127.88539421482756,35.93085879786797],[127.89040300358049,35.931713601063045],[127.89617481135394,35.934300685818705],[127.89762980897953,35.93642101229896],[127.90646446605308,35.94056687042685],[127.910072593419,35.945320757494244],[127.9114665190962,35.94945009265632],[127.9096822203891,35.95177077809143],[127.90401860103694,35.95451813369671],[127.9024914028909,35.95747661939038],[127.90039379746881,35.96688585648626],[127.8965077302675,35.97204304943631],[127.89697069310193,35.976165534653504],[127.89623953438664,35.9779062127745],[127.88959558560522,35.97952602162895],[127.89016323334594,35.98125703741985],[127.89373915191116,35.98446831508695],[127.89148782250386,35.98777129280277],[127.88670215273955,35.99210779126592],[127.88339200262105,35.99243269683331],[127.87581470137215,35.99672280636423],[127.87600150336685,35.999378651916416],[127.87881815955636,36.00131098632912],[127.87831638972447,36.005822386645804],[127.87598999929801,36.00984977320746],[127.87538234814839,36.016427507886604],[127.87692624777289,36.02244194484873],[127.88114166666566,36.02510128482217],[127.88299331904511,36.02721830630147],[127.8854232083616,36.036024205089575],[127.88797971931594,36.03480014018413],[127.89282285477972,36.03663659751779],[127.89701471533843,36.037100350654626],[127.90355441686026,36.0389667290543],[127.90399483726833,36.04272965626061],[127.90950683142611,36.049660963165756],[127.91245967746913,36.050628534544295],[127.9170617626286,36.05440274206359],[127.92613902222335,36.05325700965353],[127.93166895448768,36.050222770343574],[127.93586148048828,36.05066365172531],[127.94157744024949,36.054406694955865],[127.94663962391387,36.056626624193214],[127.94958861669518,36.05942262595667],[127.95214948420042,36.065191530632035],[127.95610333084961,36.06774265008741],[127.9613862261557,36.06838914288329],[127.96174620764141,36.082805420222506],[127.95870451418439,36.08777960538255],[127.9578361101239,36.094888499987334],[127.96291738440149,36.09624669664341],[127.96305777725159,36.099064846210894],[127.96555896536717,36.10192855649085],[127.96856746242462,36.10722000363855],[127.96722274665507,36.11002857684467],[127.96748269989378,36.11609539765209],[127.96647758808618,36.11849233452083],[127.97410234219345,36.12061380047978],[127.97713893569802,36.12196617875928],[127.97966372753956,36.12469970761863],[127.98186766782179,36.12466381174144],[127.98763907732643,36.12962394670413],[127.98880469344446,36.13292284925313],[127.98731530100687,36.137227254398184],[127.98808926088579,36.14269334096175],[127.98670635779266,36.14318759063211],[127.9873321499641,36.147385156938775],[127.9909297202557,36.15116473668676],[127.99647448479674,36.153694068257714],[127.99563222201438,36.15684860279667],[127.99045747831482,36.15921635369582],[127.98960067334026,36.16474952542206],[127.9834658502645,36.16977168874083],[127.98299360311987,36.17258330814396],[127.98468219408393,36.177094066101],[127.98101079376518,36.179860362697454],[127.97943907877394,36.18296709806164],[127.97615396336836,36.18667795202505],[127.975691703117,36.18854163680873],[127.97651739178873,36.19234763952824],[127.98178751376102,36.19580468409673],[127.98253604040865,36.19854860936937],[127.98601713804247,36.20040165221076],[127.99226003668814,36.19981065033493],[127.99499415857467,36.20419595236771],[127.99753422266762,36.20605645486955],[128.00236534089322,36.206236635848015],[128.0032894590978,36.20781590219844],[128.01351740596203,36.20913294790416],[128.01729208492694,36.20848254586696],[128.02629918681782,36.20568202834363],[128.03345055042436,36.20008101648031],[128.03835435697374,36.193999058174626],[128.04520332138287,36.196334306401226],[128.05252068569996,36.20088876885184],[128.05536582770253,36.201192707169916],[128.05906295855885,36.199660072348465],[128.06295971248986,36.19922069210288],[128.05540127554926,36.20262661829894],[128.05068834366608,36.205918075663476],[128.04946953972797,36.21070514721667],[128.0503752106311,36.21530251467716],[128.0424285404544,36.217266672787204],[128.04219175943973,36.21900558114182],[128.03930428872656,36.221688593659856],[128.04043288375433,36.22475779683107],[128.03932703467254,36.22914257246396],[128.03317551022667,36.233544365695096],[128.03004830584155,36.240308201160694],[128.0354490666468,36.24339325536329],[128.0396105737729,36.251002018151326],[128.04465646957203,36.25268141139317],[128.04711524459256,36.24743347566664],[128.05096878085178,36.24419043499612],[128.0567677994827,36.2435637594633],[128.06031380699227,36.245401289561514],[128.06645540530891,36.24291638241346],[128.0719944277705,36.24311066133954],[128.07658538859152,36.241627922271036],[128.08235512710485,36.246575359642264],[128.0871383028857,36.24884250544959],[128.08848804587188,36.25082895144822],[128.08793876678482,36.25322317645296],[128.09113652001867,36.253876304539865],[128.0925333994903,36.25211988318866],[128.09646047742464,36.25229627576482],[128.0994407794977,36.24913161972237],[128.1022243641562,36.243329791316384],[128.1081153375602,36.23902448231542],[128.10869107810478,36.23714637737761],[128.11207637756337,36.238550166822534],[128.1138325008757,36.24097399107914],[128.1189860476638,36.243198052621324],[128.12089112522466,36.246074426627345],[128.11936640026997,36.250080038274476],[128.12005010369535,36.252810361039906],[128.12637616000208,36.25239578525651],[128.13114527786416,36.2514294583554],[128.1356489852931,36.25454194874139],[128.13704885134658,36.257151203942556],[128.14146102315266,36.25827476571276],[128.1513845922705,36.2564705770619],[128.16190006603657,36.256455507924386],[128.1676104256337,36.25355836862471],[128.16907511478672,36.2484605310886],[128.17316564015792,36.24543992070428],[128.1783825660094,36.24450002318756],[128.18811932534575,36.24384471979055],[128.1968553737891,36.2447346497577],[128.2016703015357,36.23993041831768],[128.2094792387193,36.23829526772445],[128.2143975250789,36.23665953260739],[128.21823849814186,36.230630866764145],[128.22405750679377,36.23077113399616],[128.22579664312082,36.231658749041735],[128.23262441587528,36.22670412607292],[128.2362111721592,36.224939290504345],[128.23584018786855,36.222285828910536],[128.23358774346266,36.21851414156307],[128.2342187835886,36.21415730448597],[128.2378287752298,36.209369383767644],[128.23857974379845,36.2071681767876],[128.23535114594955,36.206099166678364],[128.23371038998408,36.201875856720925],[128.23785140646117,36.200309213395904],[128.2442415207243,36.20161752799918],[128.24433667226748,36.199132337094255],[128.25672741204372,36.201099684659184],[128.26251864493784,36.197641248058936],[128.26521215960508,36.197705438121815],[128.2712938680267,36.19527900119153],[128.27061977860828,36.19135274971347],[128.27258951953274,36.18606967463823],[128.27308175880998,36.18240274537325],[128.2701655864812,36.17832452127183],[128.27055760344277,36.1740780674608],[128.2733222982919,36.17243915200034],[128.27800765079755,36.17125612297085],[128.282352288529,36.17220714991845],[128.29180911192762,36.17070997606447],[128.2950813412197,36.16830668137811],[128.29373688068333,36.164880414746925],[128.29065421942244,36.154057344490326],[128.28745242320036,36.15286282945271],[128.28613676419354,36.15011655353847],[128.2872960592469,36.1473922975708],[128.28038149914664,36.142922334034324],[128.28140421934515,36.141560125211605],[128.28712043615397,36.13823158038385],[128.28997247933944,36.1377495145568],[128.29440004500205,36.1354499439451],[128.29617745186883,36.133521152745644],[128.29413863669885,36.13070337521156],[128.2844332134879,36.12148425438279],[128.28132071219494,36.11743533637211],[128.27742537891993,36.113696749491325],[128.27558639329814,36.10346024304524],[128.28055345239696,36.101821134371605],[128.28713194800108,36.09732002339057],[128.29240686433724,36.094378910525116],[128.29323324698564,36.09102997293836],[128.29202642720003,36.08772534291674],[128.2883648869212,36.08560996934418],[128.28494808980287,36.08109217925933],[128.28663763304186,36.07810615252081],[128.28988340780637,36.076311411602326],[128.29822319011177,36.06540905547169],[128.30083860643316,36.06257015675495],[128.29885285960216,36.05700206279914],[128.2986183095125,36.05157775093343],[128.29306029488419,36.0501258224705],[128.28918037442207,36.04417870499194],[128.28910731007323,36.042993571476934],[128.28414322029525,36.04660650107311],[128.2749554918928,36.04746555025261],[128.26933915481104,36.04872939297709],[128.26504670395752,36.047774597038206],[128.26061898759926,36.04854179252327],[128.25685332933486,36.05135306541941],[128.25530260216155,36.05145328302249],[128.25108042139672,36.04916767614464],[128.24613118359503,36.049110752986856],[128.2422573958683,36.04817251730486],[128.230818068824,36.05412482666013],[128.2272838896564,36.05350678824441],[128.22399880266747,36.05557126560562],[128.22213079492744,36.05224212780592],[128.20884045984448,36.04491647069438],[128.20178459262888,36.045540175833835],[128.1971208855719,36.043876417542805],[128.19600723677834,36.03348677075121],[128.19418623904204,36.03195414560204],[128.18902290072273,36.03154144206425],[128.1862301827303,36.03279917220053],[128.18263423578884,36.032918317489106],[128.17851235792142,36.031377687537436],[128.17138463248813,36.034017378887974],[128.16952280430536,36.035633856792536],[128.16462847910745,36.03258367486488],[128.1674079918577,36.02966530059963],[128.16915954781672,36.01842633324399],[128.1730734854062,36.014062564701355],[128.16878901474038,36.01092339740708],[128.16740480666667,36.00548714723224],[128.16564683232352,36.001388357016374],[128.1660424789454,35.99996883211796],[128.16979342526133,35.99689996058007],[128.16938650758385,35.992934538470344],[128.16753970959215,35.98927688540885],[128.15774012255142,35.987318601473106],[128.1576364033574,35.983894695384],[128.15582212253344,35.97892121566496],[128.15170721452478,35.97682582588089],[128.15051924943006,35.972682546546174],[128.15255378139258,35.96948655174576],[128.150818344203,35.96640789309073],[128.14225980988093,35.963319195535234],[128.1388617889078,35.961391498480154],[128.1318755423406,35.95903772062721],[128.13100251300278,35.95983118787607],[128.12319862113094,35.96227355456639],[128.11910448571757,35.95961116090462],[128.11503571092373,35.96263839666396],[128.11169392091455,35.96421625480323],[128.1090250257115,35.96294305081993],[128.10716068184564,35.959940057447184],[128.10399116659457,35.95753025384931],[128.09627965489355,35.95479117745403],[128.0937902735346,35.95167315169385],[128.0908186196384,35.95001089700077],[128.0885230832042,35.94569466653108],[128.08969710441994,35.94018916958128],[128.09102795810824,35.937187681192405],[128.09018812154156,35.93384524070694],[128.09128665356766,35.930940737694335],[128.08873653553496,35.92589605022325],[128.08809276264836,35.92236201999411],[128.08402935005464,35.92187677454297],[128.08178809656047,35.923178143588444],[128.079113860924,35.92656174734385],[128.07338392948463,35.928473131330364],[128.07133445981103,35.934071705226565],[128.0713751611071,35.93622562665534],[128.0664105426405,35.936934103432165],[128.05987894942402,35.940541232149116],[128.05666006625458,35.94171790220519],[128.05156864583367,35.938175224556325],[128.04856489244727,35.933532226684065],[128.04674962962207,35.93222888876202],[128.04721054891652,35.926445276760525]]]]}},{"type":"Feature","properties":{"regionCode":"47170","name":"안동시","parentCode":"47"},"geometry":{"type":"MultiPolygon","coordinates":[[[[128.70963883436005,36.47328621321522],[128.7074406359024,36.46423192468981],[128.7042574154842,36.45447432974514],[128.7061830161401,36.450895774354166],[128.7066420393923,36.448020817848885],[128.70459389197433,36.4468496965458],[128.69958934746097,36.447395921093566],[128.69003121227203,36.44385425312457],[128.68527131863632,36.44429741365024],[128.68283219700467,36.446205364794814],[128.68091299050778,36.44472465635406],[128.67841685939322,36.440574880079325],[128.67805616212942,36.438416382896804],[128.67359923636403,36.436485645669045],[128.66853532759475,36.43885157136812],[128.6628837387521,36.437547019481954],[128.65533937999064,36.43215476718676],[128.65360302734877,36.42953261713287],[128.6493950764543,36.43018982451374],[128.64584417193635,36.42847452409924],[128.6380923948017,36.4271163829837],[128.63343480986032,36.42563691371835],[128.63032925442982,36.426023408033934],[128.62820367557748,36.42389493776412],[128.62902116651577,36.4209294596243],[128.62357932508348,36.41909317544438],[128.61544699466333,36.41949869520695],[128.61024577303144,36.41782079722789],[128.60927197902336,36.414796062909424],[128.60690004337806,36.41003766501953],[128.60386899728593,36.40888631715069],[128.59896971273926,36.40946221832816],[128.59678414721108,36.41151896475988],[128.59633241907278,36.41703938047916],[128.59522645132046,36.42182089828256],[128.59670465673113,36.42529681715446],[128.59480957697514,36.42787043926592],[128.5948880005223,36.43425975735165],[128.59414597525017,36.436105782414366],[128.58866778901302,36.43933094448154],[128.58332467433746,36.44044516092576],[128.57909245425503,36.43927683014419],[128.57726701922132,36.43999638986712],[128.57249652698067,36.446664475004106],[128.57033094162117,36.4510497261927],[128.56677410943982,36.45207675171319],[128.56616038448223,36.45900155369514],[128.5612223098176,36.46288643624423],[128.55858468393657,36.46920528970793],[128.55942245501484,36.47218770049418],[128.55265392869154,36.47573231069466],[128.5529475485396,36.48326976183416],[128.5520018956111,36.48822687834463],[128.54943968092,36.490178526505375],[128.54385267525356,36.49039972803381],[128.5393003592054,36.49530408870802],[128.5342225927486,36.4954025255963],[128.53181734823303,36.49807946750977],[128.52694903813196,36.498422962767215],[128.51431499509528,36.49759158428638],[128.50696902670288,36.499040615591305],[128.50352718689152,36.50108336686838],[128.50224576391503,36.50584760436262],[128.49887417283534,36.51357502299622],[128.49561226323542,36.51672435472038],[128.49100318011568,36.51782298330037],[128.4830893649384,36.5137648999553],[128.48175158049477,36.51452609213828],[128.47627764184742,36.513943297806726],[128.47517062130095,36.51223648571538],[128.47666681348764,36.50991193906259],[128.475290846436,36.50535300402184],[128.47478899096814,36.498715788614554],[128.46435865163454,36.49875738748454],[128.46155308068518,36.49573389404755],[128.4645623327519,36.49197408377185],[128.46248335967599,36.489013991833126],[128.4598925844265,36.48835170521176],[128.45310075316377,36.49102466642436],[128.445703370782,36.495058200143895],[128.44416802460117,36.497238249727864],[128.43848626624285,36.500834580119935],[128.43339640810373,36.50305004529698],[128.43250397930302,36.5110835824916],[128.43693185916646,36.516236645924856],[128.43371952759574,36.51961259991472],[128.42921928369836,36.521968995916765],[128.43222054480412,36.522714296774],[128.4360827369702,36.52591225230582],[128.4400057529166,36.52806303850879],[128.44612035658776,36.53016433175057],[128.4500292359517,36.53349090269015],[128.45345097971483,36.53773066576695],[128.45692317603144,36.53897406916105],[128.4645412359683,36.539913940491545],[128.46038075165538,36.54652341675198],[128.45607345221947,36.54920544279771],[128.45722907864314,36.55320002633428],[128.45919125631275,36.55595104526577],[128.46125088497047,36.55677668404459],[128.4633322013642,36.56030218974767],[128.4653583538301,36.560389169867655],[128.47679541240217,36.56534916953959],[128.48147677886806,36.567953475359],[128.4885285045052,36.568313178953446],[128.49252298578722,36.56978460133063],[128.49260788861605,36.57262255743667],[128.4947689736046,36.57788852289034],[128.49577884801212,36.58243432601468],[128.49917421016187,36.58435622731545],[128.4920843850172,36.58658574198003],[128.49094353406247,36.588679332424405],[128.4938649005154,36.59970602210205],[128.50183573410206,36.60590102699681],[128.50390338917623,36.60601782285732],[128.50664037054605,36.60208572129298],[128.5132238429753,36.60068461619972],[128.5213975482641,36.601706498356315],[128.52360108679417,36.600768691810835],[128.52811280888406,36.60091406931182],[128.5295314834938,36.601860032192015],[128.53210229259176,36.606820328393184],[128.53486476241784,36.61418538895821],[128.52938595946532,36.61797893333415],[128.52196707157614,36.61959634254604],[128.524208001511,36.62249173931094],[128.52440786930487,36.62832390271836],[128.5324062810759,36.62980692411078],[128.53799423136041,36.633784899153376],[128.5397340344512,36.633622154266824],[128.54406099484586,36.63193301117897],[128.54708481987598,36.63240823074523],[128.54998329826063,36.63611689028],[128.55221554473076,36.63721590652412],[128.55532598508287,36.6353832832837],[128.5598980066196,36.63685850600289],[128.56501415687032,36.64064194497703],[128.56624182176014,36.646023231024564],[128.57070497432034,36.64816717085331],[128.57695798479364,36.64988464312625],[128.57971339193074,36.64723074083046],[128.58189159781182,36.64701121991659],[128.58666815313683,36.650336527295465],[128.5915406095631,36.650684397604984],[128.59640525643502,36.65253319976098],[128.599889695182,36.65166853079918],[128.60455488579285,36.652474051461425],[128.60460845082855,36.657594540717],[128.60569742801502,36.662530023454416],[128.6034469290289,36.66678671919159],[128.60323561847915,36.66894787955614],[128.60501692390253,36.67231451803272],[128.6018991428089,36.67895943816381],[128.60975872011548,36.68579902948929],[128.61008402710127,36.689382549046705],[128.60915890938355,36.69245556552886],[128.6048186268777,36.69256968474694],[128.60263398601992,36.69496580314097],[128.60212650189902,36.69767361292662],[128.59975363795664,36.70179225438902],[128.59762505008905,36.702772976201445],[128.59763386288216,36.704931149463235],[128.59568722770982,36.709167219285426],[128.59582623086607,36.71234735750676],[128.600186326419,36.715325253715434],[128.60834318538173,36.71686701867152],[128.61122414869644,36.716117507495106],[128.61335349791221,36.71267263513482],[128.6154643180854,36.711885923182415],[128.62078205264942,36.71572375814235],[128.62741084445142,36.7168043273599],[128.63037416809405,36.71976673746927],[128.63825959320693,36.71886293177598],[128.63906861075776,36.72024642965272],[128.63894078242026,36.71860228642701],[128.64211639997836,36.71773186051449],[128.64417761659573,36.715568903427915],[128.64956461262923,36.713017484455506],[128.6519942813669,36.71074757729073],[128.65954172683465,36.712514448394494],[128.66283739224863,36.71479885021757],[128.66655869551127,36.71291995625625],[128.66807840863416,36.710927773692106],[128.672921798391,36.70774459429116],[128.67281108487086,36.70497624175054],[128.6785814444112,36.69924156000489],[128.68191676619077,36.70087812138407],[128.6849432587256,36.70028832075947],[128.69197989725026,36.70252434983718],[128.69835888609245,36.70643730044323],[128.70301270879918,36.70207871389643],[128.7090795725786,36.69977059937021],[128.7162783608644,36.703394500220575],[128.72062359803977,36.70253009910283],[128.72215595973012,36.69922065367437],[128.72744165430817,36.69564128327122],[128.73065968741065,36.69609343079105],[128.73443841604964,36.700420203237435],[128.73783397809726,36.703906749480126],[128.7374325958132,36.70580508907282],[128.7341517353112,36.709571812571845],[128.73091825093584,36.71062222648731],[128.72913263077632,36.71383292036867],[128.73084956138797,36.71869068206571],[128.73377903780593,36.72092971669383],[128.73574825061266,36.72470485276537],[128.7353305915126,36.72680215118944],[128.7318784108503,36.72908815598557],[128.73416846954422,36.73542554946599],[128.73646262833063,36.7389464638756],[128.73729359862156,36.744189157215054],[128.742893319508,36.75000243548582],[128.74293685502244,36.755759350475],[128.7378067444242,36.7618872204302],[128.7353349891646,36.76281150961128],[128.73623140818358,36.766264907608104],[128.7391443311404,36.76876749349289],[128.7453766734314,36.777438627113185],[128.73643369066312,36.78318429423209],[128.73686068547116,36.79105166826165],[128.74028581426106,36.790286142333514],[128.74187375627196,36.79144021323377],[128.7433801185726,36.796128314449575],[128.74327288853343,36.79856438357178],[128.7449022400423,36.80067392233598],[128.74652335766248,36.80706080588883],[128.748126994617,36.80906357280801],[128.75146534245255,36.80728610057825],[128.75497090632948,36.80754961821577],[128.7565028473801,36.80985419868571],[128.7586872626353,36.81001897104096],[128.76309632060696,36.80624110791809],[128.76318181727777,36.80244456367068],[128.76617715393948,36.802774292363985],[128.7704665353278,36.805822236301395],[128.77698716246033,36.80505606601431],[128.78130500890475,36.80740071018848],[128.78214001625983,36.80962797624338],[128.7904903039576,36.81424969548798],[128.79415023619833,36.8149115953143],[128.80143399957353,36.82295153947656],[128.80382144474842,36.8230623096948],[128.806433430104,36.82056047527751],[128.80628964117165,36.81773402138113],[128.8031143674071,36.8107478352709],[128.80344835763427,36.80620727345777],[128.80541411999505,36.804847539600495],[128.80718995156005,36.80061696814688],[128.81235780944004,36.79550186969344],[128.81777839884006,36.80034165815311],[128.8206445269621,36.80545955061406],[128.81951607322355,36.809677687492886],[128.8240269750843,36.810869448099304],[128.82724279725795,36.80985109944211],[128.8412090064989,36.809237341225426],[128.84338153021292,36.803500871217835],[128.84608200106686,36.80226612956987],[128.85527369368106,36.801923991383205],[128.86393235992927,36.79870800883557],[128.86444926305685,36.794421689661384],[128.86822090301888,36.790972834256735],[128.87198845082295,36.78861069755617],[128.87479281375204,36.78491817796021],[128.87854399863357,36.78393928490198],[128.88456351072,36.7839921104669],[128.88603528012445,36.77805154945471],[128.88942455966787,36.77419578697731],[128.89137017290574,36.773530050020064],[128.8994738043557,36.77347528071119],[128.90430381320596,36.77531146642861],[128.9094253317452,36.77508277808552],[128.91263269045206,36.77388223187541],[128.91479209282087,36.77108931027489],[128.92063829281943,36.76725143489212],[128.92604936926108,36.76912075438665],[128.9312787782241,36.76794801172855],[128.93705164609077,36.77045419945341],[128.94239512075566,36.77379090837039],[128.94662191690696,36.77354903303572],[128.95455224721738,36.77030569133954],[128.9587555436413,36.76550550398939],[128.9587968344852,36.76254213402219],[128.96102541453232,36.759433431865524],[128.9640086135853,36.752161896436384],[128.96815159830848,36.750623740350186],[128.96978699170194,36.747234109211284],[128.97560534676194,36.7471025946858],[128.9825324510838,36.746056543539424],[128.98561423527906,36.747337216669216],[128.99015966080913,36.74706504962596],[128.991008395578,36.74567660751444],[128.9895575928674,36.73828569977788],[128.98741346210838,36.73562301530212],[128.9893708016418,36.7321739489428],[128.9925213530146,36.73137970944489],[128.99717517127033,36.72736756525153],[128.99606512666108,36.722585730160944],[128.99953011475947,36.7190062732495],[128.99947946041604,36.71441447033567],[128.99638836790422,36.706145806688646],[128.9944158019681,36.704363567751834],[128.99670222592354,36.7018119842341],[128.9974369007056,36.69538833924343],[128.99268562364773,36.692800170619165],[128.99179519760668,36.688913718211666],[128.99365660138267,36.686686096708314],[128.99449700552213,36.681508209751314],[128.99322666861417,36.677863699071345],[128.99083977852612,36.67665131812643],[128.9901686798729,36.67423147196528],[128.99373966639493,36.66945667299785],[128.990507524697,36.664016314954836],[128.99515859440226,36.66179997362443],[128.99555743157458,36.65619848612346],[128.99639050122923,36.65523405379694],[128.9935423563722,36.65305009582938],[128.98994460262554,36.64803005847906],[128.99095363199916,36.64490034071072],[128.9946735741055,36.64186381400143],[128.99157815163315,36.636379927309704],[128.99182279389476,36.63019719560817],[128.99083545399455,36.62608028886057],[128.9910718302762,36.623352302989744],[128.99425005468862,36.622143053845626],[128.99660866978422,36.61853006783364],[128.99784677110873,36.611882688073486],[128.99607768366945,36.60877426940343],[128.99734117139684,36.60471855990702],[128.9996571344122,36.60075446282284],[128.99903143213797,36.593471349637646],[129.00005178829161,36.5885068788843],[128.99945107889334,36.58685641042626],[128.99494228325148,36.58242411322803],[128.99207682648685,36.58141185388208],[128.9905891276033,36.57705191386894],[128.98681916126029,36.57425176743881],[128.98405645685008,36.57320227843],[128.9838909898506,36.56782812081159],[128.97968439824794,36.56491952274052],[128.97936641013126,36.56081296759062],[128.98429149181752,36.56075394090571],[128.9895080473992,36.55533212217494],[128.99173067873326,36.549343592398124],[128.9903255832017,36.54815115961238],[128.9850299724981,36.548095576178646],[128.982763221044,36.54651346300467],[128.97913986586076,36.545693329010696],[128.9761446963856,36.548604703166205],[128.97412123426844,36.54835337223193],[128.97553660063568,36.540442541327835],[128.9729823070128,36.532652517630666],[128.97192060470715,36.53117275933693],[128.97536156621646,36.52727267508315],[128.9801033745078,36.52698614572835],[128.9822028132454,36.52487998457894],[128.98365077072998,36.517865031461724],[128.98569015386445,36.51567100749991],[128.9883269842321,36.51566259218435],[128.99199125950952,36.51723626579963],[128.99389458218891,36.51334371286446],[128.99713791067762,36.51009460570381],[128.9950968071421,36.5051282352981],[128.99563779741274,36.500248745520345],[128.99487308498186,36.49870229222346],[128.9897226969405,36.49545319231923],[128.98832603587178,36.49091126776881],[128.98543214931024,36.48975507904542],[128.9827975591854,36.48622671066336],[128.97554241739508,36.48417437811851],[128.97493573223863,36.47973382238444],[128.98060877554258,36.47587065224402],[128.9787122929687,36.47078154143094],[128.97956272235348,36.468663428029835],[128.98524351252303,36.465102085488624],[128.98506456270113,36.462768024916095],[128.97708373552376,36.46598517833067],[128.97340902415823,36.46687504436924],[128.96883441153622,36.463145006436335],[128.9677904024958,36.46123011091544],[128.96926186151936,36.45915044393824],[128.9702565287868,36.45226497584096],[128.97235708061143,36.451143913228265],[128.9735920307616,36.44671251022445],[128.97597603902764,36.44302330578113],[128.97321169811642,36.43913441392486],[128.9736911961854,36.4344488841818],[128.97306676980054,36.43149295755048],[128.9764381972361,36.42774879722531],[128.9816639885291,36.42397142920964],[128.98259269361697,36.420838267040786],[128.98181315227845,36.417566897380105],[128.9837604473443,36.413616451076784],[128.9838620365408,36.404559902555654],[128.97962080160153,36.40276031851346],[128.98056875963255,36.399518587529],[128.97575611238446,36.392632231332094],[128.97651146870336,36.39001497152567],[128.97474224319743,36.38672491292104],[128.96742747373656,36.37778746613749],[128.96467387175164,36.36917263118689],[128.96162039086113,36.366682558226366],[128.96346721532598,36.36330355907285],[128.9662216355097,36.361136304197125],[128.96588369357727,36.35651711259171],[128.96323802377617,36.35443365561255],[128.96280334256582,36.351494724215556],[128.9660908956979,36.34646662791388],[128.96309306881352,36.342672213279606],[128.96213307756435,36.33838570999184],[128.95659098712215,36.336172410908354],[128.95355790091742,36.3369915151425],[128.95065791270284,36.33581693663007],[128.94763196312354,36.32940533412467],[128.9446773988754,36.32592310522504],[128.9403392696584,36.325383929295896],[128.93833915496495,36.322070052077315],[128.9350765090662,36.320284442097275],[128.9330498115543,36.31801716704005],[128.93227586269109,36.30830548993823],[128.93078203870408,36.30569340660285],[128.92666608610475,36.3065885400599],[128.91947354842165,36.30486757794007],[128.91590364087975,36.30265052178128],[128.91283726202317,36.29849386748878],[128.9065551365995,36.29684244293418],[128.89828667432138,36.295891910734866],[128.8933606755588,36.29621329927022],[128.8893056230567,36.29742482185389],[128.89137208466354,36.30551796311447],[128.88744168530422,36.31191063723468],[128.88747335014827,36.316388143885575],[128.89284221280542,36.32087276959344],[128.89286990080646,36.32578689127479],[128.88855304699916,36.33068646474157],[128.8897069326393,36.33380548382304],[128.88767162272256,36.33722024341366],[128.8868146077767,36.34220603341629],[128.8855843502182,36.343372903883115],[128.876616335306,36.34475736194587],[128.87714510765372,36.348499134562566],[128.88080899312945,36.35623324193774],[128.8806800344391,36.35920913852819],[128.87624122886297,36.364690307684576],[128.87214285570371,36.36611388616934],[128.87757952530887,36.37508332410305],[128.8711704382307,36.37823725825995],[128.86388884024228,36.385048510578535],[128.85960079604592,36.38775362361687],[128.8521736128885,36.38743236058046],[128.85040859760568,36.38829459681582],[128.85046893541625,36.39258164370751],[128.85200474090527,36.39440044945314],[128.85134190047458,36.399279999744195],[128.84973771389298,36.40178646612865],[128.84712773355983,36.402942275661474],[128.84427184982022,36.407891659154494],[128.84530716943013,36.41212601131135],[128.8417868398953,36.41819674443955],[128.8429421436536,36.42017702933571],[128.8411284700557,36.422365688555686],[128.8373626299319,36.423218666533515],[128.83431526018822,36.4276310861647],[128.83353518791444,36.4321080486414],[128.8345318005501,36.43578355862947],[128.82982902359814,36.443655765503806],[128.8309130086412,36.44754727789266],[128.83021216159213,36.451847801642316],[128.82304531718648,36.45208541192762],[128.81865708138636,36.454080103324245],[128.8155564002459,36.45376651710589],[128.81254358524805,36.45504935151185],[128.80953133028183,36.45914595525157],[128.8022270125688,36.45933248905843],[128.79993629006722,36.458791956549376],[128.79841855341223,36.46181103005444],[128.79262023645322,36.465765751077534],[128.78246208518894,36.46483206899503],[128.7794019609213,36.4676605923931],[128.775998080446,36.46879600052099],[128.77297492070952,36.47561370793149],[128.76738600112336,36.48089172325685],[128.7647680893366,36.48163188292139],[128.7592540165883,36.48458711395723],[128.75393791003643,36.48511507759783],[128.74713933919872,36.4891828803213],[128.74255615906065,36.48503071725866],[128.7385611567673,36.482560604626876],[128.73417799948692,36.47837900191844],[128.72783301807397,36.47635971982432],[128.7235706995787,36.47958766613708],[128.7178791713509,36.48194407013337],[128.7149366501183,36.481578179106066],[128.7097746246584,36.4770415248585],[128.70963883436005,36.47328621321522]]]]}},{"type":"Feature","properties":{"regionCode":"47190","name":"구미시","parentCode":"47"},"geometry":{"type":"MultiPolygon","coordinates":[[[[128.34333967477403,36.080047387474366],[128.3409468035446,36.08166972607937],[128.33608490481757,36.08224957916357],[128.33056416494443,36.091454854871586],[128.32354321584893,36.091103010681174],[128.32135632905673,36.091801576259684],[128.31505801673742,36.08879259566861],[128.31313592239638,36.08881752170112],[128.30603008258993,36.085995645048236],[128.29770961332454,36.08759274390539],[128.29323324698564,36.09102997293836],[128.29240686433724,36.094378910525116],[128.28713194800108,36.09732002339057],[128.28055345239696,36.101821134371605],[128.27558639329814,36.10346024304524],[128.27742537891993,36.113696749491325],[128.28132071219494,36.11743533637211],[128.2844332134879,36.12148425438279],[128.29413863669885,36.13070337521156],[128.29617745186883,36.133521152745644],[128.29440004500205,36.1354499439451],[128.28997247933944,36.1377495145568],[128.28712043615397,36.13823158038385],[128.28140421934515,36.141560125211605],[128.28038149914664,36.142922334034324],[128.2872960592469,36.1473922975708],[128.28613676419354,36.15011655353847],[128.28745242320036,36.15286282945271],[128.29065421942244,36.154057344490326],[128.29373688068333,36.164880414746925],[128.2950813412197,36.16830668137811],[128.29180911192762,36.17070997606447],[128.282352288529,36.17220714991845],[128.27800765079755,36.17125612297085],[128.2733222982919,36.17243915200034],[128.27055760344277,36.1740780674608],[128.2701655864812,36.17832452127183],[128.27308175880998,36.18240274537325],[128.27258951953274,36.18606967463823],[128.27061977860828,36.19135274971347],[128.2712938680267,36.19527900119153],[128.26521215960508,36.197705438121815],[128.26251864493784,36.197641248058936],[128.25672741204372,36.201099684659184],[128.24433667226748,36.199132337094255],[128.2442415207243,36.20161752799918],[128.23785140646117,36.200309213395904],[128.23371038998408,36.201875856720925],[128.23535114594955,36.206099166678364],[128.23857974379845,36.2071681767876],[128.2378287752298,36.209369383767644],[128.2342187835886,36.21415730448597],[128.23358774346266,36.21851414156307],[128.23584018786855,36.222285828910536],[128.2362111721592,36.224939290504345],[128.23262441587528,36.22670412607292],[128.22579664312082,36.231658749041735],[128.22405750679377,36.23077113399616],[128.21823849814186,36.230630866764145],[128.2143975250789,36.23665953260739],[128.2094792387193,36.23829526772445],[128.2016703015357,36.23993041831768],[128.1968553737891,36.2447346497577],[128.18811932534575,36.24384471979055],[128.1783825660094,36.24450002318756],[128.17316564015792,36.24543992070428],[128.16907511478672,36.2484605310886],[128.1676104256337,36.25355836862471],[128.16190006603657,36.256455507924386],[128.1513845922705,36.2564705770619],[128.14146102315266,36.25827476571276],[128.13704885134658,36.257151203942556],[128.1371980192872,36.26095282356611],[128.13594424471327,36.26377308732523],[128.13276136259944,36.267941465490125],[128.13316923737918,36.2716876716248],[128.13441873338425,36.273965790514524],[128.1357749546607,36.279985420272546],[128.1401522662302,36.28625045458685],[128.14520563947033,36.28889829030987],[128.14841348879474,36.28800487280465],[128.15378709767708,36.292300178460366],[128.1544253747867,36.29429387489511],[128.1554048690975,36.29523297735505],[128.16241026534308,36.297432825322666],[128.1662668112245,36.297176493578476],[128.1705247352453,36.29995729994636],[128.17238755068118,36.29975863908747],[128.1767904835542,36.29751090354415],[128.179616493127,36.29843870866868],[128.1848734628216,36.297381171158364],[128.18954312547476,36.30064634929959],[128.1954608054572,36.29966771277574],[128.19918986211022,36.29819595259517],[128.20675607285298,36.29886214702091],[128.209896386451,36.30139100140631],[128.2126379877741,36.30505853831446],[128.21850520839166,36.30711116504483],[128.22472313583606,36.30598570907539],[128.22576211428708,36.30391773021604],[128.2291771191541,36.304393098794534],[128.22863351785645,36.308582714903245],[128.23094310026798,36.31460469437685],[128.23148749615785,36.31820743271024],[128.2305682673681,36.32042393515526],[128.23199361193494,36.32421485219066],[128.23153973289777,36.32748537374487],[128.2300491613113,36.32978811039232],[128.23149676904984,36.333838735513424],[128.2337055717016,36.335286582328415],[128.23792449501727,36.3421419884994],[128.2477981292856,36.350936145406514],[128.25141846664906,36.35175274079565],[128.2520977021879,36.353251296906315],[128.25097648544977,36.35701602124255],[128.253289871886,36.36037362330147],[128.25882649288457,36.361901555317594],[128.27186769471365,36.36184907802598],[128.27593853950262,36.35937748359778],[128.27848193725134,36.354963477594694],[128.2774548124161,36.35012120739899],[128.28404611886023,36.34725350330279],[128.29083837982748,36.34508424209941],[128.29342483049882,36.348002296491195],[128.29688618769748,36.34534922675535],[128.30164546596558,36.34359642343612],[128.30463923920396,36.338080364578225],[128.30487948819624,36.33257749302824],[128.30832030765586,36.330329278029666],[128.31406013441145,36.33060682572224],[128.31617189532005,36.33542256552651],[128.32058375653335,36.33804843226838],[128.32563448260944,36.342557123316915],[128.33089024933943,36.343175367652954],[128.334506295136,36.348822517401814],[128.34109772843865,36.3485120969526],[128.3508033674843,36.351118863175344],[128.35353098316844,36.34792861002274],[128.35484293956603,36.343856437520174],[128.36166874453335,36.34151114118516],[128.36613097426775,36.33893349196576],[128.36734758033964,36.33687952601075],[128.36665793057293,36.33345804222045],[128.37278731659868,36.324840900714655],[128.37916762123436,36.32265968506033],[128.3810414592735,36.31777637381681],[128.3809985985802,36.31235141623857],[128.38723898285912,36.31023182593557],[128.38975151832028,36.30786041977076],[128.38792562281958,36.30349832646354],[128.39080596755656,36.29957128950678],[128.39557370875917,36.29753429484272],[128.3966320404457,36.2934885403368],[128.4016496952312,36.28949089929137],[128.40662015084752,36.287508207651186],[128.41125451269397,36.28751116390258],[128.41402178428223,36.28312355681229],[128.42368052889657,36.278889773546666],[128.42698580796687,36.276156132931135],[128.4265227639111,36.27367424464428],[128.4215152415893,36.26861790992729],[128.42111573673066,36.261533364976195],[128.41937390486734,36.25885454698104],[128.41656550483103,36.25763147918002],[128.41936848503437,36.2547688644528],[128.4213911198321,36.25060210251966],[128.4193241522847,36.245698833761345],[128.42005138462298,36.243324594845035],[128.4237770416211,36.24036403735093],[128.4238230280327,36.236646761286764],[128.43069358336547,36.23605134376856],[128.43359353043,36.23516362436811],[128.4345536014297,36.23110884203719],[128.43827208986374,36.22661831663726],[128.4375807186088,36.22238656624228],[128.44078169788926,36.21801424909969],[128.45291601532475,36.223327281472436],[128.4545066080631,36.22469004636624],[128.46198692710095,36.228442389231645],[128.46677101918092,36.22955991563715],[128.4702309731282,36.229303282079],[128.4758235852744,36.23125564647703],[128.47797353972314,36.2339483924624],[128.48007378324684,36.23327104845292],[128.48482742334724,36.234067334286564],[128.48608953216572,36.231219878598495],[128.47955085571027,36.22448089527724],[128.48628904141393,36.22390703564382],[128.48957608976067,36.218690079980426],[128.4887604688875,36.213379477935035],[128.49198930898677,36.210281177397874],[128.49448589084386,36.20527802055517],[128.49512403926846,36.20115607750845],[128.49471623622867,36.197711523062765],[128.50357161962566,36.19276838059418],[128.50287442804745,36.189223008105884],[128.5043477491319,36.18498935571777],[128.5079845603092,36.18622166657544],[128.51256534643403,36.19120285892137],[128.5153555543532,36.19598754821738],[128.51569470644426,36.198553620778036],[128.51802286460776,36.200539816063696],[128.52287216137069,36.20069350727641],[128.52408416485812,36.200739152115816],[128.5389458814859,36.19366764867804],[128.53914556791761,36.19155202362733],[128.54322496352475,36.18688866705049],[128.54586834366052,36.181692623970775],[128.5490898743937,36.17814730165646],[128.5574497182463,36.17804592580625],[128.5542923284247,36.17340523745367],[128.55362861825068,36.165296123158136],[128.54786135370182,36.164382804188385],[128.54436027211,36.16611126847374],[128.54048348296544,36.16155686442282],[128.54249598141485,36.15479290296783],[128.54515025672234,36.15288703455193],[128.55047179287718,36.15073503391163],[128.54832834190833,36.14788809019652],[128.5491114421572,36.14547620251992],[128.54814674977615,36.14095864346395],[128.55257049831425,36.13846789547135],[128.5516471876997,36.13530312087208],[128.5486401642974,36.1309817040515],[128.55285957634518,36.12835760006013],[128.5526669409707,36.12502209250026],[128.55492318468654,36.12129089164039],[128.55831683924433,36.11929426158575],[128.561933121389,36.11931371987289],[128.56431434221244,36.114785861265396],[128.56309854374453,36.11167669770787],[128.55978995423283,36.10919108814281],[128.55216705142942,36.11022752276238],[128.54806790076174,36.108905513041535],[128.54556869078468,36.1095668346598],[128.5430506435807,36.112200936785776],[128.53959950429038,36.110141818475554],[128.53647411799372,36.11079080252073],[128.53477718389132,36.11239937848999],[128.52637525444672,36.11150073240722],[128.51969845450822,36.114731104602676],[128.5152453237184,36.11207422337403],[128.50830229345752,36.11065853950965],[128.49673982806704,36.115825179481675],[128.49614823508566,36.12084368684066],[128.49441058917864,36.12420896844307],[128.49030850555303,36.12519061887266],[128.49114368633602,36.12167552630773],[128.48914976480685,36.11531168400597],[128.48269571568176,36.110264563605405],[128.48074863938692,36.10650642144237],[128.4788171415611,36.10498167398949],[128.47951498487998,36.101468706525324],[128.47539914733758,36.098672715978964],[128.47689148613813,36.09277083420478],[128.4746447143377,36.08983937602397],[128.46732140673427,36.08439816211756],[128.46496153805685,36.08327331838306],[128.46335622274168,36.07918831017945],[128.46442576860014,36.07677948884927],[128.4688134009696,36.07271487414952],[128.46272852829267,36.06967390609625],[128.4534890821774,36.07241848452364],[128.44685032953353,36.075944532274704],[128.44607417312858,36.078014319494024],[128.44348290082817,36.07877475895309],[128.42929695664077,36.08032027334974],[128.42405598741126,36.08419625180448],[128.4234750628776,36.08692164152205],[128.42037121290414,36.08719242607361],[128.41985402051515,36.084908643367356],[128.41567011728,36.08259088950925],[128.40852678490856,36.083279250818734],[128.40626308539885,36.08780106207041],[128.4062819773944,36.0904990782273],[128.40374445576617,36.091940880918074],[128.39816264696213,36.0922163175847],[128.3984459830567,36.090398488894614],[128.38258594495775,36.073999889568825],[128.3849775522135,36.070239101816526],[128.37857868856213,36.06545137814497],[128.37270691320182,36.06509102848283],[128.37110386018563,36.066078759467544],[128.36549781068408,36.06177274430424],[128.36146059341925,36.06070528342198],[128.3585722074023,36.063719492048406],[128.35275100360465,36.06732609019328],[128.34703042323622,36.07174935488792],[128.3449493500515,36.075476929614474],[128.34527564271733,36.076947163473825],[128.34333967477403,36.080047387474366]]]]}},{"type":"Feature","properties":{"regionCode":"47210","name":"영주시","parentCode":"47"},"geometry":{"type":"MultiPolygon","coordinates":[[[[128.57680330408738,36.73408209203198],[128.57287922943584,36.736243830571055],[128.57010382770238,36.735790861809775],[128.56898958635838,36.738684728322326],[128.5706845590459,36.742975341699186],[128.56710752131224,36.74727711412726],[128.56562809155244,36.75074693435451],[128.566012562377,36.752560314815064],[128.56387563214986,36.75446895387647],[128.56144691719382,36.76012343460604],[128.55576918937803,36.76097494598088],[128.55168184342295,36.76536761581242],[128.55158435262263,36.767625575373515],[128.54745980913057,36.766543191704685],[128.54190683388336,36.76762523549279],[128.53656797117105,36.7733632039918],[128.5325518527102,36.77270110313359],[128.53013786884367,36.7709143138747],[128.52312661436352,36.77020829373212],[128.5190282410803,36.77136833491347],[128.51527656254095,36.76956988778011],[128.50637476743037,36.763800939282945],[128.49912297403893,36.76491803631551],[128.49568319344414,36.769593470381125],[128.49030636919255,36.77188730100798],[128.4822489260028,36.7767469988254],[128.4748434766703,36.7766590406602],[128.47428825311522,36.78165506449486],[128.47648413081146,36.7865527911004],[128.47579418236722,36.79374535378261],[128.4741378807811,36.79979365548362],[128.47098600191825,36.80345349560309],[128.47314628182798,36.81071585589824],[128.47288904153314,36.81365776421086],[128.47426616767325,36.816891862224516],[128.47712099131104,36.818214329054065],[128.47826181695183,36.8239755357184],[128.48186630300805,36.82769798907308],[128.48249495987997,36.82986235078549],[128.48125816707378,36.83492107227746],[128.475502778167,36.83795369496116],[128.4730032432294,36.84066489712242],[128.46209519620024,36.84683269810329],[128.45932077807623,36.84555404750233],[128.44911010799643,36.84891436503374],[128.4471372162839,36.854583193726555],[128.4477296042809,36.86129707598899],[128.44891961467798,36.863386092161186],[128.44292648435038,36.8683030555654],[128.43857971221533,36.87331410600595],[128.43247914097208,36.875359443203614],[128.4282285343642,36.87510067848618],[128.42440683903914,36.87647074297153],[128.42495215595642,36.87915791613213],[128.42711995712713,36.88104706239842],[128.42804998712805,36.88584179252106],[128.4269532043518,36.88930708654278],[128.43606433799835,36.896990251594076],[128.44010726085588,36.901370626357995],[128.44486089667743,36.91381454943066],[128.44539665815682,36.91775151878028],[128.443151567754,36.92010305468336],[128.4435670364539,36.92261279671716],[128.44186829018182,36.92790034504325],[128.44518566469202,36.92821203704645],[128.45704011650116,36.93384643626712],[128.46020161003437,36.934006045109754],[128.4628122779952,36.94208917143162],[128.4632417928852,36.94744564488519],[128.46779412950497,36.95181351288882],[128.47712720947928,36.957540942850706],[128.48131027249593,36.95811125448404],[128.4849627800936,36.95746230422018],[128.48552100467063,36.96171120304223],[128.4889724875405,36.96345008327101],[128.49511472683426,36.96499005629229],[128.5048644362648,36.96914485406252],[128.50684503700236,36.97200071882283],[128.51362876208327,36.97681119768723],[128.51285326911295,36.98076698212307],[128.5143901397516,36.98343553760154],[128.5144905684291,36.98680996018055],[128.5160243965374,36.9868871225558],[128.52621127754097,36.99023082793273],[128.5330813555346,36.99013430737613],[128.53808577769047,36.99076100617649],[128.54514062969739,36.99313718510055],[128.55471038740134,36.99823499494264],[128.5561781314709,37.00179386614913],[128.55635353406086,37.005672768981086],[128.56290354661084,37.007957035158555],[128.56992059397695,37.01373228275177],[128.57146781889236,37.01642785165577],[128.5728213180685,37.021881681172715],[128.56692940908064,37.026510105483624],[128.56516267619105,37.030866848307475],[128.5676694303343,37.03414105050698],[128.5721402857256,37.036104767709915],[128.57656045793112,37.03546642821854],[128.58028399447608,37.03933381754046],[128.58187724718408,37.04262977852208],[128.583858340636,37.04389168455067],[128.59188523057603,37.04231046155705],[128.60678837500316,37.043395796810316],[128.60717446260148,37.050190061984395],[128.608824343456,37.05262597752153],[128.61926567694755,37.04954960139759],[128.62297445651365,37.04535028526608],[128.62455024017902,37.04511985078053],[128.62729664725148,37.04106347295847],[128.63029138629912,37.038997749139575],[128.6328992268561,37.04263743711992],[128.6345299659278,37.04654770292248],[128.63758479366686,37.05141672235191],[128.64237088414947,37.05581480411043],[128.64461641320358,37.06192599188822],[128.65222772050285,37.06545686450225],[128.65572701866782,37.06458590628249],[128.6574891179996,37.06108094386173],[128.6638891507806,37.06093354047114],[128.6695413058717,37.05950968347658],[128.67540955250269,37.05876997160526],[128.67963931523946,37.05583567788366],[128.68034605393643,37.05398761026435],[128.6837410026289,37.05164343805052],[128.68867294388707,37.05307122354834],[128.69145061826708,37.051011023099214],[128.69855318437826,37.0427620138506],[128.7007065614917,37.0409957158272],[128.7089378210124,37.039230198127456],[128.7055782348143,37.03407937913137],[128.7022657028391,37.03223371706794],[128.7007392468833,37.02900322879482],[128.70008178869227,37.02484943533782],[128.70098113926426,37.020406909913405],[128.70141261765804,37.01292632166308],[128.7003290700045,37.01111216732907],[128.69285232473888,37.00387514985696],[128.6942017198872,36.99844513312014],[128.69378874715676,36.994332963958904],[128.69203867149338,36.99160723891885],[128.6914822675888,36.98333029304735],[128.69017886128935,36.97934476443935],[128.6932028388426,36.97690778271687],[128.69301606581556,36.97384598564162],[128.68870553329324,36.971102072497224],[128.68686753932218,36.96889469706034],[128.6862573277879,36.95976792915342],[128.68466759779295,36.95930207194579],[128.68144755102634,36.95339571716993],[128.67816497302297,36.95374685671436],[128.6764376338493,36.95075104595567],[128.67515089884776,36.94570212628934],[128.66658386085842,36.94244919140686],[128.66173132421,36.938006462256034],[128.6607387466619,36.932750766996854],[128.6588521946389,36.930773663956955],[128.6601112148071,36.92839768310471],[128.66639249439095,36.92340545890195],[128.66542432145437,36.92139739340695],[128.6684255556488,36.91982663012515],[128.65916799364743,36.91018437905954],[128.6553625214834,36.90956849550616],[128.65446336267894,36.91152134107353],[128.64913025222435,36.90951933128503],[128.64802617032797,36.905251244380985],[128.64279528028788,36.896088380461094],[128.64101493772142,36.89130028038199],[128.6373623813665,36.88767785071331],[128.6381603456251,36.88504857282411],[128.64442146500153,36.88010227228094],[128.65086315564673,36.880515799457775],[128.6500654564583,36.877934591946804],[128.65336837967558,36.875371299364055],[128.65532349638312,36.87263123121893],[128.6557682493479,36.869244520250575],[128.6531072835627,36.86710507419015],[128.6504336429823,36.866846123085686],[128.64432140002933,36.86340381580139],[128.64194396222913,36.85732268149069],[128.6433309504585,36.85563677978071],[128.6551713058825,36.85263199927917],[128.65987200239937,36.849506728663236],[128.66215951502716,36.843527146698825],[128.66408665900258,36.84159099982176],[128.6673858705279,36.844644992366035],[128.66940891548523,36.84341719581462],[128.67285453791743,36.841609258815026],[128.67474190301036,36.84418517645317],[128.67341603718873,36.84792233578748],[128.6779325782369,36.85029168446202],[128.67717863405588,36.85555090318471],[128.68146126929884,36.85749882083272],[128.6823162556902,36.86033768749072],[128.6861674831066,36.86331931145804],[128.69250648742354,36.8618613016911],[128.6994323406307,36.86170945470322],[128.7013916246417,36.8607498369719],[128.70542824947358,36.86706491917312],[128.71044787765896,36.86649450424948],[128.7147346240647,36.8645357375545],[128.7160788648989,36.866407672692866],[128.71990053289187,36.86768692248375],[128.72469436594875,36.86573113713428],[128.72655872341022,36.86616507200753],[128.72857940173265,36.86270806951649],[128.72557037056984,36.860412308942465],[128.7271459383543,36.856000293079944],[128.73242250078246,36.84689441042958],[128.73663753944214,36.84421938297388],[128.7366709425627,36.83932716731316],[128.73478198501883,36.83664177429846],[128.7311922210055,36.83523699072133],[128.7291023842618,36.83241103641073],[128.72591627695627,36.831010357695206],[128.7204962363618,36.830842152349646],[128.71858687353935,36.829339829611385],[128.71834354908918,36.824711854345644],[128.72050977759204,36.82434038389671],[128.72443703422633,36.82128040570112],[128.7307705923822,36.822798996586485],[128.72760127891527,36.818826343435084],[128.72806393619945,36.81503484412134],[128.72729679134486,36.811109206212286],[128.72450703749809,36.808040859809076],[128.72296716082758,36.80420543129577],[128.72361256822157,36.802208591631015],[128.7212484525065,36.80084438626081],[128.7256302014582,36.79281511274029],[128.72910345651536,36.790748698826626],[128.73213773328015,36.79155488438652],[128.73479066849518,36.796826879713514],[128.73596841078052,36.80189290988086],[128.7433801185726,36.796128314449575],[128.74187375627196,36.79144021323377],[128.74028581426106,36.790286142333514],[128.73686068547116,36.79105166826165],[128.73643369066312,36.78318429423209],[128.7453766734314,36.777438627113185],[128.7391443311404,36.76876749349289],[128.73623140818358,36.766264907608104],[128.7353349891646,36.76281150961128],[128.7378067444242,36.7618872204302],[128.74293685502244,36.755759350475],[128.742893319508,36.75000243548582],[128.73729359862156,36.744189157215054],[128.73646262833063,36.7389464638756],[128.73416846954422,36.73542554946599],[128.7318784108503,36.72908815598557],[128.7353305915126,36.72680215118944],[128.73574825061266,36.72470485276537],[128.73377903780593,36.72092971669383],[128.73084956138797,36.71869068206571],[128.72913263077632,36.71383292036867],[128.73091825093584,36.71062222648731],[128.7341517353112,36.709571812571845],[128.7374325958132,36.70580508907282],[128.73783397809726,36.703906749480126],[128.73443841604964,36.700420203237435],[128.73065968741065,36.69609343079105],[128.72744165430817,36.69564128327122],[128.72215595973012,36.69922065367437],[128.72062359803977,36.70253009910283],[128.7162783608644,36.703394500220575],[128.7090795725786,36.69977059937021],[128.70301270879918,36.70207871389643],[128.69835888609245,36.70643730044323],[128.69197989725026,36.70252434983718],[128.6849432587256,36.70028832075947],[128.68191676619077,36.70087812138407],[128.6785814444112,36.69924156000489],[128.67281108487086,36.70497624175054],[128.672921798391,36.70774459429116],[128.66807840863416,36.710927773692106],[128.66655869551127,36.71291995625625],[128.66283739224863,36.71479885021757],[128.65954172683465,36.712514448394494],[128.6519942813669,36.71074757729073],[128.64956461262923,36.713017484455506],[128.64417761659573,36.715568903427915],[128.64211639997836,36.71773186051449],[128.63894078242026,36.71860228642701],[128.63906861075776,36.72024642965272],[128.63825959320693,36.71886293177598],[128.63037416809405,36.71976673746927],[128.62741084445142,36.7168043273599],[128.62078205264942,36.71572375814235],[128.6154643180854,36.711885923182415],[128.61335349791221,36.71267263513482],[128.61122414869644,36.716117507495106],[128.60834318538173,36.71686701867152],[128.600186326419,36.715325253715434],[128.59582623086607,36.71234735750676],[128.59568722770982,36.709167219285426],[128.59763386288216,36.704931149463235],[128.59762505008905,36.702772976201445],[128.59601191308488,36.70084815964425],[128.59164298426936,36.70000823159567],[128.5897457843344,36.70087541534438],[128.58902331606518,36.70545606624198],[128.58705551348865,36.708654476949675],[128.58530441278293,36.709077982509264],[128.58389426252788,36.71304474742424],[128.58035792797457,36.719931385241274],[128.58013516472656,36.72298962231229],[128.5761818472865,36.7248559252675],[128.57704889848605,36.72993059478585],[128.5785158492272,36.73213686440819],[128.57680330408738,36.73408209203198]]]]}},{"type":"Feature","properties":{"regionCode":"47230","name":"영천시","parentCode":"47"},"geometry":{"type":"MultiPolygon","coordinates":[[[[128.96748302971116,35.841449430631286],[128.95919828913296,35.84169693618186],[128.9495452708013,35.83295270884074],[128.94402751221827,35.8298630434902],[128.94115715243424,35.83080702281174],[128.94110426631732,35.83335106651905],[128.93872467756995,35.835596054128786],[128.93529609454453,35.83531468162111],[128.93359455101546,35.837118549033335],[128.92572582929603,35.835561852003885],[128.9239554319697,35.83357059852894],[128.92119361313894,35.834269242180255],[128.91488468160765,35.837399267234446],[128.91397163439873,35.83380471732083],[128.9101068270281,35.83160347097829],[128.90224739716075,35.837132367839374],[128.89453795167822,35.837422397057324],[128.892091262535,35.844641737669335],[128.88578144484316,35.84296436832279],[128.88222596192546,35.84315099121359],[128.8817058361605,35.84544053330862],[128.87846750448406,35.84934340098512],[128.87517651574055,35.85102167999666],[128.87430913563367,35.857112737909084],[128.87514610894576,35.86046568689299],[128.87297809404603,35.865959917676534],[128.86615181729667,35.86974999467655],[128.86364430913608,35.87059301655102],[128.85983322430306,35.87366275685614],[128.8586207882726,35.87684182796034],[128.85921993387583,35.8788412602276],[128.8660427512512,35.88360908157767],[128.8695474561202,35.88335854257589],[128.87515318175514,35.888189538321384],[128.87046816400033,35.8918939429628],[128.86969689479136,35.894059800293086],[128.8645438166234,35.89665270673268],[128.85532376287495,35.89977727387998],[128.85542908472755,35.905670281843854],[128.85316461709024,35.90799505668088],[128.85673092811618,35.91160588047523],[128.85657388112602,35.916046541277616],[128.85250082570798,35.9203028891892],[128.85740504357884,35.926721321342846],[128.86220837176828,35.928537201184696],[128.86084635968675,35.933428891448045],[128.86125172082671,35.93727699306398],[128.86031999362396,35.943069419542844],[128.85798413141495,35.947913244411005],[128.85933699238782,35.95222988831175],[128.85617518290843,35.95274856038952],[128.85217019831032,35.95951215167693],[128.84598175598137,35.96285595973388],[128.84152535263664,35.96234491124197],[128.83930377025098,35.96589534459014],[128.83653670555447,35.96813723899696],[128.82780823934365,35.96403401432221],[128.81321798293922,35.96539777439067],[128.81157594831862,35.9675674249273],[128.81258834883027,35.969647495318036],[128.81184133671192,35.973224803932915],[128.80725752375207,35.97505468551647],[128.80057953204155,35.97946508017472],[128.79861424210569,35.98170492489005],[128.7929875076948,35.98380873938244],[128.79075986082364,35.98371054725889],[128.7860713123741,35.98799843281531],[128.77996395535908,35.985320847063086],[128.77439932015852,35.98457390565144],[128.77245440948144,35.98301894497053],[128.76520239881583,35.983862607441324],[128.7608300091477,35.9871895619143],[128.75203820807673,35.99074550063953],[128.74936335427407,35.99045610259599],[128.74003747703807,35.993216070244166],[128.73516276731831,35.99290436358518],[128.7320018275,35.9970902113924],[128.72881536197647,35.99801819637585],[128.7289463310626,36.00160209242203],[128.72328192711836,36.00595122909236],[128.71875812473573,36.00806462736041],[128.71518283477377,36.00790239088772],[128.70052014311597,36.01120515860693],[128.6973842897795,36.013170045547085],[128.69524562537185,36.016296647152906],[128.69929551242757,36.02203383122757],[128.70105819619977,36.027433286981626],[128.70036674814497,36.0313151977841],[128.6968446358908,36.03536763723697],[128.70151102910492,36.04002764107316],[128.70469644726973,36.045658358512355],[128.7045621411642,36.05018438831165],[128.70255853121589,36.05561546805699],[128.70468350542626,36.05912485022089],[128.70721265248994,36.06076642732804],[128.7092136438859,36.06410068995149],[128.70889665909388,36.0671226821962],[128.7113931050957,36.07365290319214],[128.71402001392295,36.075593411063394],[128.7237524452178,36.07353491074751],[128.72684861733265,36.07683580503704],[128.7294134869012,36.08104050121212],[128.72751549595927,36.08672624515121],[128.72540675575368,36.08707752125336],[128.72520305208985,36.090377778602374],[128.73372593781164,36.09462353537932],[128.74169960593034,36.100518773588284],[128.7439368964256,36.10284046115382],[128.74509122345773,36.109150137541725],[128.74685129282187,36.106923647059624],[128.75158718977173,36.10362748932948],[128.7520613980667,36.092888597066256],[128.7536338244288,36.09178893207027],[128.75684674307192,36.093964993003894],[128.75841395189255,36.09680732326104],[128.76447727249405,36.10050998918742],[128.76844116768535,36.09952946686039],[128.77064348793851,36.09524014204211],[128.77680749650838,36.09482826624222],[128.78482666224247,36.091111428972575],[128.79102270403627,36.086726936173754],[128.79537173194976,36.08695716015495],[128.798466496846,36.084970346504505],[128.810476362285,36.088798596626326],[128.81350030555583,36.09171913907706],[128.81636475925887,36.09227895975821],[128.8180689504385,36.09718926160987],[128.82226194542525,36.10053912381564],[128.82761504308274,36.10140699462087],[128.8308466231749,36.10261918535351],[128.832153244022,36.104853646120645],[128.83568482329605,36.10582565587693],[128.83684197697102,36.1076946857714],[128.83757773631328,36.112454072208955],[128.84383212742068,36.11481471541712],[128.8454721111617,36.11715372545629],[128.85017030267767,36.11887424526865],[128.8529736684167,36.12774679041599],[128.8525944009174,36.130956637785765],[128.85053082159345,36.1346914603547],[128.85098970605986,36.13842607293102],[128.8555232188366,36.14080132650036],[128.859100249856,36.14530626321151],[128.8632216327632,36.14477816570988],[128.86838644188586,36.14514771648307],[128.87632792681825,36.14235090163883],[128.88528925483158,36.14328683267842],[128.8889242563112,36.14263209780842],[128.89150557147892,36.14338656108993],[128.89018868102318,36.14724482678095],[128.8925032949396,36.15553820029258],[128.89598832221154,36.15991920039541],[128.90008530322925,36.16254592643499],[128.89418486418822,36.16952632431315],[128.89605094761419,36.173443362099746],[128.8968469276608,36.17642452473581],[128.90416346629152,36.17751669999068],[128.90908867340812,36.18070899028371],[128.91450740232523,36.180955466019846],[128.918477569984,36.183259289613986],[128.9194532953899,36.185435474891506],[128.92807047716582,36.179790741485405],[128.9362193217372,36.178913964093134],[128.9408631077905,36.17721336849757],[128.94338679358194,36.17377394175456],[128.94773837035248,36.1717227215541],[128.94969011833743,36.16896899803018],[128.9622809044599,36.16634262400708],[128.96417073618105,36.16388013959316],[128.96817838567583,36.16149170128362],[128.97387941048964,36.16086394037359],[128.9783251033484,36.165935717880224],[128.9831591518045,36.16759186287163],[128.9874917298352,36.16796491628093],[128.9950912743284,36.166455754970336],[128.99791082315963,36.16417100812245],[129.00213986171167,36.16417104234322],[129.00676313736957,36.162594340784494],[129.0122420679001,36.16302351509961],[129.02013526032192,36.16023997073224],[129.02561923488736,36.15900929697938],[129.03161532075453,36.16064289324301],[129.0402395737607,36.15891890109741],[129.04279263943397,36.159174548371396],[129.04492422208511,36.15668750498576],[129.04433970741022,36.15460111052043],[129.04543564374407,36.15118072807547],[129.05062404346828,36.15063046645489],[129.05360385148452,36.14940703175897],[129.05376528248746,36.14764608811597],[129.059156813294,36.14399932883994],[129.0617417926893,36.14352442259131],[129.06348758647852,36.14025443917632],[129.06411078428545,36.13640733735908],[129.0592558348157,36.135365921529996],[129.05663039219357,36.13165968911804],[129.06654000834905,36.12410820767839],[129.06926982468406,36.12063591817359],[129.068461010107,36.11838907094745],[129.0713123070746,36.114736405609],[129.07871766893655,36.11158531989279],[129.08190843419305,36.11724389126827],[129.08925315438,36.11859893109603],[129.0907953210199,36.119869232350425],[129.09772575858256,36.12185080050999],[129.10273061751477,36.11741941543296],[129.1044427816081,36.116645549918694],[129.1050256937507,36.11422226063572],[129.1012170095353,36.10888196978128],[129.09902211233248,36.107080319299584],[129.0932402354486,36.10466013554032],[129.09255285597345,36.099796811057615],[129.09777075705233,36.09394897559921],[129.1009023436818,36.08907725932634],[129.11076081126268,36.083671460816994],[129.1120038042689,36.07984216537728],[129.11994469824634,36.078921081744696],[129.1288281661485,36.08085657097445],[129.1333617323652,36.07488777764988],[129.13453713956497,36.07068106742255],[129.13339092988096,36.06884283675316],[129.13787050133902,36.06162534899764],[129.14133146448097,36.05801818633777],[129.1455285269817,36.056740531318866],[129.14925942409215,36.057423409299034],[129.15157052078865,36.054838042187214],[129.1497591516205,36.05287882928534],[129.1513376155534,36.04962860838207],[129.14633439157816,36.045523043345405],[129.13968514897397,36.043194066235536],[129.1342119196106,36.03423939541666],[129.14037342137578,36.02468404799182],[129.14162747745496,36.02181361780941],[129.14428722246433,36.01151708172614],[129.14233896905927,36.00955175330022],[129.13251616116918,36.00575773075963],[129.1269362274124,36.005408259248604],[129.12272481124126,36.00683778685751],[129.1168046038032,36.01255233178175],[129.11435745540706,36.012100355469464],[129.11046171085934,36.004792928627324],[129.11300733922985,36.00139377750421],[129.11056974255536,35.99674439006964],[129.11263928838864,35.99131368239295],[129.11714131427001,35.98553136824123],[129.11721742378427,35.97928578685874],[129.11808684095993,35.97412361749443],[129.11796638121243,35.96741969786127],[129.11721575636037,35.9629635477403],[129.11777590563452,35.96006415681754],[129.1211449342509,35.956317468330795],[129.1249106515518,35.950746597690554],[129.12738965328717,35.94987368191156],[129.1283865417945,35.938684315895806],[129.13174873508322,35.93767382935605],[129.13446196816,35.93421131750725],[129.13484371674141,35.931662919338955],[129.13307692632634,35.927176932644144],[129.13094197416171,35.924030338828906],[129.12737100784716,35.921797148937934],[129.12415889436525,35.92282560725692],[129.12115675457198,35.922230925398786],[129.11857991165027,35.91925856874953],[129.11853916732326,35.917051126788515],[129.1152523870025,35.91699622436276],[129.11386928195682,35.92321324229316],[129.10987190867846,35.92984365172424],[129.105266903689,35.93418613757627],[129.10066277081648,35.937669011254066],[129.09457078111538,35.94069105863482],[129.08962707155453,35.93859498486913],[129.08684323601807,35.938992903845175],[129.0820139258315,35.93745231494084],[129.0785174314168,35.94179733021536],[129.07201049811528,35.94272770275615],[129.0670964296098,35.942265290632236],[129.0647652124338,35.940853207919965],[129.06291271888583,35.93800512366449],[129.06066551550032,35.93427918047028],[129.06143696765136,35.93003084743221],[129.06050970395805,35.92614778513888],[129.05744778120342,35.92599858795891],[129.0563520728566,35.92198393410908],[129.05487152942493,35.92012698857238],[129.04853980951063,35.91922679769809],[129.04744227120656,35.91832678544725],[129.0455611211554,35.912667187799244],[129.0415187872355,35.911862029775115],[129.03786089676578,35.91208099249778],[129.03239629404575,35.90735584606471],[129.02852661551864,35.90466505126596],[129.02687596995943,35.89933735372733],[129.0289682724413,35.89822644230984],[129.02604667323874,35.89056732411527],[129.0288263401294,35.8840220335412],[129.03291954391136,35.87070959119515],[129.02700110909268,35.86316833816533],[129.024211107772,35.86278960219469],[129.0219142615294,35.85906365996919],[129.01870881975628,35.85640612815832],[129.01609841222054,35.84980338476317],[129.01412912518515,35.84619748960155],[129.01299248897752,35.844782381130116],[129.00873003784218,35.844920908706904],[129.00404459106235,35.84246696382276],[129.00029425131865,35.842170890245164],[128.9943830840974,35.840207512269544],[128.98928571238508,35.83775978433269],[128.98656004465582,35.834398740914956],[128.98408681381355,35.833431198217234],[128.97774404778752,35.83288585165093],[128.97076130541623,35.835443287836895],[128.97081907071507,35.837727789199455],[128.96926119849553,35.840915443099846],[128.96748302971116,35.841449430631286]]]]}},{"type":"Feature","properties":{"regionCode":"47250","name":"상주시","parentCode":"47"},"geometry":{"type":"MultiPolygon","coordinates":[[[[128.15378709767708,36.292300178460366],[128.14841348879474,36.28800487280465],[128.14520563947033,36.28889829030987],[128.1401522662302,36.28625045458685],[128.1357749546607,36.279985420272546],[128.13441873338425,36.273965790514524],[128.13316923737918,36.2716876716248],[128.13276136259944,36.267941465490125],[128.13594424471327,36.26377308732523],[128.1371980192872,36.26095282356611],[128.13704885134658,36.257151203942556],[128.1356489852931,36.25454194874139],[128.13114527786416,36.2514294583554],[128.12637616000208,36.25239578525651],[128.12005010369535,36.252810361039906],[128.11936640026997,36.250080038274476],[128.12089112522466,36.246074426627345],[128.1189860476638,36.243198052621324],[128.1138325008757,36.24097399107914],[128.11207637756337,36.238550166822534],[128.10869107810478,36.23714637737761],[128.1081153375602,36.23902448231542],[128.1022243641562,36.243329791316384],[128.0994407794977,36.24913161972237],[128.09646047742464,36.25229627576482],[128.0925333994903,36.25211988318866],[128.09113652001867,36.253876304539865],[128.08793876678482,36.25322317645296],[128.08848804587188,36.25082895144822],[128.0871383028857,36.24884250544959],[128.08235512710485,36.246575359642264],[128.07658538859152,36.241627922271036],[128.0719944277705,36.24311066133954],[128.06645540530891,36.24291638241346],[128.06031380699227,36.245401289561514],[128.0567677994827,36.2435637594633],[128.05096878085178,36.24419043499612],[128.04711524459256,36.24743347566664],[128.04465646957203,36.25268141139317],[128.04802614151149,36.257139240048005],[128.03978365959415,36.25917161773477],[128.03283311657768,36.261876494297034],[128.02984870793216,36.26474432112203],[128.0279641553517,36.26476050992014],[128.02623372844707,36.26786747748041],[128.02042337050835,36.267127637480655],[128.01560934987793,36.26803697004072],[128.0118672142043,36.27143710319261],[128.0081321340936,36.27161333495534],[128.00055817202036,36.266374157633564],[127.9990169983522,36.26775530141932],[127.99440806350914,36.267441240012765],[127.99144712090003,36.265423601133755],[127.98217036739776,36.26419738389403],[127.97688874027061,36.258885248477895],[127.97904249685689,36.255709732768864],[127.97895686212556,36.254052514078026],[127.97237094536027,36.25222454876963],[127.96861184826216,36.25038655929712],[127.96536037703353,36.25243508705665],[127.96023358304664,36.25243179336936],[127.9544688990085,36.25719383325645],[127.94918815482633,36.25659808480644],[127.94824628487564,36.257450868349345],[127.94730215532314,36.26723136991037],[127.94257854448065,36.266937103921336],[127.93794840631516,36.269129074084105],[127.93483986149654,36.27260879069543],[127.9337277566039,36.27611735883615],[127.93091373436454,36.278215466119555],[127.9219652233174,36.27889271925582],[127.917042492724,36.28082875576126],[127.9133798662936,36.28088641377373],[127.90704739583418,36.286080579563496],[127.90597614339391,36.290077978803325],[127.90665835200608,36.29363202356296],[127.90509215193288,36.302378775098674],[127.90318141072242,36.30191864077152],[127.89929787374221,36.298774235001844],[127.89485956397101,36.29354279103148],[127.8920410667616,36.29216979314774],[127.88925226234635,36.28694068495813],[127.88798421519407,36.28009857031953],[127.88428524168216,36.27367482774437],[127.8797676327189,36.274983484191225],[127.8626526711624,36.27754009263511],[127.85882351113347,36.27743413268437],[127.85522064361355,36.27624384437019],[127.85231958915783,36.273891687176125],[127.85131186144285,36.27573953763265],[127.8493984510298,36.28891012385495],[127.84688535779857,36.291598963721306],[127.8456754123861,36.29643875232325],[127.84719936600827,36.30064617178621],[127.84447356330215,36.30539448441705],[127.84107459808655,36.30962200025174],[127.84495130687378,36.316264998410446],[127.84609757650665,36.318287135416014],[127.85065788208637,36.32061243100641],[127.85105365079325,36.326637290418674],[127.85208573245649,36.33039724727818],[127.85629846143567,36.33107203193646],[127.86365829941218,36.33656073184782],[127.8674718095325,36.33641164041069],[127.87052934381973,36.34122614420718],[127.86977420137761,36.34356491568336],[127.87502329647187,36.34549536837105],[127.88144562951723,36.34486492655002],[127.88535573355533,36.35057206408667],[127.8861240679613,36.354746819487644],[127.89080371901554,36.35670508831189],[127.89132656044171,36.35955161263847],[127.88951404519446,36.36220757900285],[127.8862881344968,36.3639328543859],[127.88504720027326,36.36894885345655],[127.88350405964525,36.370685909719676],[127.87963235719995,36.371506602822],[127.88290340719169,36.373839706500874],[127.88423454822416,36.379336705020926],[127.88240608845773,36.381759927399564],[127.87923269175248,36.38325096786734],[127.87850598131406,36.387110823948184],[127.87508646784237,36.39121274788416],[127.8684672317442,36.39123134021287],[127.86251378313258,36.392743741180446],[127.86564667276915,36.39483942254709],[127.86362892198693,36.403081880895634],[127.8696679858365,36.40357183603313],[127.87312315153531,36.405874201063426],[127.873243043187,36.41003914589976],[127.87599242765772,36.41479266743626],[127.87924403587385,36.41687395091141],[127.88239236405909,36.42116482657893],[127.88284071055266,36.42350385343413],[127.88041092141474,36.42764309311058],[127.8753363193612,36.428458063232725],[127.87302833713828,36.44170674510614],[127.8748850680575,36.44857191629749],[127.87778195429637,36.449988703540335],[127.8797375135001,36.45416977355174],[127.88055335827362,36.458166483177486],[127.88240226400916,36.46099920869096],[127.878378190979,36.4670921899752],[127.87946126722923,36.46797536355118],[127.88033632629627,36.47428142203375],[127.882140876143,36.475873302649795],[127.88067701599527,36.48071765521131],[127.87523307179688,36.48319246443912],[127.8760946915116,36.48836808199482],[127.87872852461769,36.48949142445816],[127.88046639484268,36.4932705655292],[127.88529062089485,36.49365122067872],[127.88847862150908,36.49310453043102],[127.8940059932929,36.4978788269442],[127.89700925742032,36.49874007053604],[127.90134799382956,36.503035960782434],[127.90530609822326,36.505296558740795],[127.90676261289681,36.507528879206596],[127.9022420193883,36.51271431055878],[127.90307644960434,36.51723494779288],[127.90177121853954,36.51836300547195],[127.900638184549,36.524720051561395],[127.90192959431641,36.528173141923375],[127.89619630754424,36.53097571559071],[127.8924132074369,36.530426896996566],[127.88846506915344,36.53303540482473],[127.88494147577605,36.53369279797106],[127.8814806959298,36.53595479076987],[127.87703108967384,36.53577111749893],[127.87412057930455,36.53730743460551],[127.87354223399824,36.54153197799268],[127.87067654834044,36.54310394985764],[127.87336111114332,36.55525831763903],[127.87212522840002,36.55867604594794],[127.86879386888637,36.56064816749687],[127.86781709897312,36.56327040747433],[127.86213949556914,36.56740556742711],[127.85343047561342,36.57042593149231],[127.85283949130175,36.57158442145148],[127.84814391961397,36.571581786418164],[127.84320421758646,36.56968697739827],[127.83568777180425,36.571417112077306],[127.83012972179884,36.5744021526949],[127.8277080380023,36.57376967924963],[127.82647247272249,36.57112701909082],[127.82387530626174,36.57080229550996],[127.82405337254568,36.571659468169315],[127.8159178847634,36.57803981440779],[127.81275583886388,36.57961178763757],[127.80464986848295,36.58166226966155],[127.80422929834714,36.58332298316349],[127.80019758635791,36.58551450902465],[127.79740860897324,36.59196510954198],[127.79702173012362,36.598783390018916],[127.79840808894663,36.602280805215834],[127.80112175722249,36.60196905996864],[127.80651178723699,36.60315224588958],[127.8087773408262,36.60553075679369],[127.81483351905366,36.608764150865625],[127.81944911511819,36.608167981594356],[127.82378688891913,36.6125511820965],[127.8274628071758,36.611025943513745],[127.83221058765125,36.61230274808671],[127.83794615272566,36.60905583714204],[127.84205935913928,36.60864297227724],[127.84763085374523,36.61095218776791],[127.84961158036643,36.61276735146113],[127.85325595397423,36.61301235838529],[127.85694489989247,36.61221809753634],[127.85905718837064,36.61324174774619],[127.85672813277336,36.61795577035666],[127.85107975985068,36.61892209187612],[127.84747494075825,36.62488709991556],[127.84831851793221,36.62772656527697],[127.84800512102368,36.63336205649375],[127.85722357561421,36.633447113463504],[127.86158437153667,36.6342262458137],[127.86383615963503,36.63663391793014],[127.86446475938509,36.63987520559214],[127.86647393959764,36.640341296736224],[127.87055096616994,36.64393918535155],[127.87033554001921,36.647215290716694],[127.87244947454988,36.64828383980653],[127.87407100953085,36.65538560900438],[127.87978099900091,36.65756294715064],[127.88169922353924,36.65085806708157],[127.88234711353911,36.6462237539147],[127.88447237541713,36.64336256209692],[127.88914501437881,36.64027914062825],[127.8898904238351,36.63686355705091],[127.88819116557396,36.635295407066586],[127.88941316886705,36.62945989124437],[127.89421317349394,36.62817806806891],[127.89626492545558,36.626499838231474],[127.9008131601122,36.62673218206968],[127.9038426606239,36.6277184609743],[127.90972772892407,36.625730201846814],[127.91220991555436,36.61903512910091],[127.91458918398494,36.61648762867459],[127.91643179769726,36.61121165320224],[127.91553289869549,36.60625027329785],[127.92043519607621,36.60364852094976],[127.92419985136573,36.60005128377944],[127.92488119670972,36.59794697307033],[127.92783338576119,36.594346517664334],[127.93306041754789,36.59056852326632],[127.93254150094256,36.587579510648354],[127.93341988838276,36.58394593909976],[127.93116454697814,36.5802704753366],[127.93068049461442,36.57760011036905],[127.93420905298993,36.57389843035447],[127.93722978536543,36.56427395340091],[127.93368610167977,36.560602585346075],[127.93297582212033,36.55827280984785],[127.93625149217401,36.55461441486188],[127.94126835952918,36.55111722246419],[127.94039354208715,36.54641120417134],[127.93626145607058,36.54517037830482],[127.93578687865836,36.543526672180654],[127.93772147165507,36.537881339179556],[127.93403354735656,36.53671540092796],[127.9309728832232,36.534721929062734],[127.93184169457506,36.53254680165932],[127.93617325888027,36.52823225337124],[127.93956040998154,36.52632289448204],[127.94423750755936,36.52588170540943],[127.95046406225285,36.52723835386833],[127.95286671448694,36.526877209807765],[127.95815797600032,36.52692343655204],[127.95827634904899,36.522933703137504],[127.96102258016656,36.520214205967505],[127.9670454000389,36.51808745097706],[127.96930448051953,36.51625506197932],[127.97699012031521,36.51355974134331],[127.97947120015694,36.51407299528808],[127.98015072276168,36.51776570666873],[127.97946250454935,36.52138599483847],[127.9808238394673,36.52371016994432],[127.98153614440288,36.52832674712603],[127.97776672473287,36.53243092402559],[127.9810393070649,36.53542132512228],[127.97865015283128,36.542410745996015],[127.98262435890821,36.545322922175984],[127.98647237595057,36.544241212610636],[127.9913653331801,36.54439982671668],[127.99595639070854,36.54683575800338],[127.9978236389882,36.54967951521652],[128.0048895793443,36.55071568167699],[128.0108717525807,36.548329835545346],[128.0166256214139,36.54401709153524],[128.0228315174836,36.544726257775245],[128.02943488732677,36.54750415899611],[128.0406184270963,36.54827094968245],[128.0451144158193,36.54682028538025],[128.05224793313337,36.54614206953705],[128.05607498669204,36.547615209273246],[128.05569552328612,36.55003946485938],[128.0588693350404,36.555345850154794],[128.05806720075867,36.556892158350436],[128.0622375740704,36.56093386162078],[128.0656766690233,36.5624098445465],[128.06332382023126,36.56742407992887],[128.0620849763076,36.568401485516475],[128.0606482076567,36.57416441299066],[128.05688271313272,36.57896629209289],[128.05816887505446,36.581878432342926],[128.05639153894649,36.58282724322323],[128.05784239301613,36.58566469632075],[128.0613835999052,36.58862413737557],[128.06534423697602,36.589553827346876],[128.06819810573154,36.59258096825685],[128.0685151686527,36.59609526832893],[128.07297895657064,36.60053324009747],[128.0727559948489,36.60500241001428],[128.07588438735974,36.60542139723236],[128.07729105840312,36.60636974834053],[128.0867741762704,36.60923732558051],[128.09229883620665,36.60784645520967],[128.10182650205263,36.608566221042615],[128.10561453236514,36.60680247726305],[128.1120814472315,36.61095070264501],[128.11187111543396,36.616105154173056],[128.11306674724196,36.61908174384067],[128.11560021737884,36.62095282002185],[128.12324928892485,36.61931893134176],[128.12566872808014,36.616576932526726],[128.1297223062155,36.614173821852575],[128.1344756448362,36.613348499141246],[128.1403842100387,36.60944618815593],[128.1434640635767,36.60830918952446],[128.14596392301976,36.606082353715664],[128.15120444135934,36.59967862001296],[128.1555656401586,36.60112873236107],[128.1647552446629,36.5975669430683],[128.17153300919705,36.59670766043409],[128.17574889127377,36.59699970382474],[128.17752289508095,36.59537106101946],[128.17760786809004,36.592252537047095],[128.18003448112182,36.589976504439534],[128.17846178398756,36.58358489206551],[128.18098955624848,36.58170606008692],[128.18353595770637,36.581566027927934],[128.18943274101443,36.583569246982776],[128.19430110016395,36.58286227948372],[128.194721515065,36.58188194005374],[128.2015956754229,36.578727763155854],[128.2049798122734,36.57850112034343],[128.2069037563432,36.57556260666322],[128.20594386159016,36.5732183701624],[128.21729700263973,36.573697867280124],[128.21980483284122,36.57261206297616],[128.2215198723869,36.56945837323032],[128.21608220642202,36.56386732562173],[128.21593695504822,36.55655645117521],[128.2173163442293,36.54708936524138],[128.21868877928046,36.54083075934457],[128.2220924643532,36.533336636794644],[128.22950530161683,36.529705167312045],[128.23654572001206,36.5286122405041],[128.24109861290736,36.52976169086893],[128.24817571942387,36.53283577512316],[128.25135608807153,36.53392009459919],[128.25516417870145,36.53398042865777],[128.25907037846002,36.532315766207624],[128.26864836267364,36.53302265391089],[128.2684387781858,36.52982113663478],[128.26526454755498,36.52387358676546],[128.26612244885365,36.51350394730402],[128.26441097169462,36.50754291139856],[128.26894815163365,36.50008307289133],[128.27063761566365,36.49271344695222],[128.26991116001216,36.48271038771666],[128.2658330706506,36.479962357161185],[128.26025721051894,36.47828447845765],[128.26530537711247,36.476126752236624],[128.2673272222525,36.477322309167796],[128.27033381065647,36.47695610359611],[128.27806169219872,36.472494732777264],[128.27863059731646,36.466521539217325],[128.28053445883842,36.463716373792444],[128.2847257974172,36.4626010031577],[128.28917046142243,36.46233453153111],[128.29469556826697,36.464947339197025],[128.2990230447428,36.46341489515971],[128.3048490269706,36.45734536109823],[128.3099172391427,36.45541305200264],[128.31289028775205,36.45639961999228],[128.31844797822393,36.44760414880622],[128.3230609132829,36.44554349255455],[128.32534860826573,36.44192386984363],[128.3262191822494,36.43798998435078],[128.32219102130287,36.43255694710657],[128.3230076747916,36.42762161158776],[128.33207731254723,36.42124888779711],[128.33329142240845,36.4118558425262],[128.3391352894058,36.406460674156335],[128.33793885007012,36.402887665508906],[128.33267324938134,36.39923403735749],[128.33241318820038,36.3954487496573],[128.32656015153898,36.386084758121136],[128.32332923938878,36.38563931318673],[128.32007270830147,36.38699711959558],[128.3177417125395,36.38677752779793],[128.31137092876682,36.37575523292364],[128.31212176070287,36.36833191020973],[128.31169677080672,36.363913809509924],[128.30990386489887,36.361034706759526],[128.29699802250016,36.35549492895552],[128.2918508541875,36.35273281191742],[128.28404611886023,36.34725350330279],[128.2774548124161,36.35012120739899],[128.27848193725134,36.354963477594694],[128.27593853950262,36.35937748359778],[128.27186769471365,36.36184907802598],[128.25882649288457,36.361901555317594],[128.253289871886,36.36037362330147],[128.25097648544977,36.35701602124255],[128.2520977021879,36.353251296906315],[128.25141846664906,36.35175274079565],[128.2477981292856,36.350936145406514],[128.23792449501727,36.3421419884994],[128.2337055717016,36.335286582328415],[128.23149676904984,36.333838735513424],[128.2300491613113,36.32978811039232],[128.23153973289777,36.32748537374487],[128.23199361193494,36.32421485219066],[128.2305682673681,36.32042393515526],[128.23148749615785,36.31820743271024],[128.23094310026798,36.31460469437685],[128.22863351785645,36.308582714903245],[128.2291771191541,36.304393098794534],[128.22576211428708,36.30391773021604],[128.22472313583606,36.30598570907539],[128.21850520839166,36.30711116504483],[128.2126379877741,36.30505853831446],[128.209896386451,36.30139100140631],[128.20675607285298,36.29886214702091],[128.19918986211022,36.29819595259517],[128.1954608054572,36.29966771277574],[128.18954312547476,36.30064634929959],[128.1848734628216,36.297381171158364],[128.179616493127,36.29843870866868],[128.1767904835542,36.29751090354415],[128.17238755068118,36.29975863908747],[128.1705247352453,36.29995729994636],[128.1662668112245,36.297176493578476],[128.16241026534308,36.297432825322666],[128.1554048690975,36.29523297735505],[128.1544253747867,36.29429387489511],[128.15378709767708,36.292300178460366]]]]}},{"type":"Feature","properties":{"regionCode":"47280","name":"문경시","parentCode":"47"},"geometry":{"type":"MultiPolygon","coordinates":[[[[128.0606482076567,36.57416441299066],[128.0620849763076,36.568401485516475],[128.06332382023126,36.56742407992887],[128.0656766690233,36.5624098445465],[128.0622375740704,36.56093386162078],[128.05806720075867,36.556892158350436],[128.0588693350404,36.555345850154794],[128.05569552328612,36.55003946485938],[128.05607498669204,36.547615209273246],[128.05224793313337,36.54614206953705],[128.0451144158193,36.54682028538025],[128.0406184270963,36.54827094968245],[128.02943488732677,36.54750415899611],[128.0228315174836,36.544726257775245],[128.0166256214139,36.54401709153524],[128.0108717525807,36.548329835545346],[128.0048895793443,36.55071568167699],[127.9978236389882,36.54967951521652],[127.99595639070854,36.54683575800338],[127.9913653331801,36.54439982671668],[127.98647237595057,36.544241212610636],[127.98262435890821,36.545322922175984],[127.97865015283128,36.542410745996015],[127.9810393070649,36.53542132512228],[127.97776672473287,36.53243092402559],[127.98153614440288,36.52832674712603],[127.9808238394673,36.52371016994432],[127.97946250454935,36.52138599483847],[127.98015072276168,36.51776570666873],[127.97947120015694,36.51407299528808],[127.97699012031521,36.51355974134331],[127.96930448051953,36.51625506197932],[127.9670454000389,36.51808745097706],[127.96102258016656,36.520214205967505],[127.95827634904899,36.522933703137504],[127.95815797600032,36.52692343655204],[127.95286671448694,36.526877209807765],[127.95046406225285,36.52723835386833],[127.94423750755936,36.52588170540943],[127.93956040998154,36.52632289448204],[127.93617325888027,36.52823225337124],[127.93184169457506,36.53254680165932],[127.9309728832232,36.534721929062734],[127.93403354735656,36.53671540092796],[127.93772147165507,36.537881339179556],[127.93578687865836,36.543526672180654],[127.93626145607058,36.54517037830482],[127.94039354208715,36.54641120417134],[127.94126835952918,36.55111722246419],[127.93625149217401,36.55461441486188],[127.93297582212033,36.55827280984785],[127.93368610167977,36.560602585346075],[127.93722978536543,36.56427395340091],[127.93420905298993,36.57389843035447],[127.93068049461442,36.57760011036905],[127.93116454697814,36.5802704753366],[127.93341988838276,36.58394593909976],[127.93254150094256,36.587579510648354],[127.93306041754789,36.59056852326632],[127.92783338576119,36.594346517664334],[127.92488119670972,36.59794697307033],[127.92419985136573,36.60005128377944],[127.92043519607621,36.60364852094976],[127.92386792307082,36.60523755867826],[127.92510642761629,36.608096015677916],[127.92427744881519,36.611399569638955],[127.9249143826421,36.61548215382375],[127.93163914460936,36.617936555864766],[127.9336315116805,36.62054061642381],[127.93216713807159,36.62457183244236],[127.93596712381537,36.63362534438763],[127.93464015144757,36.63681502302111],[127.9358122278036,36.64337746542988],[127.93961031523092,36.64691571908597],[127.93919481990096,36.64962892262629],[127.93589714184436,36.652726108364035],[127.93150759713882,36.6536186015781],[127.93117287163606,36.656082755609596],[127.93231911165631,36.6651520956636],[127.92865746587,36.66836483908627],[127.92563991107644,36.669201280669895],[127.91847711127824,36.667992007073465],[127.91292952204307,36.6777451974379],[127.90670629080192,36.68020902595412],[127.9037361876516,36.68036706387917],[127.89630273109886,36.68247819727957],[127.89203896192859,36.682306908016386],[127.8877098782195,36.67888402656656],[127.88409654172922,36.67918185679657],[127.87923758836801,36.67842736253659],[127.87703440172953,36.679634260828415],[127.87729725366908,36.68223907390341],[127.88066136881163,36.68358392466284],[127.88189375145211,36.68573973868478],[127.88551287020424,36.68779799809396],[127.88735174714806,36.69131038163569],[127.89463142703485,36.69290178766104],[127.89596236333618,36.694246387412385],[127.90039909745633,36.69311241711104],[127.91293635421961,36.69258203734634],[127.91537173744638,36.69400356850175],[127.9186046559908,36.69228874771682],[127.92290960943045,36.691857873843766],[127.9276890571246,36.68978843775784],[127.9315654381019,36.693363849493466],[127.93118531731575,36.69905765774688],[127.93210005992312,36.70282182355268],[127.93166668616641,36.706324874873374],[127.93501501816706,36.705629458682196],[127.94129409761958,36.70623150735302],[127.94634397569527,36.70443259565448],[127.94911570821237,36.70595671569465],[127.94951072753341,36.71234384560297],[127.94811034632937,36.714010815471646],[127.94797586709863,36.717452073012076],[127.95223486519524,36.71989530602378],[127.95422454531395,36.727611336501916],[127.95682366378877,36.73312627610913],[127.96077330747892,36.73677830811516],[127.96554778520081,36.73321249899358],[127.97091986209502,36.73058393067017],[127.97334060565903,36.72563894631511],[127.98043590606021,36.71996298648444],[127.98679978126262,36.71749872081816],[127.99266139116206,36.71731321653488],[127.99844991225812,36.71805167873737],[128.00261703605463,36.71663123600608],[128.00544914768747,36.7203875096736],[128.00841385860605,36.72776876110593],[128.01413875809385,36.73006353026429],[128.01434889357589,36.728265753559924],[128.0222219369789,36.72587226641779],[128.02227930709182,36.72378501215167],[128.026105447412,36.71909969828385],[128.03171393637032,36.719051288683275],[128.0334047466933,36.71679593300402],[128.03983309998958,36.71453355184248],[128.04876754350613,36.7075450322863],[128.0559409284076,36.708593503869686],[128.07132459910594,36.707293125745984],[128.07224396007283,36.70808540068912],[128.0739555695125,36.71164821950979],[128.0689508767222,36.72166599398062],[128.06119811969745,36.72633554567141],[128.0584188109494,36.72974697159583],[128.05564219368145,36.72871109682266],[128.05266875744476,36.731935953369565],[128.05155673564738,36.7361021588891],[128.04376283513108,36.7380692814659],[128.03723975361882,36.74448911009436],[128.03247701766645,36.747523748956695],[128.03214714160288,36.7546420779475],[128.03588469764628,36.759125236272446],[128.0407788096062,36.76736116189675],[128.0444243689262,36.7712461570824],[128.04434870599735,36.77507821177412],[128.0464777441141,36.77998559667981],[128.0445623625253,36.784569274487644],[128.04716586920722,36.78524770705914],[128.05080025396612,36.788226081429194],[128.05512126957854,36.793182329779235],[128.05634904224502,36.79896984603592],[128.05422938532072,36.804897660361576],[128.0575605292155,36.807051213456454],[128.05762588923565,36.81199847529632],[128.059468364791,36.81390838713164],[128.05955609408224,36.81680372242911],[128.06347371644273,36.81716007128256],[128.06746577399977,36.81584097124019],[128.07319274149842,36.81249702860223],[128.08151210480708,36.80677421086858],[128.08422423634067,36.80404197132306],[128.08399977532667,36.79944872359095],[128.08739046688075,36.79700508163447],[128.09240002565267,36.79648748484974],[128.09256710684375,36.802847441407216],[128.1008153198199,36.805828266340534],[128.10450664983776,36.804443915096705],[128.10678410331715,36.80579101200189],[128.1086096898008,36.81221368852132],[128.11223280978638,36.81889163241196],[128.11814796597545,36.82232303041712],[128.12264986620983,36.82249127553366],[128.12479988894074,36.82400698500828],[128.12873314532365,36.824255845444654],[128.13197153900472,36.82627625103094],[128.13393116985645,36.829223317788426],[128.13365621481148,36.83221701177261],[128.13595645481513,36.83407267425004],[128.13958784272822,36.83424285087646],[128.14201369506654,36.83234186363704],[128.14492613146703,36.83241351492025],[128.14645648561788,36.829418820931714],[128.15466422731703,36.82529783410447],[128.15601503591176,36.82331372272744],[128.16056851447132,36.82123082240175],[128.16520607038598,36.820018698048],[128.16847340842614,36.82137756923876],[128.1758717822156,36.8211862370676],[128.18270374319457,36.81809619742776],[128.1904483108601,36.816874056519026],[128.19219563082575,36.817928422733985],[128.2020794743431,36.81556634092842],[128.20876481024786,36.81352625798044],[128.21438564604713,36.81267675585583],[128.21698838374462,36.81305023270754],[128.21850422056644,36.81538195085369],[128.21778033703373,36.820595338245575],[128.2160651513592,36.82284832783338],[128.2162137359896,36.82769964730298],[128.21544907282188,36.833889776869185],[128.21283095405414,36.83940090062453],[128.21426297126146,36.84399632268795],[128.2137431874452,36.84857891824907],[128.21546234022668,36.84899252735726],[128.22275423660255,36.84728198409878],[128.23264900638569,36.847553267562866],[128.23682188014558,36.84812047431416],[128.2378312482422,36.85090841624584],[128.23549824048163,36.8523990817779],[128.23395525956184,36.855699341142916],[128.2352607543328,36.86090289555189],[128.23400771802935,36.86265335781518],[128.2390312711565,36.86520274595013],[128.24045106157294,36.87124605824721],[128.2419196703263,36.87279485620436],[128.2445775383201,36.87033493571322],[128.25194567005795,36.86726743014195],[128.26404885547853,36.86422506211321],[128.2689822337826,36.860134761709176],[128.27692489578266,36.8570899671699],[128.28201115595002,36.856627593383486],[128.28452500099726,36.85314903600963],[128.28694383954462,36.844626428477724],[128.29000730598875,36.843033115697445],[128.2966268812753,36.834438401796746],[128.303698999356,36.83150014948913],[128.305556427301,36.828478795698246],[128.30857495542114,36.82873774250777],[128.31074120197403,36.828549749478945],[128.31305480446534,36.82476554517839],[128.31568051270276,36.82310758612919],[128.31663098462585,36.81661444523162],[128.32348331608134,36.8154131824442],[128.3342286960589,36.81696688152422],[128.33661746696794,36.81555060023544],[128.34440098065647,36.81254755478602],[128.35163785989445,36.81082217480974],[128.3544155341165,36.80916677800094],[128.3563945635532,36.80410387076925],[128.3626442426871,36.80051313753963],[128.36658878735415,36.80064320462208],[128.3695584740189,36.794701257895035],[128.36744992412747,36.79172921443735],[128.36761259253697,36.788982732887334],[128.36638465011555,36.78459147078605],[128.36600963152276,36.77828884375439],[128.36421914293513,36.77498694672393],[128.36545808426027,36.770991626125614],[128.36771423511638,36.7675497717718],[128.36500550939317,36.76273201061655],[128.36277507371196,36.760807663978945],[128.36434476388416,36.7571781631952],[128.3659316371919,36.75600847618936],[128.36972901160573,36.75072576385943],[128.3686939908192,36.749109630653535],[128.3626636974036,36.74390222773412],[128.3621342136696,36.741782487473436],[128.3596167522944,36.74019084829602],[128.35544544062583,36.7408021192552],[128.3385562649224,36.74081763316984],[128.33650982911283,36.73602268356855],[128.3330638656797,36.73207492231336],[128.3319161234702,36.726696450740086],[128.33360847428895,36.72483271343942],[128.3314246265623,36.72045097323083],[128.33338484062193,36.71739004802884],[128.3372683502719,36.70942251329553],[128.33521112601392,36.70365089014578],[128.33105251098954,36.699459343436445],[128.33147672294388,36.696696529147275],[128.33618824666598,36.69361701780796],[128.33350809012128,36.68802737721232],[128.33075206446838,36.68510331968953],[128.32498412530828,36.68180088994166],[128.32036005200428,36.67829378724825],[128.32361785782726,36.67480128965298],[128.32642234762378,36.668796355356136],[128.33236956258864,36.66733050095428],[128.3340907083569,36.66557746472357],[128.33426917788503,36.66156229115834],[128.33684641424423,36.65860291864812],[128.34153995593624,36.65624825607287],[128.3491193386879,36.65484800289982],[128.35030083790215,36.65237049512881],[128.34786983940194,36.647213927511],[128.34353794665657,36.64695914509326],[128.3389418286314,36.64347256679885],[128.3343870263712,36.64315292755863],[128.33334382101444,36.640731461668146],[128.32559272748338,36.64410108264297],[128.32033085256828,36.64449578683443],[128.3190394689303,36.65522588818178],[128.31607657717205,36.65696145394849],[128.30957219840928,36.65632560884754],[128.30740467476778,36.65390523406376],[128.3090510329932,36.648722303490494],[128.30957793517175,36.64107414641639],[128.30626814910283,36.63607196783456],[128.30217316361805,36.635522045852625],[128.2980054021016,36.632914309588294],[128.29350047848177,36.63243968481205],[128.28962981544692,36.629533606698224],[128.2864547987236,36.62325556095867],[128.28744760165318,36.621256520759914],[128.2835965957842,36.617202430134185],[128.275787034289,36.61541847832353],[128.27546794134972,36.61373157423718],[128.27178223813854,36.60986204997274],[128.26679397467038,36.60978528761375],[128.26495855907015,36.61159888935561],[128.26190983783033,36.611012307020346],[128.26250994516457,36.60744945162566],[128.26664868756663,36.602772858896735],[128.27163640104612,36.59997799149494],[128.28013818397645,36.59087623280265],[128.28262367216533,36.58505742763111],[128.28326295806804,36.58136199091008],[128.28547114741127,36.57810077628483],[128.29114218416473,36.579328726947445],[128.2949833033908,36.57866028247996],[128.296102025124,36.574783197408344],[128.29557546874335,36.57097809739698],[128.29598216840776,36.56386017391416],[128.29493809862717,36.55880790729449],[128.2971285398081,36.55615633451572],[128.29770912676275,36.55314330090264],[128.29580558258428,36.55188567299328],[128.29082895038445,36.55235655409526],[128.2789984799481,36.55167042077433],[128.2702055389894,36.55211615988838],[128.26514321050075,36.55026082688621],[128.2629777637312,36.54523998045792],[128.2632744206625,36.54241826203812],[128.2673678149851,36.53763228905127],[128.26864836267364,36.53302265391089],[128.25907037846002,36.532315766207624],[128.25516417870145,36.53398042865777],[128.25135608807153,36.53392009459919],[128.24817571942387,36.53283577512316],[128.24109861290736,36.52976169086893],[128.23654572001206,36.5286122405041],[128.22950530161683,36.529705167312045],[128.2220924643532,36.533336636794644],[128.21868877928046,36.54083075934457],[128.2173163442293,36.54708936524138],[128.21593695504822,36.55655645117521],[128.21608220642202,36.56386732562173],[128.2215198723869,36.56945837323032],[128.21980483284122,36.57261206297616],[128.21729700263973,36.573697867280124],[128.20594386159016,36.5732183701624],[128.2069037563432,36.57556260666322],[128.2049798122734,36.57850112034343],[128.2015956754229,36.578727763155854],[128.194721515065,36.58188194005374],[128.19430110016395,36.58286227948372],[128.18943274101443,36.583569246982776],[128.18353595770637,36.581566027927934],[128.18098955624848,36.58170606008692],[128.17846178398756,36.58358489206551],[128.18003448112182,36.589976504439534],[128.17760786809004,36.592252537047095],[128.17752289508095,36.59537106101946],[128.17574889127377,36.59699970382474],[128.17153300919705,36.59670766043409],[128.1647552446629,36.5975669430683],[128.1555656401586,36.60112873236107],[128.15120444135934,36.59967862001296],[128.14596392301976,36.606082353715664],[128.1434640635767,36.60830918952446],[128.1403842100387,36.60944618815593],[128.1344756448362,36.613348499141246],[128.1297223062155,36.614173821852575],[128.12566872808014,36.616576932526726],[128.12324928892485,36.61931893134176],[128.11560021737884,36.62095282002185],[128.11306674724196,36.61908174384067],[128.11187111543396,36.616105154173056],[128.1120814472315,36.61095070264501],[128.10561453236514,36.60680247726305],[128.10182650205263,36.608566221042615],[128.09229883620665,36.60784645520967],[128.0867741762704,36.60923732558051],[128.07729105840312,36.60636974834053],[128.07588438735974,36.60542139723236],[128.0727559948489,36.60500241001428],[128.07297895657064,36.60053324009747],[128.0685151686527,36.59609526832893],[128.06819810573154,36.59258096825685],[128.06534423697602,36.589553827346876],[128.0613835999052,36.58862413737557],[128.05784239301613,36.58566469632075],[128.05639153894649,36.58282724322323],[128.05816887505446,36.581878432342926],[128.05688271313272,36.57896629209289],[128.0606482076567,36.57416441299066]]]]}},{"type":"Feature","properties":{"regionCode":"47290","name":"경산시","parentCode":"47"},"geometry":{"type":"MultiPolygon","coordinates":[[[[128.79877341849422,35.7431213305859],[128.78930201538725,35.74234595163138],[128.7842821847515,35.73484322965328],[128.7861047140642,35.733098321238195],[128.7843516240941,35.73150048850591],[128.7746547316629,35.72942563078169],[128.77326042376072,35.725494012373396],[128.77403534918332,35.721321881365235],[128.76438750863952,35.716144578118815],[128.76281848211602,35.70852900181067],[128.76615509407,35.70677682085145],[128.7665526560272,35.70278957139757],[128.76558893392766,35.70041320205711],[128.75389607630572,35.70064324455136],[128.74358681970588,35.70386827056626],[128.7376385078544,35.70901316008928],[128.7361143013903,35.716321514734744],[128.73113421954153,35.72014786670723],[128.72800270747445,35.720295714049776],[128.72224274543188,35.719159857207586],[128.71980548988495,35.72035810216794],[128.71528533157021,35.72079699621861],[128.71310696610286,35.72675024483282],[128.71081887247263,35.73105595722607],[128.70475965840373,35.73533189852322],[128.70215872617484,35.74015650190604],[128.70186836204158,35.74371478020564],[128.69776473035537,35.74315067400971],[128.69437895703055,35.743880939442846],[128.69261516157633,35.74801762802926],[128.69618873314369,35.75658642975082],[128.69247398108448,35.75993133816751],[128.69132877008477,35.762712465675854],[128.69187466133238,35.765208970092615],[128.68871331186526,35.76939811233803],[128.68615850422518,35.76948938850964],[128.6870780432025,35.773597132296764],[128.68656453780727,35.778393138535115],[128.6847280148142,35.7790819438214],[128.68192415828946,35.78325718888203],[128.68127412438088,35.7855984995427],[128.6825807950897,35.7899006175614],[128.6891298539823,35.79241163274089],[128.69122434499175,35.79573210629691],[128.6942758925482,35.796621480760194],[128.6973706659196,35.794149435393344],[128.7090376105714,35.803692498898386],[128.71126209945902,35.80510259677797],[128.71768785551026,35.80671385175256],[128.7159898092478,35.809298004118034],[128.71316667918737,35.81786839767816],[128.70972550484962,35.82069067589164],[128.70851622066965,35.8238300650696],[128.70883306520938,35.82667574630149],[128.71252118656255,35.8305287434539],[128.7188832137145,35.835651851831365],[128.7232954848826,35.83528637406803],[128.72518205975663,35.836566229535514],[128.72405350430097,35.84004271292379],[128.7261848398397,35.844232861567505],[128.72529123659396,35.85352423366962],[128.72150840050466,35.85628183087354],[128.7261287033778,35.857117704268205],[128.73577454255238,35.850906532601584],[128.74072594722276,35.85172826287588],[128.742592270306,35.8540520348054],[128.74656967502872,35.85655259036274],[128.75161994974155,35.85754835094342],[128.75393523552162,35.86402422933696],[128.7600440069232,35.865457447398256],[128.758577831627,35.87055025925917],[128.75997736190433,35.874723482997425],[128.75822488948447,35.878195113814144],[128.76193783659107,35.88321758247418],[128.76177627100904,35.8860145783173],[128.76012311045864,35.89117260091376],[128.7576266630253,35.89589181443402],[128.75716945205667,35.90457531571264],[128.76044544050433,35.906983610576795],[128.75661490835896,35.91485009837706],[128.7533780714004,35.91711826873027],[128.75019022093423,35.91793486669016],[128.7444614790982,35.921915346733826],[128.7383865694298,35.92839330913148],[128.73788059865612,35.929825175569334],[128.73943476718256,35.935005147023894],[128.74108379283484,35.93769493818521],[128.7455660345666,35.9443711643877],[128.74179220728126,35.94796641916128],[128.73903048806298,35.955324929851976],[128.74212640171223,35.95978549114327],[128.74606281418323,35.9708118482763],[128.7449538457188,35.973982292581795],[128.73884238098145,35.97630660493499],[128.73637151970087,35.9787528500813],[128.7363162299449,35.981626637840286],[128.73296401768044,35.98276733518848],[128.73138532635636,35.98713252992958],[128.73231111519158,35.98977912374589],[128.73516276731831,35.99290436358518],[128.74003747703807,35.993216070244166],[128.74936335427407,35.99045610259599],[128.75203820807673,35.99074550063953],[128.7608300091477,35.9871895619143],[128.76520239881583,35.983862607441324],[128.77245440948144,35.98301894497053],[128.77439932015852,35.98457390565144],[128.77996395535908,35.985320847063086],[128.7860713123741,35.98799843281531],[128.79075986082364,35.98371054725889],[128.7929875076948,35.98380873938244],[128.79861424210569,35.98170492489005],[128.80057953204155,35.97946508017472],[128.80725752375207,35.97505468551647],[128.81184133671192,35.973224803932915],[128.81258834883027,35.969647495318036],[128.81157594831862,35.9675674249273],[128.81321798293922,35.96539777439067],[128.82780823934365,35.96403401432221],[128.83653670555447,35.96813723899696],[128.83930377025098,35.96589534459014],[128.84152535263664,35.96234491124197],[128.84598175598137,35.96285595973388],[128.85217019831032,35.95951215167693],[128.85617518290843,35.95274856038952],[128.85933699238782,35.95222988831175],[128.85798413141495,35.947913244411005],[128.86031999362396,35.943069419542844],[128.86125172082671,35.93727699306398],[128.86084635968675,35.933428891448045],[128.86220837176828,35.928537201184696],[128.85740504357884,35.926721321342846],[128.85250082570798,35.9203028891892],[128.85657388112602,35.916046541277616],[128.85673092811618,35.91160588047523],[128.85316461709024,35.90799505668088],[128.85542908472755,35.905670281843854],[128.85532376287495,35.89977727387998],[128.8645438166234,35.89665270673268],[128.86969689479136,35.894059800293086],[128.87046816400033,35.8918939429628],[128.87515318175514,35.888189538321384],[128.8695474561202,35.88335854257589],[128.8660427512512,35.88360908157767],[128.85921993387583,35.8788412602276],[128.8586207882726,35.87684182796034],[128.85983322430306,35.87366275685614],[128.86364430913608,35.87059301655102],[128.86615181729667,35.86974999467655],[128.87297809404603,35.865959917676534],[128.87514610894576,35.86046568689299],[128.87430913563367,35.857112737909084],[128.87517651574055,35.85102167999666],[128.87846750448406,35.84934340098512],[128.8817058361605,35.84544053330862],[128.88222596192546,35.84315099121359],[128.88578144484316,35.84296436832279],[128.892091262535,35.844641737669335],[128.89453795167822,35.837422397057324],[128.90224739716075,35.837132367839374],[128.9101068270281,35.83160347097829],[128.91397163439873,35.83380471732083],[128.91488468160765,35.837399267234446],[128.92119361313894,35.834269242180255],[128.9239554319697,35.83357059852894],[128.92572582929603,35.835561852003885],[128.93359455101546,35.837118549033335],[128.93529609454453,35.83531468162111],[128.93872467756995,35.835596054128786],[128.94110426631732,35.83335106651905],[128.94115715243424,35.83080702281174],[128.94402751221827,35.8298630434902],[128.9495452708013,35.83295270884074],[128.95919828913296,35.84169693618186],[128.96748302971116,35.841449430631286],[128.96926119849553,35.840915443099846],[128.97081907071507,35.837727789199455],[128.97076130541623,35.835443287836895],[128.96593877047553,35.83449294538588],[128.96295961690006,35.83028044882481],[128.9629201016765,35.82855024457657],[128.95990136569898,35.823343527855926],[128.95811559346444,35.81763442886834],[128.95527835404565,35.81428427769317],[128.9544432005279,35.81117726897405],[128.9557598872147,35.80668147147337],[128.95556240860802,35.80281621488888],[128.95089416879736,35.79821524665288],[128.94965984223046,35.793262125069816],[128.94467784268627,35.78677626031768],[128.94634571772556,35.78149939886074],[128.94190542535344,35.7771372727963],[128.94042677741248,35.771110058365785],[128.93731272082545,35.766865070656195],[128.93450248557716,35.76129789607761],[128.93205189743412,35.76058249855904],[128.92972554599058,35.757694472815224],[128.92614427364956,35.75546798190615],[128.9216220868889,35.75548304913039],[128.91410422109973,35.758057104142516],[128.9121800493178,35.75482205918664],[128.90794984331006,35.751341497689744],[128.9078103537916,35.747909375644646],[128.9034735648969,35.74686352935943],[128.9009805780809,35.752261302838896],[128.90079534146463,35.75514131719688],[128.8986506685841,35.761647327053794],[128.8947564488607,35.76379644293853],[128.8923329711643,35.75866743485337],[128.8915902601685,35.754824517661575],[128.8865005094892,35.751238569240094],[128.8761871789361,35.74803263583595],[128.87147362435962,35.752055940751426],[128.86654730321737,35.758026598134315],[128.86039261363422,35.75523276944279],[128.85671143721314,35.7573227964264],[128.85428407664585,35.755645990201714],[128.8545561088551,35.75387758141048],[128.85835183971517,35.74743204920125],[128.85500730782292,35.74376008640246],[128.8489790417607,35.74120056474004],[128.84463487148926,35.74167290602384],[128.8370211715306,35.74520437217567],[128.83398516017,35.745086636011145],[128.83208349420408,35.74175873860423],[128.82708600016858,35.73841177319265],[128.81821370610305,35.74245456832133],[128.81546742059678,35.743161701534014],[128.81039723846862,35.740055847953016],[128.8056968347247,35.743827565972396],[128.80090581071153,35.74498154030888],[128.79877341849422,35.7431213305859]]]]}},{"type":"Feature","properties":{"regionCode":"47730","name":"의성군","parentCode":"47"},"geometry":{"type":"MultiPolygon","coordinates":[[[[128.4392178073371,36.31224702215132],[128.43886393053035,36.3059089809664],[128.43762535198923,36.30441604735459],[128.43448137450181,36.30572984704305],[128.4325236520565,36.304512431709604],[128.43159729317676,36.301641325046965],[128.42776199738466,36.299132956132375],[128.4212521123925,36.298475855286824],[128.41704112212395,36.29901354026656],[128.41307110221115,36.293861363833614],[128.4140167869048,36.28980535332945],[128.41125451269397,36.28751116390258],[128.40662015084752,36.287508207651186],[128.4016496952312,36.28949089929137],[128.3966320404457,36.2934885403368],[128.39557370875917,36.29753429484272],[128.39080596755656,36.29957128950678],[128.38792562281958,36.30349832646354],[128.38975151832028,36.30786041977076],[128.38723898285912,36.31023182593557],[128.3809985985802,36.31235141623857],[128.3810414592735,36.31777637381681],[128.37916762123436,36.32265968506033],[128.37278731659868,36.324840900714655],[128.36665793057293,36.33345804222045],[128.36734758033964,36.33687952601075],[128.36613097426775,36.33893349196576],[128.36166874453335,36.34151114118516],[128.35484293956603,36.343856437520174],[128.35353098316844,36.34792861002274],[128.3508033674843,36.351118863175344],[128.34109772843865,36.3485120969526],[128.334506295136,36.348822517401814],[128.33089024933943,36.343175367652954],[128.32563448260944,36.342557123316915],[128.32058375653335,36.33804843226838],[128.31617189532005,36.33542256552651],[128.31406013441145,36.33060682572224],[128.30832030765586,36.330329278029666],[128.30487948819624,36.33257749302824],[128.30463923920396,36.338080364578225],[128.30164546596558,36.34359642343612],[128.29688618769748,36.34534922675535],[128.29342483049882,36.348002296491195],[128.29083837982748,36.34508424209941],[128.28404611886023,36.34725350330279],[128.2918508541875,36.35273281191742],[128.29699802250016,36.35549492895552],[128.30990386489887,36.361034706759526],[128.31169677080672,36.363913809509924],[128.31212176070287,36.36833191020973],[128.31137092876682,36.37575523292364],[128.3177417125395,36.38677752779793],[128.32007270830147,36.38699711959558],[128.32332923938878,36.38563931318673],[128.32656015153898,36.386084758121136],[128.33241318820038,36.3954487496573],[128.33267324938134,36.39923403735749],[128.33793885007012,36.402887665508906],[128.3391352894058,36.406460674156335],[128.33329142240845,36.4118558425262],[128.33207731254723,36.42124888779711],[128.3230076747916,36.42762161158776],[128.32219102130287,36.43255694710657],[128.3262191822494,36.43798998435078],[128.32534860826573,36.44192386984363],[128.3230609132829,36.44554349255455],[128.31844797822393,36.44760414880622],[128.31289028775205,36.45639961999228],[128.31070374045123,36.46152120509059],[128.30874831153432,36.4641803059503],[128.31161245451767,36.468704926741275],[128.31439998167303,36.4705695224875],[128.31996429585016,36.471365501875056],[128.32374942276599,36.47535447431562],[128.33044693757444,36.48351636490381],[128.33737818942083,36.48919508810607],[128.33649716913717,36.500649896574956],[128.33983945234226,36.5030716501768],[128.34529569282685,36.514234257045175],[128.3434710939087,36.52056192633319],[128.34104248363082,36.52252801538547],[128.34077130170175,36.524623591555525],[128.34743138552142,36.52715416216241],[128.35286890531685,36.527239628652076],[128.35848239752366,36.53057070157542],[128.3617922129222,36.53164590362746],[128.366109260766,36.52743740449564],[128.36862216208053,36.520709677278006],[128.37010120511837,36.51459853641967],[128.3684351714693,36.50947726541585],[128.37078398069107,36.50546357529114],[128.37542891672263,36.50394612830362],[128.38184867758724,36.50463946995054],[128.38529359311852,36.50616265913642],[128.3986466001306,36.50894641124045],[128.4010415321947,36.50979325455814],[128.4052366974944,36.51287296858249],[128.40857409506438,36.516374834121784],[128.41364075085338,36.52041206738655],[128.41876078331342,36.52240834930487],[128.42413945004833,36.52149532499313],[128.42921928369836,36.521968995916765],[128.43371952759574,36.51961259991472],[128.43693185916646,36.516236645924856],[128.43250397930302,36.5110835824916],[128.43339640810373,36.50305004529698],[128.43848626624285,36.500834580119935],[128.44416802460117,36.497238249727864],[128.445703370782,36.495058200143895],[128.45310075316377,36.49102466642436],[128.4598925844265,36.48835170521176],[128.46248335967599,36.489013991833126],[128.4645623327519,36.49197408377185],[128.46155308068518,36.49573389404755],[128.46435865163454,36.49875738748454],[128.47478899096814,36.498715788614554],[128.475290846436,36.50535300402184],[128.47666681348764,36.50991193906259],[128.47517062130095,36.51223648571538],[128.47627764184742,36.513943297806726],[128.48175158049477,36.51452609213828],[128.4830893649384,36.5137648999553],[128.49100318011568,36.51782298330037],[128.49561226323542,36.51672435472038],[128.49887417283534,36.51357502299622],[128.50224576391503,36.50584760436262],[128.50352718689152,36.50108336686838],[128.50696902670288,36.499040615591305],[128.51431499509528,36.49759158428638],[128.52694903813196,36.498422962767215],[128.53181734823303,36.49807946750977],[128.5342225927486,36.4954025255963],[128.5393003592054,36.49530408870802],[128.54385267525356,36.49039972803381],[128.54943968092,36.490178526505375],[128.5520018956111,36.48822687834463],[128.5529475485396,36.48326976183416],[128.55265392869154,36.47573231069466],[128.55942245501484,36.47218770049418],[128.55858468393657,36.46920528970793],[128.5612223098176,36.46288643624423],[128.56616038448223,36.45900155369514],[128.56677410943982,36.45207675171319],[128.57033094162117,36.4510497261927],[128.57249652698067,36.446664475004106],[128.57726701922132,36.43999638986712],[128.57909245425503,36.43927683014419],[128.58332467433746,36.44044516092576],[128.58866778901302,36.43933094448154],[128.59414597525017,36.436105782414366],[128.5948880005223,36.43425975735165],[128.59480957697514,36.42787043926592],[128.59670465673113,36.42529681715446],[128.59522645132046,36.42182089828256],[128.59633241907278,36.41703938047916],[128.59678414721108,36.41151896475988],[128.59896971273926,36.40946221832816],[128.60386899728593,36.40888631715069],[128.60690004337806,36.41003766501953],[128.60927197902336,36.414796062909424],[128.61024577303144,36.41782079722789],[128.61544699466333,36.41949869520695],[128.62357932508348,36.41909317544438],[128.62902116651577,36.4209294596243],[128.62820367557748,36.42389493776412],[128.63032925442982,36.426023408033934],[128.63343480986032,36.42563691371835],[128.6380923948017,36.4271163829837],[128.64584417193635,36.42847452409924],[128.6493950764543,36.43018982451374],[128.65360302734877,36.42953261713287],[128.65533937999064,36.43215476718676],[128.6628837387521,36.437547019481954],[128.66853532759475,36.43885157136812],[128.67359923636403,36.436485645669045],[128.67805616212942,36.438416382896804],[128.67841685939322,36.440574880079325],[128.68091299050778,36.44472465635406],[128.68283219700467,36.446205364794814],[128.68527131863632,36.44429741365024],[128.69003121227203,36.44385425312457],[128.69958934746097,36.447395921093566],[128.70459389197433,36.4468496965458],[128.7066420393923,36.448020817848885],[128.7061830161401,36.450895774354166],[128.7042574154842,36.45447432974514],[128.7074406359024,36.46423192468981],[128.70963883436005,36.47328621321522],[128.7097746246584,36.4770415248585],[128.7149366501183,36.481578179106066],[128.7178791713509,36.48194407013337],[128.7235706995787,36.47958766613708],[128.72783301807397,36.47635971982432],[128.73417799948692,36.47837900191844],[128.7385611567673,36.482560604626876],[128.74255615906065,36.48503071725866],[128.74713933919872,36.4891828803213],[128.75393791003643,36.48511507759783],[128.7592540165883,36.48458711395723],[128.7647680893366,36.48163188292139],[128.76738600112336,36.48089172325685],[128.77297492070952,36.47561370793149],[128.775998080446,36.46879600052099],[128.7794019609213,36.4676605923931],[128.78246208518894,36.46483206899503],[128.79262023645322,36.465765751077534],[128.79841855341223,36.46181103005444],[128.79993629006722,36.458791956549376],[128.8022270125688,36.45933248905843],[128.80953133028183,36.45914595525157],[128.81254358524805,36.45504935151185],[128.8155564002459,36.45376651710589],[128.81865708138636,36.454080103324245],[128.82304531718648,36.45208541192762],[128.83021216159213,36.451847801642316],[128.8309130086412,36.44754727789266],[128.82982902359814,36.443655765503806],[128.8345318005501,36.43578355862947],[128.83353518791444,36.4321080486414],[128.83431526018822,36.4276310861647],[128.8373626299319,36.423218666533515],[128.8411284700557,36.422365688555686],[128.8429421436536,36.42017702933571],[128.8417868398953,36.41819674443955],[128.84530716943013,36.41212601131135],[128.84427184982022,36.407891659154494],[128.84712773355983,36.402942275661474],[128.84973771389298,36.40178646612865],[128.85134190047458,36.399279999744195],[128.85200474090527,36.39440044945314],[128.85046893541625,36.39258164370751],[128.85040859760568,36.38829459681582],[128.8521736128885,36.38743236058046],[128.85960079604592,36.38775362361687],[128.86388884024228,36.385048510578535],[128.8711704382307,36.37823725825995],[128.87757952530887,36.37508332410305],[128.87214285570371,36.36611388616934],[128.87624122886297,36.364690307684576],[128.8806800344391,36.35920913852819],[128.88080899312945,36.35623324193774],[128.87714510765372,36.348499134562566],[128.876616335306,36.34475736194587],[128.8855843502182,36.343372903883115],[128.8868146077767,36.34220603341629],[128.88767162272256,36.33722024341366],[128.8897069326393,36.33380548382304],[128.88855304699916,36.33068646474157],[128.89286990080646,36.32578689127479],[128.89284221280542,36.32087276959344],[128.88747335014827,36.316388143885575],[128.88744168530422,36.31191063723468],[128.89137208466354,36.30551796311447],[128.8893056230567,36.29742482185389],[128.88583241778397,36.295762808358944],[128.88354143047633,36.297657883549995],[128.88027460762493,36.296971013280526],[128.87863391319496,36.292366663477395],[128.87768639841897,36.275789010641226],[128.87508592265817,36.272875285318094],[128.87083455007124,36.27431782493108],[128.86566956914493,36.274579362793],[128.86312143851515,36.27383420126283],[128.86363267345044,36.2712473625254],[128.86269585777754,36.2681106106484],[128.8581046856769,36.266314611492604],[128.85200159761288,36.26649540044981],[128.85015642870817,36.265664766729124],[128.84660733315553,36.26166063962729],[128.84774622495684,36.25950984058843],[128.85283764648722,36.258872810292054],[128.85699843572593,36.25512284654388],[128.86718284072535,36.255220225430925],[128.87122390793525,36.25572551659626],[128.875322516861,36.25506137004236],[128.8813110476956,36.25249784641286],[128.8857574560884,36.24325738543652],[128.88417861520355,36.24088930712088],[128.88039193427875,36.23862216197083],[128.87916871351052,36.23608526097331],[128.87497076741596,36.23542706791911],[128.87133489587788,36.2334193390155],[128.8697376368708,36.231517295420815],[128.88050413826505,36.22583719344757],[128.88169152521402,36.220778041377955],[128.88348725487285,36.21886121078983],[128.88731871028835,36.21690473825537],[128.88937860858144,36.21720295765995],[128.895531031717,36.2135718565086],[128.8963336014376,36.21199539605031],[128.89659239996706,36.2068666382549],[128.89368769147507,36.203382696790044],[128.88640597571447,36.20106683540046],[128.8824582465982,36.198999530925924],[128.87843146752127,36.19874528167508],[128.87314729891165,36.19974795532855],[128.87071434869833,36.20366970653093],[128.8686616429407,36.20367584178236],[128.8651556611993,36.20575451793514],[128.85856320548234,36.208007770434584],[128.85710246874086,36.21011065727056],[128.8518557877389,36.2148797868159],[128.847746679052,36.21649299484448],[128.84468661001426,36.21629917013261],[128.84121508471242,36.21750613821064],[128.83852345316765,36.215916112659755],[128.83469273120787,36.215368623963954],[128.830037398874,36.21763956871387],[128.8225926373266,36.215834382661775],[128.81410073288643,36.21096938559613],[128.81141659000193,36.21022484203702],[128.8039190397204,36.209956280047216],[128.8030759282127,36.200767376551056],[128.79967630988486,36.19682872544315],[128.79597343555957,36.19379957583478],[128.79049329495183,36.194863119370396],[128.78598927165953,36.196201776335414],[128.7836266140722,36.193921040145774],[128.77427490112083,36.19498040966012],[128.7700430170372,36.19347330283838],[128.76595455372177,36.19660834709732],[128.75890612799768,36.200443046079016],[128.75806704013064,36.20254555783212],[128.7527031628756,36.20267266448179],[128.74987037190297,36.19873528074532],[128.74943558471705,36.19590732999978],[128.74567936098532,36.19461187598521],[128.74056464879556,36.19917037916186],[128.73518489895025,36.20064657130558],[128.72998127846455,36.198458045700505],[128.7277015549543,36.200770441917044],[128.72139426796747,36.19804800086206],[128.71894954261364,36.20006099962413],[128.7135593317301,36.200003991926955],[128.70872070599063,36.198569910440405],[128.70490053091822,36.199162026015316],[128.69668141324692,36.2023875893316],[128.6965654807698,36.204722447890376],[128.69985485200476,36.2087621803072],[128.69439322009086,36.21410047519085],[128.68795396541205,36.213678341326016],[128.6827648219843,36.21508355640904],[128.67492759284292,36.21253485329241],[128.67276900265645,36.209942976792405],[128.6693560592033,36.20917519977093],[128.66748734944323,36.21185869607209],[128.66677923456393,36.215347840783956],[128.66338657391609,36.221435946724526],[128.65592541724047,36.219505734101936],[128.65207801685804,36.21709415781807],[128.6493558528241,36.21768627902584],[128.64239773567957,36.212059565468074],[128.63992164386596,36.2080906624626],[128.63386604344674,36.209357495865746],[128.63175365432735,36.2162340111447],[128.63449128563994,36.218587510751085],[128.6358904044473,36.22419621271683],[128.63690019403586,36.22975906411599],[128.63667389265422,36.233075914233744],[128.63460207045654,36.237204767243476],[128.63104748178475,36.23877585958608],[128.63266621026892,36.243819126460934],[128.6382062629597,36.24707556626257],[128.64041018498295,36.25435794672273],[128.64066726739608,36.25757202781224],[128.63636707092948,36.26118032272041],[128.63253092082869,36.261988993668304],[128.6240168207594,36.26677447232863],[128.61970963855808,36.26790154413333],[128.6168328281235,36.267670305186684],[128.61334095656025,36.26979258363541],[128.60695295495157,36.27124335825556],[128.60377860819705,36.26991165201687],[128.5984808784966,36.27076602102072],[128.59551822032512,36.277067950960934],[128.58898443993678,36.27731385166852],[128.58051116315556,36.27948550062902],[128.57636079673756,36.27964378063679],[128.5714713630919,36.27501086324234],[128.5669089399906,36.27420666777214],[128.5626485135527,36.27682110882422],[128.5568071554231,36.27362794178144],[128.55189807505582,36.27490753313738],[128.55043974223608,36.278544019464],[128.5490893261584,36.28570404139751],[128.54553153240502,36.291623830305845],[128.53870503848026,36.29440571664392],[128.53415355146421,36.29504812155225],[128.52926381130646,36.29387183814411],[128.52481606175766,36.29997082948177],[128.519775561048,36.3001709072599],[128.51815453012975,36.301861207726816],[128.51515340080329,36.302028102122186],[128.51067525675003,36.300733584674035],[128.5061971475102,36.30342131572934],[128.49990587832565,36.303894560876],[128.49787551600625,36.30336914398832],[128.49311820326196,36.30491800129585],[128.48758671329884,36.308213076487824],[128.48198314342534,36.30936292995274],[128.47903646887195,36.311158456445796],[128.47320844368218,36.31212295046356],[128.47287709491866,36.318353896603895],[128.4711608113174,36.32003958076707],[128.46687909225827,36.321974961237544],[128.45601756318817,36.325104767988364],[128.45555251446874,36.326730095192175],[128.45164009604503,36.327022488832576],[128.44228746328957,36.31604704624346],[128.43810915815794,36.31402051716849],[128.4392178073371,36.31224702215132]]]]}},{"type":"Feature","properties":{"regionCode":"47750","name":"청송군","parentCode":"47"},"geometry":{"type":"MultiPolygon","coordinates":[[[[128.99154036018123,36.170671713049806],[128.9901476033749,36.1682578325745],[128.9874917298352,36.16796491628093],[128.9831591518045,36.16759186287163],[128.9783251033484,36.165935717880224],[128.97387941048964,36.16086394037359],[128.96817838567583,36.16149170128362],[128.96417073618105,36.16388013959316],[128.9622809044599,36.16634262400708],[128.94969011833743,36.16896899803018],[128.94773837035248,36.1717227215541],[128.94338679358194,36.17377394175456],[128.9408631077905,36.17721336849757],[128.9362193217372,36.178913964093134],[128.92807047716582,36.179790741485405],[128.9194532953899,36.185435474891506],[128.918477569984,36.183259289613986],[128.91450740232523,36.180955466019846],[128.90908867340812,36.18070899028371],[128.90416346629152,36.17751669999068],[128.8968469276608,36.17642452473581],[128.89605094761419,36.173443362099746],[128.89332594645293,36.17439771164922],[128.89124797835788,36.1765394602921],[128.8914845192023,36.1795722494304],[128.8902086988017,36.182165128506384],[128.8852430455165,36.18394899062817],[128.883388202209,36.185886175386834],[128.881209393113,36.190126793793084],[128.8824582465982,36.198999530925924],[128.88640597571447,36.20106683540046],[128.89368769147507,36.203382696790044],[128.89659239996706,36.2068666382549],[128.8963336014376,36.21199539605031],[128.895531031717,36.2135718565086],[128.88937860858144,36.21720295765995],[128.88731871028835,36.21690473825537],[128.88348725487285,36.21886121078983],[128.88169152521402,36.220778041377955],[128.88050413826505,36.22583719344757],[128.8697376368708,36.231517295420815],[128.87133489587788,36.2334193390155],[128.87497076741596,36.23542706791911],[128.87916871351052,36.23608526097331],[128.88039193427875,36.23862216197083],[128.88417861520355,36.24088930712088],[128.8857574560884,36.24325738543652],[128.8813110476956,36.25249784641286],[128.875322516861,36.25506137004236],[128.87122390793525,36.25572551659626],[128.86718284072535,36.255220225430925],[128.85699843572593,36.25512284654388],[128.85283764648722,36.258872810292054],[128.84774622495684,36.25950984058843],[128.84660733315553,36.26166063962729],[128.85015642870817,36.265664766729124],[128.85200159761288,36.26649540044981],[128.8581046856769,36.266314611492604],[128.86269585777754,36.2681106106484],[128.86363267345044,36.2712473625254],[128.86312143851515,36.27383420126283],[128.86566956914493,36.274579362793],[128.87083455007124,36.27431782493108],[128.87508592265817,36.272875285318094],[128.87768639841897,36.275789010641226],[128.87863391319496,36.292366663477395],[128.88027460762493,36.296971013280526],[128.88354143047633,36.297657883549995],[128.88583241778397,36.295762808358944],[128.8893056230567,36.29742482185389],[128.8933606755588,36.29621329927022],[128.89828667432138,36.295891910734866],[128.9065551365995,36.29684244293418],[128.91283726202317,36.29849386748878],[128.91590364087975,36.30265052178128],[128.91947354842165,36.30486757794007],[128.92666608610475,36.3065885400599],[128.93078203870408,36.30569340660285],[128.93227586269109,36.30830548993823],[128.9330498115543,36.31801716704005],[128.9350765090662,36.320284442097275],[128.93833915496495,36.322070052077315],[128.9403392696584,36.325383929295896],[128.9446773988754,36.32592310522504],[128.94763196312354,36.32940533412467],[128.95065791270284,36.33581693663007],[128.95355790091742,36.3369915151425],[128.95659098712215,36.336172410908354],[128.96213307756435,36.33838570999184],[128.96309306881352,36.342672213279606],[128.9660908956979,36.34646662791388],[128.96280334256582,36.351494724215556],[128.96323802377617,36.35443365561255],[128.96588369357727,36.35651711259171],[128.9662216355097,36.361136304197125],[128.96346721532598,36.36330355907285],[128.96162039086113,36.366682558226366],[128.96467387175164,36.36917263118689],[128.96742747373656,36.37778746613749],[128.97474224319743,36.38672491292104],[128.97651146870336,36.39001497152567],[128.97575611238446,36.392632231332094],[128.98056875963255,36.399518587529],[128.97962080160153,36.40276031851346],[128.9838620365408,36.404559902555654],[128.9837604473443,36.413616451076784],[128.98181315227845,36.417566897380105],[128.98259269361697,36.420838267040786],[128.9816639885291,36.42397142920964],[128.9764381972361,36.42774879722531],[128.97306676980054,36.43149295755048],[128.9736911961854,36.4344488841818],[128.97321169811642,36.43913441392486],[128.97597603902764,36.44302330578113],[128.9735920307616,36.44671251022445],[128.97235708061143,36.451143913228265],[128.9702565287868,36.45226497584096],[128.96926186151936,36.45915044393824],[128.9677904024958,36.46123011091544],[128.96883441153622,36.463145006436335],[128.97340902415823,36.46687504436924],[128.97708373552376,36.46598517833067],[128.98506456270113,36.462768024916095],[128.98524351252303,36.465102085488624],[128.97956272235348,36.468663428029835],[128.9787122929687,36.47078154143094],[128.98060877554258,36.47587065224402],[128.97493573223863,36.47973382238444],[128.97554241739508,36.48417437811851],[128.9827975591854,36.48622671066336],[128.98543214931024,36.48975507904542],[128.98832603587178,36.49091126776881],[128.9897226969405,36.49545319231923],[128.99487308498186,36.49870229222346],[128.99563779741274,36.500248745520345],[128.9950968071421,36.5051282352981],[128.99713791067762,36.51009460570381],[128.99389458218891,36.51334371286446],[128.99199125950952,36.51723626579963],[128.9883269842321,36.51566259218435],[128.98569015386445,36.51567100749991],[128.98365077072998,36.517865031461724],[128.9822028132454,36.52487998457894],[128.9801033745078,36.52698614572835],[128.97536156621646,36.52727267508315],[128.97192060470715,36.53117275933693],[128.9729823070128,36.532652517630666],[128.97553660063568,36.540442541327835],[128.97412123426844,36.54835337223193],[128.9761446963856,36.548604703166205],[128.97913986586076,36.545693329010696],[128.982763221044,36.54651346300467],[128.9850299724981,36.548095576178646],[128.9903255832017,36.54815115961238],[128.99173067873326,36.549343592398124],[128.9895080473992,36.55533212217494],[128.98429149181752,36.56075394090571],[128.97936641013126,36.56081296759062],[128.97968439824794,36.56491952274052],[128.9838909898506,36.56782812081159],[128.98405645685008,36.57320227843],[128.98681916126029,36.57425176743881],[128.9905891276033,36.57705191386894],[128.99207682648685,36.58141185388208],[128.99494228325148,36.58242411322803],[128.99945107889334,36.58685641042626],[129.00005178829161,36.5885068788843],[128.99903143213797,36.593471349637646],[129.00366294303885,36.59461587897429],[129.00542495298123,36.59146591188002],[129.00867038344717,36.589682722464836],[129.01564284044264,36.58812121211363],[129.0224305455467,36.5878937443512],[129.0245710330143,36.589669371813635],[129.0319580350394,36.588082407200346],[129.03506871476097,36.58553189335611],[129.03683410491587,36.58217732783244],[129.04204452010214,36.580237932682664],[129.04616569631457,36.58001093312273],[129.0458814396219,36.57358331329813],[129.05014047369164,36.56527070990561],[129.04985840969675,36.56217507864735],[129.05208475169198,36.558833569141626],[129.05585208980045,36.55626201620898],[129.05976761146556,36.555275075469496],[129.0653754252312,36.55001736324489],[129.06502365681217,36.546276590242606],[129.0670377169753,36.543795461041924],[129.06987841133318,36.54299885124136],[129.07375096701568,36.544667927554855],[129.07532925204976,36.546356991627846],[129.08107034017155,36.545817842733314],[129.082088245547,36.54425415072787],[129.08625249397318,36.54354652271123],[129.0966617751361,36.54411497920817],[129.10005543632346,36.5428354939471],[129.10268492807023,36.5434323179601],[129.10815309915066,36.54614338688243],[129.10762554317702,36.54405586527987],[129.11179551321982,36.539809857945244],[129.1182731655115,36.538523537436774],[129.12238815785898,36.53506487828708],[129.12675944022166,36.53506876349773],[129.12869256353846,36.5337597928728],[129.13106884164657,36.52669603295731],[129.12839804446554,36.52492714759265],[129.12682370518266,36.52212309508996],[129.13048309299728,36.518498226932664],[129.1277844356899,36.51307757498924],[129.13161166226254,36.50706336610102],[129.12978379502138,36.50384734184601],[129.1327687003707,36.50090804477694],[129.13677036386076,36.50110011772439],[129.14433731687777,36.499028479289755],[129.14696313030458,36.501518606492034],[129.15212102499467,36.50032768505839],[129.15164052311601,36.49509039996188],[129.15403099880115,36.492885305863474],[129.1510071218107,36.48546718468576],[129.1500938755245,36.481053857663426],[129.14792985866345,36.47780678487943],[129.15283853125607,36.466916184351774],[129.15570499129257,36.46535227508876],[129.1619251107512,36.45819515156884],[129.16118666617086,36.453700950391124],[129.16701606059692,36.449151368013204],[129.16908073616887,36.44639951615053],[129.16859703986674,36.4415317393322],[129.17150969865304,36.434436070968786],[129.17625752426352,36.43163575989108],[129.18718513118515,36.42841960615428],[129.1867315513585,36.42692890459864],[129.18877621126893,36.42697921692478],[129.19315019770156,36.42930030238038],[129.19810037352363,36.43031465224933],[129.20186257007364,36.42884129994472],[129.2030808096043,36.42651246286134],[129.20892414149853,36.42115577538679],[129.21057176144822,36.41829206546703],[129.2118568982776,36.41333678762386],[129.21199197564468,36.407720039516626],[129.2148338186776,36.407090053660866],[129.21810445423552,36.40330514755809],[129.22290952221704,36.40005349369376],[129.22660342551617,36.39881334286268],[129.22809073688614,36.39593356468405],[129.22248318157804,36.39186241651348],[129.22070193435522,36.38657171814429],[129.22628130471213,36.38356368390086],[129.22791327906248,36.37987337629231],[129.21878832652752,36.3731357134115],[129.21830225478053,36.36924173069054],[129.2162127470872,36.363902639349924],[129.21624969882703,36.360967729655925],[129.22008354822955,36.35911212427586],[129.22130180758467,36.35255231331206],[129.2240336714638,36.34999090488234],[129.22405235569724,36.3464943800852],[129.22810588527122,36.34387427795543],[129.23591496126113,36.344030356895736],[129.2430458269985,36.34596629486658],[129.24703990281597,36.3439921496302],[129.25139051451782,36.338902779331136],[129.25507870629852,36.336000065035975],[129.2593582572967,36.33509009782463],[129.25985997789186,36.33352350320527],[129.25619787466937,36.32720500574886],[129.25527285409805,36.323743040616485],[129.25194599964124,36.32090990113512],[129.24930161483152,36.31904844532803],[129.24327114715828,36.31877583964329],[129.23883449661653,36.31733517576027],[129.23640884050036,36.314223420568915],[129.23191614930323,36.31222678019311],[129.22745488346598,36.30915362184751],[129.22530990502395,36.30855917853],[129.2197346773946,36.30347517744211],[129.22017349581043,36.30122870133906],[129.22387347660313,36.299111902905224],[129.22267589085405,36.295483166062255],[129.2243845914019,36.29280772800672],[129.22405582645067,36.29091828602549],[129.22100434106468,36.28777240683331],[129.22271299633385,36.284671707626245],[129.2257138474662,36.28241145626128],[129.22417878003145,36.279615511396365],[129.2214369352778,36.27758922580286],[129.22072508493073,36.27317851053278],[129.21663428767076,36.27127625117448],[129.21396475898382,36.27173117239403],[129.209534932365,36.2669537414205],[129.20701939159704,36.26672243978832],[129.2057246358791,36.26455727582924],[129.20411888745724,36.25621339415326],[129.19898539404485,36.25008299222874],[129.19705482340842,36.24893682347033],[129.19866552506392,36.246657647651105],[129.19801690878583,36.24449195536454],[129.19471200704166,36.24335657433551],[129.19182804845755,36.24027148734749],[129.19042149129388,36.23652558075984],[129.1873851801952,36.23354235666879],[129.1788811263648,36.22720408721312],[129.17330739025135,36.2247911984831],[129.17103218816314,36.224644781779034],[129.1633534345797,36.2318116361825],[129.15506889774184,36.23360891960067],[129.15484488116425,36.23564453262943],[129.14712376428102,36.239261194206264],[129.1449319386577,36.2439187702692],[129.1408675242329,36.247002244381996],[129.13885869507845,36.249527060429564],[129.13794752227193,36.25507037725015],[129.13382286225192,36.258334233034155],[129.132367535536,36.26214505574209],[129.12652866426097,36.26416502530029],[129.1238706397491,36.26215392699969],[129.11719351933925,36.266087767165835],[129.1126490497352,36.26445001898187],[129.10931061208834,36.2665955994317],[129.10587607381646,36.2669176376537],[129.10275029603645,36.26477904994591],[129.09938049819635,36.26855247096548],[129.09896156328554,36.27101899107798],[129.09350306760587,36.27388601017635],[129.0902883593087,36.272551314959564],[129.08473561418694,36.27437425004546],[129.08065534921238,36.27741784951918],[129.07442393284057,36.275107790597204],[129.0656507317193,36.27378273581124],[129.05988166809738,36.26803270422146],[129.05966506153146,36.26471521570286],[129.0529938929994,36.26369007665221],[129.05312084109107,36.25960512981383],[129.05668008693323,36.25500815992921],[129.0619915345706,36.252040831334426],[129.06539388904469,36.25373905997038],[129.06843011768584,36.252093086006965],[129.0725357981993,36.25217048279868],[129.0755805151946,36.25018780782857],[129.07517645116286,36.24787989520125],[129.07804082313513,36.23998990018883],[129.08077962248473,36.23588657565012],[129.08090228713135,36.23395910023396],[129.07399869516038,36.22961306632135],[129.0694206456357,36.228740727133406],[129.06690040603252,36.226817890278824],[129.06555920086845,36.22330663909189],[129.066080127763,36.22148624350375],[129.06260245682296,36.22021213166498],[129.05664094169444,36.22396459999051],[129.05129784937833,36.222132536098805],[129.0451191621641,36.2213008697913],[129.04375880415935,36.22209935912475],[129.03925314006307,36.2190421779557],[129.03742215545105,36.215831563577936],[129.03546886299077,36.208109119418026],[129.03587609177595,36.205236108974375],[129.03277660678157,36.202887901618695],[129.03240237436862,36.20050625189477],[129.028896510291,36.195693674056194],[129.02758912663703,36.192850953444434],[129.0283758996578,36.187527561409894],[129.0252623005781,36.18253675903898],[129.02124802115037,36.183126942482716],[129.01732108627783,36.180762755259],[129.00974163669463,36.17893576202871],[129.00287068235176,36.17856677993011],[129.00065754874905,36.17972322117034],[128.9977339017416,36.179047641971565],[128.99229885776205,36.175891109657975],[128.99154036018123,36.170671713049806]]]]}},{"type":"Feature","properties":{"regionCode":"47760","name":"영양군","parentCode":"47"},"geometry":{"type":"MultiPolygon","coordinates":[[[[129.23424432626345,36.57294640500605],[129.2368997062456,36.56948058149754],[129.2433897516586,36.56701670962786],[129.24743733875326,36.55980578516601],[129.24215164183764,36.559905258730666],[129.23930295885575,36.55363989913992],[129.23983298917156,36.545697062521185],[129.23770182273182,36.542099595012125],[129.23596833236803,36.53470637629723],[129.23568384957383,36.52957753966961],[129.23792110239646,36.52754093800071],[129.23850371180265,36.52311507649531],[129.24614946931413,36.51574953607032],[129.24767256391328,36.51017708810698],[129.24399292868802,36.508667219439964],[129.23731190282146,36.510322973271016],[129.23486322330243,36.51312631812448],[129.23179586439858,36.511784224756404],[129.22586463066105,36.51370845862708],[129.2249890110531,36.50865348625476],[129.2228043328424,36.5036368473573],[129.223138964771,36.49950077983655],[129.22660520682416,36.494399321964835],[129.2223675662933,36.490088228632814],[129.2181415711061,36.49049180515516],[129.21803623432538,36.4954581955882],[129.21584422829932,36.4988826145217],[129.21375824696838,36.49997210228449],[129.20904547196602,36.50055804522044],[129.2048825112448,36.50253351090815],[129.20175986410928,36.50100106871109],[129.197612423765,36.501108724404475],[129.1928703420378,36.50333015170296],[129.19061697044285,36.50303305716905],[129.18837942838363,36.49970195455053],[129.18201386435138,36.50744744023946],[129.17602557357083,36.50806618240395],[129.1733476147552,36.50771121364444],[129.16957914455722,36.505477681730504],[129.1612868464211,36.50410896455787],[129.15751657587015,36.50166417300517],[129.15212102499467,36.50032768505839],[129.14696313030458,36.501518606492034],[129.14433731687777,36.499028479289755],[129.13677036386076,36.50110011772439],[129.1327687003707,36.50090804477694],[129.12978379502138,36.50384734184601],[129.13161166226254,36.50706336610102],[129.1277844356899,36.51307757498924],[129.13048309299728,36.518498226932664],[129.12682370518266,36.52212309508996],[129.12839804446554,36.52492714759265],[129.13106884164657,36.52669603295731],[129.12869256353846,36.5337597928728],[129.12675944022166,36.53506876349773],[129.12238815785898,36.53506487828708],[129.1182731655115,36.538523537436774],[129.11179551321982,36.539809857945244],[129.10762554317702,36.54405586527987],[129.10815309915066,36.54614338688243],[129.10268492807023,36.5434323179601],[129.10005543632346,36.5428354939471],[129.0966617751361,36.54411497920817],[129.08625249397318,36.54354652271123],[129.082088245547,36.54425415072787],[129.08107034017155,36.545817842733314],[129.07532925204976,36.546356991627846],[129.07375096701568,36.544667927554855],[129.06987841133318,36.54299885124136],[129.0670377169753,36.543795461041924],[129.06502365681217,36.546276590242606],[129.0653754252312,36.55001736324489],[129.05976761146556,36.555275075469496],[129.05585208980045,36.55626201620898],[129.05208475169198,36.558833569141626],[129.04985840969675,36.56217507864735],[129.05014047369164,36.56527070990561],[129.0458814396219,36.57358331329813],[129.04616569631457,36.58001093312273],[129.04204452010214,36.580237932682664],[129.03683410491587,36.58217732783244],[129.03506871476097,36.58553189335611],[129.0319580350394,36.588082407200346],[129.0245710330143,36.589669371813635],[129.0224305455467,36.5878937443512],[129.01564284044264,36.58812121211363],[129.00867038344717,36.589682722464836],[129.00542495298123,36.59146591188002],[129.00366294303885,36.59461587897429],[128.99903143213797,36.593471349637646],[128.9996571344122,36.60075446282284],[128.99734117139684,36.60471855990702],[128.99607768366945,36.60877426940343],[128.99784677110873,36.611882688073486],[128.99660866978422,36.61853006783364],[128.99425005468862,36.622143053845626],[128.9910718302762,36.623352302989744],[128.99083545399455,36.62608028886057],[128.99182279389476,36.63019719560817],[128.99157815163315,36.636379927309704],[128.9946735741055,36.64186381400143],[128.99095363199916,36.64490034071072],[128.98994460262554,36.64803005847906],[128.9935423563722,36.65305009582938],[128.99639050122923,36.65523405379694],[128.99555743157458,36.65619848612346],[128.99515859440226,36.66179997362443],[128.990507524697,36.664016314954836],[128.99373966639493,36.66945667299785],[128.9901686798729,36.67423147196528],[128.99083977852612,36.67665131812643],[128.99322666861417,36.677863699071345],[128.99449700552213,36.681508209751314],[128.99365660138267,36.686686096708314],[128.99179519760668,36.688913718211666],[128.99268562364773,36.692800170619165],[128.9974369007056,36.69538833924343],[128.99670222592354,36.7018119842341],[128.9944158019681,36.704363567751834],[128.99638836790422,36.706145806688646],[128.99947946041604,36.71441447033567],[128.99953011475947,36.7190062732495],[128.99606512666108,36.722585730160944],[128.99717517127033,36.72736756525153],[128.9925213530146,36.73137970944489],[128.9893708016418,36.7321739489428],[128.98741346210838,36.73562301530212],[128.9895575928674,36.73828569977788],[128.991008395578,36.74567660751444],[128.99015966080913,36.74706504962596],[128.98927919756616,36.75070492445567],[128.99224381888268,36.75473443936519],[128.99037595982975,36.75818797412748],[128.98753498918768,36.75940165367261],[128.98636633865306,36.762332933074596],[128.98356982240122,36.765522476393464],[128.98407316664893,36.77290004951852],[128.99010250565965,36.77695099186959],[129.00069351733296,36.78052595627202],[129.0073955744817,36.77989956873401],[129.01138225875206,36.78282664071329],[129.01661086073594,36.784537107059826],[129.0215368766722,36.783649141967004],[129.02738750463487,36.78532316899173],[129.0343557928657,36.78879074024786],[129.03685893262548,36.790866965111476],[129.03743440181057,36.794300565788994],[129.04788493556745,36.799989073642465],[129.0526985322346,36.80618977561825],[129.05679113397554,36.80812845304075],[129.0621473590598,36.81303570960242],[129.06396468451723,36.81826929198049],[129.06867335401864,36.820636246523215],[129.0771858246525,36.820526524544036],[129.08023902579578,36.81888553573681],[129.0887648875702,36.82492913264318],[129.08954847653146,36.82639520409965],[129.0930295244766,36.826005449725024],[129.09635423478832,36.826759948060015],[129.10076649567952,36.82974250807899],[129.10079516200497,36.83258330129598],[129.10322408791754,36.83587475803361],[129.11292336293926,36.84140746864133],[129.11624068236875,36.84451510910929],[129.11881976645327,36.84471740571874],[129.1219819394883,36.84803146493045],[129.1241290264287,36.852645401763574],[129.1248813541831,36.85721221279635],[129.12834020873314,36.85853850678508],[129.12935516468906,36.86500585124166],[129.13576000447898,36.86927834899412],[129.13830063155092,36.872882914576834],[129.14783550419753,36.87407189346224],[129.1506487635313,36.873477284253575],[129.15405558067377,36.875118895136524],[129.15512573427603,36.8782074540554],[129.15853672031582,36.87505188230621],[129.1637926238746,36.874227440006834],[129.165718232691,36.87530555890496],[129.1656638099848,36.879377592267254],[129.17004627986196,36.88141882074272],[129.1742732241259,36.880890566675795],[129.17694041059102,36.878937968017574],[129.18334145434076,36.8784864431155],[129.19023451254205,36.87982085568082],[129.19235740571233,36.879194086081384],[129.1955693728201,36.87518595866568],[129.19593066013175,36.869972889167066],[129.20137865026368,36.865426122578526],[129.21045187763457,36.86340613460669],[129.21736521830297,36.863976954680076],[129.22754780899817,36.867857515439674],[129.2336414019794,36.866980089231774],[129.23806456604657,36.86294429536441],[129.2360302291997,36.85950722380404],[129.23357945004915,36.85757891494444],[129.2310227567826,36.85393849478452],[129.23347825598754,36.85292449413154],[129.23977788005283,36.8519254128353],[129.24770442977362,36.85278664036684],[129.25079634837724,36.856821884316055],[129.25524227241118,36.86039720151165],[129.25619598788506,36.86694154472311],[129.25580104474716,36.87037348573351],[129.25687577958547,36.873022818128085],[129.26107126907272,36.877039808544104],[129.26098185606446,36.87007015338914],[129.26728503935828,36.87265201570551],[129.27185787077534,36.87146552691625],[129.2751631148929,36.874965721273234],[129.27871707720357,36.874325916127574],[129.2812719079709,36.870066500061085],[129.28554900324977,36.86453012302014],[129.28519937355063,36.86299370113719],[129.27974243811147,36.86486187392506],[129.2804658499433,36.86229258797893],[129.27890101933244,36.86002719989017],[129.27557040474878,36.85911616579227],[129.27471998504163,36.850082577579606],[129.27673518408398,36.84645092528468],[129.27267845715875,36.84326422476872],[129.270657529264,36.84065122350546],[129.2723993237459,36.83726627225242],[129.27292281243464,36.8335718134794],[129.27839731099317,36.83247904207426],[129.2831883136211,36.83340900084513],[129.28747182208446,36.8316488416242],[129.29487869400864,36.8248801228309],[129.29187056588168,36.821072333124796],[129.2898469050281,36.814491294931884],[129.2902192263137,36.81189917936678],[129.28915692811233,36.80818535045492],[129.29339202402008,36.80550190500781],[129.29370153074655,36.802905790423054],[129.2980166698028,36.79770447962775],[129.30062759937954,36.79358502426701],[129.30670097686178,36.79229958182257],[129.30951105098356,36.788130964503985],[129.31170594382405,36.78633357515443],[129.31350495135143,36.78089342098616],[129.3113640214677,36.77815324470242],[129.31173927439642,36.77556366081982],[129.30849023117085,36.77423269208468],[129.30569982822993,36.77669013141433],[129.30289731465896,36.77641378140361],[129.29836160417148,36.77160877130777],[129.29578915862726,36.76570533414539],[129.29816063582382,36.75749619520961],[129.29519693486122,36.75402391113356],[129.2901978518276,36.753513862470776],[129.2847082463529,36.75203417153837],[129.27303266156215,36.745137509357725],[129.2741007023993,36.74192928404217],[129.27311697214617,36.73780081481384],[129.270905506134,36.73529230279377],[129.26998952375308,36.73228398866224],[129.27142191335795,36.72536316592107],[129.27387579568884,36.72387019617868],[129.27858539644947,36.722512002048276],[129.28094987270217,36.7235963691767],[129.2837888392155,36.722330350842114],[129.28714311057456,36.71947086599388],[129.29382054348625,36.717635780525725],[129.29215707326074,36.71453718409887],[129.28793624237485,36.71102152577996],[129.28625605956503,36.708375202112215],[129.28663931861428,36.702393546745974],[129.28491830125247,36.699748286780995],[129.28215294897802,36.6981275952734],[129.28280526448322,36.69552668553928],[129.2814309636868,36.69356591880115],[129.27686214724255,36.69159357359029],[129.276751434094,36.68765567689224],[129.27842327473533,36.68565995252847],[129.2788243081915,36.68106005774923],[129.275398985637,36.67826792891719],[129.27151427282544,36.67730744915522],[129.26893959024488,36.673707063411484],[129.26723452279603,36.6735832786176],[129.2639067456663,36.67063353169837],[129.26064016969707,36.6689815342113],[129.25401552790962,36.6712297473098],[129.2397509623226,36.6637187931642],[129.23470414094152,36.66281910571671],[129.23228830355853,36.66035056305955],[129.23275783739837,36.65775266278946],[129.23067892989874,36.65351681588386],[129.23070994463063,36.644250035873405],[129.2349060146519,36.64227342284542],[129.2386632512123,36.63606924175678],[129.24014799675214,36.629608250684136],[129.23718568046567,36.627194447751606],[129.23113024371872,36.625725554205914],[129.22878791784035,36.623467103285584],[129.23014602771914,36.618335383683565],[129.22928594720514,36.61504365405394],[129.23052149319798,36.61150542876001],[129.23114002287505,36.6051743611808],[129.22537091991123,36.602863149633954],[129.2221223994335,36.60420426479763],[129.2216845891834,36.59984710673466],[129.22408041929867,36.597671358919364],[129.2187631695666,36.594331582211204],[129.21659065027953,36.59020457775036],[129.21721803136396,36.58788214506546],[129.2211667783845,36.58561992370291],[129.22585803675116,36.5859932687623],[129.2307501400297,36.58413300430531],[129.23302551999063,36.581103684443114],[129.23253387139204,36.57738488583464],[129.23400909260647,36.57597019305761],[129.23424432626345,36.57294640500605]]]]}},{"type":"Feature","properties":{"regionCode":"47770","name":"영덕군","parentCode":"47"},"geometry":{"type":"MultiPolygon","coordinates":[[[[129.38101582621428,36.32551534980952],[129.382668755749,36.32212919605822],[129.37978999707764,36.31809473732805],[129.38037645925885,36.308873068956615],[129.37782100108,36.30737123946457],[129.37782404826407,36.305319016889754],[129.38009477407508,36.299602366290536],[129.37959995202914,36.29062519170272],[129.37496380620198,36.288668666037246],[129.37535829683503,36.28482412363005],[129.37822914187964,36.27839647162735],[129.380799069783,36.27743617693128],[129.38158743052128,36.27486858825545],[129.37600877510758,36.26963325538144],[129.37627236731666,36.26830475491422],[129.37305150144792,36.267716830551834],[129.3661038679936,36.26856144863072],[129.36285604370434,36.270994668455494],[129.3579277787659,36.27267971358016],[129.3534971526554,36.273063308972375],[129.35113611194646,36.27094966973693],[129.347702199816,36.269801634094115],[129.34426999171836,36.27034501732588],[129.33936102920532,36.26665243187025],[129.33633158844916,36.2680187442258],[129.32843127304147,36.2674557273592],[129.3244116822278,36.26908068933665],[129.31421989886252,36.270904096900175],[129.3116957988864,36.26923653173668],[129.30435923649316,36.2677285577794],[129.30126680002277,36.270750532553755],[129.3000961370492,36.27358282007211],[129.29338358248225,36.27637252331268],[129.292215348569,36.27906069965646],[129.2866098551239,36.286098455355855],[129.2878888797558,36.28888483469678],[129.28648860213772,36.29839572532502],[129.29435735900108,36.30437937020628],[129.29931366158235,36.30610702509916],[129.30021353786782,36.307311287055164],[129.3016561182707,36.31809792321657],[129.29166921659404,36.324721981848],[129.288740435286,36.32868008106981],[129.2892817176084,36.33083537931812],[129.28726402757542,36.33250326350624],[129.28494229919482,36.33322764115182],[129.28292913746657,36.33146673456141],[129.27577080257953,36.3277691247357],[129.27300657937735,36.32779992207556],[129.26972590595102,36.33132021715595],[129.26745446171066,36.33004225293213],[129.2666694730301,36.32079884871858],[129.25194599964124,36.32090990113512],[129.25527285409805,36.323743040616485],[129.25619787466937,36.32720500574886],[129.25985997789186,36.33352350320527],[129.2593582572967,36.33509009782463],[129.25507870629852,36.336000065035975],[129.25139051451782,36.338902779331136],[129.24703990281597,36.3439921496302],[129.2430458269985,36.34596629486658],[129.23591496126113,36.344030356895736],[129.22810588527122,36.34387427795543],[129.22405235569724,36.3464943800852],[129.2240336714638,36.34999090488234],[129.22130180758467,36.35255231331206],[129.22008354822955,36.35911212427586],[129.21624969882703,36.360967729655925],[129.2162127470872,36.363902639349924],[129.21830225478053,36.36924173069054],[129.21878832652752,36.3731357134115],[129.22791327906248,36.37987337629231],[129.22628130471213,36.38356368390086],[129.22070193435522,36.38657171814429],[129.22248318157804,36.39186241651348],[129.22809073688614,36.39593356468405],[129.22660342551617,36.39881334286268],[129.22290952221704,36.40005349369376],[129.21810445423552,36.40330514755809],[129.2148338186776,36.407090053660866],[129.21199197564468,36.407720039516626],[129.2118568982776,36.41333678762386],[129.21057176144822,36.41829206546703],[129.20892414149853,36.42115577538679],[129.2030808096043,36.42651246286134],[129.20186257007364,36.42884129994472],[129.19810037352363,36.43031465224933],[129.19315019770156,36.42930030238038],[129.18877621126893,36.42697921692478],[129.1867315513585,36.42692890459864],[129.18718513118515,36.42841960615428],[129.17625752426352,36.43163575989108],[129.17150969865304,36.434436070968786],[129.16859703986674,36.4415317393322],[129.16908073616887,36.44639951615053],[129.16701606059692,36.449151368013204],[129.16118666617086,36.453700950391124],[129.1619251107512,36.45819515156884],[129.15570499129257,36.46535227508876],[129.15283853125607,36.466916184351774],[129.14792985866345,36.47780678487943],[129.1500938755245,36.481053857663426],[129.1510071218107,36.48546718468576],[129.15403099880115,36.492885305863474],[129.15164052311601,36.49509039996188],[129.15212102499467,36.50032768505839],[129.15751657587015,36.50166417300517],[129.1612868464211,36.50410896455787],[129.16957914455722,36.505477681730504],[129.1733476147552,36.50771121364444],[129.17602557357083,36.50806618240395],[129.18201386435138,36.50744744023946],[129.18837942838363,36.49970195455053],[129.19061697044285,36.50303305716905],[129.1928703420378,36.50333015170296],[129.197612423765,36.501108724404475],[129.20175986410928,36.50100106871109],[129.2048825112448,36.50253351090815],[129.20904547196602,36.50055804522044],[129.21375824696838,36.49997210228449],[129.21584422829932,36.4988826145217],[129.21803623432538,36.4954581955882],[129.2181415711061,36.49049180515516],[129.2223675662933,36.490088228632814],[129.22660520682416,36.494399321964835],[129.223138964771,36.49950077983655],[129.2228043328424,36.5036368473573],[129.2249890110531,36.50865348625476],[129.22586463066105,36.51370845862708],[129.23179586439858,36.511784224756404],[129.23486322330243,36.51312631812448],[129.23731190282146,36.510322973271016],[129.24399292868802,36.508667219439964],[129.24767256391328,36.51017708810698],[129.24614946931413,36.51574953607032],[129.23850371180265,36.52311507649531],[129.23792110239646,36.52754093800071],[129.23568384957383,36.52957753966961],[129.23596833236803,36.53470637629723],[129.23770182273182,36.542099595012125],[129.23983298917156,36.545697062521185],[129.23930295885575,36.55363989913992],[129.24215164183764,36.559905258730666],[129.24743733875326,36.55980578516601],[129.2433897516586,36.56701670962786],[129.2368997062456,36.56948058149754],[129.23424432626345,36.57294640500605],[129.23400909260647,36.57597019305761],[129.23253387139204,36.57738488583464],[129.23302551999063,36.581103684443114],[129.2307501400297,36.58413300430531],[129.22585803675116,36.5859932687623],[129.2211667783845,36.58561992370291],[129.21721803136396,36.58788214506546],[129.21659065027953,36.59020457775036],[129.2187631695666,36.594331582211204],[129.22408041929867,36.597671358919364],[129.2216845891834,36.59984710673466],[129.2221223994335,36.60420426479763],[129.22537091991123,36.602863149633954],[129.23114002287505,36.6051743611808],[129.23052149319798,36.61150542876001],[129.22928594720514,36.61504365405394],[129.23014602771914,36.618335383683565],[129.22878791784035,36.623467103285584],[129.23113024371872,36.625725554205914],[129.23718568046567,36.627194447751606],[129.24014799675214,36.629608250684136],[129.2386632512123,36.63606924175678],[129.2349060146519,36.64227342284542],[129.23070994463063,36.644250035873405],[129.23067892989874,36.65351681588386],[129.23275783739837,36.65775266278946],[129.23228830355853,36.66035056305955],[129.23470414094152,36.66281910571671],[129.2397509623226,36.6637187931642],[129.25401552790962,36.6712297473098],[129.26064016969707,36.6689815342113],[129.2639067456663,36.67063353169837],[129.26723452279603,36.6735832786176],[129.26893959024488,36.673707063411484],[129.2740395251222,36.67063007325795],[129.2797436363699,36.66960211619774],[129.2822645961501,36.66786027201154],[129.2850719202313,36.66749523700136],[129.29476067442312,36.67024093028209],[129.29768851929938,36.66853624957813],[129.30679225840058,36.668341230891855],[129.31300363767284,36.66729480905471],[129.31751330905354,36.665462756846026],[129.32452198505007,36.66702083133551],[129.32680002777275,36.66663939578737],[129.32932691315835,36.66208278516206],[129.33072323835782,36.661186552707946],[129.33737732946665,36.66058313624529],[129.3447442250455,36.65748489774959],[129.34862137973298,36.65700553497205],[129.35185495027267,36.65458167167528],[129.3545835626461,36.65103295901343],[129.35775319593998,36.65313356060503],[129.3610465052485,36.65874307659079],[129.36695518896244,36.662978931742984],[129.37073716573897,36.66273144387712],[129.38157389815777,36.668011360239824],[129.38457465323168,36.67016101962136],[129.39176102961193,36.66633495876358],[129.39687883665397,36.66545232473847],[129.3967699008621,36.66135497764606],[129.4043524314159,36.65932527841749],[129.40673020681737,36.659203594041834],[129.41098039803225,36.6546901127028],[129.41943165515747,36.65028095189943],[129.41833592770666,36.6480638775442],[129.41968992954983,36.64462378919497],[129.4237501234734,36.643255063102835],[129.41833120619341,36.6399251842192],[129.41704144575883,36.63504111542912],[129.41725547474542,36.63056910589854],[129.41313139850325,36.62471110003034],[129.41219624501238,36.622432992694954],[129.4126018344968,36.61632919219179],[129.413860477574,36.61087294869043],[129.41611026863092,36.60495518218869],[129.4162398380128,36.60238469797431],[129.41465649102418,36.599691884521924],[129.4110648967445,36.598152934998346],[129.41057517454496,36.59473217828344],[129.41316230044924,36.58454356161675],[129.4174734448786,36.57658515848581],[129.42204762956797,36.570575138672744],[129.42639696618647,36.566091240717164],[129.43312127399955,36.56065321394582],[129.43704952035432,36.55677382403813],[129.44069928858707,36.551822305228626],[129.44030563229578,36.5459629829338],[129.44088180520703,36.543193291538586],[129.44005514726672,36.540213309538686],[129.44071864773858,36.53022637440643],[129.44192530434168,36.5286427971515],[129.4448335984744,36.51902921437047],[129.44512872251698,36.51620896954046],[129.44418599160875,36.5122617374955],[129.45014061974263,36.512684359671205],[129.44983433350959,36.50964080392523],[129.45306359614148,36.50970968157836],[129.45257369076032,36.50613657831802],[129.44815127042594,36.50543666371428],[129.44654258052697,36.50225833411956],[129.44679004995427,36.496804262257534],[129.444815315785,36.49263650344183],[129.44523650670618,36.48870668505185],[129.43980435799017,36.48516709138571],[129.4343379894432,36.48319676470985],[129.43339641095392,36.48122156634375],[129.43315478978883,36.47613437548957],[129.43534736385004,36.47394779625727],[129.43617297223508,36.47102905785807],[129.43775115975495,36.467352480502214],[129.43801575764962,36.46291995907617],[129.4364897699785,36.45539897460567],[129.43553593221193,36.4532699678381],[129.43695375625032,36.44702406352263],[129.4350036598381,36.44139971214927],[129.43346866362987,36.44048388036561],[129.4339343123252,36.43704307375688],[129.43636507431273,36.428898954767426],[129.4355158613719,36.423484765495616],[129.43136437321968,36.4160765644605],[129.43059072871083,36.40958773897836],[129.42703141728282,36.40516484922142],[129.4251742608508,36.40563449447704],[129.4207482641665,36.398561644225644],[129.41366030887627,36.38995604117159],[129.40844500014944,36.38800742010017],[129.4079817227946,36.38152028282108],[129.40461047183902,36.37639147418204],[129.3958804101171,36.36584108046428],[129.3937285354633,36.357786986019136],[129.3893640164466,36.35675643181193],[129.38866432658295,36.35341670663094],[129.3897563474088,36.34759387662824],[129.3874103294564,36.34292742588447],[129.38438484354756,36.34168864746429],[129.3835091869372,36.336237434439795],[129.38047027324026,36.334498763752606],[129.37953326765626,36.333015064946395],[129.38101582621428,36.32551534980952]]]]}},{"type":"Feature","properties":{"regionCode":"47820","name":"청도군","parentCode":"47"},"geometry":{"type":"MultiPolygon","coordinates":[[[[128.67245630696482,35.59585288668937],[128.67055681159238,35.594532895593005],[128.66350843695216,35.59458887226927],[128.65802843883378,35.59774051035036],[128.65479143330043,35.59694197231098],[128.6436258680898,35.5923499207531],[128.6370745188539,35.58615441908944],[128.6358866473724,35.5840674059518],[128.63109184965947,35.58665757687554],[128.62661961802286,35.5848397411331],[128.61759155840696,35.584373572728914],[128.61393309532775,35.582213033686905],[128.6068487191421,35.58042434941135],[128.60115637481445,35.580831429442746],[128.593696573664,35.58449502028397],[128.59343594762274,35.58432803156002],[128.58481839115916,35.58619819630019],[128.57426287292287,35.59221353600516],[128.5722752307791,35.5974926759444],[128.56756755604593,35.59952932466797],[128.56746723511262,35.60122118990795],[128.56454778432746,35.60250494494181],[128.5596854389683,35.603253948011634],[128.5591842806843,35.60981675345631],[128.5580487978828,35.6149423863073],[128.5562359580621,35.61670644173254],[128.55048486011933,35.61701475454288],[128.5475043414351,35.61908901569114],[128.54158126916934,35.62092165775698],[128.536502908741,35.62365366519475],[128.53580261313576,35.62732863097291],[128.53822365258605,35.63196834419859],[128.53646904581115,35.63932057334793],[128.53471833146003,35.6437994413841],[128.5376545699184,35.65073235996997],[128.5383365239031,35.65488552273461],[128.5368762618555,35.66096218454355],[128.53549522052057,35.66200486272766],[128.53145551879908,35.662170906676494],[128.53085539303953,35.6653951666801],[128.5263784544224,35.67419956683743],[128.52673954839128,35.67705088830203],[128.5284563207797,35.67953791916888],[128.52641436462469,35.68237968937188],[128.53348785298962,35.68207670106075],[128.53184438465297,35.683370751862334],[128.53151765892764,35.68814943723158],[128.53513554545958,35.69401993189054],[128.53152308021384,35.69683061372913],[128.532407640006,35.7054887242702],[128.52973621961868,35.71096860418067],[128.52714406219826,35.71361249958369],[128.5288917194372,35.713892770628135],[128.53957806638303,35.71809709339174],[128.54407723238444,35.719282404719],[128.5460591498721,35.722252540266645],[128.55239299866744,35.72619656499966],[128.5594605955882,35.72864594069874],[128.56253899603286,35.73198727465259],[128.56313837803793,35.73520272703593],[128.5661549666101,35.7364670611031],[128.56999932051406,35.734284269367954],[128.57166255728274,35.73459683420502],[128.58003109988817,35.739088561849854],[128.5819074594554,35.73879889224067],[128.58468349907938,35.73560590098693],[128.5893060996242,35.731866354285245],[128.591611848759,35.732752062718525],[128.59380109793986,35.73579512995662],[128.59617538547369,35.737084919469375],[128.5996724940662,35.736645561897305],[128.60657914635746,35.73894682584912],[128.61189455487155,35.73854353002994],[128.61666211361845,35.7371167496519],[128.61663687172867,35.73464298287661],[128.61447496588923,35.732997103613194],[128.61540309675578,35.730440694250944],[128.61043702892488,35.72664808002925],[128.61029467009595,35.72534527808188],[128.6142071117383,35.722473548285905],[128.6164344546788,35.71976383411079],[128.61692405569386,35.71651932113339],[128.61404446245285,35.71426971568672],[128.61396598002008,35.71059930126843],[128.62068302846058,35.704281461397244],[128.62307416321534,35.70339934174055],[128.63083673213146,35.70699882472311],[128.63768946061347,35.70584907357026],[128.6462321940473,35.70843012555934],[128.6504315524249,35.7121523247229],[128.6543752982668,35.71448660981522],[128.6581710623898,35.71852479310665],[128.663746487303,35.720550302597886],[128.6710541592264,35.718996884581095],[128.67194077469892,35.72075533613164],[128.67498310385045,35.72131069311806],[128.68195369675485,35.72118745912072],[128.68339406211038,35.72175545926878],[128.6830157336408,35.72551130994912],[128.68583233478557,35.72784921662865],[128.6901591971394,35.729878237087554],[128.69178604472668,35.73232567562424],[128.69109799379441,35.7356484855842],[128.68866768584869,35.73753457875943],[128.68951650963157,35.73986987243083],[128.69437895703055,35.743880939442846],[128.69776473035537,35.74315067400971],[128.70186836204158,35.74371478020564],[128.70215872617484,35.74015650190604],[128.70475965840373,35.73533189852322],[128.71081887247263,35.73105595722607],[128.71310696610286,35.72675024483282],[128.71528533157021,35.72079699621861],[128.71980548988495,35.72035810216794],[128.72224274543188,35.719159857207586],[128.72800270747445,35.720295714049776],[128.73113421954153,35.72014786670723],[128.7361143013903,35.716321514734744],[128.7376385078544,35.70901316008928],[128.74358681970588,35.70386827056626],[128.75389607630572,35.70064324455136],[128.76558893392766,35.70041320205711],[128.7665526560272,35.70278957139757],[128.76615509407,35.70677682085145],[128.76281848211602,35.70852900181067],[128.76438750863952,35.716144578118815],[128.77403534918332,35.721321881365235],[128.77326042376072,35.725494012373396],[128.7746547316629,35.72942563078169],[128.7843516240941,35.73150048850591],[128.7861047140642,35.733098321238195],[128.7842821847515,35.73484322965328],[128.78930201538725,35.74234595163138],[128.79877341849422,35.7431213305859],[128.80090581071153,35.74498154030888],[128.8056968347247,35.743827565972396],[128.81039723846862,35.740055847953016],[128.81546742059678,35.743161701534014],[128.81821370610305,35.74245456832133],[128.82708600016858,35.73841177319265],[128.83208349420408,35.74175873860423],[128.83398516017,35.745086636011145],[128.8370211715306,35.74520437217567],[128.84463487148926,35.74167290602384],[128.8489790417607,35.74120056474004],[128.85500730782292,35.74376008640246],[128.85835183971517,35.74743204920125],[128.8545561088551,35.75387758141048],[128.85428407664585,35.755645990201714],[128.85671143721314,35.7573227964264],[128.86039261363422,35.75523276944279],[128.86654730321737,35.758026598134315],[128.87147362435962,35.752055940751426],[128.8761871789361,35.74803263583595],[128.8865005094892,35.751238569240094],[128.8915902601685,35.754824517661575],[128.8923329711643,35.75866743485337],[128.8947564488607,35.76379644293853],[128.8986506685841,35.761647327053794],[128.90079534146463,35.75514131719688],[128.9009805780809,35.752261302838896],[128.9034735648969,35.74686352935943],[128.9078103537916,35.747909375644646],[128.90794984331006,35.751341497689744],[128.9121800493178,35.75482205918664],[128.91410422109973,35.758057104142516],[128.9216220868889,35.75548304913039],[128.92614427364956,35.75546798190615],[128.92972554599058,35.757694472815224],[128.93205189743412,35.76058249855904],[128.93450248557716,35.76129789607761],[128.93731272082545,35.766865070656195],[128.94042677741248,35.771110058365785],[128.94190542535344,35.7771372727963],[128.94634571772556,35.78149939886074],[128.94467784268627,35.78677626031768],[128.94965984223046,35.793262125069816],[128.95089416879736,35.79821524665288],[128.95556240860802,35.80281621488888],[128.9557598872147,35.80668147147337],[128.9544432005279,35.81117726897405],[128.95527835404565,35.81428427769317],[128.95811559346444,35.81763442886834],[128.95990136569898,35.823343527855926],[128.9629201016765,35.82855024457657],[128.96295961690006,35.83028044882481],[128.96593877047553,35.83449294538588],[128.97076130541623,35.835443287836895],[128.97774404778752,35.83288585165093],[128.98408681381355,35.833431198217234],[128.98656004465582,35.834398740914956],[128.98928571238508,35.83775978433269],[128.9943830840974,35.840207512269544],[129.00029425131865,35.842170890245164],[129.00404459106235,35.84246696382276],[129.00873003784218,35.844920908706904],[129.01299248897752,35.844782381130116],[129.01412912518515,35.84619748960155],[129.01587133815028,35.84394855203543],[129.01638873971717,35.84060799896851],[129.01379779584292,35.835614888709976],[129.0083324544069,35.83190396870577],[129.0077964639279,35.82780753131692],[129.004336354811,35.82331383855028],[129.0033605972327,35.8163622662282],[128.99724362131352,35.806379570977754],[128.9905131242802,35.800452966863396],[128.9929830734971,35.79544789683113],[128.99244456978963,35.793058270159634],[128.98761797828004,35.78546619019786],[128.98735629865146,35.77829246579835],[128.98841751429282,35.77407369057717],[128.9875712345728,35.77243197977927],[128.9828571898346,35.77260954756992],[128.98026088511364,35.770872550125],[128.9749444008929,35.77099878127759],[128.97418215092281,35.770105449209204],[128.97513810528514,35.762316366021295],[128.97458658834387,35.76008725401179],[128.96988462040787,35.75277464388489],[128.97417280295852,35.74780789812571],[128.9737727478981,35.7396772214714],[128.97274077463874,35.73694980712705],[128.97796207323137,35.73420883120954],[128.9859099188462,35.72752722849272],[128.9897783854703,35.72347265999685],[128.99129122966173,35.71930975063644],[128.99703310120074,35.717388848022196],[128.9966924327081,35.7125566668246],[129.00497865979767,35.704846732258154],[129.00387794604853,35.697691541825755],[129.00544673792803,35.69335699218935],[129.0085828862426,35.69427167519993],[129.0195393204763,35.68821893333673],[129.02243446613656,35.6875114302815],[129.02524792820708,35.68885939653754],[129.03245246944655,35.6904650186158],[129.03757975383624,35.69249064144717],[129.0379431396928,35.687484025560934],[129.03606083094908,35.67774780640932],[129.0344002003798,35.67622846355175],[129.03972272252452,35.66661345801501],[129.04069960532084,35.660920717379405],[129.04034767307272,35.65820330524213],[129.04280891479607,35.65476027045887],[129.04481664536695,35.65363517589559],[129.04731156623572,35.650146667720406],[129.0451614348775,35.64721858422336],[129.04392153130271,35.64144556905145],[129.03809649695287,35.63462379415121],[129.03737897866156,35.632446263378995],[129.0349725147922,35.63200032356123],[129.02713523882133,35.636349567652374],[129.02097816830363,35.63556088852573],[129.0175720907825,35.63091421117476],[129.01360372596244,35.62891704774949],[129.01103719707552,35.62912209882551],[129.007734402281,35.626807266157],[129.00432549028812,35.62067339958066],[129.0033462950447,35.6201417657111],[128.99965534779494,35.61660587064066],[128.9927977565547,35.612466665641904],[128.99011113477678,35.61141364540538],[128.9856541034807,35.6078595552017],[128.9817570672503,35.607568667216526],[128.97209478778626,35.613837235742366],[128.9625089606114,35.614350857308786],[128.9600222033411,35.61526744660483],[128.9602850518269,35.619284845629046],[128.95527158896132,35.62210893002072],[128.94906821152915,35.62868197630427],[128.94094601733812,35.633071122271275],[128.93097958066758,35.63431838822873],[128.92430383988338,35.63684204050292],[128.92307744758477,35.637854703321615],[128.92309693656205,35.64684962623178],[128.9193151041045,35.645666373117294],[128.914937300231,35.64541162295966],[128.91325135633036,35.640282048899984],[128.91176162111017,35.63791347536519],[128.90740834065136,35.63508164696104],[128.89956483558873,35.632187277604366],[128.89174740042915,35.6302603201448],[128.88555062296956,35.629837576079886],[128.88267473037627,35.63266481790237],[128.88256735716294,35.63471908671486],[128.87918940476743,35.63586809453108],[128.87472291074045,35.634903430781534],[128.8729241231786,35.63276502488679],[128.87343818144328,35.629693016860784],[128.8723592293767,35.621082169783854],[128.8709933846881,35.618072205243294],[128.86764634701572,35.61596078630538],[128.86556875781324,35.61079148121817],[128.86189043028315,35.607270003151406],[128.85911407618983,35.606665506514055],[128.8545873484151,35.59999947927264],[128.85345028671813,35.59638706361766],[128.84634159564393,35.59055535507148],[128.84301208735312,35.58908400857373],[128.833470150563,35.59738627577224],[128.82356802232673,35.5963179154591],[128.8213452870503,35.59359371292581],[128.8150661206641,35.59158529045556],[128.81099331828258,35.58934235956827],[128.80631950822863,35.58824416985884],[128.80216449110554,35.58845214828763],[128.80047092103848,35.58539567328353],[128.79867322161874,35.581377785778415],[128.79761153461183,35.5757606840793],[128.79613296833764,35.57353226283128],[128.78675276491242,35.566090259606234],[128.78462281290732,35.565979009311256],[128.77605974260712,35.568468907282885],[128.77206401831003,35.56879708601939],[128.76808548060032,35.570508156663955],[128.76634623053428,35.56824082882593],[128.76386199803542,35.569005182434296],[128.7606211610428,35.567932436745075],[128.75593000615433,35.56818886218534],[128.7539395041836,35.57018258796263],[128.7483429075254,35.5708068272497],[128.74644829851928,35.572506268045856],[128.73588320680594,35.5766170541634],[128.7310818356308,35.57620701903657],[128.72760877809722,35.5780347401563],[128.7251096338181,35.580568774434454],[128.7207322137524,35.58065501641828],[128.71521316889564,35.57824632653832],[128.71245446107568,35.5795520209819],[128.70326846285028,35.5785263222399],[128.69740989205525,35.582122969399656],[128.69547481129118,35.58398535960699],[128.69331726367201,35.590467233179936],[128.69127571340337,35.59442062730833],[128.6877921611051,35.5951121809467],[128.67936221745853,35.59519124663476],[128.67245630696482,35.59585288668937]]]]}},{"type":"Feature","properties":{"regionCode":"47830","name":"고령군","parentCode":"47"},"geometry":{"type":"MultiPolygon","coordinates":[[[[128.37567957676436,35.66009399553073],[128.38161259460497,35.65528747359899],[128.39164353190824,35.649617828516504],[128.39630669631512,35.648111136368506],[128.40081117404213,35.64493173939038],[128.4029446630482,35.64192395485151],[128.40244750664576,35.634314655345165],[128.40167978705657,35.63207059260885],[128.39635351762234,35.62802669730893],[128.3913423438188,35.621340233216564],[128.38903079140832,35.61552596611166],[128.38610030181658,35.61240939580741],[128.38102135598874,35.61099251529665],[128.37572632454078,35.61057363019804],[128.3707652337326,35.61116289159724],[128.36234678654395,35.61189343129063],[128.3636405959276,35.614389307212264],[128.3629445941644,35.616860511604784],[128.36382341175502,35.6213927652265],[128.36237786212067,35.624928904737935],[128.36305100451662,35.628575198025636],[128.35862381885337,35.637015331342724],[128.35609772446105,35.63974737851013],[128.354918259,35.64247324512014],[128.34916806256285,35.646445691236345],[128.34417729139216,35.64609421364166],[128.34094723810753,35.6441524886263],[128.32925535275584,35.648157125826195],[128.32725062479042,35.64643988541903],[128.32371132393902,35.64601915756554],[128.32092522043888,35.64784312739811],[128.31821543176338,35.6509188681683],[128.31510421360056,35.651069994986685],[128.30604854197196,35.655143302177976],[128.30245804381426,35.65444036776782],[128.2972625282959,35.65618736003463],[128.29620342190654,35.65052668305541],[128.2922800177599,35.65098335724725],[128.28859267919034,35.65239266175034],[128.27971348428807,35.65228896904953],[128.27840202400503,35.65175313405209],[128.27669142345826,35.64672765935219],[128.26712625660105,35.64531136922613],[128.26110099567913,35.64268892434194],[128.2582521059564,35.64759424163463],[128.24893269054485,35.651097716451844],[128.24391758486166,35.655521959368315],[128.24193877841563,35.65543874007174],[128.23589965708013,35.65136329015082],[128.2359453693231,35.6475082801327],[128.23748619810203,35.64425379757964],[128.23571717028315,35.6407305097328],[128.22966585380553,35.639450120129496],[128.22505844076065,35.6420776037606],[128.22153089708422,35.64105715301348],[128.21150277937784,35.641542321118386],[128.21026783757034,35.64438369512744],[128.2010951906981,35.64375612496794],[128.19886455940468,35.6491641517209],[128.19550547510494,35.65121134892282],[128.19135530429412,35.65516500829831],[128.18405508251425,35.6584709345837],[128.18261464105143,35.65741500119021],[128.17516790415564,35.656888353306826],[128.17102415023658,35.654848496701334],[128.1637342512458,35.653494150202384],[128.15942309928022,35.655009943846096],[128.15776697179172,35.657949054487176],[128.16136963239003,35.6610179776533],[128.16002122013873,35.66713220405376],[128.16262315066567,35.671820188456635],[128.16676764747962,35.673907395575256],[128.17930370133917,35.67302036363099],[128.18419676171865,35.67829759725002],[128.18955347782537,35.68069905791188],[128.19440460074966,35.6843550409675],[128.20157378875822,35.68411496812176],[128.20415119316982,35.688651807535074],[128.20204100731056,35.69135221075412],[128.20445601853723,35.69735631600334],[128.20330985371572,35.7030967583983],[128.2010510206126,35.70614868173311],[128.2011810600286,35.710150110121326],[128.20301484757016,35.71206314537249],[128.20081648262592,35.71781959475737],[128.20053449818698,35.72141237520885],[128.20156879265045,35.722808536892664],[128.19895304988418,35.72592379193017],[128.19665379696596,35.730463448265226],[128.19788735118559,35.736673339195306],[128.19433370485407,35.73821156723334],[128.1914239267822,35.744645991763434],[128.19100234476116,35.747788126685364],[128.1894745059419,35.74949599480738],[128.18925972120735,35.752343204036094],[128.18726699256447,35.754157852358794],[128.1836069461746,35.75517270683651],[128.18123868977037,35.75692329112303],[128.17653720323625,35.758624664374516],[128.17347118743294,35.75885857852405],[128.1695359738805,35.76052897883799],[128.1649997665608,35.76348937094175],[128.16266985528165,35.76918088643915],[128.16142325947797,35.76973990076178],[128.16405642414114,35.7770268436216],[128.17554824348775,35.786505982017175],[128.1791186705055,35.788299132711145],[128.17674359671656,35.79146033099607],[128.17347080806172,35.7930900449923],[128.17106282209937,35.79825227704632],[128.16570235294344,35.80101043986737],[128.16508337460414,35.80402485055257],[128.16123465335406,35.80603530898986],[128.16009707987325,35.80845247500558],[128.16332805903215,35.81152141665678],[128.1688129976114,35.81528285470403],[128.1771181003084,35.81867627883875],[128.18065636561755,35.81939013000638],[128.18841692011478,35.8198319426639],[128.19475192543604,35.81835857817617],[128.1999068125907,35.81544283512948],[128.2086065822782,35.81545653047671],[128.21150214787866,35.81342663442191],[128.21374321603597,35.81022291467579],[128.21294785748137,35.80740940735024],[128.21680795343627,35.80249105709997],[128.21456108012117,35.799476575392205],[128.21681682270906,35.79669010985099],[128.2182914171169,35.79195385334071],[128.22256537901626,35.78881577942155],[128.2248951686391,35.78801479390477],[128.23289754861912,35.787702785600544],[128.23972741832793,35.782170041034504],[128.25319117971037,35.7804199467022],[128.25167353090114,35.78808843018503],[128.25615080762046,35.79171925665828],[128.2597367295174,35.792036103570744],[128.25984839617655,35.794541963829076],[128.26471614869547,35.79478347804213],[128.2726366151117,35.79000744291089],[128.2758314321525,35.79137996050824],[128.2742843389564,35.79729705016602],[128.27292498527999,35.805684876869734],[128.27486755460362,35.80901462116632],[128.27375643106546,35.822050919082876],[128.2754486121553,35.82571318800295],[128.28033729112698,35.827166478116744],[128.28828504820981,35.82551023035831],[128.2910305861478,35.826379569801084],[128.2925091683487,35.823655616762224],[128.30027732766797,35.815441740170336],[128.3055960386285,35.81416521313636],[128.30639463551393,35.812259120380475],[128.3121974126044,35.81257781560031],[128.31496126547378,35.813913463363775],[128.319242399101,35.81383722229245],[128.32095750961295,35.81021738528197],[128.32681033291024,35.80747429503715],[128.33219386686602,35.80235697010264],[128.33617814515992,35.79988374824938],[128.33792080337946,35.79689487620299],[128.34353502744534,35.79614208498705],[128.35049624853878,35.79911887829598],[128.3643683396705,35.792321408369524],[128.36757464274115,35.79251654764786],[128.36892962222962,35.793463066686506],[128.36980795035333,35.80292364570154],[128.37116182769404,35.804445677711236],[128.369404951543,35.810352151013866],[128.3708471622668,35.813175807207216],[128.36913268639438,35.81664054001676],[128.37474799108008,35.81650773779907],[128.38073873354472,35.822208693892854],[128.3808621596426,35.824459365356546],[128.3770681249967,35.83224944151397],[128.37479063210807,35.83459998530099],[128.3765100641597,35.83607956761091],[128.38261701987744,35.83814046858416],[128.39168535497222,35.838374440176814],[128.38972749593268,35.842980752208746],[128.38917532127536,35.847632909650464],[128.39008701486196,35.85037050598948],[128.3981906261993,35.8494442079876],[128.4033663274718,35.85042751240096],[128.40834166178573,35.85021940983479],[128.41653208151138,35.85138623928552],[128.4213180007699,35.85139262991444],[128.42278774983126,35.85125664259699],[128.44778562497308,35.84482908494706],[128.45631240665978,35.84299666385859],[128.46011932831604,35.84126184482799],[128.4706372592061,35.83299525128516],[128.4771918347796,35.82750749380621],[128.48074061632454,35.82223898658008],[128.48043456310168,35.81774535682663],[128.4781806159296,35.813762069218754],[128.47225947200124,35.809534348588635],[128.4691269825045,35.8084352474321],[128.4527026247182,35.80935941165015],[128.44658802781913,35.80844128734254],[128.4398701851162,35.80848419248729],[128.43000446303137,35.80955120680021],[128.42250422771596,35.80988889992404],[128.42028493311463,35.809356440043146],[128.41093958206775,35.80027720565731],[128.40741579379835,35.7965345750722],[128.40490310244357,35.79141075355902],[128.40229341273687,35.7843735258103],[128.40001335259117,35.77962823825661],[128.39403165839917,35.77148245729436],[128.3864357794202,35.76334511963138],[128.38519173103168,35.760269145485275],[128.38602833705593,35.75503408352923],[128.38845317640767,35.75060917296454],[128.39264023537373,35.745534337025646],[128.39779101702987,35.74335606897125],[128.40619885935857,35.73894621021848],[128.41436056981874,35.737550774338295],[128.41655816604867,35.73663011387777],[128.41957684574857,35.73388034744505],[128.42874665492363,35.729252898959544],[128.43249633621565,35.725377986550555],[128.43410121037613,35.71880687106969],[128.4348367081198,35.712140230742754],[128.4348186262507,35.70665848283747],[128.43316926863702,35.703019066579316],[128.42241339624027,35.695004546779494],[128.417837271036,35.693121639390206],[128.40993197237572,35.69416852679287],[128.3949190021365,35.697924281391515],[128.38779766047008,35.70107305153276],[128.38276658399565,35.70086910966737],[128.3751700775888,35.70248794559023],[128.3596540727213,35.707504450834925],[128.35628764182175,35.707069291369926],[128.35258604354,35.704910654344964],[128.35103630309638,35.702879888521025],[128.35069012153068,35.69415894349596],[128.35406529798803,35.68378076608595],[128.3587665529353,35.67690990940433],[128.3634825711122,35.6710422052442],[128.37567957676436,35.66009399553073]]]]}},{"type":"Feature","properties":{"regionCode":"47840","name":"성주군","parentCode":"47"},"geometry":{"type":"MultiPolygon","coordinates":[[[[128.27292498527999,35.805684876869734],[128.2742843389564,35.79729705016602],[128.2758314321525,35.79137996050824],[128.2726366151117,35.79000744291089],[128.26471614869547,35.79478347804213],[128.25984839617655,35.794541963829076],[128.2597367295174,35.792036103570744],[128.25615080762046,35.79171925665828],[128.25167353090114,35.78808843018503],[128.25319117971037,35.7804199467022],[128.23972741832793,35.782170041034504],[128.23289754861912,35.787702785600544],[128.2248951686391,35.78801479390477],[128.22256537901626,35.78881577942155],[128.2182914171169,35.79195385334071],[128.21681682270906,35.79669010985099],[128.21456108012117,35.799476575392205],[128.21680795343627,35.80249105709997],[128.21294785748137,35.80740940735024],[128.21374321603597,35.81022291467579],[128.21150214787866,35.81342663442191],[128.2086065822782,35.81545653047671],[128.1999068125907,35.81544283512948],[128.19475192543604,35.81835857817617],[128.18841692011478,35.8198319426639],[128.18065636561755,35.81939013000638],[128.1771181003084,35.81867627883875],[128.1688129976114,35.81528285470403],[128.16332805903215,35.81152141665678],[128.16009707987325,35.80845247500558],[128.16123465335406,35.80603530898986],[128.16508337460414,35.80402485055257],[128.16570235294344,35.80101043986737],[128.17106282209937,35.79825227704632],[128.17347080806172,35.7930900449923],[128.17674359671656,35.79146033099607],[128.1791186705055,35.788299132711145],[128.17554824348775,35.786505982017175],[128.16405642414114,35.7770268436216],[128.15982663050693,35.77956509278302],[128.1587958059919,35.78282813259277],[128.15477468594392,35.78649416033984],[128.13975078646274,35.78404633601224],[128.13530142319257,35.785628574686555],[128.13135969592204,35.788746062840374],[128.12880550773588,35.7893746119665],[128.12849523110668,35.79431480792935],[128.12529213109264,35.79846158335847],[128.12396435074282,35.80146803679594],[128.12168721624772,35.803567397675465],[128.1218684404791,35.81103011148289],[128.12451606973906,35.818892463920434],[128.12526630786155,35.82276128239287],[128.12227270887107,35.822448711546556],[128.11717754864142,35.825817516402466],[128.11192965191321,35.82348523906785],[128.10870847346575,35.82390472173884],[128.10345367395232,35.82895204700949],[128.09815642942172,35.83058493210689],[128.09573722398747,35.832572708280765],[128.09067520128914,35.83081373925133],[128.08630885082297,35.833624116954354],[128.08483940156887,35.83657750055192],[128.07871283152147,35.83892876199547],[128.07844063605594,35.84310898972817],[128.0738546717271,35.8479574598138],[128.07293688448374,35.85012708909271],[128.07603370189688,35.85451917138493],[128.0770884433486,35.86116842481049],[128.0868947298201,35.871751588737936],[128.087299511635,35.87260086029803],[128.08110213851833,35.872937796851474],[128.07090111864363,35.88062607642455],[128.06767257890385,35.886984857701705],[128.06514936110906,35.89376436982004],[128.06516018243954,35.89719027943993],[128.06389077082505,35.89913753322767],[128.06066857751472,35.89949816268848],[128.05814160066188,35.90123817319208],[128.05678056370584,35.9037745778373],[128.06040043074202,35.90740596746746],[128.05543848235445,35.91082819342526],[128.0539735170895,35.91567162536176],[128.04937839899807,35.91864431842426],[128.04913073441722,35.92155052966589],[128.04721054891652,35.926445276760525],[128.04674962962207,35.93222888876202],[128.04856489244727,35.933532226684065],[128.05156864583367,35.938175224556325],[128.05666006625458,35.94171790220519],[128.05987894942402,35.940541232149116],[128.0664105426405,35.936934103432165],[128.0713751611071,35.93622562665534],[128.07133445981103,35.934071705226565],[128.07338392948463,35.928473131330364],[128.079113860924,35.92656174734385],[128.08178809656047,35.923178143588444],[128.08402935005464,35.92187677454297],[128.08809276264836,35.92236201999411],[128.08873653553496,35.92589605022325],[128.09128665356766,35.930940737694335],[128.09018812154156,35.93384524070694],[128.09102795810824,35.937187681192405],[128.08969710441994,35.94018916958128],[128.0885230832042,35.94569466653108],[128.0908186196384,35.95001089700077],[128.0937902735346,35.95167315169385],[128.09627965489355,35.95479117745403],[128.10399116659457,35.95753025384931],[128.10716068184564,35.959940057447184],[128.1090250257115,35.96294305081993],[128.11169392091455,35.96421625480323],[128.11503571092373,35.96263839666396],[128.11910448571757,35.95961116090462],[128.12319862113094,35.96227355456639],[128.13100251300278,35.95983118787607],[128.1318755423406,35.95903772062721],[128.1388617889078,35.961391498480154],[128.14225980988093,35.963319195535234],[128.150818344203,35.96640789309073],[128.15255378139258,35.96948655174576],[128.15051924943006,35.972682546546174],[128.15170721452478,35.97682582588089],[128.15582212253344,35.97892121566496],[128.1576364033574,35.983894695384],[128.15774012255142,35.987318601473106],[128.16753970959215,35.98927688540885],[128.16938650758385,35.992934538470344],[128.16979342526133,35.99689996058007],[128.1660424789454,35.99996883211796],[128.16564683232352,36.001388357016374],[128.16740480666667,36.00548714723224],[128.16878901474038,36.01092339740708],[128.1730734854062,36.014062564701355],[128.16915954781672,36.01842633324399],[128.1674079918577,36.02966530059963],[128.16462847910745,36.03258367486488],[128.16952280430536,36.035633856792536],[128.17138463248813,36.034017378887974],[128.17851235792142,36.031377687537436],[128.18263423578884,36.032918317489106],[128.1862301827303,36.03279917220053],[128.18902290072273,36.03154144206425],[128.19418623904204,36.03195414560204],[128.19600723677834,36.03348677075121],[128.1971208855719,36.043876417542805],[128.20178459262888,36.045540175833835],[128.20884045984448,36.04491647069438],[128.22213079492744,36.05224212780592],[128.22399880266747,36.05557126560562],[128.2272838896564,36.05350678824441],[128.230818068824,36.05412482666013],[128.2422573958683,36.04817251730486],[128.24613118359503,36.049110752986856],[128.25108042139672,36.04916767614464],[128.25530260216155,36.05145328302249],[128.25685332933486,36.05135306541941],[128.26061898759926,36.04854179252327],[128.26504670395752,36.047774597038206],[128.26933915481104,36.04872939297709],[128.2749554918928,36.04746555025261],[128.28414322029525,36.04660650107311],[128.28910731007323,36.042993571476934],[128.29024755806267,36.03917065076465],[128.29551092844707,36.032416273888636],[128.2964522927634,36.0304906629866],[128.30202611032718,36.02944949319218],[128.30464478246395,36.03053953249744],[128.31070798111975,36.02814893662774],[128.3119436989061,36.0227436842977],[128.31565968219113,36.01937201370451],[128.31765904052668,36.01859461788253],[128.31475812685778,36.01528144331316],[128.3119512080735,36.014080817503896],[128.31264832190686,36.010234484313735],[128.31131760741357,36.0062814234114],[128.31326779872865,35.99780426410202],[128.31318348766877,35.99465972400349],[128.31445515186098,35.989270254366765],[128.31778129759869,35.98743921678422],[128.31932577043779,35.98264468546439],[128.32340206839675,35.98040828376912],[128.32600145034255,35.980275804302416],[128.32989817385192,35.97774446126485],[128.3391217961016,35.975777408495425],[128.33928109910252,35.96994962183335],[128.34267796965844,35.967618311656906],[128.34053281230138,35.963699252539904],[128.34401135414214,35.96078041565949],[128.34778640256945,35.954727571949995],[128.35977742291266,35.95621304954734],[128.36465246628774,35.95180430872888],[128.36545004408106,35.94977427203985],[128.36417451926982,35.94738024976653],[128.36951645583474,35.94231611493432],[128.37373397507815,35.942302840527724],[128.37959272946836,35.93904306263768],[128.38295993014898,35.93987972857248],[128.39770714818084,35.939080867870004],[128.40008744661898,35.92890302834639],[128.4038071940756,35.919206490558274],[128.40433218329719,35.91365256396395],[128.4039506720371,35.910047180164675],[128.40155774573307,35.905086727482725],[128.39975427932745,35.89831551118364],[128.39689563591466,35.89188411679123],[128.39371466251114,35.88303954399002],[128.3905728715868,35.876466688086346],[128.38726569488227,35.87147480911631],[128.3854770358069,35.86524225820967],[128.38661962989482,35.85852329016887],[128.39008701486196,35.85037050598948],[128.38917532127536,35.847632909650464],[128.38972749593268,35.842980752208746],[128.39168535497222,35.838374440176814],[128.38261701987744,35.83814046858416],[128.3765100641597,35.83607956761091],[128.37479063210807,35.83459998530099],[128.3770681249967,35.83224944151397],[128.3808621596426,35.824459365356546],[128.38073873354472,35.822208693892854],[128.37474799108008,35.81650773779907],[128.36913268639438,35.81664054001676],[128.3708471622668,35.813175807207216],[128.369404951543,35.810352151013866],[128.37116182769404,35.804445677711236],[128.36980795035333,35.80292364570154],[128.36892962222962,35.793463066686506],[128.36757464274115,35.79251654764786],[128.3643683396705,35.792321408369524],[128.35049624853878,35.79911887829598],[128.34353502744534,35.79614208498705],[128.33792080337946,35.79689487620299],[128.33617814515992,35.79988374824938],[128.33219386686602,35.80235697010264],[128.32681033291024,35.80747429503715],[128.32095750961295,35.81021738528197],[128.319242399101,35.81383722229245],[128.31496126547378,35.813913463363775],[128.3121974126044,35.81257781560031],[128.30639463551393,35.812259120380475],[128.3055960386285,35.81416521313636],[128.30027732766797,35.815441740170336],[128.2925091683487,35.823655616762224],[128.2910305861478,35.826379569801084],[128.28828504820981,35.82551023035831],[128.28033729112698,35.827166478116744],[128.2754486121553,35.82571318800295],[128.27375643106546,35.822050919082876],[128.27486755460362,35.80901462116632],[128.27292498527999,35.805684876869734]]]]}},{"type":"Feature","properties":{"regionCode":"47850","name":"칠곡군","parentCode":"47"},"geometry":{"type":"MultiPolygon","coordinates":[[[[128.41771437693026,35.916173538912],[128.4129953296107,35.90921755637011],[128.4104773234897,35.906735296823676],[128.40680308126744,35.899131745666914],[128.40663801077537,35.89515990910334],[128.4033357979906,35.889098341952824],[128.3982604425141,35.88429654182367],[128.39371466251114,35.88303954399002],[128.39689563591466,35.89188411679123],[128.39975427932745,35.89831551118364],[128.40155774573307,35.905086727482725],[128.4039506720371,35.910047180164675],[128.40433218329719,35.91365256396395],[128.4038071940756,35.919206490558274],[128.40008744661898,35.92890302834639],[128.39770714818084,35.939080867870004],[128.38295993014898,35.93987972857248],[128.37959272946836,35.93904306263768],[128.37373397507815,35.942302840527724],[128.36951645583474,35.94231611493432],[128.36417451926982,35.94738024976653],[128.36545004408106,35.94977427203985],[128.36465246628774,35.95180430872888],[128.35977742291266,35.95621304954734],[128.34778640256945,35.954727571949995],[128.34401135414214,35.96078041565949],[128.34053281230138,35.963699252539904],[128.34267796965844,35.967618311656906],[128.33928109910252,35.96994962183335],[128.3391217961016,35.975777408495425],[128.32989817385192,35.97774446126485],[128.32600145034255,35.980275804302416],[128.32340206839675,35.98040828376912],[128.31932577043779,35.98264468546439],[128.31778129759869,35.98743921678422],[128.31445515186098,35.989270254366765],[128.31318348766877,35.99465972400349],[128.31326779872865,35.99780426410202],[128.31131760741357,36.0062814234114],[128.31264832190686,36.010234484313735],[128.3119512080735,36.014080817503896],[128.31475812685778,36.01528144331316],[128.31765904052668,36.01859461788253],[128.31565968219113,36.01937201370451],[128.3119436989061,36.0227436842977],[128.31070798111975,36.02814893662774],[128.30464478246395,36.03053953249744],[128.30202611032718,36.02944949319218],[128.2964522927634,36.0304906629866],[128.29551092844707,36.032416273888636],[128.29024755806267,36.03917065076465],[128.28910731007323,36.042993571476934],[128.28918037442207,36.04417870499194],[128.29306029488419,36.0501258224705],[128.2986183095125,36.05157775093343],[128.29885285960216,36.05700206279914],[128.30083860643316,36.06257015675495],[128.29822319011177,36.06540905547169],[128.28988340780637,36.076311411602326],[128.28663763304186,36.07810615252081],[128.28494808980287,36.08109217925933],[128.2883648869212,36.08560996934418],[128.29202642720003,36.08772534291674],[128.29323324698564,36.09102997293836],[128.29770961332454,36.08759274390539],[128.30603008258993,36.085995645048236],[128.31313592239638,36.08881752170112],[128.31505801673742,36.08879259566861],[128.32135632905673,36.091801576259684],[128.32354321584893,36.091103010681174],[128.33056416494443,36.091454854871586],[128.33608490481757,36.08224957916357],[128.3409468035446,36.08166972607937],[128.34333967477403,36.080047387474366],[128.34527564271733,36.076947163473825],[128.3449493500515,36.075476929614474],[128.34703042323622,36.07174935488792],[128.35275100360465,36.06732609019328],[128.3585722074023,36.063719492048406],[128.36146059341925,36.06070528342198],[128.36549781068408,36.06177274430424],[128.37110386018563,36.066078759467544],[128.37270691320182,36.06509102848283],[128.37857868856213,36.06545137814497],[128.3849775522135,36.070239101816526],[128.38258594495775,36.073999889568825],[128.3984459830567,36.090398488894614],[128.39816264696213,36.0922163175847],[128.40374445576617,36.091940880918074],[128.4062819773944,36.0904990782273],[128.40626308539885,36.08780106207041],[128.40852678490856,36.083279250818734],[128.41567011728,36.08259088950925],[128.41985402051515,36.084908643367356],[128.42037121290414,36.08719242607361],[128.4234750628776,36.08692164152205],[128.42405598741126,36.08419625180448],[128.42929695664077,36.08032027334974],[128.44348290082817,36.07877475895309],[128.44607417312858,36.078014319494024],[128.44685032953353,36.075944532274704],[128.4534890821774,36.07241848452364],[128.46272852829267,36.06967390609625],[128.4688134009696,36.07271487414952],[128.46442576860014,36.07677948884927],[128.46335622274168,36.07918831017945],[128.46496153805685,36.08327331838306],[128.46732140673427,36.08439816211756],[128.4746447143377,36.08983937602397],[128.47689148613813,36.09277083420478],[128.47539914733758,36.098672715978964],[128.47951498487998,36.101468706525324],[128.4788171415611,36.10498167398949],[128.48074863938692,36.10650642144237],[128.48269571568176,36.110264563605405],[128.48914976480685,36.11531168400597],[128.49114368633602,36.12167552630773],[128.49030850555303,36.12519061887266],[128.49441058917864,36.12420896844307],[128.49614823508566,36.12084368684066],[128.49673982806704,36.115825179481675],[128.50830229345752,36.11065853950965],[128.5152453237184,36.11207422337403],[128.51969845450822,36.114731104602676],[128.52637525444672,36.11150073240722],[128.53477718389132,36.11239937848999],[128.53647411799372,36.11079080252073],[128.53959950429038,36.110141818475554],[128.5430506435807,36.112200936785776],[128.54556869078468,36.1095668346598],[128.54806790076174,36.108905513041535],[128.55216705142942,36.11022752276238],[128.55978995423283,36.10919108814281],[128.56309854374453,36.11167669770787],[128.5648356330177,36.109862320380856],[128.56455230746474,36.10456879960183],[128.56352535521114,36.10221316592059],[128.56504059424012,36.098748328709455],[128.56702415920586,36.09680236200678],[128.56874074549577,36.08978033201999],[128.5658749866071,36.078706546902914],[128.5634548604096,36.0726070900637],[128.56350739641923,36.07056055103462],[128.5655205500515,36.06837766201901],[128.5691803841735,36.06067917934189],[128.57095037631663,36.06090480951603],[128.57647731733334,36.06381111418069],[128.5799535403385,36.067824849265854],[128.58695250328697,36.07055082399081],[128.58956701806943,36.07074998791952],[128.5947080445823,36.07308636339357],[128.59785159659583,36.075766994115554],[128.603718666774,36.07661041765245],[128.60985277130555,36.07614899942668],[128.61437413531038,36.07901321775947],[128.61741541411504,36.07830040306336],[128.62266608097357,36.07951023255064],[128.62411342884417,36.081628493259],[128.63035230775287,36.07735929866513],[128.6277786678249,36.06819300987569],[128.62776224868887,36.06269916550052],[128.62940852703275,36.055392032701015],[128.62934870216145,36.05124346261487],[128.62636365669812,36.042241105666925],[128.62304755428883,36.03708384084521],[128.62128690436947,36.0258245906557],[128.62575365103658,36.02199598493831],[128.63272870613272,36.01934658244536],[128.63715315102064,36.017145289421705],[128.6406121446559,36.010554962517766],[128.6388267316437,36.00922224704534],[128.63223891877925,36.008117376728045],[128.6246555827314,36.00770423390377],[128.61723858306772,36.005110132736114],[128.61581943157634,36.000751681275275],[128.61254940370682,35.99900163209057],[128.60630018176016,35.990976774791996],[128.6038415336013,35.988527804468326],[128.60302161366815,35.9861641310589],[128.59875254389468,35.98413956603923],[128.5936444215021,35.98276493266154],[128.593168435929,35.98051463074748],[128.59091728334175,35.97911143326427],[128.58318265430614,35.9773509447802],[128.57916315524875,35.977841447812764],[128.57196178192893,35.97771429745414],[128.5671604047928,35.975441081777575],[128.56416977885578,35.9728730425793],[128.55858630691708,35.97175472667224],[128.55624232647708,35.97059243940415],[128.55602701523665,35.96571381008936],[128.5531616607628,35.96343155909651],[128.5528507394137,35.960737837875435],[128.5495648007118,35.96225553228215],[128.54615189846444,35.965989972239726],[128.5455910083381,35.96915171685045],[128.54234587441394,35.97474739472746],[128.5368807171812,35.97798874754304],[128.5308391877937,35.9804323645742],[128.52878575203,35.98045044955973],[128.52930638539306,35.9777757524938],[128.5270093073374,35.975827411374155],[128.52963653361647,35.96856516116406],[128.53045014647464,35.96249349524599],[128.5346317167506,35.95844232275213],[128.53268070615553,35.952153545899236],[128.53506262246276,35.93875347164621],[128.53380385902452,35.93465853607697],[128.53298851036678,35.931479052081556],[128.52951961322637,35.92841040606515],[128.52966140017898,35.923584511626174],[128.5258645109842,35.922347518093446],[128.5232042536467,35.919250501241685],[128.5232959204963,35.91775266002166],[128.51788917661057,35.91323732113578],[128.51127506640242,35.910650377419834],[128.50717255354246,35.90660460972977],[128.505170449346,35.90299688775738],[128.50414624397732,35.89058837900325],[128.50455210979058,35.889382719596654],[128.50171105171023,35.88609287896435],[128.4997525442348,35.88848032197933],[128.49662337351438,35.88938466266421],[128.49460412221046,35.891296115271025],[128.49264408183768,35.89626718236119],[128.4878749745838,35.89796497057016],[128.4845326749506,35.89618416415053],[128.4841966874037,35.8947566551003],[128.47820984018938,35.89775821253597],[128.47539045797086,35.89522425517197],[128.47156733811892,35.89703115368993],[128.46795228653266,35.899818242333986],[128.4668646835384,35.90716028756209],[128.4691203923944,35.91067547489539],[128.47311542044102,35.915054598875486],[128.47397765587712,35.917143034387315],[128.47322015479835,35.922854476950356],[128.4755026911413,35.926566387299054],[128.47656080850993,35.931924056963354],[128.4756792241082,35.935995226056676],[128.4687466276774,35.93844733601902],[128.4644543674981,35.9387567590605],[128.46254519409993,35.93779799590287],[128.45848075889202,35.94012596237734],[128.4574754911456,35.94198247358645],[128.4537650052245,35.9431272887416],[128.45275982987772,35.936305867796925],[128.44872451114733,35.93498649162214],[128.44552525551484,35.93544746501301],[128.44117174376967,35.93481766008483],[128.43702165098446,35.93160901491055],[128.43144840510544,35.930973952682244],[128.42491583719791,35.927910670569986],[128.423471717354,35.92275115841485],[128.4181015756921,35.92124615232717],[128.41771437693026,35.916173538912]]]]}},{"type":"Feature","properties":{"regionCode":"47900","name":"예천군","parentCode":"47"},"geometry":{"type":"MultiPolygon","coordinates":[[[[128.34743138552142,36.52715416216241],[128.34077130170175,36.524623591555525],[128.34104248363082,36.52252801538547],[128.3434710939087,36.52056192633319],[128.34529569282685,36.514234257045175],[128.33983945234226,36.5030716501768],[128.33649716913717,36.500649896574956],[128.33737818942083,36.48919508810607],[128.33044693757444,36.48351636490381],[128.32374942276599,36.47535447431562],[128.31996429585016,36.471365501875056],[128.31439998167303,36.4705695224875],[128.31161245451767,36.468704926741275],[128.30874831153432,36.4641803059503],[128.31070374045123,36.46152120509059],[128.31289028775205,36.45639961999228],[128.3099172391427,36.45541305200264],[128.3048490269706,36.45734536109823],[128.2990230447428,36.46341489515971],[128.29469556826697,36.464947339197025],[128.28917046142243,36.46233453153111],[128.2847257974172,36.4626010031577],[128.28053445883842,36.463716373792444],[128.27863059731646,36.466521539217325],[128.27806169219872,36.472494732777264],[128.27033381065647,36.47695610359611],[128.2673272222525,36.477322309167796],[128.26530537711247,36.476126752236624],[128.26025721051894,36.47828447845765],[128.2658330706506,36.479962357161185],[128.26991116001216,36.48271038771666],[128.27063761566365,36.49271344695222],[128.26894815163365,36.50008307289133],[128.26441097169462,36.50754291139856],[128.26612244885365,36.51350394730402],[128.26526454755498,36.52387358676546],[128.2684387781858,36.52982113663478],[128.26864836267364,36.53302265391089],[128.2673678149851,36.53763228905127],[128.2632744206625,36.54241826203812],[128.2629777637312,36.54523998045792],[128.26514321050075,36.55026082688621],[128.2702055389894,36.55211615988838],[128.2789984799481,36.55167042077433],[128.29082895038445,36.55235655409526],[128.29580558258428,36.55188567299328],[128.29770912676275,36.55314330090264],[128.2971285398081,36.55615633451572],[128.29493809862717,36.55880790729449],[128.29598216840776,36.56386017391416],[128.29557546874335,36.57097809739698],[128.296102025124,36.574783197408344],[128.2949833033908,36.57866028247996],[128.29114218416473,36.579328726947445],[128.28547114741127,36.57810077628483],[128.28326295806804,36.58136199091008],[128.28262367216533,36.58505742763111],[128.28013818397645,36.59087623280265],[128.27163640104612,36.59997799149494],[128.26664868756663,36.602772858896735],[128.26250994516457,36.60744945162566],[128.26190983783033,36.611012307020346],[128.26495855907015,36.61159888935561],[128.26679397467038,36.60978528761375],[128.27178223813854,36.60986204997274],[128.27546794134972,36.61373157423718],[128.275787034289,36.61541847832353],[128.2835965957842,36.617202430134185],[128.28744760165318,36.621256520759914],[128.2864547987236,36.62325556095867],[128.28962981544692,36.629533606698224],[128.29350047848177,36.63243968481205],[128.2980054021016,36.632914309588294],[128.30217316361805,36.635522045852625],[128.30626814910283,36.63607196783456],[128.30957793517175,36.64107414641639],[128.3090510329932,36.648722303490494],[128.30740467476778,36.65390523406376],[128.30957219840928,36.65632560884754],[128.31607657717205,36.65696145394849],[128.3190394689303,36.65522588818178],[128.32033085256828,36.64449578683443],[128.32559272748338,36.64410108264297],[128.33334382101444,36.640731461668146],[128.3343870263712,36.64315292755863],[128.3389418286314,36.64347256679885],[128.34353794665657,36.64695914509326],[128.34786983940194,36.647213927511],[128.35030083790215,36.65237049512881],[128.3491193386879,36.65484800289982],[128.34153995593624,36.65624825607287],[128.33684641424423,36.65860291864812],[128.33426917788503,36.66156229115834],[128.3340907083569,36.66557746472357],[128.33236956258864,36.66733050095428],[128.32642234762378,36.668796355356136],[128.32361785782726,36.67480128965298],[128.32036005200428,36.67829378724825],[128.32498412530828,36.68180088994166],[128.33075206446838,36.68510331968953],[128.33350809012128,36.68802737721232],[128.33618824666598,36.69361701780796],[128.33147672294388,36.696696529147275],[128.33105251098954,36.699459343436445],[128.33521112601392,36.70365089014578],[128.3372683502719,36.70942251329553],[128.33338484062193,36.71739004802884],[128.3314246265623,36.72045097323083],[128.33360847428895,36.72483271343942],[128.3319161234702,36.726696450740086],[128.3330638656797,36.73207492231336],[128.33650982911283,36.73602268356855],[128.3385562649224,36.74081763316984],[128.35544544062583,36.7408021192552],[128.3596167522944,36.74019084829602],[128.3621342136696,36.741782487473436],[128.3626636974036,36.74390222773412],[128.3686939908192,36.749109630653535],[128.36972901160573,36.75072576385943],[128.3659316371919,36.75600847618936],[128.36434476388416,36.7571781631952],[128.36277507371196,36.760807663978945],[128.36500550939317,36.76273201061655],[128.36771423511638,36.7675497717718],[128.36545808426027,36.770991626125614],[128.36421914293513,36.77498694672393],[128.36600963152276,36.77828884375439],[128.36638465011555,36.78459147078605],[128.36761259253697,36.788982732887334],[128.36744992412747,36.79172921443735],[128.3695584740189,36.794701257895035],[128.36658878735415,36.80064320462208],[128.37163743903648,36.80470522249934],[128.37353361779083,36.80759270165223],[128.37931221061245,36.81114102246405],[128.3818230264966,36.8139789677096],[128.39411283819845,36.815382273282],[128.40027675058738,36.81272259379381],[128.4130697347915,36.811144694199456],[128.42064591567234,36.811416391162574],[128.4251605012336,36.81512382568217],[128.4257131010764,36.81895829761733],[128.4316697423075,36.82413483505548],[128.43333625004695,36.82751090531244],[128.43431505123615,36.83402107881191],[128.44145937874475,36.837725279447206],[128.44677400985572,36.84356643707387],[128.44911010799643,36.84891436503374],[128.45932077807623,36.84555404750233],[128.46209519620024,36.84683269810329],[128.4730032432294,36.84066489712242],[128.475502778167,36.83795369496116],[128.48125816707378,36.83492107227746],[128.48249495987997,36.82986235078549],[128.48186630300805,36.82769798907308],[128.47826181695183,36.8239755357184],[128.47712099131104,36.818214329054065],[128.47426616767325,36.816891862224516],[128.47288904153314,36.81365776421086],[128.47314628182798,36.81071585589824],[128.47098600191825,36.80345349560309],[128.4741378807811,36.79979365548362],[128.47579418236722,36.79374535378261],[128.47648413081146,36.7865527911004],[128.47428825311522,36.78165506449486],[128.4748434766703,36.7766590406602],[128.4822489260028,36.7767469988254],[128.49030636919255,36.77188730100798],[128.49568319344414,36.769593470381125],[128.49912297403893,36.76491803631551],[128.50637476743037,36.763800939282945],[128.51527656254095,36.76956988778011],[128.5190282410803,36.77136833491347],[128.52312661436352,36.77020829373212],[128.53013786884367,36.7709143138747],[128.5325518527102,36.77270110313359],[128.53656797117105,36.7733632039918],[128.54190683388336,36.76762523549279],[128.54745980913057,36.766543191704685],[128.55158435262263,36.767625575373515],[128.55168184342295,36.76536761581242],[128.55576918937803,36.76097494598088],[128.56144691719382,36.76012343460604],[128.56387563214986,36.75446895387647],[128.566012562377,36.752560314815064],[128.56562809155244,36.75074693435451],[128.56710752131224,36.74727711412726],[128.5706845590459,36.742975341699186],[128.56898958635838,36.738684728322326],[128.57010382770238,36.735790861809775],[128.57287922943584,36.736243830571055],[128.57680330408738,36.73408209203198],[128.5785158492272,36.73213686440819],[128.57704889848605,36.72993059478585],[128.5761818472865,36.7248559252675],[128.58013516472656,36.72298962231229],[128.58035792797457,36.719931385241274],[128.58389426252788,36.71304474742424],[128.58530441278293,36.709077982509264],[128.58705551348865,36.708654476949675],[128.58902331606518,36.70545606624198],[128.5897457843344,36.70087541534438],[128.59164298426936,36.70000823159567],[128.59601191308488,36.70084815964425],[128.59762505008905,36.702772976201445],[128.59975363795664,36.70179225438902],[128.60212650189902,36.69767361292662],[128.60263398601992,36.69496580314097],[128.6048186268777,36.69256968474694],[128.60915890938355,36.69245556552886],[128.61008402710127,36.689382549046705],[128.60975872011548,36.68579902948929],[128.6018991428089,36.67895943816381],[128.60501692390253,36.67231451803272],[128.60323561847915,36.66894787955614],[128.6034469290289,36.66678671919159],[128.60569742801502,36.662530023454416],[128.60460845082855,36.657594540717],[128.60455488579285,36.652474051461425],[128.599889695182,36.65166853079918],[128.59640525643502,36.65253319976098],[128.5915406095631,36.650684397604984],[128.58666815313683,36.650336527295465],[128.58189159781182,36.64701121991659],[128.57971339193074,36.64723074083046],[128.57695798479364,36.64988464312625],[128.57070497432034,36.64816717085331],[128.56624182176014,36.646023231024564],[128.56501415687032,36.64064194497703],[128.5598980066196,36.63685850600289],[128.55532598508287,36.6353832832837],[128.55221554473076,36.63721590652412],[128.54998329826063,36.63611689028],[128.54708481987598,36.63240823074523],[128.54406099484586,36.63193301117897],[128.5397340344512,36.633622154266824],[128.53799423136041,36.633784899153376],[128.5324062810759,36.62980692411078],[128.52440786930487,36.62832390271836],[128.524208001511,36.62249173931094],[128.52196707157614,36.61959634254604],[128.52938595946532,36.61797893333415],[128.53486476241784,36.61418538895821],[128.53210229259176,36.606820328393184],[128.5295314834938,36.601860032192015],[128.52811280888406,36.60091406931182],[128.52360108679417,36.600768691810835],[128.5213975482641,36.601706498356315],[128.5132238429753,36.60068461619972],[128.50664037054605,36.60208572129298],[128.50390338917623,36.60601782285732],[128.50183573410206,36.60590102699681],[128.4938649005154,36.59970602210205],[128.49094353406247,36.588679332424405],[128.4920843850172,36.58658574198003],[128.49917421016187,36.58435622731545],[128.49577884801212,36.58243432601468],[128.4947689736046,36.57788852289034],[128.49260788861605,36.57262255743667],[128.49252298578722,36.56978460133063],[128.4885285045052,36.568313178953446],[128.48147677886806,36.567953475359],[128.47679541240217,36.56534916953959],[128.4653583538301,36.560389169867655],[128.4633322013642,36.56030218974767],[128.46125088497047,36.55677668404459],[128.45919125631275,36.55595104526577],[128.45722907864314,36.55320002633428],[128.45607345221947,36.54920544279771],[128.46038075165538,36.54652341675198],[128.4645412359683,36.539913940491545],[128.45692317603144,36.53897406916105],[128.45345097971483,36.53773066576695],[128.4500292359517,36.53349090269015],[128.44612035658776,36.53016433175057],[128.4400057529166,36.52806303850879],[128.4360827369702,36.52591225230582],[128.43222054480412,36.522714296774],[128.42921928369836,36.521968995916765],[128.42413945004833,36.52149532499313],[128.41876078331342,36.52240834930487],[128.41364075085338,36.52041206738655],[128.40857409506438,36.516374834121784],[128.4052366974944,36.51287296858249],[128.4010415321947,36.50979325455814],[128.3986466001306,36.50894641124045],[128.38529359311852,36.50616265913642],[128.38184867758724,36.50463946995054],[128.37542891672263,36.50394612830362],[128.37078398069107,36.50546357529114],[128.3684351714693,36.50947726541585],[128.37010120511837,36.51459853641967],[128.36862216208053,36.520709677278006],[128.366109260766,36.52743740449564],[128.3617922129222,36.53164590362746],[128.35848239752366,36.53057070157542],[128.35286890531685,36.527239628652076],[128.34743138552142,36.52715416216241]]]]}},{"type":"Feature","properties":{"regionCode":"47920","name":"봉화군","parentCode":"47"},"geometry":{"type":"MultiPolygon","coordinates":[[[[129.11292336293926,36.84140746864133],[129.10322408791754,36.83587475803361],[129.10079516200497,36.83258330129598],[129.10076649567952,36.82974250807899],[129.09635423478832,36.826759948060015],[129.0930295244766,36.826005449725024],[129.08954847653146,36.82639520409965],[129.0887648875702,36.82492913264318],[129.08023902579578,36.81888553573681],[129.0771858246525,36.820526524544036],[129.06867335401864,36.820636246523215],[129.06396468451723,36.81826929198049],[129.0621473590598,36.81303570960242],[129.05679113397554,36.80812845304075],[129.0526985322346,36.80618977561825],[129.04788493556745,36.799989073642465],[129.03743440181057,36.794300565788994],[129.03685893262548,36.790866965111476],[129.0343557928657,36.78879074024786],[129.02738750463487,36.78532316899173],[129.0215368766722,36.783649141967004],[129.01661086073594,36.784537107059826],[129.01138225875206,36.78282664071329],[129.0073955744817,36.77989956873401],[129.00069351733296,36.78052595627202],[128.99010250565965,36.77695099186959],[128.98407316664893,36.77290004951852],[128.98356982240122,36.765522476393464],[128.98636633865306,36.762332933074596],[128.98753498918768,36.75940165367261],[128.99037595982975,36.75818797412748],[128.99224381888268,36.75473443936519],[128.98927919756616,36.75070492445567],[128.99015966080913,36.74706504962596],[128.98561423527906,36.747337216669216],[128.9825324510838,36.746056543539424],[128.97560534676194,36.7471025946858],[128.96978699170194,36.747234109211284],[128.96815159830848,36.750623740350186],[128.9640086135853,36.752161896436384],[128.96102541453232,36.759433431865524],[128.9587968344852,36.76254213402219],[128.9587555436413,36.76550550398939],[128.95455224721738,36.77030569133954],[128.94662191690696,36.77354903303572],[128.94239512075566,36.77379090837039],[128.93705164609077,36.77045419945341],[128.9312787782241,36.76794801172855],[128.92604936926108,36.76912075438665],[128.92063829281943,36.76725143489212],[128.91479209282087,36.77108931027489],[128.91263269045206,36.77388223187541],[128.9094253317452,36.77508277808552],[128.90430381320596,36.77531146642861],[128.8994738043557,36.77347528071119],[128.89137017290574,36.773530050020064],[128.88942455966787,36.77419578697731],[128.88603528012445,36.77805154945471],[128.88456351072,36.7839921104669],[128.87854399863357,36.78393928490198],[128.87479281375204,36.78491817796021],[128.87198845082295,36.78861069755617],[128.86822090301888,36.790972834256735],[128.86444926305685,36.794421689661384],[128.86393235992927,36.79870800883557],[128.85527369368106,36.801923991383205],[128.84608200106686,36.80226612956987],[128.84338153021292,36.803500871217835],[128.8412090064989,36.809237341225426],[128.82724279725795,36.80985109944211],[128.8240269750843,36.810869448099304],[128.81951607322355,36.809677687492886],[128.8206445269621,36.80545955061406],[128.81777839884006,36.80034165815311],[128.81235780944004,36.79550186969344],[128.80718995156005,36.80061696814688],[128.80541411999505,36.804847539600495],[128.80344835763427,36.80620727345777],[128.8031143674071,36.8107478352709],[128.80628964117165,36.81773402138113],[128.806433430104,36.82056047527751],[128.80382144474842,36.8230623096948],[128.80143399957353,36.82295153947656],[128.79415023619833,36.8149115953143],[128.7904903039576,36.81424969548798],[128.78214001625983,36.80962797624338],[128.78130500890475,36.80740071018848],[128.77698716246033,36.80505606601431],[128.7704665353278,36.805822236301395],[128.76617715393948,36.802774292363985],[128.76318181727777,36.80244456367068],[128.76309632060696,36.80624110791809],[128.7586872626353,36.81001897104096],[128.7565028473801,36.80985419868571],[128.75497090632948,36.80754961821577],[128.75146534245255,36.80728610057825],[128.748126994617,36.80906357280801],[128.74652335766248,36.80706080588883],[128.7449022400423,36.80067392233598],[128.74327288853343,36.79856438357178],[128.7433801185726,36.796128314449575],[128.73596841078052,36.80189290988086],[128.73479066849518,36.796826879713514],[128.73213773328015,36.79155488438652],[128.72910345651536,36.790748698826626],[128.7256302014582,36.79281511274029],[128.7212484525065,36.80084438626081],[128.72361256822157,36.802208591631015],[128.72296716082758,36.80420543129577],[128.72450703749809,36.808040859809076],[128.72729679134486,36.811109206212286],[128.72806393619945,36.81503484412134],[128.72760127891527,36.818826343435084],[128.7307705923822,36.822798996586485],[128.72443703422633,36.82128040570112],[128.72050977759204,36.82434038389671],[128.71834354908918,36.824711854345644],[128.71858687353935,36.829339829611385],[128.7204962363618,36.830842152349646],[128.72591627695627,36.831010357695206],[128.7291023842618,36.83241103641073],[128.7311922210055,36.83523699072133],[128.73478198501883,36.83664177429846],[128.7366709425627,36.83932716731316],[128.73663753944214,36.84421938297388],[128.73242250078246,36.84689441042958],[128.7271459383543,36.856000293079944],[128.72557037056984,36.860412308942465],[128.72857940173265,36.86270806951649],[128.72655872341022,36.86616507200753],[128.72469436594875,36.86573113713428],[128.71990053289187,36.86768692248375],[128.7160788648989,36.866407672692866],[128.7147346240647,36.8645357375545],[128.71044787765896,36.86649450424948],[128.70542824947358,36.86706491917312],[128.7013916246417,36.8607498369719],[128.6994323406307,36.86170945470322],[128.69250648742354,36.8618613016911],[128.6861674831066,36.86331931145804],[128.6823162556902,36.86033768749072],[128.68146126929884,36.85749882083272],[128.67717863405588,36.85555090318471],[128.6779325782369,36.85029168446202],[128.67341603718873,36.84792233578748],[128.67474190301036,36.84418517645317],[128.67285453791743,36.841609258815026],[128.66940891548523,36.84341719581462],[128.6673858705279,36.844644992366035],[128.66408665900258,36.84159099982176],[128.66215951502716,36.843527146698825],[128.65987200239937,36.849506728663236],[128.6551713058825,36.85263199927917],[128.6433309504585,36.85563677978071],[128.64194396222913,36.85732268149069],[128.64432140002933,36.86340381580139],[128.6504336429823,36.866846123085686],[128.6531072835627,36.86710507419015],[128.6557682493479,36.869244520250575],[128.65532349638312,36.87263123121893],[128.65336837967558,36.875371299364055],[128.6500654564583,36.877934591946804],[128.65086315564673,36.880515799457775],[128.64442146500153,36.88010227228094],[128.6381603456251,36.88504857282411],[128.6373623813665,36.88767785071331],[128.64101493772142,36.89130028038199],[128.64279528028788,36.896088380461094],[128.64802617032797,36.905251244380985],[128.64913025222435,36.90951933128503],[128.65446336267894,36.91152134107353],[128.6553625214834,36.90956849550616],[128.65916799364743,36.91018437905954],[128.6684255556488,36.91982663012515],[128.66542432145437,36.92139739340695],[128.66639249439095,36.92340545890195],[128.6601112148071,36.92839768310471],[128.6588521946389,36.930773663956955],[128.6607387466619,36.932750766996854],[128.66173132421,36.938006462256034],[128.66658386085842,36.94244919140686],[128.67515089884776,36.94570212628934],[128.6764376338493,36.95075104595567],[128.67816497302297,36.95374685671436],[128.68144755102634,36.95339571716993],[128.68466759779295,36.95930207194579],[128.6862573277879,36.95976792915342],[128.68686753932218,36.96889469706034],[128.68870553329324,36.971102072497224],[128.69301606581556,36.97384598564162],[128.6932028388426,36.97690778271687],[128.69017886128935,36.97934476443935],[128.6914822675888,36.98333029304735],[128.69203867149338,36.99160723891885],[128.69378874715676,36.994332963958904],[128.6942017198872,36.99844513312014],[128.69285232473888,37.00387514985696],[128.7003290700045,37.01111216732907],[128.70141261765804,37.01292632166308],[128.70098113926426,37.020406909913405],[128.70008178869227,37.02484943533782],[128.7007392468833,37.02900322879482],[128.7022657028391,37.03223371706794],[128.7055782348143,37.03407937913137],[128.7089378210124,37.039230198127456],[128.7124764349742,37.04252451666408],[128.71860298521065,37.04395972094713],[128.73474257012793,37.0401401788586],[128.7442965782841,37.03358187260024],[128.74774627805058,37.029958517613395],[128.75136503760837,37.028322557045676],[128.75452741398271,37.03204465840778],[128.7617179450584,37.035230895980675],[128.7621161554616,37.03709519208683],[128.760840540208,37.04347019998756],[128.75500809116573,37.05075595363774],[128.75251327964818,37.05451251408598],[128.75201972687213,37.05753824746847],[128.7570678655234,37.070055077279484],[128.7595605770705,37.067050832492626],[128.76501273390153,37.0639944986863],[128.76852875010363,37.06846800188922],[128.76866088186785,37.07242223747942],[128.77006074222203,37.07498869431025],[128.7735672180978,37.078056932147334],[128.77809046644913,37.07919412286396],[128.77752326084774,37.08304157497488],[128.77322177294946,37.08735062430985],[128.7797776125945,37.09231690821382],[128.78259142997484,37.090591838285924],[128.7850618412732,37.0877200968684],[128.79834203492237,37.08690441952069],[128.8028731852004,37.08535532962941],[128.80858959247206,37.077534548864755],[128.81334404531177,37.07878646028701],[128.82262374185294,37.07761447516436],[128.82697576609246,37.07810122371647],[128.83252580941573,37.07558600986335],[128.83149022597362,37.07059011989755],[128.83220388083774,37.067778561284136],[128.83618426210913,37.06638940805393],[128.8407003208469,37.060770348736185],[128.8466291230152,37.05216098166359],[128.85083969208898,37.05058647339979],[128.85720717150753,37.04934434717425],[128.8593708168757,37.05008771686904],[128.86643183491967,37.04833662527341],[128.87273499605203,37.044589062506674],[128.87640304089646,37.04622419734427],[128.87757227463638,37.05263624953277],[128.88521315798334,37.05098827890299],[128.88872768521222,37.04713374631243],[128.89382609117047,37.04489554509384],[128.8957338078999,37.04489726059846],[128.89727242646092,37.04575498687351],[128.8959983041422,37.05521507371412],[128.89736772711348,37.05786704775429],[128.9037094191059,37.06206475778098],[128.9044194765682,37.06363138141078],[128.909729295424,37.06686700463955],[128.9098025979854,37.070503144814104],[128.91678243269968,37.0787216249389],[128.91671450867787,37.08487133332544],[128.92054445335728,37.09065666984877],[128.9241956869922,37.09244537535729],[128.9282973280153,37.09181993651454],[128.93642682256555,37.093219341007135],[128.9393052859887,37.09492550701779],[128.94462661277927,37.095056641575475],[128.9487518256452,37.091015163929875],[128.95053507497354,37.08745168730673],[128.953294210751,37.084867346031686],[128.9531232780531,37.08164561504429],[128.95547506795825,37.079338299743824],[128.96030899377655,37.077439719546845],[128.96617852703318,37.07937457796355],[128.9695552465402,37.08213233981559],[128.97714578195067,37.08200365797424],[128.98155109881716,37.08305666387707],[128.98352476270867,37.08450877412508],[128.99168512725848,37.084721750525205],[128.99371690593873,37.08354945902584],[128.99521615662303,37.0812229698105],[129.00841343188262,37.07867167363298],[129.0134165850888,37.07814133379371],[129.0144086382501,37.07907033682441],[129.0200332017164,37.076157718063676],[129.02284095313922,37.07715455164549],[129.03431240161584,37.07575951594677],[129.0385668373637,37.074178242774174],[129.0405406707405,37.07229393522115],[129.05028867334354,37.06841736986387],[129.05329042590608,37.06963838931877],[129.05755337292987,37.067630590407774],[129.05732694264196,37.06476395125048],[129.0616878698973,37.065572063482264],[129.0651378903602,37.06906315301466],[129.06775881681926,37.074289521591076],[129.06575331993596,37.07841820541735],[129.0670315925557,37.08070846994731],[129.07088408011222,37.08411445697008],[129.07000086653076,37.087355291106896],[129.07293633650812,37.090876351776075],[129.07718349915936,37.09302463246469],[129.08208566031644,37.09397744696947],[129.08702169860263,37.09715464137317],[129.09162917845853,37.097722153373866],[129.09579552619093,37.1004614495734],[129.1018226760826,37.099497167225195],[129.1042581178017,37.09829209007142],[129.10858925463947,37.09352278939575],[129.11500122351364,37.092391969743744],[129.1187813796592,37.092916631623375],[129.12366990796994,37.09117571862397],[129.12744266954755,37.08894068804754],[129.12741149289775,37.08482983781734],[129.13459325344476,37.08134914829039],[129.13876443092093,37.08091650413398],[129.14072399520938,37.08167440213893],[129.14350615406073,37.07994832584228],[129.14446400306875,37.07642875228274],[129.14927223692487,37.0759392830347],[129.15432592386844,37.07258766458344],[129.1552325793913,37.070015537235115],[129.16521992018195,37.06975321271652],[129.16674843743277,37.06610311981488],[129.17097100795354,37.06006945083958],[129.17609871872477,37.05762111252865],[129.18028011105864,37.05370081860129],[129.1853817125631,37.04680141311805],[129.18543934239165,37.042087201580976],[129.1839308358057,37.03847786690239],[129.18009306282576,37.03593498466897],[129.17640191319387,37.028679543214075],[129.1714138963882,37.02434708014863],[129.16709396613643,37.02179260188224],[129.15973089332766,37.01958777085038],[129.15470993676735,37.02315979599759],[129.14982301697208,37.02350480522294],[129.14771106334067,37.02470514080743],[129.145903990514,37.02787357762596],[129.14064443602817,37.03150374569216],[129.13968116349554,37.03289125205092],[129.13340939732984,37.034542699245584],[129.12945808992885,37.03334853838986],[129.1262361559358,37.03000044074846],[129.12132451914346,37.02904886989984],[129.11909946543656,37.03034854490093],[129.11260332810855,37.02605065193666],[129.10835329432626,37.02503967812182],[129.10240186504464,37.01894814490404],[129.0974918884912,37.01769710482976],[129.09241681030838,37.01449446118156],[129.08903206277216,37.01089802275193],[129.083781370686,37.008194218209894],[129.0862780168854,37.00635832997679],[129.09025125178314,37.00903648188246],[129.094963263805,37.00754204423677],[129.0917572241722,37.00289786060513],[129.09093074663573,36.997573412188444],[129.09301501220446,36.99478216117593],[129.09291441423446,36.9885414602558],[129.09034689148882,36.98597471222206],[129.09028016041546,36.98403238378975],[129.0946568707019,36.97815607912795],[129.09474574830085,36.974685053178895],[129.0919470408042,36.97011874556592],[129.0915299828114,36.96259674708987],[129.0880978069286,36.96096726369223],[129.0838253000469,36.96335518720118],[129.08155448179036,36.9627360745565],[129.0778910203612,36.95867568786466],[129.07779618971256,36.95691729015687],[129.08005703607537,36.955025156424796],[129.08389493166675,36.954930654839686],[129.08453690295244,36.95262001158891],[129.08718576375117,36.95219866903991],[129.08768369202366,36.9492962903502],[129.08399995369928,36.946017603600694],[129.09106531514857,36.94494362726861],[129.0962431032487,36.94611758148106],[129.0997840374418,36.943655188613576],[129.10276418541994,36.945066315341606],[129.10808818323483,36.94306187675321],[129.10488931677665,36.93881798075085],[129.10506646032698,36.93749613590197],[129.1118762540998,36.93369146644239],[129.11823590631633,36.93559324376041],[129.1231551464032,36.93370242860255],[129.1252077380557,36.92998090757206],[129.1319543544857,36.92907971574194],[129.13662410391944,36.927044258001345],[129.13819767199902,36.92195365133759],[129.14142075336198,36.921877554116364],[129.14312213312581,36.92023464586103],[129.14439639538887,36.91495599499786],[129.14733506029805,36.91199982838532],[129.1452886142427,36.90925770899156],[129.1479661627788,36.908068407464995],[129.1484030425563,36.905167980529086],[129.14488328985567,36.90043255937021],[129.14477719743044,36.89853577941757],[129.1487319710728,36.896497204617596],[129.14881067539494,36.89092373918052],[129.15107664967022,36.88906935490242],[129.15550600039285,36.88771988744709],[129.15610178758635,36.88427766854539],[129.15512573427603,36.8782074540554],[129.15405558067377,36.875118895136524],[129.1506487635313,36.873477284253575],[129.14783550419753,36.87407189346224],[129.13830063155092,36.872882914576834],[129.13576000447898,36.86927834899412],[129.12935516468906,36.86500585124166],[129.12834020873314,36.85853850678508],[129.1248813541831,36.85721221279635],[129.1241290264287,36.852645401763574],[129.1219819394883,36.84803146493045],[129.11881976645327,36.84471740571874],[129.11624068236875,36.84451510910929],[129.11292336293926,36.84140746864133]]]]}},{"type":"Feature","properties":{"regionCode":"47930","name":"울진군","parentCode":"47"},"geometry":{"type":"MultiPolygon","coordinates":[[[[129.46436126435145,36.682859095182415],[129.4656158985959,36.68013040167452],[129.4617152238971,36.67783638748034],[129.45877503743037,36.681466868519884],[129.44550270798118,36.67665492136431],[129.44185012323578,36.674008719902865],[129.4374065180766,36.66976333660732],[129.43535634080064,36.666579100058],[129.4314304400392,36.6585701569846],[129.4302152704668,36.65198599253078],[129.42846559357343,36.64832366372246],[129.4237743895799,36.64446645910133],[129.4237501234734,36.643255063102835],[129.41968992954983,36.64462378919497],[129.41833592770666,36.6480638775442],[129.41943165515747,36.65028095189943],[129.41098039803225,36.6546901127028],[129.40673020681737,36.659203594041834],[129.4043524314159,36.65932527841749],[129.3967699008621,36.66135497764606],[129.39687883665397,36.66545232473847],[129.39176102961193,36.66633495876358],[129.38457465323168,36.67016101962136],[129.38157389815777,36.668011360239824],[129.37073716573897,36.66273144387712],[129.36695518896244,36.662978931742984],[129.3610465052485,36.65874307659079],[129.35775319593998,36.65313356060503],[129.3545835626461,36.65103295901343],[129.35185495027267,36.65458167167528],[129.34862137973298,36.65700553497205],[129.3447442250455,36.65748489774959],[129.33737732946665,36.66058313624529],[129.33072323835782,36.661186552707946],[129.32932691315835,36.66208278516206],[129.32680002777275,36.66663939578737],[129.32452198505007,36.66702083133551],[129.31751330905354,36.665462756846026],[129.31300363767284,36.66729480905471],[129.30679225840058,36.668341230891855],[129.29768851929938,36.66853624957813],[129.29476067442312,36.67024093028209],[129.2850719202313,36.66749523700136],[129.2822645961501,36.66786027201154],[129.2797436363699,36.66960211619774],[129.2740395251222,36.67063007325795],[129.26893959024488,36.673707063411484],[129.27151427282544,36.67730744915522],[129.275398985637,36.67826792891719],[129.2788243081915,36.68106005774923],[129.27842327473533,36.68565995252847],[129.276751434094,36.68765567689224],[129.27686214724255,36.69159357359029],[129.2814309636868,36.69356591880115],[129.28280526448322,36.69552668553928],[129.28215294897802,36.6981275952734],[129.28491830125247,36.699748286780995],[129.28663931861428,36.702393546745974],[129.28625605956503,36.708375202112215],[129.28793624237485,36.71102152577996],[129.29215707326074,36.71453718409887],[129.29382054348625,36.717635780525725],[129.28714311057456,36.71947086599388],[129.2837888392155,36.722330350842114],[129.28094987270217,36.7235963691767],[129.27858539644947,36.722512002048276],[129.27387579568884,36.72387019617868],[129.27142191335795,36.72536316592107],[129.26998952375308,36.73228398866224],[129.270905506134,36.73529230279377],[129.27311697214617,36.73780081481384],[129.2741007023993,36.74192928404217],[129.27303266156215,36.745137509357725],[129.2847082463529,36.75203417153837],[129.2901978518276,36.753513862470776],[129.29519693486122,36.75402391113356],[129.29816063582382,36.75749619520961],[129.29578915862726,36.76570533414539],[129.29836160417148,36.77160877130777],[129.30289731465896,36.77641378140361],[129.30569982822993,36.77669013141433],[129.30849023117085,36.77423269208468],[129.31173927439642,36.77556366081982],[129.3113640214677,36.77815324470242],[129.31350495135143,36.78089342098616],[129.31170594382405,36.78633357515443],[129.30951105098356,36.788130964503985],[129.30670097686178,36.79229958182257],[129.30062759937954,36.79358502426701],[129.2980166698028,36.79770447962775],[129.29370153074655,36.802905790423054],[129.29339202402008,36.80550190500781],[129.28915692811233,36.80818535045492],[129.2902192263137,36.81189917936678],[129.2898469050281,36.814491294931884],[129.29187056588168,36.821072333124796],[129.29487869400864,36.8248801228309],[129.28747182208446,36.8316488416242],[129.2831883136211,36.83340900084513],[129.27839731099317,36.83247904207426],[129.27292281243464,36.8335718134794],[129.2723993237459,36.83726627225242],[129.270657529264,36.84065122350546],[129.27267845715875,36.84326422476872],[129.27673518408398,36.84645092528468],[129.27471998504163,36.850082577579606],[129.27557040474878,36.85911616579227],[129.27890101933244,36.86002719989017],[129.2804658499433,36.86229258797893],[129.27974243811147,36.86486187392506],[129.28519937355063,36.86299370113719],[129.28554900324977,36.86453012302014],[129.2812719079709,36.870066500061085],[129.27871707720357,36.874325916127574],[129.2751631148929,36.874965721273234],[129.27185787077534,36.87146552691625],[129.26728503935828,36.87265201570551],[129.26098185606446,36.87007015338914],[129.26107126907272,36.877039808544104],[129.25687577958547,36.873022818128085],[129.25580104474716,36.87037348573351],[129.25619598788506,36.86694154472311],[129.25524227241118,36.86039720151165],[129.25079634837724,36.856821884316055],[129.24770442977362,36.85278664036684],[129.23977788005283,36.8519254128353],[129.23347825598754,36.85292449413154],[129.2310227567826,36.85393849478452],[129.23357945004915,36.85757891494444],[129.2360302291997,36.85950722380404],[129.23806456604657,36.86294429536441],[129.2336414019794,36.866980089231774],[129.22754780899817,36.867857515439674],[129.21736521830297,36.863976954680076],[129.21045187763457,36.86340613460669],[129.20137865026368,36.865426122578526],[129.19593066013175,36.869972889167066],[129.1955693728201,36.87518595866568],[129.19235740571233,36.879194086081384],[129.19023451254205,36.87982085568082],[129.18334145434076,36.8784864431155],[129.17694041059102,36.878937968017574],[129.1742732241259,36.880890566675795],[129.17004627986196,36.88141882074272],[129.1656638099848,36.879377592267254],[129.165718232691,36.87530555890496],[129.1637926238746,36.874227440006834],[129.15853672031582,36.87505188230621],[129.15512573427603,36.8782074540554],[129.15610178758635,36.88427766854539],[129.15550600039285,36.88771988744709],[129.15107664967022,36.88906935490242],[129.14881067539494,36.89092373918052],[129.1487319710728,36.896497204617596],[129.14477719743044,36.89853577941757],[129.14488328985567,36.90043255937021],[129.1484030425563,36.905167980529086],[129.1479661627788,36.908068407464995],[129.1452886142427,36.90925770899156],[129.14733506029805,36.91199982838532],[129.14439639538887,36.91495599499786],[129.14312213312581,36.92023464586103],[129.14142075336198,36.921877554116364],[129.13819767199902,36.92195365133759],[129.13662410391944,36.927044258001345],[129.1319543544857,36.92907971574194],[129.1252077380557,36.92998090757206],[129.1231551464032,36.93370242860255],[129.11823590631633,36.93559324376041],[129.1118762540998,36.93369146644239],[129.10506646032698,36.93749613590197],[129.10488931677665,36.93881798075085],[129.10808818323483,36.94306187675321],[129.10276418541994,36.945066315341606],[129.0997840374418,36.943655188613576],[129.0962431032487,36.94611758148106],[129.09106531514857,36.94494362726861],[129.08399995369928,36.946017603600694],[129.08768369202366,36.9492962903502],[129.08718576375117,36.95219866903991],[129.08453690295244,36.95262001158891],[129.08389493166675,36.954930654839686],[129.08005703607537,36.955025156424796],[129.07779618971256,36.95691729015687],[129.0778910203612,36.95867568786466],[129.08155448179036,36.9627360745565],[129.0838253000469,36.96335518720118],[129.0880978069286,36.96096726369223],[129.0915299828114,36.96259674708987],[129.0919470408042,36.97011874556592],[129.09474574830085,36.974685053178895],[129.0946568707019,36.97815607912795],[129.09028016041546,36.98403238378975],[129.09034689148882,36.98597471222206],[129.09291441423446,36.9885414602558],[129.09301501220446,36.99478216117593],[129.09093074663573,36.997573412188444],[129.0917572241722,37.00289786060513],[129.094963263805,37.00754204423677],[129.09025125178314,37.00903648188246],[129.0862780168854,37.00635832997679],[129.083781370686,37.008194218209894],[129.08903206277216,37.01089802275193],[129.09241681030838,37.01449446118156],[129.0974918884912,37.01769710482976],[129.10240186504464,37.01894814490404],[129.10835329432626,37.02503967812182],[129.11260332810855,37.02605065193666],[129.11909946543656,37.03034854490093],[129.12132451914346,37.02904886989984],[129.1262361559358,37.03000044074846],[129.12945808992885,37.03334853838986],[129.13340939732984,37.034542699245584],[129.13968116349554,37.03289125205092],[129.14064443602817,37.03150374569216],[129.145903990514,37.02787357762596],[129.14771106334067,37.02470514080743],[129.14982301697208,37.02350480522294],[129.15470993676735,37.02315979599759],[129.15973089332766,37.01958777085038],[129.16709396613643,37.02179260188224],[129.1714138963882,37.02434708014863],[129.17640191319387,37.028679543214075],[129.18009306282576,37.03593498466897],[129.1839308358057,37.03847786690239],[129.18543934239165,37.042087201580976],[129.19073595913034,37.04058339574537],[129.19457508062658,37.04057305263107],[129.1957790565936,37.04248958385254],[129.1989194585502,37.042358720075924],[129.20274714271864,37.04456582597731],[129.20499301630727,37.04486340305349],[129.21354755722606,37.0427290183799],[129.22508862838313,37.04453678695891],[129.23368689140744,37.04030385396581],[129.23805700433275,37.03881590277032],[129.23836821442973,37.04066398366119],[129.23316372882306,37.04411853107053],[129.23302933141298,37.04985256413591],[129.22939568693164,37.055870487463274],[129.22886799625428,37.05798880522336],[129.23104316313254,37.058953683038766],[129.2332227769676,37.06419581629573],[129.23101316027834,37.0692902907221],[129.225583726297,37.0734030886812],[129.23112648796717,37.07688124069386],[129.23323311481792,37.08002186471587],[129.24126024890847,37.08573166490733],[129.24694186268502,37.09330293633381],[129.2496316242985,37.09588301368245],[129.255870957866,37.09790493879649],[129.25968187097658,37.10070186380049],[129.26605027225,37.102313979946686],[129.26971425942702,37.10746249860658],[129.2695008901338,37.11041603130523],[129.27200447079954,37.117018953996315],[129.27673892829316,37.11869510667282],[129.28082768786075,37.1169008195038],[129.2844919582607,37.11680013552659],[129.28830409968577,37.11503643496941],[129.29446077148563,37.11440569236826],[129.29517531677203,37.120343944869745],[129.2981865549781,37.12453925551198],[129.30475443332338,37.12809215109135],[129.30906107596834,37.12823387869189],[129.31199654650112,37.13191062517218],[129.31694377682766,37.13495798577177],[129.3207204160529,37.13582451360514],[129.32472535058406,37.141712035824874],[129.3295829893833,37.14228095277651],[129.3335948294994,37.14176077603573],[129.3390142238958,37.14482039107874],[129.34801384951666,37.14654517987414],[129.35485125296927,37.14566404012714],[129.35664239631308,37.14479781879739],[129.36152207303192,37.144839751645904],[129.36409557005865,37.14636173194536],[129.36652861818095,37.14503190559358],[129.36860865904546,37.140556029650114],[129.3733629784784,37.13520771653454],[129.37370043232667,37.12500351063824],[129.3786463440349,37.1202692082887],[129.3815179430846,37.12016521498743],[129.37636543374788,37.110256540490184],[129.37902863254652,37.105351625335935],[129.37772586060916,37.10440435597421],[129.3795632974466,37.100242176347905],[129.3857219957412,37.09426261409128],[129.39355316908865,37.08814087445984],[129.39608562965887,37.08404165786011],[129.40318929132556,37.078859428820856],[129.4170822464229,37.07042124826047],[129.41988871905843,37.06921360932399],[129.421823711138,37.06689869369779],[129.42719467223907,37.06404728121433],[129.4272829209203,37.06097263445791],[129.43004820716934,37.05848904140744],[129.42839512302697,37.055392692195596],[129.4260766885313,37.05570092744771],[129.42427565607608,37.057967988016664],[129.41859834446012,37.05682761919086],[129.41564663525332,37.05448025397512],[129.4133329323458,37.04786583646863],[129.41378735998504,37.041877645088405],[129.41576130535725,37.03545619784406],[129.4151028556612,37.03372799763778],[129.41016263498943,37.03062502874786],[129.41042604431223,37.024080224603345],[129.41528091566832,37.01319688331389],[129.41719475237767,37.00796728602081],[129.41913798681625,37.006197491478986],[129.41866494105278,36.998837727912765],[129.4173437903469,36.997518911132126],[129.42000267577305,36.993107163740746],[129.41692607655844,36.98978636698176],[129.4146907696348,36.98911005297618],[129.40893562111899,36.9800902559847],[129.40939661276445,36.978250363944625],[129.41432102892824,36.96829802023196],[129.41561508187536,36.9642152695902],[129.41545204004845,36.961556554909805],[129.4198693606513,36.95126216117104],[129.41874237392344,36.94811603871572],[129.42112280755427,36.94341573472984],[129.42128324817165,36.93599679433181],[129.41787632009587,36.930710954761885],[129.42032295618966,36.923118659101014],[129.4190414593115,36.917567151356714],[129.41625407414634,36.9168632838092],[129.41703086629357,36.911435072009475],[129.41638011773853,36.91009986847133],[129.41640539086904,36.90759484765444],[129.41980758377517,36.89976649521878],[129.42095190248799,36.89839823342035],[129.4192026173448,36.89402519043215],[129.41642132848742,36.89224160379719],[129.4154368723061,36.8900653748534],[129.41669111118637,36.885010557374876],[129.4212924718814,36.87587224893408],[129.42181726216975,36.87341740827966],[129.42058601006886,36.87080087239848],[129.4201845721037,36.86800418626856],[129.42218455487952,36.862862710052575],[129.42738811022153,36.85244697087545],[129.42755618805435,36.850730079630765],[129.43414706971225,36.843379246507595],[129.44405201094284,36.834961785630156],[129.4463821018177,36.83237111137778],[129.44580433142755,36.82724571375437],[129.44967971515436,36.82300727458309],[129.453575072664,36.81780757643088],[129.45743849214873,36.815411190335524],[129.45793537687507,36.8128341236282],[129.4580158483438,36.803250762691086],[129.46084649331127,36.79860003235586],[129.46320209535486,36.79626565158467],[129.4638487738033,36.79292942247314],[129.46263097794778,36.790722246635156],[129.4632029581378,36.78826603726166],[129.47112832091446,36.77923293668477],[129.47254748946722,36.77578358985695],[129.47893863681568,36.76808393043365],[129.476989309409,36.76418077347657],[129.4730574723529,36.760811609636654],[129.46960609040866,36.76034630177556],[129.46785326356647,36.75720308448553],[129.46949424194653,36.74801337102617],[129.47079129255266,36.74474598805518],[129.47611137615704,36.735040346391656],[129.47626816057232,36.73129423099756],[129.47803956862666,36.727050475678816],[129.47566895393055,36.72413020585337],[129.47251848357732,36.723750268635115],[129.47255744896563,36.71920665392404],[129.4749698957577,36.71193054299935],[129.47496242152442,36.70594202659347],[129.47672823792334,36.699619675070515],[129.47543168140572,36.69755332884055],[129.46895407735423,36.69416782292352],[129.46771261698612,36.6895638402508],[129.46498209050418,36.68612089938074],[129.46436126435145,36.682859095182415]]]]}},{"type":"Feature","properties":{"regionCode":"47940","name":"울릉군","parentCode":"47"},"geometry":{"type":"MultiPolygon","coordinates":[[[[130.86685842555158,37.46261398759863],[130.86092276078696,37.4646701292354],[130.8555829906881,37.463463270041615],[130.85287390040764,37.464052227019046],[130.84847162294147,37.46754514532504],[130.83963523291686,37.46679909415261],[130.836314541106,37.46938956795113],[130.83155628637056,37.47087590874611],[130.8291767865319,37.47034052080942],[130.82687389018773,37.47451210573014],[130.82458627565,37.4764089716569],[130.8204363566173,37.477344548842886],[130.8179018073279,37.47698124485993],[130.81146733546572,37.47799076531771],[130.8072713088882,37.48124341934511],[130.80707569027712,37.48479724688069],[130.8059052424494,37.486275048569475],[130.80001785231067,37.4890686638408],[130.79919727249424,37.49463416654656],[130.8022882947904,37.50372139524642],[130.7994125902977,37.50557030929779],[130.80293780369706,37.50815875613175],[130.80219000578012,37.51014178400932],[130.79817858139577,37.51135176542957],[130.7938933721223,37.5180505078603],[130.79079252080697,37.519239305572924],[130.78928467268872,37.52300580577199],[130.791875148102,37.52664064089438],[130.7900388455325,37.52865876229858],[130.79413629004753,37.52915900124005],[130.79869513471104,37.528633343715256],[130.80004125109863,37.52428378521369],[130.802262385624,37.524076202103586],[130.8040557590244,37.52609280069374],[130.81157273714146,37.52697135388113],[130.82278921534177,37.53466710858575],[130.82214600841547,37.532430828783546],[130.8271794625952,37.531373277478195],[130.82991800112563,37.533393507655084],[130.83758949768216,37.53657391320937],[130.8400406594076,37.53835783378721],[130.84473435040937,37.53998008587575],[130.85022385742798,37.53876754827677],[130.858903665468,37.539122430139145],[130.86688092032315,37.54084436961523],[130.87397127221914,37.54667651910968],[130.87952001751964,37.54732344574046],[130.88778088261157,37.54553542027604],[130.889716301734,37.544356034679424],[130.89442171810742,37.54604364260141],[130.89703067013832,37.55057180045479],[130.9024482531045,37.55241813899435],[130.90742194941492,37.55191899360108],[130.908984352604,37.54957177996718],[130.9084635515618,37.54761755010292],[130.91129302200096,37.54487323274302],[130.91682238393713,37.54344853505833],[130.91192459276402,37.54148066112009],[130.9119988241056,37.53932191042546],[130.90714897015206,37.53213264656442],[130.9099762210231,37.52707784009842],[130.91056291474231,37.52443645599259],[130.91569694816815,37.52245702365428],[130.9174662166083,37.51724106192779],[130.91604843176682,37.51154608581868],[130.91415525554427,37.51061255474347],[130.91457946665963,37.50675742651424],[130.91236044030606,37.49809673116859],[130.91307056517107,37.49600661389269],[130.91183538734805,37.49087612846903],[130.91431100365344,37.49026057258253],[130.91872321500378,37.49078570516182],[130.91940922995826,37.48844583169397],[130.9138260485888,37.48589834991889],[130.9095659222314,37.48645605111329],[130.90780018443036,37.4831709381416],[130.90499528489255,37.48021535185503],[130.90024427897637,37.47853359640986],[130.89427192496055,37.4793387815611],[130.88834253264866,37.47763567517193],[130.88193214676906,37.47462091036628],[130.87620680725175,37.469000609312104],[130.87365884978965,37.46425938781828],[130.87331871458431,37.45820408800228],[130.87255474745643,37.45715930471754],[130.87003706099065,37.457977345516234],[130.86685842555158,37.46261398759863]]],[[[130.93997495616526,37.53335291675115],[130.93932261731348,37.52946429088715],[130.93769082855877,37.52836543609076],[130.93462980976008,37.531928124180595],[130.9366606501205,37.53516299532387],[130.93997495616526,37.53335291675115]]],[[[130.92411373326996,37.54814221154743],[130.92164296057163,37.545551352874234],[130.91880872436937,37.547362658227456],[130.9227663926596,37.54927792498029],[130.92411373326996,37.54814221154743]]]]}}]}
