{"type":"FeatureCollection","geometryVersion":"admdongkor-20260701-simplified","features":[{"type":"Feature","properties":{"regionCode":"48120","name":"창원시","parentCode":"48"},"geometry":{"type":"MultiPolygon","coordinates":[[[[128.67289368428968,35.23181710859754],[128.67088122122854,35.229216115515186],[128.66576888404788,35.22932126615153],[128.66249264042023,35.22782148094649],[128.6592512322477,35.22935606549967],[128.6513010471306,35.219635036980954],[128.64427423378288,35.22012516694846],[128.63872873492537,35.21891092737809],[128.63414744114857,35.218828154929916],[128.62940313858942,35.217442898040375],[128.62565224328003,35.214595824283734],[128.62245444270505,35.21750036599921],[128.61717231410867,35.219213161374256],[128.61494599555562,35.22107947813595],[128.61132003680174,35.22236476990926],[128.61183051110308,35.225087609292586],[128.61426489399457,35.227601261390745],[128.61581974549622,35.23437584739862],[128.61224944056312,35.23852504844194],[128.6083413578224,35.239953295115974],[128.6068719915893,35.242050881801916],[128.60214548918225,35.245873892300196],[128.6030229786433,35.25130260914863],[128.60229778228484,35.253335483868554],[128.6001605832113,35.255500776634506],[128.59645371705238,35.259004042139715],[128.58910538593238,35.2612033781144],[128.58790904439047,35.26351629005479],[128.59123734393899,35.2715854278251],[128.59010340790724,35.27600208588897],[128.58320373987644,35.278640004108865],[128.58159663774202,35.28177652910632],[128.58230341318654,35.284070249861735],[128.5810632234605,35.28751047095243],[128.57694462591826,35.29112993781097],[128.57354921763036,35.295846308205356],[128.57229814146132,35.30068702234126],[128.57860889507327,35.306055397316385],[128.58119406696576,35.306491579466524],[128.5826652408961,35.30862995546459],[128.57218605640765,35.31553298127768],[128.572408426298,35.31976618234231],[128.56835598968863,35.32272764035386],[128.56653483753846,35.32514670371315],[128.56335212994347,35.32586028451225],[128.5698624086708,35.33415548368657],[128.56950017532822,35.33709979907877],[128.56596856180647,35.33889413305387],[128.5645812213821,35.34116326395534],[128.56612796051482,35.342585302513285],[128.56534498091528,35.344996494756195],[128.56271574097735,35.347185862711726],[128.56395437869742,35.35008347672573],[128.55947327542725,35.35275324613049],[128.56253364184212,35.35701271822144],[128.56773416869493,35.35734334405743],[128.57152891783718,35.358702433307755],[128.57166388690015,35.3618694188991],[128.57684975570126,35.365949383609895],[128.57780524332483,35.36801660652417],[128.5762160829075,35.372766227328015],[128.57599593282802,35.37605802038463],[128.57698397717112,35.37916413022291],[128.57967828048876,35.37958441781843],[128.58547484622414,35.38254248605005],[128.5915266293913,35.389324535632724],[128.5970169784019,35.39352548434535],[128.6000651113789,35.3942471996806],[128.60239698371535,35.39326052769922],[128.60878362492437,35.386940450019516],[128.61318608891435,35.383221817909146],[128.61780528049528,35.38051192980363],[128.63067802717129,35.37605522581599],[128.64310952213484,35.37239449635466],[128.6502703567944,35.37139407829297],[128.65617436739964,35.37262987497417],[128.66060658804523,35.37471998033738],[128.66396956207214,35.37716749647247],[128.66872163476563,35.3786123374518],[128.67208500042096,35.37986263317896],[128.68289330847486,35.37996525290576],[128.6911564553793,35.37852983572373],[128.69633091334282,35.37588403360201],[128.70070288859748,35.37375016792868],[128.71136365521394,35.367351799976575],[128.7160548082107,35.36384243160845],[128.72402565230408,35.3565515847434],[128.7340820076799,35.34890822247039],[128.73850244608246,35.34763108057721],[128.7461458568816,35.347807747463335],[128.76218222637593,35.34738603034548],[128.75758155617547,35.33826908936846],[128.75330240520597,35.33450950036687],[128.75299958720848,35.33725162517974],[128.75016378281086,35.33970633939713],[128.7493391129488,35.3320749833327],[128.74711367311335,35.33260439004337],[128.74231342121104,35.33169663170294],[128.74155853601783,35.330072711086615],[128.7430544773516,35.32497265178596],[128.74229542280415,35.320398399673046],[128.73929103275586,35.317336492796954],[128.73302447025478,35.31569486324951],[128.72219498751784,35.32148908699542],[128.71970391518857,35.324803799888755],[128.71773790626946,35.325605601053056],[128.7136161218653,35.32269431299387],[128.7136559971661,35.31842777616745],[128.71148960693444,35.31531458325145],[128.71323279770317,35.31178812384888],[128.7167475772982,35.310016441086574],[128.70938221881661,35.30882446702515],[128.69953320249707,35.309621004849184],[128.69689466442986,35.31042223881251],[128.6943715836568,35.307139586823936],[128.69822680164438,35.299156935058996],[128.69955763028156,35.294413982006844],[128.70353112905872,35.291465756840815],[128.70574341875118,35.28668492085501],[128.7048467924763,35.2821800348731],[128.70615695043605,35.27827283674632],[128.71156715868878,35.269645101374536],[128.71125635240114,35.26327467642157],[128.7147013017167,35.25547746254968],[128.71706370310508,35.25135374406913],[128.71929860319105,35.24342556467192],[128.72165123068922,35.24443535937219],[128.72459748281267,35.24061598363618],[128.72355010810114,35.238022190321935],[128.72352927114363,35.23355899866802],[128.71940341937156,35.23234826039133],[128.7148765768702,35.23245191955722],[128.71184888270102,35.233854833253474],[128.70617650016078,35.2348490428713],[128.70436837341683,35.23350325844855],[128.69648954324717,35.23424931893706],[128.6938802645806,35.23274346606594],[128.69165549420816,35.23552956837907],[128.68215342518556,35.24184122684189],[128.6795914467727,35.239224925861016],[128.67741051200179,35.24078963384576],[128.6723433393697,35.241018604064834],[128.67183225496237,35.243468534485714],[128.66938809131958,35.245799934119674],[128.6650699633606,35.24570518127989],[128.65636097381892,35.24345853329571],[128.65218244127448,35.24150459482448],[128.65974143573638,35.23841117805482],[128.67289368428968,35.23181710859754]]],[[[128.65823246756997,35.18032226661072],[128.6537326535074,35.17870171578203],[128.64745106824228,35.1755461638903],[128.64013347644982,35.17508753184386],[128.63799731336348,35.17677142912594],[128.63421206983543,35.172273390933576],[128.6291029337888,35.16904664829745],[128.6252092223497,35.16204123392159],[128.61994997245657,35.15857335136295],[128.61969168416712,35.156847654730996],[128.61509052645312,35.15183615168655],[128.61486573582695,35.14966362320455],[128.61163484655398,35.14823339552427],[128.60911889392713,35.15260099694457],[128.60852533511274,35.15801927878124],[128.61093001143837,35.162751337559214],[128.60785188387308,35.162219906483315],[128.60484059464375,35.16051095885854],[128.59883522997183,35.16492856596561],[128.60044519989933,35.168325871820635],[128.59736992800615,35.16952332408441],[128.59303215649425,35.17333787516776],[128.59118924466688,35.17826041545888],[128.5923431648226,35.17915034097468],[128.5926391185466,35.187473139991624],[128.59221205953324,35.19129104863681],[128.58990542116138,35.19525013701663],[128.5892315177183,35.199629401457415],[128.6005381497852,35.206693779057744],[128.608618262816,35.21217075579205],[128.61240008543263,35.21231246811414],[128.61592832693265,35.21147009234876],[128.6195067778336,35.21251491598432],[128.62565224328003,35.214595824283734],[128.62940313858942,35.217442898040375],[128.63414744114857,35.218828154929916],[128.63872873492537,35.21891092737809],[128.64427423378288,35.22012516694846],[128.6513010471306,35.219635036980954],[128.6592512322477,35.22935606549967],[128.66249264042023,35.22782148094649],[128.66576888404788,35.22932126615153],[128.67088122122854,35.229216115515186],[128.67289368428968,35.23181710859754],[128.65974143573638,35.23841117805482],[128.65218244127448,35.24150459482448],[128.65636097381892,35.24345853329571],[128.6650699633606,35.24570518127989],[128.66938809131958,35.245799934119674],[128.67183225496237,35.243468534485714],[128.6723433393697,35.241018604064834],[128.67741051200179,35.24078963384576],[128.6795914467727,35.239224925861016],[128.68215342518556,35.24184122684189],[128.69165549420816,35.23552956837907],[128.6938802645806,35.23274346606594],[128.69648954324717,35.23424931893706],[128.70436837341683,35.23350325844855],[128.70617650016078,35.2348490428713],[128.71184888270102,35.233854833253474],[128.7148765768702,35.23245191955722],[128.71940341937156,35.23234826039133],[128.72352927114363,35.23355899866802],[128.7233620163446,35.229670421657744],[128.72048335052463,35.22608076548277],[128.7228561342928,35.21737927327089],[128.72538918720062,35.21064507260014],[128.72975119060794,35.20600322064261],[128.73652915431612,35.20452033711493],[128.74426705309486,35.20588550105948],[128.74799074128728,35.20235192269866],[128.75144936117127,35.201232974234536],[128.752347607548,35.19766805567324],[128.75203238416535,35.19467832659828],[128.7475618490022,35.19211226210781],[128.74679308516883,35.18861990552813],[128.74453449952816,35.18450647916087],[128.74321895306215,35.17475453712203],[128.7419126660871,35.17303977049495],[128.74118822749702,35.167013617255144],[128.7411897336897,35.16299089858668],[128.73840532042374,35.156690284616104],[128.72993235403945,35.158839983924565],[128.7216488102861,35.162628800966694],[128.71769338476486,35.16348544678886],[128.71341140629923,35.166164940412365],[128.70747794473613,35.16775212959789],[128.70306802906433,35.16779680284162],[128.7011490653905,35.16869583461842],[128.69466255653515,35.16883003158179],[128.68984919027753,35.16979431267569],[128.68523845187676,35.17198141755315],[128.67963965107663,35.17293615758038],[128.67618148824033,35.17493734667589],[128.6748545403676,35.175527871146826],[128.67143560049024,35.17593617159551],[128.66309174609322,35.18004833449311],[128.65823246756997,35.18032226661072]]],[[[128.56226560625248,35.052461853857565],[128.55531453393115,35.05354867837779],[128.55062029526368,35.05800420646275],[128.54919718670632,35.06146563775174],[128.54262677835888,35.066183256673554],[128.5424908395786,35.06937081665136],[128.5524288898602,35.07023942557969],[128.56176801690077,35.06693380618008],[128.56378607523894,35.0638829072518],[128.5604958150747,35.063893059151845],[128.56842511085122,35.05505337140367],[128.56740991475928,35.053167857354225],[128.56226560625248,35.052461853857565]]],[[[128.49503716016744,35.079646981321886],[128.4909104875308,35.07684997912867],[128.4877954582049,35.07842930383643],[128.48825021243297,35.08381218800631],[128.4946229194193,35.08091409130893],[128.49503716016744,35.079646981321886]]],[[[128.54682774247942,35.08615163887713],[128.54838348984964,35.08379535719384],[128.54850197230206,35.08065427546357],[128.54473073363948,35.0786579513837],[128.54215753317828,35.078909711730304],[128.54185967606705,35.08198006639582],[128.5428212246108,35.08583755794288],[128.54682774247942,35.08615163887713]]],[[[128.48834748898076,35.091725356327004],[128.48952103042237,35.09373762762519],[128.49371726873696,35.092963337690634],[128.49329077851985,35.08902224330305],[128.48834748898076,35.091725356327004]]],[[[128.51691320201175,35.08955304610903],[128.5155982097178,35.089843181875814],[128.5144474607909,35.09608163279316],[128.51982896244414,35.09671685473175],[128.51691320201175,35.08955304610903]]],[[[128.44954094115113,35.100800780161485],[128.44778470806054,35.097678480033075],[128.44863719173904,35.096071733928525],[128.45446584255055,35.09212041079187],[128.46128118928073,35.089369273862864],[128.46596461666113,35.085638231958654],[128.47336040509865,35.08312886580992],[128.4792007190569,35.08196016373677],[128.4796858930764,35.078895888335374],[128.47622794296336,35.07574485156156],[128.4733817532638,35.077899886324445],[128.47089580576042,35.08152231276671],[128.46932185476874,35.081815804743066],[128.46590289749034,35.07981152800688],[128.46497441026773,35.073735790237265],[128.46159438834536,35.071506426177386],[128.45316392040746,35.07385280242217],[128.44648472100295,35.07152281315245],[128.44053908304335,35.07186791237278],[128.4406752557089,35.069246919746476],[128.43901900899962,35.06657233392941],[128.43598453755402,35.065296112721796],[128.43162794070147,35.059235654228225],[128.43205367266125,35.05753424570559],[128.42742418940497,35.05494442372099],[128.42242250111207,35.05629189930032],[128.423403501917,35.061191999208425],[128.42736716866915,35.07087801877278],[128.42497185602485,35.075820937149764],[128.42702986719974,35.08004020006814],[128.42828179928992,35.084637422917076],[128.42639955065323,35.08703386104156],[128.42379357536788,35.088322658628556],[128.4202952512011,35.088289364539676],[128.41713399793295,35.091458828259476],[128.41196407668414,35.09266026124495],[128.40834996500035,35.09157102672275],[128.39986508550942,35.09042615697298],[128.39945700801488,35.087921905197156],[128.4011129491179,35.085648532618414],[128.39980552211978,35.08355911719985],[128.3931075564249,35.087233679428515],[128.39050774243745,35.091374289805856],[128.38993347531166,35.09878705422923],[128.38633005619255,35.102601711448195],[128.37921220621595,35.1051986658662],[128.3760355799116,35.10822030379797],[128.37279902052532,35.10977452147093],[128.36683211463935,35.10881567533072],[128.3649593641162,35.10836239393082],[128.3610046298367,35.10971314296868],[128.3574978441909,35.10888841378247],[128.35311770601126,35.109670862424316],[128.35011743848608,35.111945367693096],[128.35293966541562,35.11486507455766],[128.35380401460898,35.11830776983373],[128.3510267044605,35.12364496938515],[128.34794735335942,35.1268355583484],[128.34880652718905,35.13101086040228],[128.35219529201706,35.13391641530293],[128.35773419061476,35.13496969729594],[128.35699108540004,35.138544258145515],[128.36211221209317,35.141939399137094],[128.35863529325206,35.14686602171597],[128.3621947013805,35.15220066190913],[128.36141528269562,35.15605788730173],[128.36131035332454,35.16230709254811],[128.3631633602967,35.16815527955211],[128.365108520482,35.171789320758954],[128.36450019706092,35.17807726391578],[128.3668368351393,35.183120582335356],[128.36673830256015,35.186854552471864],[128.36818528133122,35.19102456652848],[128.36753606073032,35.19413374111025],[128.37418603753113,35.19337929321599],[128.3768056385044,35.19546567268885],[128.37660365070457,35.19831274776294],[128.38023171116913,35.20137637559067],[128.38280507983268,35.20203220491671],[128.38929668163473,35.20686054245108],[128.39400777126278,35.20526411815006],[128.39844774818636,35.205647387163886],[128.40080071584828,35.20484976688881],[128.403440044714,35.20208825233112],[128.40558180156077,35.1983447594161],[128.407884976124,35.19235545062509],[128.40519169203247,35.1901837474515],[128.40364805856916,35.18406966682913],[128.40630526300296,35.17933771035482],[128.40990014098264,35.17927324311654],[128.41405920013372,35.1750459950681],[128.41644174737633,35.17047598888728],[128.41973839477382,35.16918833793144],[128.4262901926488,35.16695573018903],[128.42991214216826,35.16424911683984],[128.4342894244212,35.16407021470684],[128.4374512235345,35.165179194123],[128.4438665677826,35.169957242270925],[128.44629459227136,35.180268170267766],[128.4574078447826,35.18379333960841],[128.458016776423,35.185618030523116],[128.46252865216823,35.18690635105651],[128.4651846153228,35.18884107406058],[128.47600486265858,35.18876455847571],[128.4789692841478,35.18771903293862],[128.4801746625656,35.18557391153058],[128.486593570628,35.18068969416844],[128.4905446350442,35.18004583445019],[128.49706472891185,35.18086003792],[128.50282135480273,35.17761974718237],[128.50628970503047,35.17879814546965],[128.50865321798804,35.17740718687441],[128.5134684978156,35.17828015740304],[128.51729789751246,35.1770486982006],[128.5208877452693,35.17807781319744],[128.52896471394823,35.18492030702471],[128.52910485804654,35.18639075972692],[128.5402270548954,35.18957046097304],[128.54064042683152,35.192208858287245],[128.5380595650702,35.19935911099572],[128.53910339386107,35.20531005461322],[128.53608723392006,35.20647339133598],[128.53553944574205,35.20990412897607],[128.5415568190801,35.21428572340673],[128.54364662556122,35.215051840125334],[128.54848881536373,35.213267203951254],[128.55561418258043,35.21429223735005],[128.56074952856017,35.21667381510437],[128.5654858854087,35.215827290968804],[128.5699662125378,35.21616918508347],[128.5711577138191,35.21652579985744],[128.5767724471527,35.214885050740335],[128.5772087225363,35.218213870714536],[128.5792403818681,35.22019018688409],[128.58277975419847,35.220583406744765],[128.58479064438916,35.22253785496234],[128.58959840777496,35.21890523956472],[128.59001238911054,35.21517097200913],[128.5877144896629,35.21221204617653],[128.58649651635193,35.209580141819664],[128.5848254758131,35.206453908243816],[128.58116729631246,35.202857034859264],[128.575940145739,35.19943187436137],[128.5763137484262,35.19736255157153],[128.57264253215197,35.19346374239335],[128.57068117832068,35.19273446668334],[128.56502557755118,35.18689707148584],[128.56504071837384,35.18622428106476],[128.5647637137189,35.184527546835014],[128.57044051999313,35.17503596556585],[128.57358741879005,35.17529404274953],[128.57677430681326,35.174354029985764],[128.57926503738344,35.17176626341444],[128.5821569785582,35.16459870101353],[128.58667765665643,35.16088993074575],[128.59166397027752,35.15792952264271],[128.59111222921317,35.155760182610734],[128.59176082817254,35.14979778824769],[128.5887718176396,35.14855289896807],[128.59635306465373,35.14378868788823],[128.59741181102726,35.14161429448342],[128.5940500473724,35.13683165841768],[128.589921390187,35.13443878885154],[128.58699602261015,35.130381063078936],[128.58491883812917,35.134471200382364],[128.58091064833428,35.13621001618427],[128.58022053363902,35.13802232805074],[128.5747134375324,35.136102914952815],[128.5746689476873,35.1332676247219],[128.57887992925197,35.132781461334105],[128.58529599537482,35.12991166067784],[128.58841794968026,35.129694040137416],[128.59265854050958,35.134247629707076],[128.60097364177287,35.133359539555606],[128.60177431658548,35.1299472006383],[128.6007957733236,35.12426411061513],[128.59765825311948,35.121517132107996],[128.6006775270313,35.1196973127502],[128.60307147488422,35.10414820419738],[128.60834479804427,35.100376389090236],[128.61107741511748,35.09725477908555],[128.61807071717556,35.095251382989154],[128.61763741024797,35.09038013233183],[128.62313002851485,35.09046502387645],[128.62543309843062,35.08758617541991],[128.6248156585134,35.08316420856986],[128.62042596591715,35.080374881744575],[128.60836343260948,35.07923000111422],[128.61009096763777,35.0767796302831],[128.61268353437222,35.07576984774608],[128.61402164752735,35.06985949209047],[128.61690148829538,35.07288520932906],[128.62288131762128,35.0750487111454],[128.62597749635952,35.075494933459204],[128.63173620451317,35.072491605996085],[128.6367180420167,35.07222945586692],[128.6367472650815,35.06774247366414],[128.631032168642,35.06694158646256],[128.6280027480829,35.06386114245786],[128.62560951637047,35.0629178761309],[128.62133650622195,35.06297502554289],[128.61696205914166,35.06088758696281],[128.614121115667,35.06131555569697],[128.6098079981153,35.05932457445019],[128.60928734778753,35.05699064452817],[128.60414569718193,35.05510798879041],[128.58976781807397,35.054419290621055],[128.587000373207,35.05250478140263],[128.57760387885384,35.05155437976191],[128.5744032300071,35.05179098605697],[128.57183598411692,35.05472674272743],[128.57738259972606,35.05939201445261],[128.57762262035982,35.06116533437781],[128.58319300253814,35.061684951811],[128.58673398652402,35.06375353988545],[128.58916398207762,35.06693626027278],[128.5934210776059,35.068741476147764],[128.58926227107813,35.072010509018064],[128.5888045806674,35.06964792128123],[128.58648891080617,35.067055839562954],[128.58086274674315,35.06366094372198],[128.57398476074738,35.06476545437245],[128.573933724369,35.067473058997194],[128.57126277572164,35.06764085500816],[128.56536885430964,35.06603683335908],[128.56218428574988,35.066948110053346],[128.56017026988403,35.069342613194436],[128.56420059076177,35.072813932753526],[128.56131632424814,35.074669045253586],[128.56050641520437,35.07665216328001],[128.56152794427337,35.083311048083175],[128.56931832059539,35.08433227618182],[128.57318931184128,35.087260517698674],[128.58084116370802,35.08839883778656],[128.58036122881546,35.09037777750818],[128.57644547021962,35.090041914167216],[128.56895208396784,35.09226643291293],[128.56239085375088,35.09228365332737],[128.54992372425792,35.09553220306957],[128.5499215433544,35.0926679278291],[128.54800964745567,35.091528782887764],[128.5450624597033,35.09246590528876],[128.54507099372154,35.09938984880497],[128.54167703489657,35.10033141825649],[128.54149606214114,35.10250579479714],[128.54332489337347,35.104875489772844],[128.54692470926736,35.10556953780773],[128.54703681476954,35.10783313281509],[128.5440376269094,35.10960578021461],[128.5429554436226,35.1077688503814],[128.5397672613296,35.10596455329454],[128.53729087218517,35.10626896244402],[128.53533466552813,35.10854214830027],[128.53931186909037,35.117220646995825],[128.53547440718506,35.11694358367869],[128.53490420883705,35.11343851697001],[128.5318868969092,35.10914079691461],[128.53171383550972,35.10691436031555],[128.52863159170352,35.10388294764279],[128.5261667466539,35.10347204933034],[128.52170879776412,35.10435166839292],[128.5205897687712,35.098889963595006],[128.51868111552417,35.096895900047336],[128.51198935654767,35.0978540882739],[128.5065450684684,35.09735401706805],[128.49833219051874,35.101611731928045],[128.49410015040726,35.10607955178044],[128.4885285813513,35.10686341856646],[128.48624906394085,35.10469342228595],[128.48588035371813,35.10187150570603],[128.480795033758,35.09847395582715],[128.48073961161032,35.10136050397981],[128.4762363803306,35.097429137260264],[128.4711399237951,35.097077764869795],[128.46787780602293,35.0975776357139],[128.46585986016393,35.10108453885201],[128.4586015248271,35.10468362896324],[128.45169270282892,35.10566454439972],[128.4526490119575,35.103058692993415],[128.44954094115113,35.100800780161485]]],[[[128.5723338075962,35.05725401145725],[128.5699878441564,35.057062333067236],[128.56954554198992,35.06219968557845],[128.57416616691137,35.063546125034996],[128.57570583799924,35.06083698223305],[128.5723338075962,35.05725401145725]]],[[[128.63420575777224,35.05991012591435],[128.6311788139285,35.061217048989235],[128.63452857412972,35.065701178586174],[128.63738072406937,35.066027988946836],[128.63822939448247,35.06251007503418],[128.63420575777224,35.05991012591435]]],[[[128.58399662363138,35.176949564490585],[128.57873659886914,35.1784021974332],[128.57990953063705,35.18010739405346],[128.58377071028607,35.17978012977734],[128.58399662363138,35.176949564490585]]],[[[128.5772087225363,35.218213870714536],[128.5767724471527,35.214885050740335],[128.5711577138191,35.21652579985744],[128.5699662125378,35.21616918508347],[128.5654858854087,35.215827290968804],[128.56074952856017,35.21667381510437],[128.55561418258043,35.21429223735005],[128.54848881536373,35.213267203951254],[128.54364662556122,35.215051840125334],[128.5415568190801,35.21428572340673],[128.53553944574205,35.20990412897607],[128.53608723392006,35.20647339133598],[128.53910339386107,35.20531005461322],[128.5380595650702,35.19935911099572],[128.54064042683152,35.192208858287245],[128.5402270548954,35.18957046097304],[128.52910485804654,35.18639075972692],[128.52896471394823,35.18492030702471],[128.5208877452693,35.17807781319744],[128.51729789751246,35.1770486982006],[128.5134684978156,35.17828015740304],[128.50865321798804,35.17740718687441],[128.50628970503047,35.17879814546965],[128.50282135480273,35.17761974718237],[128.49706472891185,35.18086003792],[128.4905446350442,35.18004583445019],[128.486593570628,35.18068969416844],[128.4801746625656,35.18557391153058],[128.4789692841478,35.18771903293862],[128.48073092095382,35.18931749323972],[128.48546694926827,35.1965705344446],[128.488313383154,35.199088981541514],[128.48999413674332,35.20206175927578],[128.49003980120492,35.20702074647497],[128.48424291009974,35.21166549468432],[128.4789786634307,35.212575850228646],[128.478430134167,35.216200363585415],[128.47420791638706,35.222347267818556],[128.47533713321812,35.224753421520035],[128.47507220547288,35.23390204333329],[128.47580965164366,35.23773463814706],[128.4743784763069,35.241374743687075],[128.47582885494657,35.24778545264975],[128.47868657877223,35.2530695349489],[128.4851956635125,35.2575954535072],[128.48859033674984,35.263586588679196],[128.49097841957317,35.26557384566709],[128.4908105456067,35.27369102128935],[128.49739835110742,35.27564341934099],[128.50326846711746,35.27340355421294],[128.50747261522284,35.27307142342935],[128.50871049488285,35.27054654617679],[128.5110472488762,35.268994978807925],[128.51868623946208,35.26866887324478],[128.52169718441007,35.26996686733592],[128.52791451050683,35.26822175539797],[128.5298489221027,35.268625648551364],[128.5348719166439,35.26679269965472],[128.53666311556356,35.270805911786724],[128.53850197556358,35.27273221174169],[128.54514805903287,35.270666720509325],[128.5547249145114,35.27569476981068],[128.55689960102225,35.277312266656416],[128.56290800476822,35.27619697239965],[128.57455910912637,35.27153547385721],[128.57818817548184,35.26913369958983],[128.58589463123576,35.27149891885385],[128.59123734393899,35.2715854278251],[128.58790904439047,35.26351629005479],[128.58910538593238,35.2612033781144],[128.59645371705238,35.259004042139715],[128.6001605832113,35.255500776634506],[128.60229778228484,35.253335483868554],[128.6030229786433,35.25130260914863],[128.60214548918225,35.245873892300196],[128.6068719915893,35.242050881801916],[128.6083413578224,35.239953295115974],[128.61224944056312,35.23852504844194],[128.61581974549622,35.23437584739862],[128.61426489399457,35.227601261390745],[128.61183051110308,35.225087609292586],[128.61132003680174,35.22236476990926],[128.61494599555562,35.22107947813595],[128.61717231410867,35.219213161374256],[128.62245444270505,35.21750036599921],[128.62565224328003,35.214595824283734],[128.6195067778336,35.21251491598432],[128.60952950699863,35.21320832242382],[128.60266210430459,35.21072364808604],[128.59372618442973,35.21056718771282],[128.58649651635193,35.209580141819664],[128.5877144896629,35.21221204617653],[128.59001238911054,35.21517097200913],[128.58959840777496,35.21890523956472],[128.58479064438916,35.22253785496234],[128.58277975419847,35.220583406744765],[128.5792403818681,35.22019018688409],[128.5772087225363,35.218213870714536]]],[[[128.67187578797885,35.056416791363255],[128.66945256789887,35.056083512998356],[128.66568618708195,35.060180783531045],[128.67008965913857,35.06027369878808],[128.67187578797885,35.056416791363255]]],[[[128.66078663697309,35.10066687345855],[128.66026545629322,35.094069386578475],[128.65706425262084,35.097387776014365],[128.65325125740753,35.099598920014216],[128.64757710841067,35.09989777822866],[128.64791021335682,35.10529386554063],[128.65197064291013,35.105821893490216],[128.65902612178522,35.105822671144374],[128.66185472053425,35.104872030683644],[128.65904514816606,35.10256788473668],[128.66078663697309,35.10066687345855]]],[[[128.69188853487367,35.141552332709175],[128.68880872612996,35.14010869381614],[128.68737468160896,35.142328621776066],[128.690498960466,35.146645449509265],[128.68878084879532,35.1468232129897],[128.68875672085287,35.147371015647245],[128.6784727518856,35.146412545251195],[128.6748308093683,35.1451317610935],[128.67082749614408,35.14247637423138],[128.67328445299836,35.14093434926902],[128.67362963242837,35.133839607396695],[128.67679644119772,35.13030727927471],[128.67810634053484,35.12649104835707],[128.6768680089871,35.12412079630884],[128.6719999512731,35.12201764303982],[128.67131149612902,35.1206706581382],[128.66564756661757,35.11841544689834],[128.6616819618899,35.12167110427408],[128.66312577344164,35.1244185221109],[128.66239449799605,35.127467046722735],[128.66298266679684,35.13038897293083],[128.6586980488331,35.13424577741037],[128.65645466752463,35.13527339916649],[128.64888089762786,35.13542498863731],[128.6487931533802,35.137743836920315],[128.64657715955937,35.13988387949804],[128.64363335062225,35.14060809157324],[128.64233430691542,35.14422355720859],[128.64711462351113,35.14654258553072],[128.6470843817322,35.15038367909093],[128.63962844671977,35.14944729873964],[128.63730436173842,35.14755836891087],[128.6372139254621,35.145727533115696],[128.62923464658667,35.14856113217181],[128.62675977027448,35.14585175842776],[128.62188461558662,35.13649219219288],[128.61788885327508,35.13552239331747],[128.61577508142074,35.13823642515146],[128.60679659727174,35.13722909000745],[128.60723225206064,35.141018312071864],[128.61032722387762,35.14409035784944],[128.61384810809173,35.144932993594374],[128.61163484655398,35.14823339552427],[128.61486573582695,35.14966362320455],[128.61509052645312,35.15183615168655],[128.61969168416712,35.156847654730996],[128.61994997245657,35.15857335136295],[128.6252092223497,35.16204123392159],[128.6291029337888,35.16904664829745],[128.63421206983543,35.172273390933576],[128.63799731336348,35.17677142912594],[128.64013347644982,35.17508753184386],[128.64745106824228,35.1755461638903],[128.6537326535074,35.17870171578203],[128.65823246756997,35.18032226661072],[128.66309174609322,35.18004833449311],[128.67143560049024,35.17593617159551],[128.6748545403676,35.175527871146826],[128.67618148824033,35.17493734667589],[128.67963965107663,35.17293615758038],[128.68523845187676,35.17198141755315],[128.68984919027753,35.16979431267569],[128.69466255653515,35.16883003158179],[128.7011490653905,35.16869583461842],[128.70306802906433,35.16779680284162],[128.70747794473613,35.16775212959789],[128.71341140629923,35.166164940412365],[128.71769338476486,35.16348544678886],[128.7216488102861,35.162628800966694],[128.72993235403945,35.158839983924565],[128.73840532042374,35.156690284616104],[128.7411897336897,35.16299089858668],[128.74118822749702,35.167013617255144],[128.74633816048933,35.16664805606936],[128.74889863247043,35.16764156388386],[128.75540616520547,35.16612914770385],[128.75792983227058,35.16815343119417],[128.76279797154248,35.168389684556935],[128.76596038583713,35.16539396847335],[128.77144070637868,35.16350771644172],[128.77678217951032,35.159319966619755],[128.78592220135008,35.157415757439516],[128.79361802185085,35.15705431613537],[128.79617207688645,35.152553392874864],[128.8013292434723,35.14674244358397],[128.80233454654334,35.143152428306315],[128.8066351948314,35.14094466462561],[128.8082895614055,35.137875136222746],[128.81544724023152,35.13256227459942],[128.8202896135006,35.131817676429336],[128.82636355901056,35.129562639779515],[128.82747274867342,35.1281458990739],[128.83405800873768,35.12865127093019],[128.83439583110464,35.12630148921657],[128.83624333327998,35.122687847262576],[128.836254238939,35.118644160298665],[128.8385119844347,35.11505457585183],[128.8413798367314,35.11469055855565],[128.8429403905099,35.11296974857826],[128.84309547759577,35.10912705764817],[128.84058878864582,35.10527184773844],[128.83665582079811,35.101987753302126],[128.8318073434683,35.10224893227019],[128.82393608882043,35.10176771201705],[128.8228845651379,35.09691695722726],[128.824632256775,35.09460375178683],[128.83222038786852,35.088472949180606],[128.83247305545595,35.0863131507276],[128.8283764260943,35.089477879444885],[128.82643222931952,35.08621402148696],[128.8215377015261,35.08584640500518],[128.81852749290317,35.083001430939845],[128.80949256161838,35.08278081783569],[128.80159738822303,35.083048248907296],[128.79227218314867,35.07887721822078],[128.78536484885737,35.07947681690413],[128.78259979571516,35.0835645495417],[128.78184130122946,35.08611631604207],[128.78935504992342,35.094261413043434],[128.7919266164934,35.095166555077775],[128.7974804718429,35.092951603414434],[128.80186708447516,35.09590205429512],[128.80246245146822,35.098626030595916],[128.79917250259595,35.10033967227772],[128.79679632254445,35.100123604287084],[128.79292869943515,35.09817048006485],[128.78811991628953,35.098649809670164],[128.79136008589398,35.101648942839205],[128.7888829104594,35.10498412447942],[128.78821623913893,35.10813119915073],[128.7892125174144,35.11328671826589],[128.7846516219046,35.11379383989047],[128.78261762603853,35.11253820469404],[128.78109319847542,35.10975428673263],[128.7799517405557,35.10305299941291],[128.7752014818376,35.101105858205564],[128.77306099422483,35.09892772174072],[128.77118722276145,35.099572921290815],[128.76972197896782,35.103201876007596],[128.7629652771764,35.10512842878397],[128.76314223784013,35.10231548958567],[128.76572018758284,35.09796350295637],[128.78438935228598,35.09667157313047],[128.78001986414893,35.081746393466304],[128.76504043622137,35.0828555071314],[128.76497988120204,35.078933285818806],[128.768105795706,35.077749387099175],[128.768491116434,35.07294879177186],[128.76794612061832,35.06942691171943],[128.7653563525074,35.068602687442656],[128.76475429721623,35.071683485137676],[128.75975989417114,35.071814648427655],[128.75154925274012,35.08214902212862],[128.74744642112756,35.08172896605935],[128.74393689677595,35.07798771688172],[128.74183614921571,35.07952644174225],[128.7352878892636,35.08865750080739],[128.74270994871227,35.098129090362974],[128.74034665517098,35.10014037184223],[128.73548411960692,35.093431783408924],[128.72962537617755,35.09011579157838],[128.730680954663,35.09358682721789],[128.726001786654,35.09463306813887],[128.72446180716682,35.09751803400331],[128.72280320395913,35.09753185460972],[128.71465920291743,35.09498051619789],[128.71507477160313,35.09990947362383],[128.71453367551146,35.10639135366811],[128.71206364496703,35.106724902554774],[128.71039045879135,35.10343421790902],[128.707679670025,35.10461183900527],[128.7031408107956,35.10474101994342],[128.70093614743294,35.10398030591477],[128.70147902408203,35.09875209818254],[128.6956330205002,35.097036679344875],[128.6889161716355,35.101143192439466],[128.68910113344555,35.10910438991392],[128.69226754194412,35.10848257538735],[128.69534478821475,35.10985174087413],[128.6947779100432,35.111421549006984],[128.70050599588814,35.115819435200194],[128.69966289606586,35.12555712687344],[128.693766205673,35.1331606452518],[128.6972521876735,35.13446380670029],[128.69644466087928,35.13785411335723],[128.69188853487367,35.141552332709175]]],[[[128.7672678727987,35.06684196585875],[128.7686491307877,35.0637136543789],[128.76385485841863,35.0597813784584],[128.76143803293255,35.06085585221869],[128.7618517301066,35.064720955240816],[128.76314625863418,35.06606172830719],[128.7672678727987,35.06684196585875]]],[[[128.70972731136354,35.08281083594755],[128.7146999584181,35.081313617506474],[128.71304735301908,35.079968350280325],[128.70871782391959,35.0808607585278],[128.70972731136354,35.08281083594755]]],[[[128.72340708921314,35.088307831582135],[128.72276617940014,35.08387453578031],[128.71832016594513,35.08497032624068],[128.72340708921314,35.088307831582135]]],[[[128.71788836765134,35.0910017259474],[128.71922508985296,35.093028697516154],[128.72257901784053,35.09152420792668],[128.71925633234662,35.08952202480256],[128.71788836765134,35.0910017259474]]]]}},{"type":"Feature","properties":{"regionCode":"48170","name":"진주시","parentCode":"48"},"geometry":{"type":"MultiPolygon","coordinates":[[[[128.05019005244085,35.131306986702036],[128.04760899566367,35.127681170521846],[128.04897796264584,35.12477427062963],[128.04395360240773,35.12084810589289],[128.036734770785,35.12018663449012],[128.03156402709695,35.12118836007699],[128.02800279022654,35.12282643446843],[128.02458178504216,35.121215668698056],[128.02476284850644,35.119216313015606],[128.02282932156405,35.117336516770585],[128.0222045304597,35.1141464503262],[128.01936448442765,35.11231443873274],[128.01087512715353,35.111602433858586],[128.00466316348957,35.11376572047869],[128.0012397409455,35.11737125940948],[128.00110354137283,35.124584117423694],[128.0026652517942,35.1280619474859],[128.0031264154713,35.133637259477396],[128.00056077455105,35.141261443588476],[127.9975634852322,35.14360039584876],[128.00100649760782,35.14557654786546],[128.00164089579124,35.14859388781847],[127.9939785047252,35.156124799632885],[127.98812389945505,35.156868775328384],[127.9837318891019,35.15663167919036],[127.9799628270606,35.15888343434763],[127.97453507008893,35.15734889301962],[127.97262007708274,35.15592238654826],[127.97128595408057,35.1534585172474],[127.96607563130353,35.15422105342267],[127.96482952448437,35.15719263521124],[127.96059017193836,35.15783029211036],[127.95695616750885,35.15748880758807],[127.95008790103871,35.15444471298328],[127.94240040095865,35.155590455188324],[127.93697153080119,35.15821129148809],[127.93673981599923,35.161781909670786],[127.93988729851202,35.16635355701314],[127.93784085810942,35.16970118565304],[127.9276504894578,35.175165698221846],[127.91958207464616,35.18041570214577],[127.90718511773989,35.1849206958228],[127.90361115725035,35.18810795580189],[127.89749399577731,35.194922276921346],[127.89347271922081,35.19688781682935],[127.8930867268556,35.19973516201732],[127.89502642201526,35.205449414465],[127.89389566595469,35.21062002478643],[127.88855111276466,35.213451113160154],[127.88792947964234,35.21678743083015],[127.89027333145394,35.22423709202591],[127.8903165517779,35.2264937082827],[127.89510122453416,35.22625899852444],[127.89766725485651,35.227464252387755],[127.90154564001006,35.22555354685154],[127.90508757183036,35.222702297428164],[127.90899329949906,35.22405865011792],[127.91097806448187,35.22746322914261],[127.91026017413861,35.23000767571622],[127.91177927945645,35.237238976808456],[127.91096457913211,35.23881296401773],[127.91306335087485,35.243645880873686],[127.91952547010429,35.251365973927705],[127.9215451527973,35.25233396375145],[127.92475107198652,35.24921898866106],[127.9321874815559,35.25070603432461],[127.9380452421577,35.249649240956266],[127.93935159604752,35.247500591685295],[127.94482761980028,35.24529113370487],[127.94738884597486,35.24145197585417],[127.95458350345739,35.24288572200284],[127.96628112657906,35.24623068106697],[127.96830099035414,35.24753119150044],[127.96996647357535,35.25135396377733],[127.97206655142,35.25445383013562],[127.97284134086806,35.26024140873123],[127.97259416707749,35.26594769923979],[127.97347361631661,35.269754552428836],[127.97926917278406,35.27085402681545],[127.98324820048133,35.27080576430348],[127.9853868907835,35.27377969315255],[127.98628114970003,35.277309072645394],[127.98415666956208,35.281649494475154],[127.98617409257065,35.28688257545107],[127.98782208045681,35.286173807780656],[127.99585654961926,35.286524686144276],[127.99928105133655,35.28954040809702],[128.00198171005476,35.29053209291218],[128.00432600939925,35.293248903329534],[128.0064431030611,35.29788021022204],[128.01284883700887,35.2993142399823],[128.0150841903426,35.30337621366399],[128.01926206869845,35.30345050629976],[128.0235675560131,35.30520009241474],[128.0345121053195,35.30785407604738],[128.04068513988133,35.30392433913102],[128.04559441132454,35.30612264623294],[128.0524616150537,35.3128795478494],[128.0521563825713,35.318665401145275],[128.05026947905478,35.320919304318465],[128.05221053419356,35.32432629351103],[128.05702893781518,35.32898519295606],[128.0587808251747,35.333567951511014],[128.06585234704755,35.33328219412736],[128.06989861294525,35.33247768391681],[128.07366534585267,35.333335824231135],[128.0745419057786,35.335967385053024],[128.0801155013681,35.336791938421484],[128.09440707602926,35.33511230783492],[128.10174452238883,35.33527997700503],[128.1074845283308,35.33184176239874],[128.11257908530558,35.33177234303845],[128.11469352746946,35.33085620745635],[128.11594257387398,35.33026455339972],[128.12404020805408,35.333083356612875],[128.13000351306482,35.33636546291112],[128.13308640340867,35.338834757055196],[128.13367419765356,35.34127508228537],[128.13820685895158,35.34256664520821],[128.1405404765999,35.34530464036501],[128.14525567722222,35.347948559905745],[128.1544775223149,35.35107575058029],[128.15667245189024,35.34975557855385],[128.15846039051002,35.34573495823619],[128.16387562863216,35.34179265408373],[128.164226532143,35.33614018636665],[128.17226214360963,35.32805882656114],[128.1729450617236,35.32799987995496],[128.17426799144792,35.32740749371383],[128.17837481514292,35.32247035386985],[128.1788494725037,35.319884057895884],[128.17762568792304,35.3171458722687],[128.1741850250954,35.31474664293598],[128.1727669069511,35.30806793613135],[128.1749296923693,35.30171973277108],[128.1773407948507,35.297747654089385],[128.17416665661756,35.294321583501954],[128.1766720388045,35.28863271418507],[128.17996043173767,35.28513379352345],[128.17860774006672,35.281656379499104],[128.18024390884207,35.279244155812734],[128.18471317850455,35.275372561801795],[128.1871277922189,35.275434620668605],[128.1898620096846,35.27231500461382],[128.1907891034166,35.26753220353176],[128.195070743501,35.266055724531455],[128.19567089545436,35.26333471375658],[128.19407581825337,35.25627628139662],[128.19927084060924,35.25357824398476],[128.2010991090091,35.25359034797051],[128.20305740957033,35.25861789182031],[128.205518591745,35.262848183664374],[128.2092703266795,35.26468551493713],[128.2135028956103,35.26427764543624],[128.21480904556398,35.26268920117765],[128.21918930860448,35.26472643652784],[128.22281069048879,35.2629659165497],[128.22655346534629,35.25980633031314],[128.2284358493141,35.25657663041839],[128.23350890643601,35.25419304024649],[128.23948107778352,35.25353939971483],[128.24810752305626,35.25374968480848],[128.26000851385555,35.257330390288125],[128.26780704301154,35.25633004731016],[128.27296235342808,35.256142976175525],[128.274240124834,35.257367182105696],[128.27763039585702,35.2566641005275],[128.2859548964141,35.2517341921147],[128.2903946871504,35.25331072500209],[128.29350600674272,35.253515253510884],[128.2976185268209,35.25083997822425],[128.29898905353008,35.24821175872721],[128.29453124671278,35.24326730508806],[128.29436507536292,35.241070903539345],[128.2992727205968,35.23803093046924],[128.30360293002286,35.23745155002624],[128.30723093013737,35.23156786205584],[128.30780477632973,35.22915550677629],[128.30577105657184,35.22391797086349],[128.30733727477343,35.22167886091202],[128.3182748286454,35.22172780330975],[128.32162189084033,35.218121837631706],[128.3224377382173,35.21341283230004],[128.32552818210328,35.21142518301576],[128.32740240025785,35.20781081111352],[128.3297771604544,35.20670338499279],[128.3380608581159,35.20863759116891],[128.3425830331461,35.207587542121594],[128.34992044686,35.20982648081384],[128.35590048317354,35.207544635638214],[128.35865927322243,35.20473905366451],[128.36008715383988,35.20116698908332],[128.36436248559764,35.19805986048484],[128.36753606073032,35.19413374111025],[128.36818528133122,35.19102456652848],[128.36673830256015,35.186854552471864],[128.3668368351393,35.183120582335356],[128.36450019706092,35.17807726391578],[128.365108520482,35.171789320758954],[128.3631633602967,35.16815527955211],[128.36131035332454,35.16230709254811],[128.36141528269562,35.15605788730173],[128.3621947013805,35.15220066190913],[128.35863529325206,35.14686602171597],[128.36211221209317,35.141939399137094],[128.35699108540004,35.138544258145515],[128.35773419061476,35.13496969729594],[128.35219529201706,35.13391641530293],[128.34880652718905,35.13101086040228],[128.34794735335942,35.1268355583484],[128.34179867107355,35.12671265832405],[128.33832569464556,35.12791971621778],[128.33283085067083,35.124491119895154],[128.328076828503,35.1243450183217],[128.3240632849367,35.128483939432016],[128.3159371474557,35.12954510327873],[128.31268828242514,35.12653991951609],[128.30696302174175,35.125206536729756],[128.3040507567454,35.12709568227107],[128.2998121189007,35.12553453639361],[128.2951842774331,35.1287806817431],[128.2889151039864,35.13141527902145],[128.27242406269778,35.13178923315658],[128.2695727170668,35.131724424302845],[128.2686412055113,35.12996123163378],[128.26396683498842,35.12708096789049],[128.2602815153231,35.128263655777474],[128.25618175571373,35.12669488947562],[128.24880100529342,35.127740807453385],[128.2473736540518,35.12846902841577],[128.24612412233253,35.126919843000394],[128.24117732425879,35.12650733606286],[128.24288453237065,35.125530736102306],[128.2414031318857,35.12086803959178],[128.23434648094994,35.116963817065034],[128.228684910767,35.11699454635113],[128.22769835556088,35.11426280448229],[128.22413888500392,35.11360099803644],[128.21284468301297,35.11407695726527],[128.21092884943687,35.11511778618053],[128.20666516307276,35.11117802026325],[128.2005616401813,35.10803492599277],[128.19833778370915,35.10374340451343],[128.20087321857685,35.10018620139057],[128.19721445142824,35.09605081160072],[128.19504619626636,35.09577548265004],[128.19160130115358,35.09805281245704],[128.18945183434911,35.09573382625476],[128.18738290943224,35.08835421480696],[128.18902597858866,35.08502052294557],[128.1885411357514,35.08232018832485],[128.19055820522993,35.076693322998366],[128.19300561352188,35.07722809347613],[128.19748050459583,35.07620274627929],[128.2031467564817,35.07666271369829],[128.20496371466808,35.075773423360964],[128.21063617082072,35.07562629874138],[128.21128830794535,35.07386230768111],[128.20212002592712,35.06941514673656],[128.19452380877874,35.06345090914331],[128.19374941196864,35.0603806534493],[128.18888734421378,35.053110783250055],[128.18455711539733,35.05029847031807],[128.1790548057316,35.05355955982989],[128.17270217222472,35.051938541134255],[128.17165933494812,35.05469319567104],[128.16770452573195,35.05906253560474],[128.16515795032055,35.063711404162596],[128.16292914261385,35.06609106471891],[128.15674218825336,35.06588975743741],[128.1524847596985,35.07406083192503],[128.1489211997658,35.075154136503095],[128.14843312009313,35.07709151943576],[128.15283490050757,35.08063958761273],[128.15755644225158,35.08103891669691],[128.16208433131413,35.07964399170394],[128.1686752641129,35.08363032010986],[128.16855605641047,35.08869166431164],[128.17302025099056,35.09480229184258],[128.1698887905716,35.09715287632924],[128.1665809806278,35.09688309612951],[128.16309174685892,35.101547297968395],[128.16010205027126,35.10044498196945],[128.15791307213178,35.10131966067327],[128.15761166196546,35.1040681563706],[128.15412756995113,35.110437788750055],[128.14623375192173,35.115235550833276],[128.14183521682705,35.11623627790859],[128.138571729557,35.1152998616609],[128.13391125772344,35.11702364550703],[128.12854363398424,35.114795444776156],[128.12155223867134,35.11465116160592],[128.1109077090995,35.10646150461418],[128.1082244624502,35.105323687239036],[128.10624639475657,35.10602130047416],[128.0978743222762,35.10646853999622],[128.09106829112235,35.101046356393454],[128.0895135279614,35.104719371497296],[128.09149410045887,35.1100403577402],[128.0911576685934,35.11586334290555],[128.08679206390372,35.12018557749368],[128.08385083271298,35.12015749764581],[128.07576596611707,35.123198913557964],[128.07086752126582,35.12836950438525],[128.0675930815254,35.12913468047125],[128.0605655407622,35.128081119556484],[128.05449960147985,35.130046118104374],[128.05019005244085,35.131306986702036]]]]}},{"type":"Feature","properties":{"regionCode":"48220","name":"통영시","parentCode":"48"},"geometry":{"type":"MultiPolygon","coordinates":[[[[128.19008189563274,34.57177323352494],[128.18796062608857,34.56514748219965],[128.1852309338054,34.560373093265774],[128.1787073337986,34.56065929413713],[128.18039915421642,34.56307087459671],[128.1835124417251,34.56288466858776],[128.18589126356517,34.57232418260093],[128.19008189563274,34.57177323352494]]],[[[128.3053115693802,34.625627315764554],[128.30623581848005,34.624496920996314],[128.3091208322353,34.61631409485962],[128.3060364265991,34.61592455786794],[128.30299003344908,34.61811060299612],[128.2987415838936,34.61826683838749],[128.29781559834018,34.6213172623904],[128.3053115693802,34.625627315764554]]],[[[128.31829461277545,34.61950372679156],[128.3147126872474,34.62269171550613],[128.31723436054997,34.623572033208156],[128.32229473503838,34.6224612730802],[128.32623605728435,34.61975497094562],[128.31829461277545,34.61950372679156]]],[[[128.25876690786325,34.644923630716065],[128.26620856098674,34.644608541624244],[128.27410524263266,34.640001151208],[128.27321013549198,34.6353245943452],[128.26607920521928,34.63525642224055],[128.2657967623089,34.63208151353916],[128.2704103814801,34.62952334801418],[128.27465910378046,34.624781397901714],[128.27847486589448,34.62821292495856],[128.27885530423993,34.633799476864866],[128.28441346680745,34.63856861073124],[128.29037215918342,34.64101208644128],[128.29751769000794,34.64028411746609],[128.299064656355,34.63813850258026],[128.2950779998273,34.636323160239485],[128.29380008076498,34.634216846389585],[128.29660209487403,34.63137808778534],[128.29239601457934,34.628848799656424],[128.28985251372166,34.6301960589596],[128.28737612022937,34.626629182348125],[128.28976721646436,34.62030389662292],[128.28609981045585,34.62164235571702],[128.28227096890197,34.621046269217686],[128.2771462930488,34.61931670334593],[128.2722211819821,34.620865284233886],[128.27147542570256,34.62372464217866],[128.26637866967135,34.62694445130377],[128.26185058711957,34.626543893310505],[128.25851691274337,34.62091784083911],[128.25591449268288,34.61910371742813],[128.25429612825855,34.62036949072453],[128.2450016728396,34.61899958031853],[128.24567194830857,34.61543245984803],[128.24512714142125,34.61289050048653],[128.2432898589694,34.6115796933454],[128.23912719316678,34.61086533634121],[128.23586218137436,34.61164283985604],[128.23281365670024,34.61348171082642],[128.23118333151723,34.61568164881631],[128.23154302631787,34.6176812682927],[128.2366042224045,34.61732416339222],[128.24248190881528,34.619689907188686],[128.24224410065935,34.62392888079779],[128.23925538738837,34.62495887689446],[128.2346297709464,34.628630652145546],[128.23750892087094,34.63441053788338],[128.23594652702087,34.63570124740165],[128.2305734875893,34.63219326756526],[128.22939472714003,34.63062383623807],[128.22515093292483,34.63247003482046],[128.22368446153587,34.63815490057699],[128.23003727690528,34.639989502360514],[128.23343569294252,34.639221457221225],[128.23503438514834,34.6405637728798],[128.23500483097357,34.64373950633095],[128.22850137944462,34.64749207262802],[128.22939807715233,34.649367070205564],[128.23378505674685,34.65284203786569],[128.23563675806446,34.651886900093615],[128.23683763035038,34.65074815049422],[128.24264236888214,34.65259749058037],[128.2468060290393,34.65211648954066],[128.25171550308812,34.64999268063442],[128.25612499826985,34.646278126690795],[128.25876690786325,34.644923630716065]]],[[[128.3396502681768,34.66209624235245],[128.3414586707085,34.662296036700305],[128.34790084855737,34.66233512994481],[128.3517901521835,34.657136459044466],[128.35072843441546,34.655284326854165],[128.34611246588543,34.65611357962523],[128.3415818253438,34.65785919562814],[128.3396502681768,34.66209624235245]]],[[[128.2516494616765,34.66786666866976],[128.2547438923147,34.668199721059516],[128.257141149604,34.66567862009744],[128.25373005995704,34.66193302345752],[128.24548001201623,34.662927570529135],[128.2436990795889,34.66457851188082],[128.24380707999197,34.66723831465856],[128.2489258439486,34.66571502617773],[128.2516494616765,34.66786666866976]]],[[[128.26466552814992,34.66885851399836],[128.2688537451597,34.66587257227196],[128.2677615321235,34.66483111228538],[128.26297540556902,34.66657249116303],[128.26466552814992,34.66885851399836]]],[[[128.3009568604805,34.666825526340574],[128.30206468789726,34.67071080263636],[128.30517846919545,34.671358076713894],[128.30663944806216,34.66786754487753],[128.30490178343226,34.66551403418718],[128.3009568604805,34.666825526340574]]],[[[128.24355424350227,34.66799633723014],[128.24193337950382,34.67113140738855],[128.238634604798,34.671415041591786],[128.23321955898507,34.67050300896006],[128.22707111221763,34.67316039186192],[128.22198318977266,34.673031154996664],[128.218573027917,34.677127744305515],[128.2184659528159,34.680424136961875],[128.22238498199877,34.67996371693595],[128.22352773139554,34.675411081012776],[128.22854928597584,34.673282592156966],[128.2328164394701,34.673751411331196],[128.23328210315444,34.677740167569404],[128.23559014839108,34.676877654384015],[128.24656628183334,34.677979263755596],[128.2499612185559,34.67960832552752],[128.25244107805858,34.677496736978874],[128.2548461981536,34.67454633642838],[128.2591357564199,34.67525725728347],[128.25943554305346,34.67355197059807],[128.25553678144138,34.6709940569371],[128.24652767436396,34.669456004660425],[128.24355424350227,34.66799633723014]]],[[[128.25969237346027,34.68076683348089],[128.26186567636663,34.68260541413586],[128.26761175496225,34.678609178029454],[128.26574875333466,34.678453553219065],[128.25969237346027,34.68076683348089]]],[[[128.28031555110425,34.687152451164124],[128.28547563958193,34.691176265162774],[128.28829039484148,34.68865377031777],[128.28838241233524,34.68750737789537],[128.28031555110425,34.687152451164124]]],[[[128.20224887858527,34.69107746562926],[128.19763887516896,34.688497002818245],[128.19609501027975,34.691373004439015],[128.1929774381216,34.69226087672196],[128.18404473772515,34.690379894127865],[128.17210560010656,34.69806777779666],[128.16771485304335,34.70207499734803],[128.16740182952194,34.70512094240619],[128.1691277971943,34.70682075704894],[128.17621343899668,34.71159057663778],[128.1824173263415,34.70914314379406],[128.1911846586195,34.711265289447695],[128.19923369133645,34.705950683813924],[128.20178971581265,34.7012542295829],[128.2000261217644,34.69810530098828],[128.20208792866464,34.69626730387272],[128.20224887858527,34.69107746562926]]],[[[128.28672409556998,34.759284749717644],[128.29450802573112,34.76307065331586],[128.30039409199534,34.75819613665756],[128.30520843596764,34.75752703383607],[128.30792341543167,34.75628138767907],[128.30628844751996,34.75386247636296],[128.30657568530032,34.75153312835683],[128.2998385463194,34.75341906155389],[128.297759702282,34.749808978224635],[128.29205344096783,34.74825414228588],[128.2884329685877,34.75317181673084],[128.28672409556998,34.759284749717644]]],[[[128.25735685805606,34.7995769185841],[128.25526149052095,34.80373583799895],[128.25728647399103,34.80421763019193],[128.25735685805606,34.7995769185841]]],[[[128.2657908736267,34.817931490815866],[128.265877012284,34.81432149416032],[128.2631385517647,34.81388423490556],[128.26033494839012,34.8091633887423],[128.2547607322459,34.80805670527964],[128.25052620279132,34.80833308282849],[128.24579175349584,34.809817489095934],[128.24485764581425,34.81347494311437],[128.23857762738555,34.80927013031842],[128.24299188969982,34.80841019213778],[128.24605543911002,34.79916228318461],[128.24284086874928,34.79519793280081],[128.23878485147512,34.79477353702329],[128.23943288459878,34.79717303710768],[128.23769525849167,34.800644582782624],[128.22550879146152,34.799758764813355],[128.22258192021806,34.80246589273736],[128.22243248267716,34.805106331110174],[128.22388465376184,34.807769495052405],[128.22064060874985,34.80815130996333],[128.21332064874343,34.80678853432329],[128.2086597942599,34.808193133831736],[128.20902944234948,34.81093291377357],[128.21220729172182,34.812453645922325],[128.21356508962154,34.81511787124714],[128.20878074340058,34.81648488624374],[128.20134200324517,34.81671371607813],[128.19839240759558,34.81794580169878],[128.20022868539178,34.824722921739315],[128.2026318921706,34.82477683428462],[128.2049025169898,34.82219309088922],[128.2113458810099,34.821508257657456],[128.21194285052619,34.82367554473353],[128.20672112782398,34.82739067656868],[128.20934794794536,34.82984831549351],[128.2119045283476,34.83071549819477],[128.21459772310376,34.83446836313859],[128.21467557431922,34.83656320725158],[128.21749192003315,34.83905757434773],[128.22143458763645,34.839168535725875],[128.2252026132329,34.837971247651986],[128.22845808897767,34.84018928472599],[128.23653440462618,34.84150460484297],[128.23775353662018,34.83796074114696],[128.2409003617955,34.83416438928001],[128.245307151232,34.832722340097334],[128.24873248692944,34.82775103205093],[128.24991436116173,34.82490596124731],[128.2638670923239,34.81841716571966],[128.2657908736267,34.817931490815866]]],[[[128.17757650481784,34.82194674739478],[128.1787230868971,34.82028286601594],[128.17728295890166,34.81893667446771],[128.17364725857252,34.82043518397821],[128.17757650481784,34.82194674739478]]],[[[128.12510512948884,34.82994246231086],[128.12443840322243,34.831922474823166],[128.1258664430937,34.834922019228124],[128.1328821755191,34.83610361771176],[128.13588374261806,34.834257634452236],[128.13891588025402,34.8346448720533],[128.14366253992955,34.831327937426586],[128.143344391837,34.826552110027365],[128.14167802948467,34.82459388382848],[128.13573416980034,34.82335084815269],[128.12927053949846,34.8255925761464],[128.12510512948884,34.82994246231086]]],[[[128.3140578844663,34.830854517529545],[128.31374737821446,34.832936623345475],[128.31909129198874,34.83322483062305],[128.3166907008126,34.83065297765132],[128.3140578844663,34.830854517529545]]],[[[128.22867823008394,34.84948327744361],[128.2329498717184,34.845227152917566],[128.22847707007875,34.84177347813552],[128.22244213155432,34.84404779604103],[128.22163458298283,34.84219934414735],[128.2181578890682,34.84159152177225],[128.21497480490575,34.843265662863004],[128.206471590875,34.842778962100404],[128.20044186206414,34.83948245970502],[128.19870502815158,34.833287231139074],[128.1991135651196,34.8315694609364],[128.1921962932317,34.82675346746967],[128.18984297492415,34.82584820292286],[128.1817076679734,34.82671287494069],[128.17956948440755,34.82873296507044],[128.1790024490511,34.83152329119946],[128.18353587684499,34.83333590079539],[128.1834064160715,34.836407626868564],[128.17950699243633,34.83651686356727],[128.17207808894543,34.83837374761972],[128.16812460512432,34.84080348582199],[128.1667759543019,34.84352985761876],[128.16731701568088,34.85115807091654],[128.1704752986265,34.8537697865447],[128.1807337799457,34.85567012496399],[128.18744219042924,34.85788987549394],[128.19709566893516,34.859866102530106],[128.20306654765886,34.859021780067415],[128.2104714862164,34.85544949012409],[128.2105111764053,34.85223585320174],[128.21335629556955,34.85113644365743],[128.21562913869437,34.852399078988796],[128.22308567882317,34.852395815144895],[128.22867823008394,34.84948327744361]]],[[[128.36076663298425,34.94377578717458],[128.3704749277796,34.94617770530297],[128.372290256802,34.94532183259518],[128.3776756798746,34.94597335941051],[128.3827219768897,34.94741697872832],[128.38342035422875,34.948462795057296],[128.38625016949285,34.95096800156322],[128.39114126609542,34.95187584489664],[128.38938385922268,34.957098496332634],[128.38895556319594,34.96083978284676],[128.39264202161343,34.9635259257085],[128.40046958204707,34.96430232930176],[128.40083060495144,34.97062893232557],[128.40521434131338,34.96861595277985],[128.41558388116056,34.96667144505992],[128.41868680093359,34.97108909560527],[128.42346316739562,34.975324621122006],[128.4323103074002,34.97648415157531],[128.43318298687674,34.975542838128824],[128.4429447613135,34.97281368747927],[128.44099901582487,34.96933126444859],[128.43716419398422,34.96576241150412],[128.44045395824173,34.965666152765515],[128.44020603959868,34.962319787274545],[128.4332445842536,34.956832897268924],[128.43144570276857,34.95685409164459],[128.43147604650565,34.94421214042444],[128.42613293421195,34.94178303359109],[128.42593117038396,34.939847262127245],[128.43003157474715,34.93855317689426],[128.42864606043852,34.93628520949699],[128.4340353385825,34.93185494441598],[128.43645923199884,34.93079406490928],[128.42934632356346,34.92815340000872],[128.42985592344286,34.9235789176704],[128.43100340934632,34.921834942886136],[128.43025979386073,34.917759721615404],[128.4307368921141,34.91407440969087],[128.42516326907847,34.91140997704891],[128.42373460634678,34.9086968283021],[128.42629664544637,34.90502701335239],[128.42625932009986,34.90286630406387],[128.4205926958755,34.894742996188526],[128.4207868014704,34.88996344273566],[128.42267106088994,34.887410170216555],[128.42353299296994,34.883496138755724],[128.42157704609244,34.873958918525084],[128.42339136776317,34.872192178453126],[128.4282362256253,34.87725210760347],[128.43015793982747,34.87674046800992],[128.4342602413308,34.88093729398149],[128.4343003923775,34.884182585191745],[128.4305510763878,34.88449322093375],[128.4318151717237,34.888329176702925],[128.43633252875927,34.88989706743811],[128.44060049130354,34.888687359914684],[128.44152232821736,34.89050192750096],[128.43894578787965,34.89311194049116],[128.4417106170381,34.89479809237136],[128.4420869655048,34.89780765055534],[128.44404577691668,34.90009727910916],[128.44785121314067,34.90216746173416],[128.45112015197668,34.902946475508145],[128.44934552210907,34.905308687875454],[128.44585772425896,34.905733515052056],[128.44236808576815,34.90997757498816],[128.43838794209935,34.91166061782159],[128.44026862931653,34.91338711363985],[128.447717116813,34.91406022442044],[128.45104754860762,34.9154184271459],[128.4536138738436,34.91324415715618],[128.45297678550895,34.91014917350803],[128.4566111035233,34.90830933377632],[128.4608015831884,34.9049872470149],[128.45853485837162,34.902758004080106],[128.45599425259903,34.90247818040284],[128.4540392304027,34.90061955305507],[128.45923833703029,34.898385622332846],[128.46184213669915,34.900156687147664],[128.4651437542031,34.89887802050873],[128.4658826510567,34.89596194833445],[128.46416581061226,34.89426147547436],[128.4666099093456,34.89140311165731],[128.47141571987586,34.89193809134215],[128.47408328753176,34.89322638211181],[128.4749986110033,34.890371914198035],[128.47238054114447,34.888586447112026],[128.46875274587802,34.88758320100677],[128.47126758398684,34.884573193670555],[128.46777745269554,34.88197212927305],[128.46668134313302,34.876122213148996],[128.4673109601166,34.87193794688903],[128.4619298740115,34.87133523987893],[128.46019903737565,34.87280017584498],[128.460514119942,34.8797887859239],[128.45733293796087,34.88243612557856],[128.45607006175013,34.88186872483142],[128.45554637607344,34.87512651918891],[128.45226382264673,34.87332676860068],[128.45586260414586,34.86982145582241],[128.45650525729934,34.86512471402599],[128.45154015775964,34.86552814486773],[128.45014006106152,34.86781907883236],[128.44691706320774,34.86562349940762],[128.44716982950595,34.862858791910014],[128.45300454470916,34.85738852474393],[128.45418478141056,34.85474002814077],[128.451295568041,34.85268983079827],[128.45222037431276,34.8465652505707],[128.44857908317323,34.84550941901057],[128.44121877145557,34.84252093673436],[128.434968338511,34.843654137808585],[128.4327751504464,34.841180543461135],[128.4418067408664,34.840511132746684],[128.43541572181195,34.83846481651638],[128.42757597427158,34.839483925205776],[128.42559087048576,34.84452914528864],[128.4263356564958,34.83876003555562],[128.42247774909757,34.838148326139056],[128.42322207976346,34.83319457687932],[128.42794831490147,34.83193851898531],[128.4305147128473,34.82935813528896],[128.43427634165587,34.83092574012333],[128.43854184633435,34.82981663466885],[128.44133181570666,34.826631687481346],[128.44025518835568,34.82287210126786],[128.43937555022777,34.81908227152224],[128.439464777444,34.813451830985336],[128.4419646682581,34.80877661445742],[128.44234366920946,34.80398263825751],[128.44115344376078,34.80206297079835],[128.43684729300054,34.80206271482873],[128.43137554785443,34.805527896943794],[128.43116418394558,34.80155276942267],[128.43325549806346,34.799323941859114],[128.43697960694553,34.7991384758599],[128.44014517439948,34.79449086659553],[128.4343159227588,34.789025358229935],[128.4281343474403,34.790508814250124],[128.42082383430747,34.79355085373872],[128.4195199572169,34.79238260709776],[128.4214361997627,34.78840603292703],[128.42558212990187,34.78831919280498],[128.43251725598842,34.78267414322905],[128.43564789993107,34.78183943843051],[128.43563916422642,34.77947158075382],[128.43304689746577,34.778514380791876],[128.42846754047258,34.77334246455584],[128.42424994190304,34.77056778829719],[128.42585843296064,34.76873835265233],[128.42538799787806,34.76551031840814],[128.4237435626507,34.762017246817585],[128.4210106155105,34.765301879531165],[128.41450824971508,34.76276396412447],[128.41143674198307,34.76323458118571],[128.40618517337467,34.76248597855611],[128.40459826047237,34.76390333342512],[128.4066193543365,34.76838394499248],[128.4017969894728,34.76786887026174],[128.39894616588168,34.76526049211339],[128.39740261728946,34.76544206991274],[128.39759264115378,34.76945225117626],[128.39467971621937,34.774621473389416],[128.3971305883885,34.77853689158285],[128.3939172669543,34.78084790893215],[128.39031907298542,34.77942488200923],[128.39013927544516,34.77693118936251],[128.38721289000952,34.77603012384186],[128.3857754421684,34.78004484928094],[128.3867452411376,34.78242046514064],[128.39057075371232,34.784382804059035],[128.3912134791123,34.78660230970479],[128.38810782831348,34.790685592875164],[128.38045212429668,34.79277505684525],[128.3831115352326,34.79442776144556],[128.38239761683906,34.797205171949265],[128.37443267192987,34.79458757126259],[128.377566295398,34.79357444590501],[128.3759403238479,34.788866836920505],[128.37363188279014,34.790437764815195],[128.37335743290618,34.79401273228167],[128.37008230454316,34.793708171357274],[128.36485258687256,34.7952154063919],[128.3642667027965,34.79745470813921],[128.36841124345372,34.80021542012269],[128.37206915021798,34.79998184431225],[128.37274021861293,34.80299506769568],[128.3760481399134,34.79832390322962],[128.37824623683255,34.79891107173819],[128.37785155936058,34.80199623632534],[128.38059915550755,34.80590416723125],[128.37598282541725,34.807118605865206],[128.37762913851066,34.81070186504979],[128.3811003783154,34.81199685544066],[128.3787647767164,34.81536381426198],[128.37278600340383,34.817577375124735],[128.3672419540064,34.81842058080587],[128.36446242467187,34.820345263896904],[128.35626991977824,34.82413904198057],[128.34925096904624,34.825454269115404],[128.34549277595514,34.82536197121997],[128.34056738502173,34.82044321158133],[128.34008944587902,34.81793783334569],[128.33617224060046,34.817282576231406],[128.33640562879748,34.820193698357755],[128.3352700277216,34.82298204037797],[128.3309060008862,34.82485989105362],[128.3297375881651,34.82940046035192],[128.33184662773667,34.829514137068834],[128.3356531382009,34.826297313252745],[128.3370254666621,34.82766130164748],[128.3343773311862,34.832926629965776],[128.33625457931421,34.83300834219838],[128.33739626018274,34.82932038493398],[128.34013022823254,34.82875418489881],[128.3392023108015,34.834890081787556],[128.33942482910388,34.83906322008667],[128.3367194964416,34.841059170022454],[128.33802116043734,34.842700253866006],[128.34181672642782,34.84172204479937],[128.34210233311381,34.83474337631739],[128.34454265511278,34.83138880096755],[128.34891784702955,34.83522853780017],[128.34687388174657,34.8399751570857],[128.3489112480106,34.8423727592667],[128.35357770083377,34.84270826191573],[128.35858745339868,34.839677522313266],[128.35899899174262,34.83783204957624],[128.35562122726847,34.833605618087056],[128.3571711419538,34.83180383363903],[128.36382147463004,34.83504980569478],[128.36387992573344,34.83255622883502],[128.3666025251721,34.83093668334491],[128.37001828869887,34.834277927121825],[128.37855605964336,34.82912466043152],[128.37932458462154,34.82609554080223],[128.38239613865056,34.82383991378491],[128.38197975587974,34.82053967279002],[128.38524894572413,34.81466193250115],[128.38729052043846,34.815212221488714],[128.38502340404068,34.82470141406235],[128.38381058857078,34.825969950274185],[128.38420145403452,34.82932498741438],[128.39008791399564,34.827179953407736],[128.39204780703173,34.824767428950814],[128.39422294177237,34.824852945850445],[128.40069395497193,34.828757362479365],[128.4043081263463,34.82844017193349],[128.4045991310303,34.83187837890263],[128.40203441420587,34.836011580011984],[128.3989611247124,34.83530386822605],[128.3957304799533,34.82927568791304],[128.39328708710116,34.83406923141911],[128.39130327266102,34.83545660675638],[128.38820604691045,34.83527929210422],[128.3858306648332,34.83302397088366],[128.37912650161402,34.83595307891222],[128.3795890287724,34.837730968144015],[128.3881022877572,34.83941733122498],[128.38745638118735,34.84220636667608],[128.3828066406022,34.84375710759601],[128.38128374829418,34.84070741213132],[128.37711305406353,34.83982741954814],[128.37239914200595,34.84273364890011],[128.3772921845039,34.84538875288227],[128.3695572478587,34.84889962253912],[128.37100747692313,34.85280617216634],[128.37283632533374,34.853427504311725],[128.3773966525012,34.85166418759659],[128.37890773303369,34.85400080699427],[128.3834636622435,34.857158733582324],[128.38371200540666,34.861649380996646],[128.38767119889687,34.86017780392901],[128.38867516269312,34.8632333142563],[128.39047940498637,34.863212726153115],[128.39396564325753,34.8636721140598],[128.40667697927066,34.86167521951379],[128.4133321522943,34.8589984585145],[128.41477602214272,34.8614616181036],[128.41749650980267,34.86006495693039],[128.42048845312215,34.86212724913825],[128.41929838539866,34.865146018730435],[128.41578081391563,34.86718213291905],[128.40998124163661,34.86662940165712],[128.40519522712307,34.86760279910864],[128.4055897370842,34.86558560249497],[128.39560627253329,34.8670422556714],[128.388956949331,34.866871144921056],[128.38478151362528,34.86847233926896],[128.38461148550775,34.87112249658924],[128.38095319042125,34.87289423583747],[128.38150446951323,34.87765476543731],[128.3847899170324,34.88177298182482],[128.3828466471468,34.88610285662449],[128.38070744498341,34.8889872141448],[128.3761829013769,34.8910412961231],[128.38029077968486,34.88556109648601],[128.3791370337998,34.88295129541737],[128.374912090946,34.881409481730344],[128.37323897261652,34.879481079376085],[128.3724008801823,34.87551646720468],[128.37574364437157,34.873372483301175],[128.37672215698223,34.871271460495905],[128.3725302734365,34.86877540866547],[128.36819537131865,34.87220216240655],[128.3635224937767,34.869790678133015],[128.3590119597607,34.869602690588835],[128.3557491134201,34.870751808424664],[128.35486130931045,34.87547455547115],[128.35705105693552,34.87950370729037],[128.35317878125434,34.878831503809025],[128.35190949027808,34.88385294031926],[128.35027384983343,34.88418902575311],[128.35106476489275,34.87647053294695],[128.34883778918075,34.87309383795563],[128.34515823856967,34.87237948272429],[128.34131969355644,34.874352864593305],[128.3418076348817,34.88062651153565],[128.3332774862489,34.88143560105267],[128.3381014260274,34.87828287994245],[128.3373602215402,34.87721802123249],[128.33136814311848,34.87676709271321],[128.3283829299213,34.87540877878464],[128.32473096740426,34.87942266156947],[128.32551154092474,34.88295110612611],[128.3274355406358,34.88253273494914],[128.32859661161538,34.88569932776432],[128.32619566677477,34.88648059186953],[128.32189523844175,34.8831891437266],[128.3195121444532,34.879042231922135],[128.3161709639202,34.88049967739281],[128.31630169791785,34.88358702485833],[128.3108508068076,34.88699630975118],[128.3097892751381,34.892557452181265],[128.3053334267342,34.89704691015843],[128.2999867745323,34.898094567065165],[128.2976312213175,34.900736828737024],[128.2984426179827,34.902523666311424],[128.30278146948308,34.90452503095868],[128.3086516214805,34.908805040925635],[128.31756508276152,34.90916820604224],[128.32032770596544,34.90687475195903],[128.32661985416624,34.9072110703944],[128.33247519987657,34.908859028780974],[128.33889424083367,34.90851742502278],[128.3462738443642,34.90486298132634],[128.35040887204994,34.90559671806176],[128.35493227743973,34.908038917923015],[128.35548560985373,34.90930328363492],[128.35219776257549,34.91290187117396],[128.3509851972406,34.91572858258389],[128.3546081844976,34.91787692819846],[128.35365948138065,34.91993134027714],[128.3486156472215,34.91944110013839],[128.34623934642158,34.92098379710988],[128.34706089299996,34.92414283365767],[128.3437004772711,34.92574625898951],[128.3422414467102,34.92510404660193],[128.3454234205998,34.92888108666588],[128.34652501617435,34.93283016310603],[128.34551898247906,34.936864207810395],[128.34415682454116,34.93735101578596],[128.34754440378956,34.93989190926743],[128.36076663298425,34.94377578717458]]],[[[128.34030767194716,34.92392912627304],[128.33599310619354,34.921674738468894],[128.33586294944047,34.92495130219119],[128.34030767194716,34.92392912627304]]],[[[128.33012206053442,34.92600123295778],[128.3329529658182,34.925820856258994],[128.33071460567726,34.92226683463715],[128.32818240108352,34.92308059587579],[128.33012206053442,34.92600123295778]]],[[[128.32488987453195,34.92415590793226],[128.32454615444144,34.92258772422256],[128.320840720213,34.92262854961048],[128.3184854537097,34.92365499400607],[128.32198737999045,34.92685305524255],[128.32488987453195,34.92415590793226]]],[[[128.388190132963,34.63775483505743],[128.39347853119247,34.639869391646336],[128.39435797099617,34.63729347593029],[128.38960033433574,34.635726317114504],[128.388190132963,34.63775483505743]]],[[[128.37349953955112,34.6413947263203],[128.37643128052784,34.64518828548307],[128.37884612420018,34.64487486597152],[128.38134594507358,34.640275660944354],[128.37558938052322,34.63857090620989],[128.37338944668537,34.63724901974128],[128.36725195253783,34.63867163213747],[128.36216385131496,34.642807769224625],[128.35992399961188,34.642895014841514],[128.35602632385218,34.63883331153678],[128.34909122801065,34.63974361491379],[128.34574452161235,34.64143361989947],[128.34352631394182,34.645197417281054],[128.34407786380953,34.64957599544396],[128.34936305084915,34.64992844359057],[128.35288256812055,34.65191745815086],[128.36042130021065,34.647486092630665],[128.36285906107128,34.648624852859975],[128.36776654498445,34.646242994871216],[128.36770231110597,34.64294646479728],[128.37119903356935,34.64075446879551],[128.37349953955112,34.6413947263203]]],[[[128.42990020048353,34.72865601040712],[128.42849173054847,34.72654843934781],[128.42939808135503,34.72169988540416],[128.4282393135519,34.71960668460945],[128.42563697443367,34.719851659287265],[128.423821354876,34.721994797353176],[128.4227004121797,34.72662477192915],[128.42443810890936,34.732008455547174],[128.4280973033023,34.73237358707901],[128.42990020048353,34.72865601040712]]],[[[128.39690625955257,34.73790929012622],[128.3992983945047,34.74054634063691],[128.40473155239243,34.737060806909405],[128.40659084876918,34.734542807139434],[128.4065516745331,34.72959528509007],[128.40404203149762,34.72863729373975],[128.3976375398735,34.730089181604534],[128.39254357561546,34.73547179636122],[128.39690625955257,34.73790929012622]]],[[[128.38069797329138,34.74109350332008],[128.38482621667842,34.74041217204491],[128.38708143738663,34.74132840844972],[128.38977563544702,34.73991674112103],[128.39188533165813,34.73717547460345],[128.38484282686733,34.73844880131016],[128.37856316586135,34.737746540739224],[128.38069797329138,34.74109350332008]]],[[[128.4045457402627,34.74163236385854],[128.40352323955182,34.74431276804229],[128.39949453544764,34.747698080551494],[128.40262904496626,34.750212164108426],[128.4053048977741,34.74847979929511],[128.410683832067,34.747299877329304],[128.41377464792825,34.74877770944822],[128.41868038856032,34.74740444048133],[128.42127529121845,34.748943399040314],[128.42143591369666,34.754936482258415],[128.42452470230427,34.755988305854956],[128.4262588604952,34.75444858712474],[128.42432418564945,34.74944568025954],[128.42261058109744,34.74597280397967],[128.41935170280837,34.744260204099405],[128.41651013537006,34.74409691935074],[128.41479453166238,34.74656551721944],[128.41026504675304,34.745407006378294],[128.4045457402627,34.74163236385854]]],[[[128.39362149539963,34.751661106759535],[128.40153676533563,34.75534673249238],[128.40129395221814,34.7534005722666],[128.39993509619444,34.750416047218955],[128.39362149539963,34.751661106759535]]],[[[128.406944374542,34.75546080642689],[128.40845988751434,34.75251933061749],[128.4042540324358,34.75234495634053],[128.406944374542,34.75546080642689]]],[[[128.35550416475994,34.77760779830272],[128.35676743613718,34.78076723925975],[128.361908097982,34.77982011726867],[128.36258360805707,34.784753604436276],[128.36827923628528,34.786290205289724],[128.3689968228057,34.78412636120272],[128.37431634069924,34.78225816062853],[128.3705400657941,34.77542316581089],[128.3670572641096,34.77673910036563],[128.36349178303277,34.77683528619474],[128.3599121225935,34.77421536759128],[128.35800302323375,34.77475486996309],[128.35550416475994,34.77760779830272]]],[[[128.35643792315608,34.812776807147046],[128.35012072204412,34.816443214026386],[128.34749260716254,34.81605382618482],[128.34657880242762,34.81942715899948],[128.35036712247037,34.82191382163151],[128.35349866567475,34.819979195621805],[128.35530983153504,34.8213003752987],[128.35973307450013,34.818930097698534],[128.35895840898985,34.815542938082814],[128.35993492716935,34.81423154033105],[128.3635454075655,34.81496545129367],[128.36864808464694,34.8128727154402],[128.35643792315608,34.812776807147046]]],[[[128.34573501008046,34.86639646867681],[128.34829981463588,34.86731527380878],[128.35093470812404,34.86651592732017],[128.35136196851371,34.86391006207648],[128.34573501008046,34.86639646867681]]],[[[128.42427154891092,34.896654522937084],[128.4253129411624,34.8950681083518],[128.42404174627833,34.889851047923216],[128.4211337668345,34.89409839405965],[128.42427154891092,34.896654522937084]]],[[[128.43729649327494,34.92752320251324],[128.4397906374329,34.926012362764055],[128.4368841629431,34.9245230886934],[128.43377067591163,34.92591419238067],[128.43729649327494,34.92752320251324]]],[[[128.44034015577034,34.538925317684345],[128.43608015954538,34.5373190203606],[128.43510213728314,34.54009351356678],[128.43793117149886,34.54205335661411],[128.4450378797193,34.5485733360908],[128.44739473698561,34.547210845698956],[128.44625751153907,34.543858528754996],[128.44034015577034,34.538925317684345]]],[[[128.54550102828787,34.620728955741335],[128.54915167798345,34.62161348603645],[128.55004661097777,34.61838021371138],[128.54516616466074,34.618694846682665],[128.54550102828787,34.620728955741335]]],[[[128.5543722751658,34.624559115532485],[128.55175250083002,34.621840287005625],[128.54762014391318,34.623987820076536],[128.54541451193526,34.627887717087],[128.5492539411215,34.63070697998245],[128.55584669294845,34.631200095453345],[128.5563462799998,34.628304582899695],[128.5543722751658,34.624559115532485]]],[[[128.56296492463576,34.63679005395085],[128.570476185492,34.64100007142588],[128.5728434605201,34.6439267309705],[128.5729748236408,34.64635224890769],[128.5757968274216,34.64984270622251],[128.57877349216858,34.65128875605857],[128.58026083033735,34.65008698285534],[128.5783645959036,34.645876510966225],[128.58017784326918,34.645070261741246],[128.58471259055725,34.64468196200577],[128.58458798315775,34.641302598539575],[128.57774293090503,34.64012255153897],[128.57160510895628,34.633239479088125],[128.56376942819443,34.632285368762716],[128.5598847877076,34.635560046468036],[128.56296492463576,34.63679005395085]]],[[[128.57176860768473,34.65614997482138],[128.5741675494987,34.65746890487609],[128.578548149693,34.657706649093825],[128.5793073698109,34.65581287903985],[128.57374923940336,34.65336881921776],[128.57176860768473,34.65614997482138]]],[[[128.58362979362434,34.68067571065969],[128.5770856605818,34.68090519609359],[128.57395702581996,34.68251507558246],[128.57547274610366,34.68611903724588],[128.5790106186834,34.688131890519465],[128.58421224220095,34.681177497411866],[128.58362979362434,34.68067571065969]]],[[[128.5487584887316,34.69628046077086],[128.54414746613276,34.69735288074993],[128.54135174840815,34.699570684368226],[128.5429191210314,34.70101085202767],[128.54672941796684,34.701401376565514],[128.54894145498696,34.70037794757035],[128.5487584887316,34.69628046077086]]],[[[128.55281412537175,34.71682005925478],[128.55458580699508,34.718518321832626],[128.559778967186,34.7158822535208],[128.56182141192866,34.712383868021085],[128.56636835952406,34.70728118892761],[128.56038815428087,34.70718469163602],[128.55785262595836,34.712901162221435],[128.55281412537175,34.71682005925478]]],[[[128.46793046187207,34.70823778317677],[128.46697297730418,34.70663865742682],[128.4629307822163,34.70420886133024],[128.45688223790958,34.70235373831041],[128.45110115717975,34.704165365491896],[128.44767187611944,34.708413224120505],[128.4506132054139,34.71382887216894],[128.45782306030753,34.71588409594642],[128.45986965982695,34.717968726326674],[128.45869676877632,34.7219973123041],[128.4559212101559,34.72399192668322],[128.45433847651765,34.72729885060838],[128.4555584405319,34.729970382508434],[128.46042629427282,34.73154546290894],[128.46162607707112,34.734588972479294],[128.46533010599555,34.73549973126585],[128.47075102658894,34.730667962104654],[128.4715911427554,34.728473686713805],[128.46510079250882,34.72136500866087],[128.46219421777676,34.72056308076905],[128.46118857395606,34.71639319034545],[128.46625134795963,34.711778747435574],[128.46793046187207,34.70823778317677]]],[[[128.51995878118132,34.7295036386228],[128.52290462020235,34.73303183189489],[128.52669013990584,34.73323912773132],[128.52963321828844,34.735196914047634],[128.53639088075144,34.73335066606309],[128.5375516189113,34.732126506540105],[128.53543446535244,34.72892775167505],[128.5296375517379,34.72704838164201],[128.52159010138504,34.72727640754972],[128.51995878118132,34.7295036386228]]],[[[128.50441924337738,34.732087486587595],[128.50207607663242,34.738100025191635],[128.499041111155,34.73528539742622],[128.4966839304031,34.731503101818504],[128.49545103661623,34.731437528509055],[128.48769298498854,34.734286398495634],[128.48604218816664,34.73645990314759],[128.48081104649967,34.73958843209039],[128.46998948970048,34.7396835953276],[128.46699997271872,34.73903734877357],[128.46627082832612,34.74246696048332],[128.47032549587678,34.743880841865035],[128.4754817827681,34.746729042444066],[128.48511592516186,34.74526464770061],[128.48887980414514,34.74845141598975],[128.4941875837329,34.7503820215658],[128.49701534954693,34.74873289215654],[128.49865004045063,34.74552530352647],[128.50184310422685,34.740003873282916],[128.50612617503188,34.74027453848624],[128.51459717223068,34.736830092695264],[128.51434713506237,34.734296999503655],[128.50889229300245,34.732037394839054],[128.50441924337738,34.732087486587595]]],[[[128.52999043281318,34.75832850539888],[128.53804121236823,34.75687535715249],[128.54084852324297,34.758535704469224],[128.5418876896415,34.76075335808524],[128.54781985061496,34.76147228939725],[128.55324194960076,34.760099337156284],[128.5587061877234,34.75997501547514],[128.56076417281156,34.75765649850096],[128.5594476964634,34.75530402197952],[128.5539299722223,34.75476553235045],[128.55395288236724,34.75318158608161],[128.56080579120322,34.75121421104574],[128.55899416567385,34.74910519111607],[128.55216297291673,34.74791132455756],[128.54772711528668,34.74884315462238],[128.5454767798527,34.750354207634544],[128.54069317469293,34.75166308284976],[128.5385827651781,34.753778399189294],[128.53048832870115,34.75583310536311],[128.5246578909105,34.75469191714076],[128.51638056274373,34.75859469062109],[128.51094842681908,34.75874953583125],[128.50923661424906,34.76486578388025],[128.51314711630525,34.766675481025175],[128.51736455426382,34.76600173485524],[128.52283018402815,34.76635104945329],[128.52851342896042,34.764699318144494],[128.53116087136752,34.76555043486961],[128.5344315628196,34.76417210371656],[128.53004733048743,34.76169839449813],[128.52999043281318,34.75832850539888]]],[[[128.46064587431826,34.77950331898345],[128.4637702433307,34.77907136100598],[128.46142004318565,34.77529836248053],[128.46016897461433,34.775887133856024],[128.46064587431826,34.77950331898345]]],[[[128.4850861790734,34.81361950289634],[128.4895468104828,34.81229700029325],[128.48517192539353,34.80736895539766],[128.4915616621534,34.80211041372264],[128.49225033938782,34.79966889780188],[128.48979874664172,34.7957439099725],[128.49128310019424,34.792736845146294],[128.49332648727744,34.78620296713266],[128.49344652173826,34.782699339518196],[128.49751075836045,34.78183430409127],[128.49940324778802,34.783199784424085],[128.50484761126287,34.78452145397471],[128.50507699926467,34.78101648088083],[128.51094060289674,34.778913276310085],[128.51010619406267,34.77634345548748],[128.51061438266137,34.77055536404694],[128.50862218311133,34.766646183950705],[128.50403820124717,34.76636467069553],[128.5011033102936,34.76493332726021],[128.49484510401567,34.76042899442154],[128.49172742780078,34.75740340359187],[128.48723018882959,34.75704058955159],[128.48426592873236,34.7579149209036],[128.48095964799205,34.76136190851491],[128.47856369344385,34.76215672885764],[128.47568503744088,34.759307340879715],[128.46948967637726,34.76269569835813],[128.47119394495502,34.768128118931536],[128.47330096139504,34.771026534165344],[128.47290994865764,34.775595147884495],[128.47053695570347,34.77741292693504],[128.4687886533217,34.78285482034047],[128.4647634373688,34.781665831815964],[128.46327001869633,34.78415258597171],[128.45977698389956,34.78607303996298],[128.46284743797509,34.79101975554893],[128.46139655079787,34.79390529839542],[128.46341011905537,34.79799601576735],[128.46079760377933,34.805644405454494],[128.46252384952584,34.805895418730536],[128.4652551701335,34.80290386481893],[128.4685893885704,34.80087111112246],[128.4660486919808,34.79391870363516],[128.47280508110464,34.79691668008934],[128.4728894649956,34.80372642457182],[128.47649489690025,34.80458848236015],[128.48221108096556,34.7997489088308],[128.48242911573743,34.79760269572538],[128.4855544822577,34.79825901502829],[128.4831558441654,34.8013677170071],[128.47936093309042,34.80425180295458],[128.47840435704458,34.806074879757155],[128.46994382251958,34.80412429949637],[128.4681037212033,34.80571642365459],[128.46689649556677,34.81057043355326],[128.46412818947343,34.81147926692457],[128.468231121218,34.81765810707043],[128.46995977307296,34.81802974116471],[128.4780166294653,34.81575847576139],[128.4836272148255,34.81807533107701],[128.48376927852186,34.81577909826382],[128.48046333285683,34.8153060819772],[128.47839963471296,34.81258379747391],[128.4794629217635,34.80852530077201],[128.4823968970135,34.808700956178036],[128.48307791932825,34.81195327477372],[128.4850861790734,34.81361950289634]]],[[[128.51934483998247,34.798222783849035],[128.51886845044322,34.7962583706881],[128.520300459393,34.79201466437094],[128.51606044683308,34.7923526728357],[128.51274841625965,34.79356049166347],[128.51065065462822,34.795816128568724],[128.51333627369212,34.79819387566738],[128.51589640509366,34.79886202378646],[128.51934483998247,34.798222783849035]]],[[[128.49767355733215,34.79004846356581],[128.49476262906566,34.79143247293095],[128.49499020142093,34.79474851208189],[128.497919884496,34.796717627012654],[128.49806445491402,34.80239568044852],[128.50040358551013,34.804164572382305],[128.5027133097481,34.80199270550429],[128.5099991180925,34.80128031998844],[128.50769929606997,34.79937285453807],[128.50441685074352,34.7895403250325],[128.50130328789223,34.788991032512676],[128.50084641217256,34.79155490307342],[128.49767355733215,34.79004846356581]]],[[[128.49540452119555,34.81346548744684],[128.4992211878305,34.81100625500576],[128.495068129907,34.80916564182642],[128.49122634134923,34.81198184962752],[128.49540452119555,34.81346548744684]]],[[[128.46616815816185,34.86784080942734],[128.46912743722805,34.86497885632108],[128.46809163850503,34.86371827652702],[128.46570122321705,34.86437788148691],[128.46616815816185,34.86784080942734]]],[[[128.4710553500794,34.90449515968883],[128.46613987930675,34.90576138652796],[128.46381954783686,34.91078757874887],[128.46574681615934,34.91587234306663],[128.46814560903331,34.917868195547385],[128.46545416175687,34.921230942946494],[128.471115498609,34.92052924414599],[128.47478937945698,34.91800718716714],[128.47230951813023,34.91751633745482],[128.47259358419393,34.91489304318256],[128.4751859132398,34.91143295384486],[128.4795812938127,34.909187906372715],[128.47648650298888,34.9046288374058],[128.4710553500794,34.90449515968883]]],[[[128.48856040848398,34.9406231227266],[128.489920498593,34.935218542302074],[128.49168366486035,34.93112073782688],[128.49027444069867,34.92943189135183],[128.48712737171334,34.92893746610021],[128.48507957538433,34.93038418292644],[128.484202021336,34.933632236895335],[128.48652507754855,34.935805423198914],[128.48856040848398,34.9406231227266]]],[[[128.48693315258436,34.96719891018421],[128.48720210920231,34.96442747439439],[128.4851375341853,34.96024602623312],[128.48561032203634,34.95791013102886],[128.4889874232159,34.95571026323555],[128.49051918830463,34.95373348000291],[128.48439141186546,34.95431458172676],[128.48367262087706,34.95625252790154],[128.48431525764562,34.96057647651785],[128.48197556360736,34.96358830430666],[128.48303429303252,34.96577194762221],[128.48693315258436,34.96719891018421]]]]}},{"type":"Feature","properties":{"regionCode":"48240","name":"사천시","parentCode":"48"},"geometry":{"type":"MultiPolygon","coordinates":[[[[128.03065480956394,34.93859744342573],[128.03362158250775,34.93610559693877],[128.03318825218477,34.93414714679248],[128.03127724686544,34.933883066489415],[128.02795865247688,34.93548084504854],[128.0277106188886,34.93744506638655],[128.03065480956394,34.93859744342573]]],[[[128.06890983518068,34.925713058995086],[128.06512124666315,34.92615009181685],[128.0624275204916,34.92779440421805],[128.05500417160127,34.92853371093227],[128.05334406657903,34.929630864265384],[128.04752128613234,34.9260016822272],[128.04148234890707,34.9231241071262],[128.04030114926857,34.920658808835434],[128.03744712335063,34.918826610619455],[128.03564376606104,34.91964283914211],[128.0327870142933,34.92465435202556],[128.03644844111912,34.927359458215385],[128.03804160025473,34.92388758703684],[128.04094893490304,34.923398300357405],[128.04183114589657,34.92622139009946],[128.0444556086361,34.92736379493665],[128.04803973800108,34.926554928173715],[128.05244451115502,34.93073716443463],[128.0505333368394,34.932705572528064],[128.0454922795802,34.935908094500306],[128.0395404102593,34.941634180277056],[128.03784431979017,34.94228398382317],[128.03843376964613,34.94664059448737],[128.03593289943996,34.949629085104675],[128.03382422568777,34.95063882704815],[128.02969678093936,34.95637673289285],[128.02965246978565,34.9586185373613],[128.03271870906835,34.95843415529108],[128.04001927746162,34.96354590114092],[128.04197648738796,34.9657912959108],[128.04562474110108,34.96719612322634],[128.0495689335221,34.97201142181802],[128.04972362871186,34.97429019828885],[128.05226227879044,34.97747997849271],[128.04538742898,34.98028016205126],[128.04359818497556,34.98330389572815],[128.04429537976694,34.985538806401614],[128.04248076477342,34.98883786839475],[128.03994755649583,34.990153084020776],[128.03867141467083,34.99271085723762],[128.0383684986361,34.99671010197561],[128.03956872321982,35.00300614921224],[128.0432037360019,35.00733245696043],[128.04894021629542,35.01150155473593],[128.0497550518537,35.01613448804166],[128.04462588181602,35.024219361908266],[128.04338621851676,35.02458557173383],[128.0366900383263,35.018717131061564],[128.03452463032784,35.02317841891539],[128.03766697043258,35.027798796192776],[128.04218253257153,35.03181483181486],[128.0403326241036,35.033392793592334],[128.0383692738633,35.03795591153419],[128.03944773081085,35.04382484936482],[128.04150361901898,35.047018055803925],[128.03850193903517,35.04871365697811],[128.03915481169034,35.05599722559143],[128.0427819885394,35.06379614228062],[128.0454084399737,35.067446799207474],[128.05846388383952,35.07678310911564],[128.05599342061143,35.08037022262166],[128.05875845240195,35.084426949557546],[128.05647263050386,35.08733385704101],[128.0543564782386,35.0856230568953],[128.052422365352,35.079541514562955],[128.04232796135958,35.07397128152015],[128.04087933192542,35.071165377434895],[128.03609971230492,35.06851395817345],[128.03270889910326,35.06844999769171],[128.03491483149384,35.06416071210097],[128.03500440813548,35.062303204943966],[128.0288639666758,35.059198887170595],[128.02643463641613,35.054670411695156],[128.0272896440942,35.05076401410567],[128.03134235008537,35.0496156075154],[128.02768362342619,35.043680465542764],[128.0260562032803,35.03341375727149],[128.0228453679902,35.02954165853491],[128.01921074152818,35.02790110088932],[128.01480864051103,35.02812363091243],[128.00873645045735,35.03030945206341],[128.00314510592727,35.034904802506645],[128.00248216808518,35.036117159509644],[128.0022169072456,35.04215383824975],[127.9946906298014,35.04565067947365],[127.99050221273744,35.044942195125614],[127.98530840174294,35.04517010559369],[127.98241454840404,35.03934472975043],[127.98180766447474,35.03582177303988],[127.97708305394556,35.03365236524714],[127.97714216024825,35.031485081626485],[127.98579741970414,35.03245065629909],[127.98740865093013,35.03548651859578],[127.98751940293268,35.03887972116322],[127.99127038118336,35.039395671137406],[127.99708934130234,35.03727710375673],[127.99597332769808,35.03182119003875],[128.00113868732092,35.02780938282188],[128.00537056178175,35.02594040111625],[128.00916983680636,35.02250944027842],[128.01015293239732,35.016827037118986],[128.00836904302545,35.013417872163814],[128.01318064208704,35.01128157819936],[128.0189255360507,35.01007215080029],[128.02018528642733,35.003912064050176],[128.01719465837616,34.99802441446035],[128.01538336735615,34.99222957949309],[128.01379888561925,34.99065433584922],[128.01180164611273,34.99401231266334],[128.00895625240537,34.99652541403573],[128.0074666831893,34.99492982194891],[128.00960155719113,34.992601709997494],[128.00833669792738,34.991232334094455],[128.00963133718523,34.98485139996464],[128.0081444384203,34.98232525437052],[128.00355211119896,34.98324133285836],[128.00579511420008,34.9852412869106],[128.00361540232103,34.9875240846879],[128.0009637961489,34.98385108718512],[127.99943587037818,34.984775969770176],[128.0014857612043,34.990285425239676],[128.0001658850819,34.99511715620401],[127.99738912802032,34.99599022821675],[127.99353705001154,34.99166547677605],[127.99423021936795,34.98705380707269],[127.9893276599959,34.98919213219293],[127.9877991537069,34.98546405417059],[127.99182379255289,34.982288408919906],[127.98830713429258,34.976950365389825],[127.98638545573726,34.9785739071829],[127.98276468101018,34.977713729087164],[127.97848430152075,34.980618161052256],[127.97378129539541,34.98469380106233],[127.97243289206621,34.987863294139714],[127.97416311734534,34.99019401626595],[127.97202733566829,34.99376055542119],[127.96552904680948,34.99342156744635],[127.96243107401868,34.992632036167464],[127.9610708444842,34.98805130379572],[127.95718374997503,34.98407662867161],[127.95277175719829,34.986032532570285],[127.94897672205543,34.98313147498706],[127.94860086577008,34.97868625795887],[127.95282330199814,34.97748094784265],[127.95283916976543,34.975429314942986],[127.9477858624692,34.9766736500784],[127.93919802392338,34.980452549613446],[127.93480289826455,34.98182155157314],[127.93673433675437,34.98454202450871],[127.9430200835168,34.98367936614569],[127.9382913444292,34.989141012366225],[127.93528518574826,34.98594034047962],[127.93357681150715,34.985432454688336],[127.93338944579386,34.98986257255455],[127.93172040091568,34.992838674355575],[127.93369715769482,34.99604734325926],[127.93659256965744,34.99644838373042],[127.93644007902432,34.9934862607531],[127.93968062752671,34.99290768440558],[127.9381472494389,34.99734819365514],[127.94275389473431,34.998471762120246],[127.94008702763183,35.00422362441313],[127.93639782838387,35.003698517690204],[127.93238544742326,35.00610649533492],[127.92983856156022,35.00923904559828],[127.9284917591082,35.01273366443746],[127.92255140080528,35.01403806234827],[127.92225883251956,35.01503510208271],[127.92434664911663,35.030174830012726],[127.9230143685219,35.03366607845041],[127.92483443833548,35.03603482918368],[127.92331607777264,35.0380500391644],[127.92368980210914,35.0418758822767],[127.93083321031479,35.046745116256936],[127.92903483588188,35.05068321903503],[127.92526020571864,35.05354440478211],[127.92225265601127,35.06208534939591],[127.91446099400045,35.06470069091492],[127.91196227174316,35.073738242905414],[127.90837683207182,35.074649055992836],[127.90702800654549,35.078085790954525],[127.90326032023226,35.07972625861125],[127.89841645262494,35.07908528194636],[127.8955347524403,35.079783903203285],[127.8940225594278,35.083481401126036],[127.89162106640002,35.086421795102204],[127.90012989402422,35.08768641543459],[127.90174248120385,35.08748982895088],[127.9027083435825,35.089726881107346],[127.90233287837498,35.09438658915124],[127.90476973242835,35.0960831432723],[127.90957429394018,35.09748912610476],[127.902453476247,35.103192902283524],[127.89941483046108,35.10717088154728],[127.89979867525302,35.10974005721591],[127.9043374891927,35.11278495420003],[127.90984233396635,35.1152378912394],[127.91106428044492,35.11850219775425],[127.91034499258228,35.11992998134016],[127.90262365036308,35.12511215977625],[127.89604045368023,35.12601826347624],[127.88975880616124,35.130682377257784],[127.88598332204359,35.130281322782956],[127.88098371795786,35.13955355496693],[127.88148744223052,35.142277776818446],[127.8794217230675,35.14488540927268],[127.88009406161765,35.147909148685436],[127.88567892317907,35.14734620779757],[127.8885229684266,35.151051668031464],[127.89263338218502,35.15261998993808],[127.89656861602965,35.15283892065669],[127.89594296569278,35.15623674532106],[127.89873112081497,35.15667958004882],[127.90229535646473,35.15485455029995],[127.90965324322178,35.148447583349146],[127.91446393962977,35.14994736373063],[127.92140958448492,35.150149287514935],[127.92727578367587,35.14767997362845],[127.92978833107686,35.144693716395736],[127.93177177609695,35.14662199090892],[127.93164772608077,35.149430887820124],[127.93693584377273,35.15187565605141],[127.94240040095865,35.155590455188324],[127.95008790103871,35.15444471298328],[127.95695616750885,35.15748880758807],[127.96059017193836,35.15783029211036],[127.96482952448437,35.15719263521124],[127.96607563130353,35.15422105342267],[127.97128595408057,35.1534585172474],[127.97262007708274,35.15592238654826],[127.97453507008893,35.15734889301962],[127.9799628270606,35.15888343434763],[127.9837318891019,35.15663167919036],[127.98812389945505,35.156868775328384],[127.9939785047252,35.156124799632885],[128.00164089579124,35.14859388781847],[128.00100649760782,35.14557654786546],[127.9975634852322,35.14360039584876],[128.00056077455105,35.141261443588476],[128.0031264154713,35.133637259477396],[128.0026652517942,35.1280619474859],[128.00110354137283,35.124584117423694],[128.0012397409455,35.11737125940948],[128.00466316348957,35.11376572047869],[128.01087512715353,35.111602433858586],[128.01936448442765,35.11231443873274],[128.0222045304597,35.1141464503262],[128.02282932156405,35.117336516770585],[128.02476284850644,35.119216313015606],[128.02458178504216,35.121215668698056],[128.02800279022654,35.12282643446843],[128.03156402709695,35.12118836007699],[128.036734770785,35.12018663449012],[128.04395360240773,35.12084810589289],[128.04897796264584,35.12477427062963],[128.04760899566367,35.127681170521846],[128.05019005244085,35.131306986702036],[128.05449960147985,35.130046118104374],[128.0605655407622,35.128081119556484],[128.0675930815254,35.12913468047125],[128.07086752126582,35.12836950438525],[128.07576596611707,35.123198913557964],[128.08385083271298,35.12015749764581],[128.08679206390372,35.12018557749368],[128.0911576685934,35.11586334290555],[128.09149410045887,35.1100403577402],[128.0895135279614,35.104719371497296],[128.09106829112235,35.101046356393454],[128.0978743222762,35.10646853999622],[128.10624639475657,35.10602130047416],[128.1082244624502,35.105323687239036],[128.1109077090995,35.10646150461418],[128.12155223867134,35.11465116160592],[128.12854363398424,35.114795444776156],[128.13391125772344,35.11702364550703],[128.138571729557,35.1152998616609],[128.14183521682705,35.11623627790859],[128.14623375192173,35.115235550833276],[128.15412756995113,35.110437788750055],[128.15761166196546,35.1040681563706],[128.15791307213178,35.10131966067327],[128.16010205027126,35.10044498196945],[128.16309174685892,35.101547297968395],[128.1665809806278,35.09688309612951],[128.1698887905716,35.09715287632924],[128.17302025099056,35.09480229184258],[128.16855605641047,35.08869166431164],[128.1686752641129,35.08363032010986],[128.16208433131413,35.07964399170394],[128.15755644225158,35.08103891669691],[128.15283490050757,35.08063958761273],[128.14843312009313,35.07709151943576],[128.1489211997658,35.075154136503095],[128.1524847596985,35.07406083192503],[128.15674218825336,35.06588975743741],[128.16292914261385,35.06609106471891],[128.16515795032055,35.063711404162596],[128.16770452573195,35.05906253560474],[128.17165933494812,35.05469319567104],[128.17270217222472,35.051938541134255],[128.1790548057316,35.05355955982989],[128.18455711539733,35.05029847031807],[128.18293749312073,35.04829991357272],[128.18128059904427,35.0399020948848],[128.17762103959254,35.03662229509837],[128.17258507029987,35.0311148626333],[128.16510055052714,35.02985653930605],[128.16263700041497,35.027390769146095],[128.16121170928318,35.022426695191655],[128.1605219012982,35.01655750549795],[128.15780155808613,35.006918783266755],[128.15812213878579,35.0057833230765],[128.1646921915779,34.99716666655526],[128.16615177218344,34.9942677530867],[128.16718446685903,34.98985079837061],[128.17052732056905,34.98606289608756],[128.1700222042493,34.98445223071159],[128.1662716410562,34.98326107542817],[128.16339546849713,34.98566295160043],[128.16008067709416,34.986265309312586],[128.15608301226803,34.98974081084126],[128.14820867049082,34.99131099948308],[128.1437410573987,34.989552884706015],[128.13933623702758,34.98367450764358],[128.13352004623513,34.97915141908107],[128.1348104757074,34.97061162741937],[128.13528528896867,34.96758636739518],[128.13428975534367,34.96357309816193],[128.13167884822607,34.95815265239597],[128.12642913510476,34.95179059612783],[128.12317103385595,34.94901211623913],[128.12412226434793,34.943431694501314],[128.1226685390788,34.93887052786755],[128.11432953006613,34.9337423539235],[128.1162528828131,34.92630930506594],[128.11940073016197,34.92188828324793],[128.11844941781524,34.92150230130088],[128.1129150901625,34.92386095693393],[128.11089887718722,34.92416588750873],[128.10787575274392,34.92235183842416],[128.10352119322667,34.92246310705343],[128.1023744213275,34.924660208844614],[128.09797234600214,34.92448490627998],[128.09573167839395,34.92633333418281],[128.09352722313827,34.92434572213457],[128.09239941498302,34.921416334491575],[128.0893122589798,34.918540372548755],[128.08547296594648,34.91807281014828],[128.08780045360706,34.92611773338843],[128.08613039479846,34.9267189927137],[128.0780329699315,34.92678280384745],[128.07648447323572,34.9234124772779],[128.07173225234877,34.92361095727913],[128.07185361967143,34.926012858897224],[128.07198457846093,34.92715911262562],[128.06890983518068,34.925713058995086]]],[[[127.96668663004779,34.96456568955768],[127.9634235727588,34.961094213998884],[127.96073712099265,34.96169183895097],[127.9608128565515,34.963698421838394],[127.96283550367515,34.96599796286541],[127.96668663004779,34.96456568955768]]],[[[127.98151993791105,34.96907048685821],[127.98394365212785,34.96907614871642],[127.985695056128,34.96688009103601],[127.98827278857682,34.968598260225],[127.98684773523756,34.9713724874272],[127.98751979884052,34.97329076065482],[127.99137016320292,34.97055985135972],[127.99528440241798,34.97044386386455],[127.99428385893484,34.968108152599626],[127.9905779747148,34.96574216006139],[127.98407778262654,34.965843993905985],[127.9819278621214,34.963478121998435],[127.97263235731283,34.96601640629259],[127.96412186241008,34.97098967664923],[127.96462155754284,34.97426246341316],[127.96234871059016,34.98036568562472],[127.96499653543718,34.98212720495311],[127.96848703582992,34.98195106919819],[127.97359495401905,34.98032293114944],[127.97708441320711,34.97521059753333],[127.98034407455879,34.97266722130712],[127.98151993791105,34.96907048685821]]],[[[127.99727903934894,34.973066731915026],[127.99384982790063,34.972859271408716],[127.99368988951709,34.9752163340228],[127.99598127041301,34.97789756124924],[127.99836443292214,34.97476135363375],[127.99727903934894,34.973066731915026]]],[[[127.96876226487534,34.98886767039377],[127.97059182087936,34.983853909159016],[127.96537990692156,34.983734134596155],[127.96488217362948,34.987595181223945],[127.96620109866464,34.99019441729809],[127.96876226487534,34.98886767039377]]],[[[128.0750948612286,34.885691045698],[128.07112221224807,34.88801864148657],[128.07063635133147,34.89081697292926],[128.07322781682166,34.89428734252034],[128.07233366394433,34.900070560350116],[128.07367315820989,34.9016255561971],[128.07204331433255,34.904499822818586],[128.07297838308085,34.90645165572663],[128.07164566496797,34.90890800309665],[128.0751619486156,34.91090857135826],[128.07678476199277,34.9085300291009],[128.08068808054546,34.907492436531996],[128.0790878402223,34.90492752344261],[128.07955944738737,34.90105464756961],[128.08447373146026,34.89750048586804],[128.08445398507183,34.89599618553983],[128.07668879155761,34.894488975886375],[128.0770715902515,34.890473625531],[128.0803555989129,34.88872511271013],[128.0750948612286,34.885691045698]]]]}},{"type":"Feature","properties":{"regionCode":"48250","name":"김해시","parentCode":"48"},"geometry":{"type":"MultiPolygon","coordinates":[[[[128.8760224038447,35.16565285489807],[128.87925755731314,35.16199323006961],[128.87791996245417,35.16040896004733],[128.87448355663278,35.159800008136614],[128.8739140301757,35.15716001379724],[128.87479492546953,35.15173458394757],[128.87045458723892,35.152096449059485],[128.8654529447669,35.15792088914184],[128.86611222841282,35.16683920888042],[128.8605449565759,35.167409693091734],[128.84666424832798,35.16528233986758],[128.84441181223067,35.16228600908679],[128.84335535111134,35.157986475901104],[128.83616143812304,35.15906546235401],[128.83405641563576,35.157351679411256],[128.83020104233427,35.15722812024588],[128.82801308053266,35.155757937371526],[128.8224694542267,35.15736884777804],[128.8158643088159,35.16037737884785],[128.8086300896849,35.15899446221812],[128.8059586526544,35.16049741031874],[128.8007395299092,35.157960289468804],[128.79705087937813,35.1587060118424],[128.79361802185085,35.15705431613537],[128.78592220135008,35.157415757439516],[128.77678217951032,35.159319966619755],[128.77144070637868,35.16350771644172],[128.76596038583713,35.16539396847335],[128.76279797154248,35.168389684556935],[128.75792983227058,35.16815343119417],[128.75540616520547,35.16612914770385],[128.74889863247043,35.16764156388386],[128.74633816048933,35.16664805606936],[128.74118822749702,35.167013617255144],[128.7419126660871,35.17303977049495],[128.74321895306215,35.17475453712203],[128.74453449952816,35.18450647916087],[128.74679308516883,35.18861990552813],[128.7475618490022,35.19211226210781],[128.75203238416535,35.19467832659828],[128.752347607548,35.19766805567324],[128.75144936117127,35.201232974234536],[128.74799074128728,35.20235192269866],[128.74426705309486,35.20588550105948],[128.73652915431612,35.20452033711493],[128.72975119060794,35.20600322064261],[128.72538918720062,35.21064507260014],[128.7228561342928,35.21737927327089],[128.72048335052463,35.22608076548277],[128.7233620163446,35.229670421657744],[128.72352927114363,35.23355899866802],[128.72355010810114,35.238022190321935],[128.72459748281267,35.24061598363618],[128.72165123068922,35.24443535937219],[128.71929860319105,35.24342556467192],[128.71706370310508,35.25135374406913],[128.7147013017167,35.25547746254968],[128.71125635240114,35.26327467642157],[128.71156715868878,35.269645101374536],[128.70615695043605,35.27827283674632],[128.7048467924763,35.2821800348731],[128.70574341875118,35.28668492085501],[128.70353112905872,35.291465756840815],[128.69955763028156,35.294413982006844],[128.69822680164438,35.299156935058996],[128.6943715836568,35.307139586823936],[128.69689466442986,35.31042223881251],[128.69953320249707,35.309621004849184],[128.70938221881661,35.30882446702515],[128.7167475772982,35.310016441086574],[128.71323279770317,35.31178812384888],[128.71148960693444,35.31531458325145],[128.7136559971661,35.31842777616745],[128.7136161218653,35.32269431299387],[128.71773790626946,35.325605601053056],[128.71970391518857,35.324803799888755],[128.72219498751784,35.32148908699542],[128.73302447025478,35.31569486324951],[128.73929103275586,35.317336492796954],[128.74229542280415,35.320398399673046],[128.7430544773516,35.32497265178596],[128.74155853601783,35.330072711086615],[128.74231342121104,35.33169663170294],[128.74711367311335,35.33260439004337],[128.7493391129488,35.3320749833327],[128.75016378281086,35.33970633939713],[128.75299958720848,35.33725162517974],[128.75330240520597,35.33450950036687],[128.75758155617547,35.33826908936846],[128.76218222637593,35.34738603034548],[128.77149696088858,35.34795809428734],[128.7781719123369,35.345765272005536],[128.78332207189865,35.34473993060638],[128.78889562207198,35.34622143485354],[128.79461596730218,35.3509806146315],[128.79775989032888,35.354609496667386],[128.79880721562387,35.35749097110112],[128.79783133823145,35.365168628800184],[128.79726324170667,35.36956603457877],[128.79968927854475,35.37254957434489],[128.8095014209906,35.37936487337472],[128.81367223956744,35.38101616436678],[128.82189988346323,35.381044644702975],[128.8338516917456,35.3837459760755],[128.8426508140164,35.38755116624842],[128.8469109476121,35.390541526271086],[128.85467835593465,35.39384040062789],[128.86141456821443,35.39511185368138],[128.8674410754233,35.393493873798434],[128.87158055126778,35.38759489899091],[128.87253967271997,35.3805204466555],[128.87388128389918,35.37645819290953],[128.87791830115768,35.370481816891555],[128.88376207377584,35.366696258078775],[128.89201035254243,35.36458597028187],[128.89921529694527,35.36480014823374],[128.90214963073095,35.36546318327777],[128.90729867679505,35.36507292311575],[128.91245466903834,35.363790170500025],[128.91864639410963,35.36111772419661],[128.925530614479,35.356035557261585],[128.9335040541898,35.34906525161983],[128.9408734275561,35.340252842150775],[128.9456909064989,35.33769158013145],[128.9541450148485,35.335524025613175],[128.96171770167143,35.332826241364195],[128.96616642835556,35.33066989063936],[128.96930184799874,35.327740610979006],[128.9726569827134,35.315781486411076],[128.9735210533438,35.312336209300234],[128.97448177011483,35.3097223867578],[128.98141176829637,35.29869391428759],[128.98363658425214,35.2959572563594],[128.98835191062832,35.29263835606837],[128.99967198511118,35.28814818751511],[129.00754702922976,35.28209358036901],[129.0100210368415,35.2787486710625],[129.01261090197096,35.27327798527839],[129.01286854671827,35.269627361509954],[129.01165444000603,35.2638855803807],[129.00993501480536,35.25899809054606],[129.00146276156926,35.24212206595893],[128.99760664208236,35.23438729442228],[128.9807378398255,35.2285272103907],[128.97056832668653,35.22726168237944],[128.95947931357304,35.225078072812025],[128.95246363516443,35.22431789183465],[128.94711852156163,35.22668441122553],[128.9448320866592,35.22792179440606],[128.9368552523918,35.22492818898322],[128.93285834573106,35.22214090600416],[128.92348871431918,35.21605396989044],[128.91663323994115,35.21696396515944],[128.91238816085257,35.22256299901472],[128.90953104141997,35.22308536415739],[128.90504598342622,35.22007429742726],[128.91022909536053,35.21501883745479],[128.90494283864686,35.21534462699782],[128.89720374560264,35.213263401791984],[128.88912017823364,35.21478451500707],[128.88642199605752,35.214633001464875],[128.88381426237825,35.212073772968346],[128.87964428595015,35.2101564791077],[128.87543301164746,35.20588594987279],[128.87038897776137,35.20171224662656],[128.87619059757614,35.19290817964182],[128.8764977788261,35.18741360477916],[128.8815648181799,35.18293809868363],[128.8800161980001,35.17887018106326],[128.88019930669716,35.17203049299251],[128.87361689499855,35.17436394381475],[128.8723536579352,35.172274289032615],[128.87577172430488,35.170508609094654],[128.8760224038447,35.16565285489807]]]]}},{"type":"Feature","properties":{"regionCode":"48270","name":"밀양시","parentCode":"48"},"geometry":{"type":"MultiPolygon","coordinates":[[[[128.77149696088858,35.34795809428734],[128.76218222637593,35.34738603034548],[128.7461458568816,35.347807747463335],[128.73850244608246,35.34763108057721],[128.7340820076799,35.34890822247039],[128.72402565230408,35.3565515847434],[128.7160548082107,35.36384243160845],[128.71136365521394,35.367351799976575],[128.70070288859748,35.37375016792868],[128.69633091334282,35.37588403360201],[128.6911564553793,35.37852983572373],[128.68289330847486,35.37996525290576],[128.67208500042096,35.37986263317896],[128.66872163476563,35.3786123374518],[128.66396956207214,35.37716749647247],[128.66060658804523,35.37471998033738],[128.65617436739964,35.37262987497417],[128.64961717558077,35.37654680285837],[128.6475761974447,35.37941453800208],[128.65160759824866,35.38256813747556],[128.6498367869435,35.38516500999329],[128.6390860094911,35.384250836977166],[128.63866848969954,35.38652649838427],[128.6446225775362,35.38862010418541],[128.64370198487515,35.391745198405694],[128.64706277937177,35.396481644020895],[128.6481369118015,35.40060315534731],[128.64582400281546,35.41269863609051],[128.64710924308986,35.416004578670275],[128.6503313901537,35.42084501272537],[128.65106793412272,35.42552322941289],[128.6446707984171,35.43275061161388],[128.63614047273626,35.43476781334768],[128.63442705646742,35.436871613267044],[128.63353950099648,35.44458657992295],[128.63099548539287,35.4490874983591],[128.62602345891477,35.451714080711994],[128.62320336495102,35.451593086852476],[128.61757169047766,35.449121415464504],[128.61502530397402,35.44593248580397],[128.60823475053715,35.44799172548343],[128.6061302900979,35.45019752924499],[128.59524611422592,35.453026100629906],[128.58898855101975,35.452330471691056],[128.5830030645709,35.453822918640775],[128.57809817849736,35.45911181464471],[128.5772171855438,35.460309797607664],[128.57935024529482,35.4659924827158],[128.57730841978903,35.47034543743677],[128.573703826721,35.47230555151595],[128.5727573709653,35.47804931971817],[128.57324129830246,35.47919575426347],[128.57165269966606,35.48569825930567],[128.57331647841355,35.48856987487395],[128.5710705169822,35.49228743088491],[128.57467171316472,35.50189567834404],[128.5775583154547,35.505743484326466],[128.58220901481891,35.50453098837082],[128.5858533176529,35.50506131285553],[128.58671348097897,35.507401874911565],[128.58915967895808,35.509356779470906],[128.59157907989024,35.516901438617126],[128.5849015403518,35.520876733779694],[128.5824116764151,35.52426751689064],[128.58228969676634,35.526991781199364],[128.58373464766035,35.529230644876584],[128.5819318774331,35.53492280600885],[128.57713688203924,35.53703887592223],[128.58018515647788,35.53885093962153],[128.58589259737903,35.53891254809333],[128.59123146763432,35.53677936757383],[128.59373583469696,35.54048640680243],[128.5875311525933,35.54772189989399],[128.5877418683744,35.54923182724743],[128.58560536195972,35.553862966860194],[128.58649442279562,35.55632232016527],[128.58879859596868,35.55741248678871],[128.5895972785535,35.56107047284677],[128.5885319124803,35.563862629696025],[128.58399965564192,35.567008904605295],[128.58639475702267,35.57314998689394],[128.5853006495774,35.57978092080046],[128.58861160256873,35.58230219510313],[128.59343594762274,35.58432803156002],[128.593696573664,35.58449502028397],[128.60115637481445,35.580831429442746],[128.6068487191421,35.58042434941135],[128.61393309532775,35.582213033686905],[128.61759155840696,35.584373572728914],[128.62661961802286,35.5848397411331],[128.63109184965947,35.58665757687554],[128.6358866473724,35.5840674059518],[128.6370745188539,35.58615441908944],[128.6436258680898,35.5923499207531],[128.65479143330043,35.59694197231098],[128.65802843883378,35.59774051035036],[128.66350843695216,35.59458887226927],[128.67055681159238,35.594532895593005],[128.67245630696482,35.59585288668937],[128.67936221745853,35.59519124663476],[128.6877921611051,35.5951121809467],[128.69127571340337,35.59442062730833],[128.69331726367201,35.590467233179936],[128.69547481129118,35.58398535960699],[128.69740989205525,35.582122969399656],[128.70326846285028,35.5785263222399],[128.71245446107568,35.5795520209819],[128.71521316889564,35.57824632653832],[128.7207322137524,35.58065501641828],[128.7251096338181,35.580568774434454],[128.72760877809722,35.5780347401563],[128.7310818356308,35.57620701903657],[128.73588320680594,35.5766170541634],[128.74644829851928,35.572506268045856],[128.7483429075254,35.5708068272497],[128.7539395041836,35.57018258796263],[128.75593000615433,35.56818886218534],[128.7606211610428,35.567932436745075],[128.76386199803542,35.569005182434296],[128.76634623053428,35.56824082882593],[128.76808548060032,35.570508156663955],[128.77206401831003,35.56879708601939],[128.77605974260712,35.568468907282885],[128.78462281290732,35.565979009311256],[128.78675276491242,35.566090259606234],[128.79613296833764,35.57353226283128],[128.79761153461183,35.5757606840793],[128.79867322161874,35.581377785778415],[128.80047092103848,35.58539567328353],[128.80216449110554,35.58845214828763],[128.80631950822863,35.58824416985884],[128.81099331828258,35.58934235956827],[128.8150661206641,35.59158529045556],[128.8213452870503,35.59359371292581],[128.82356802232673,35.5963179154591],[128.833470150563,35.59738627577224],[128.84301208735312,35.58908400857373],[128.84634159564393,35.59055535507148],[128.85345028671813,35.59638706361766],[128.8545873484151,35.59999947927264],[128.85911407618983,35.606665506514055],[128.86189043028315,35.607270003151406],[128.86556875781324,35.61079148121817],[128.86764634701572,35.61596078630538],[128.8709933846881,35.618072205243294],[128.8723592293767,35.621082169783854],[128.87343818144328,35.629693016860784],[128.8729241231786,35.63276502488679],[128.87472291074045,35.634903430781534],[128.87918940476743,35.63586809453108],[128.88256735716294,35.63471908671486],[128.88267473037627,35.63266481790237],[128.88555062296956,35.629837576079886],[128.89174740042915,35.6302603201448],[128.89956483558873,35.632187277604366],[128.90740834065136,35.63508164696104],[128.91176162111017,35.63791347536519],[128.91325135633036,35.640282048899984],[128.914937300231,35.64541162295966],[128.9193151041045,35.645666373117294],[128.92309693656205,35.64684962623178],[128.92307744758477,35.637854703321615],[128.92430383988338,35.63684204050292],[128.93097958066758,35.63431838822873],[128.94094601733812,35.633071122271275],[128.94906821152915,35.62868197630427],[128.95527158896132,35.62210893002072],[128.9602850518269,35.619284845629046],[128.9600222033411,35.61526744660483],[128.9625089606114,35.614350857308786],[128.97209478778626,35.613837235742366],[128.9817570672503,35.607568667216526],[128.9856541034807,35.6078595552017],[128.99011113477678,35.61141364540538],[128.9927977565547,35.612466665641904],[128.99965534779494,35.61660587064066],[129.0033462950447,35.6201417657111],[129.00752468925526,35.615887911898994],[129.01260290446376,35.61552926891784],[129.01554276132893,35.61650269866815],[129.02096688855514,35.614999502932704],[129.0218649488806,35.613923923382586],[129.02345830127894,35.60354197249562],[129.02602749672357,35.600690274699346],[129.02441570480758,35.596719818214844],[129.02359233599051,35.59171411159469],[129.02116072875748,35.588739853796085],[129.02018044416465,35.584973824211545],[129.01129018095833,35.58116717479541],[129.00624150690314,35.5780367590936],[128.99545036193126,35.56894992087982],[128.98959795969301,35.5676970481441],[128.98657583161372,35.56569790921023],[128.97781166466942,35.56396782805421],[128.9709031054137,35.56063916012274],[128.97314149499576,35.55543336096429],[128.97364753026324,35.55223198706079],[128.97678510200018,35.55126387193854],[128.9809354007961,35.54661170561411],[128.98826052663844,35.54704003871816],[128.99304456944296,35.5479407716301],[128.99761869874197,35.542198741776005],[128.9980952456437,35.53926985264669],[128.9964888990275,35.53743822800456],[128.99440407768046,35.53081321509684],[128.99449906539172,35.528989458283654],[128.99300009742814,35.52812573524026],[128.98933197382254,35.52315529045643],[128.98843713051804,35.52080856515512],[128.98911734723447,35.516509704774094],[128.9864016659206,35.51552300464107],[128.98029767170166,35.51125343194153],[128.9777317492385,35.50799502024219],[128.96954607559783,35.50829705814163],[128.96136729759152,35.50994930414241],[128.9556961610301,35.505425903834954],[128.95316819120967,35.50035834511117],[128.95911244928956,35.49791368565877],[128.95959642815697,35.49589941351725],[128.9651468007231,35.49270705654904],[128.9672039207363,35.490687866767914],[128.96280860863462,35.485822938251644],[128.9651715141888,35.48107702550153],[128.96426326540302,35.47804776858529],[128.96742145663248,35.4753170475608],[128.96832929691587,35.472593351093394],[128.96757928837678,35.462814537932616],[128.96556637167194,35.460626559604506],[128.9627160792868,35.459378911132866],[128.95461878465855,35.45726440318781],[128.95000600309035,35.454568646093726],[128.94317717791404,35.456581790412244],[128.9388164391396,35.45561238942777],[128.93827513915613,35.45450438779185],[128.9337243513462,35.4528913725835],[128.9280340060896,35.45364168443558],[128.91893325305568,35.45178688632433],[128.9168048342888,35.448957076519],[128.91005280554262,35.44481646611228],[128.90916369480695,35.44069628823877],[128.90672203089935,35.43956518942064],[128.90722621482834,35.436089641824026],[128.91017843740238,35.434485470495936],[128.91379527370185,35.43061668653627],[128.91608594974943,35.429888517732934],[128.92183343013065,35.42612459199429],[128.92365924301004,35.42133384875242],[128.9204035296295,35.418941060747926],[128.91357713689132,35.41557544902144],[128.90652429848737,35.41771842183053],[128.9034203649629,35.42004864563522],[128.89120602201766,35.4141023024213],[128.892485042496,35.41115195545423],[128.89084154942262,35.40447492958938],[128.88734549047712,35.403770330857625],[128.87864061357834,35.39703606987604],[128.8795593328953,35.395322112510165],[128.8806600332525,35.386651107923065],[128.87631005820919,35.38542907931807],[128.87253967271997,35.3805204466555],[128.87158055126778,35.38759489899091],[128.8674410754233,35.393493873798434],[128.86141456821443,35.39511185368138],[128.85467835593465,35.39384040062789],[128.8469109476121,35.390541526271086],[128.8426508140164,35.38755116624842],[128.8338516917456,35.3837459760755],[128.82189988346323,35.381044644702975],[128.81367223956744,35.38101616436678],[128.8095014209906,35.37936487337472],[128.79968927854475,35.37254957434489],[128.79726324170667,35.36956603457877],[128.79783133823145,35.365168628800184],[128.79880721562387,35.35749097110112],[128.79775989032888,35.354609496667386],[128.79461596730218,35.3509806146315],[128.78889562207198,35.34622143485354],[128.78332207189865,35.34473993060638],[128.7781719123369,35.345765272005536],[128.77149696088858,35.34795809428734]]]]}},{"type":"Feature","properties":{"regionCode":"48310","name":"거제시","parentCode":"48"},"geometry":{"type":"MultiPolygon","coordinates":[[[[128.6247639062949,34.68423584486598],[128.62422835315306,34.68293757890645],[128.61981798346983,34.68177503704755],[128.62007281055068,34.684382473358156],[128.6239337418024,34.686141848420064],[128.6247639062949,34.68423584486598]]],[[[128.66211102885154,34.74218097424678],[128.66400399404912,34.74449404923679],[128.66851483207304,34.7457921870578],[128.67283038253615,34.74393808242027],[128.6775138365655,34.743982482462286],[128.68358698731598,34.737752353183495],[128.6829594740356,34.736074840318466],[128.67764430738228,34.737417296560054],[128.67579263270673,34.73623667969486],[128.67684805285094,34.7296640091004],[128.67489760826933,34.72810782371332],[128.6714715344637,34.73041628708693],[128.67063521290663,34.73427219581284],[128.67190334329916,34.7382500008924],[128.6698902084977,34.7381268305569],[128.66800079317352,34.735062087165524],[128.66205723506255,34.737178574369736],[128.65601494875483,34.736657765095316],[128.65542794259161,34.73930407965306],[128.6528530754086,34.738509830088134],[128.65166224552675,34.73377694791263],[128.64599705520627,34.73382392706573],[128.6441891629957,34.73482828464859],[128.63889440403912,34.73512574043683],[128.63408701104953,34.732325782299554],[128.6300609015827,34.73168841130857],[128.62967080796656,34.735475550796245],[128.62731150290776,34.73633627053274],[128.62561230655945,34.73356982265387],[128.62330314170873,34.73231910970796],[128.6288908608174,34.728324727961144],[128.6275864392925,34.727045824817516],[128.63138167967884,34.72021074445336],[128.63318352161872,34.7189051351286],[128.63855080190996,34.717702388592514],[128.64160896654602,34.71524904602624],[128.64210047213228,34.71237790168059],[128.63755795621938,34.709046821739385],[128.63308239945292,34.709106848102074],[128.6255400450472,34.71305211741423],[128.62130153908177,34.71122399624775],[128.6212662695661,34.709415298021504],[128.61881516134727,34.705527994404584],[128.6157967281572,34.705341885636145],[128.61023347779667,34.701118702171236],[128.60504218217608,34.70194094278444],[128.5996840657035,34.70359438077881],[128.59747021069057,34.70724175853694],[128.59073428742022,34.7085359386745],[128.58530934507064,34.70672203047444],[128.58203798663465,34.70284462913773],[128.5766307372573,34.70193467772353],[128.57552478514916,34.70624577933303],[128.57879599574574,34.71012335918349],[128.5802798295922,34.716089014680506],[128.58321445451483,34.716654005618466],[128.5865770837714,34.715705690288495],[128.5875538819422,34.719009802362464],[128.58421841921577,34.72139004858704],[128.5840831145642,34.72387942301994],[128.5886566892864,34.72412144170691],[128.59348846380374,34.72353070018569],[128.5981852710257,34.725429166128244],[128.60332600618744,34.72664315711195],[128.6039410680908,34.73010263505303],[128.6068894361461,34.731345291483485],[128.60559558674623,34.73532669248868],[128.60041227353705,34.7366763398692],[128.59790904526005,34.73482464041312],[128.59544791258435,34.73515839616424],[128.59075018754982,34.73785641598076],[128.58768503603082,34.736702125583896],[128.58284542744718,34.73901188641164],[128.57971067897165,34.73935618779524],[128.57682457851124,34.74105440338998],[128.57613236203682,34.74792312521342],[128.57751911907135,34.75355884682266],[128.58178046582574,34.756518903187576],[128.57866629552672,34.761006814275035],[128.5789605641716,34.76205834741746],[128.58368084536127,34.76508774991378],[128.58727493920057,34.76179956903567],[128.59071298656391,34.764694611678266],[128.5992785238381,34.76322562004313],[128.60108344980748,34.76674486074103],[128.59907445225298,34.76720057840803],[128.59074509719505,34.770481977501305],[128.59724145379457,34.77618899478411],[128.59408319096715,34.77802061892409],[128.58892642120406,34.77556056102744],[128.5817648569032,34.77512720109936],[128.57799378126813,34.77833539089036],[128.57478901224013,34.77774499578664],[128.57357770778597,34.77449605405965],[128.56793679374596,34.77341037139388],[128.5680147429055,34.77077662175329],[128.56395881450544,34.76566856123581],[128.5545214161718,34.76642118769539],[128.55338596901458,34.7671728367769],[128.55183227189642,34.772879385262925],[128.5518775737574,34.77530093572249],[128.55526706012517,34.778943571957164],[128.56075077908775,34.77845219991852],[128.56480320410284,34.78334978561848],[128.56762695291198,34.7840506411415],[128.5685548494261,34.78582895930623],[128.56565300705427,34.78776186951556],[128.56143607240693,34.78771069030992],[128.55942413500134,34.78942140611487],[128.5568656019553,34.78924350315023],[128.55524003978465,34.78431472305691],[128.5420401573795,34.77521522076503],[128.53991017073582,34.777453671602935],[128.54222222194997,34.78500677126189],[128.53979548777738,34.785037467107244],[128.53806594288758,34.788218617664626],[128.54242241005983,34.788900703575976],[128.54585930904648,34.78822527325742],[128.54947897768045,34.79049610352898],[128.55005092805402,34.793753447305846],[128.55402653059198,34.79454526108569],[128.55463756540607,34.793063121516106],[128.56252137172768,34.791066672120884],[128.56421565118558,34.79283518323844],[128.5790667870003,34.7944338252207],[128.5835958456928,34.797428995708884],[128.58447903117505,34.80352543905295],[128.581832879168,34.80547611861173],[128.58495531811295,34.8083841615212],[128.58526724674903,34.8113287454763],[128.58359007859107,34.817183980716344],[128.58544538151705,34.82063502189231],[128.59244647466943,34.82580908797275],[128.5907826421659,34.829254172117096],[128.58623404389965,34.83198252178161],[128.58642060519716,34.835075665980725],[128.5845850320764,34.83891663492203],[128.57871249461994,34.84110723706774],[128.57586155931523,34.843341877590284],[128.57756490876272,34.84455721965441],[128.58158181253293,34.844274394000216],[128.5872209470786,34.84097117263009],[128.58875002579077,34.846362225147175],[128.58700862372945,34.848482231785],[128.58330701100147,34.84928546454156],[128.57791727975177,34.85368842801404],[128.57316611859022,34.854211330180256],[128.57077532181313,34.8516625361121],[128.56735024419936,34.846115337350625],[128.5632045372835,34.843630916889346],[128.5626873001676,34.84185485486494],[128.56444327660645,34.834284171157236],[128.56334434462684,34.832704345986734],[128.55811310437255,34.833358654220895],[128.55318624972213,34.83260366031043],[128.5508231680465,34.833367845032804],[128.54143895637839,34.83436789624138],[128.5378957343085,34.834098091978106],[128.53914915932154,34.831691312949346],[128.53597276256,34.829235634661764],[128.53283069086336,34.8313725450213],[128.5338130538043,34.8335623515213],[128.5293352679098,34.83368160628014],[128.52424665534835,34.832424116265365],[128.52783313341314,34.82952681223114],[128.52668364661127,34.82820110240902],[128.52255545193026,34.82793819754038],[128.5278424265757,34.8247889182393],[128.52731594034137,34.82108326330702],[128.5217427185462,34.82387955528188],[128.5194252874897,34.822419401330244],[128.52413966467145,34.817209500169426],[128.52070157276475,34.81235278947553],[128.5176254591133,34.8111327704256],[128.51651594601256,34.80811259122041],[128.5102946608448,34.80911025461843],[128.5094501845191,34.8119325846424],[128.50930393916576,34.81733846341719],[128.5084053380726,34.81854836025377],[128.50081396711147,34.82373442977795],[128.50061962741458,34.8263968303688],[128.50302068678542,34.828176007826954],[128.50140701687098,34.83319041747224],[128.49549168669324,34.83315045361185],[128.49321847210516,34.83622456162241],[128.48655930747918,34.83931813878203],[128.48156500770978,34.84063745929614],[128.48177065539366,34.84293371371357],[128.4783435023774,34.848939164555105],[128.47859353546812,34.85133605027526],[128.4810684396986,34.852528193192605],[128.48139588518976,34.85446414660109],[128.47576563293836,34.85565899067203],[128.47545354716573,34.85973663683374],[128.4757392080608,34.8684616048898],[128.47327251327548,34.87030907477558],[128.4717246377448,34.87267096194964],[128.47208457185033,34.876861864482755],[128.47598580920504,34.87934490102218],[128.47557919218409,34.88229069487962],[128.4794393282682,34.886991220421116],[128.483899495832,34.88813803370813],[128.48522556427247,34.89093669072519],[128.49047793538406,34.89637604686994],[128.4900947606846,34.89776714971798],[128.49293946337914,34.90183222377759],[128.49577873500934,34.900789055481255],[128.49828889468316,34.89848951661423],[128.50116399445173,34.90223515592805],[128.49765606606152,34.902992597644456],[128.49631485403137,34.90502568427071],[128.4976340208114,34.90740414293959],[128.5006569065068,34.90522426291139],[128.50645121548013,34.903892278627005],[128.5057348237013,34.906589933198774],[128.50193815106567,34.908317347509154],[128.5028561534997,34.91107881627189],[128.50723769356387,34.90783168144013],[128.51406544889872,34.909133269383766],[128.51630377084246,34.91150007586714],[128.51504246292893,34.91508680209077],[128.51825872839197,34.91510523465691],[128.52212828073513,34.92009829044528],[128.52524568480166,34.92304207627902],[128.53531398366124,34.92007923679705],[128.5409312937971,34.917445470764775],[128.54065965005248,34.916566667836875],[128.54395288713408,34.91196698993969],[128.54781619865986,34.908388885049504],[128.55795276065857,34.90554381439999],[128.55994706287152,34.90234546235462],[128.5678730391555,34.89938117832188],[128.57302405073227,34.89918864962678],[128.57602671595052,34.9014184095731],[128.5757686683007,34.90394244791956],[128.57397094751556,34.90602429490692],[128.57042057764897,34.907204497834286],[128.5707028904029,34.90862925259985],[128.57473802671552,34.90998474550679],[128.57918508824562,34.9128368172509],[128.58321866843,34.91428477173544],[128.5858988069832,34.913908917611934],[128.58638752233978,34.911040216447574],[128.58825309624953,34.91096226761494],[128.5888109886707,34.90723780752617],[128.59253642616866,34.906795926752466],[128.59270712845773,34.90363676429732],[128.59826138664403,34.90094063798821],[128.60272180082248,34.90331006175374],[128.60478261243506,34.903568346622954],[128.6065619632368,34.900185128479],[128.61203242707404,34.901310104159634],[128.6144537516942,34.89813990012725],[128.6142162223718,34.89487267277459],[128.61602959443954,34.894366085063815],[128.61816038141683,34.89122821704249],[128.62397134188737,34.892042449811],[128.62561770858852,34.89764854137886],[128.62245510213444,34.90161832339314],[128.62138581963978,34.90480005480627],[128.61846214073898,34.905770606137004],[128.6164825244588,34.908715984680995],[128.6168110193532,34.91392866014964],[128.61426417970023,34.91489410943066],[128.61158725111426,34.91306637656203],[128.6077796109848,34.91516632947683],[128.6086046213715,34.91877597700494],[128.61120658382285,34.92133901504065],[128.61046845446208,34.92417223121],[128.60659761410508,34.92390060342271],[128.60360649472892,34.924765297796334],[128.6020142053319,34.92661391841444],[128.59721172378852,34.936395469665754],[128.58960719055895,34.9414126927775],[128.58650032755898,34.94251910137089],[128.5854951524512,34.94642757562799],[128.5869226575251,34.94727963817324],[128.58852370609074,34.95103165027679],[128.5903189477583,34.95265280172824],[128.59378620385343,34.94951163125788],[128.59652957961853,34.95150721877095],[128.5994413329201,34.9561125385258],[128.59863332871237,34.95689710008504],[128.59738932451071,34.96552346874193],[128.5989705508275,34.96821143181017],[128.60606947263537,34.97034287103834],[128.61073543442964,34.96834630710663],[128.61173131448754,34.96514063088305],[128.6090097834576,34.96430602498992],[128.60727298653606,34.95968541115419],[128.60890587915148,34.958986614987346],[128.6163020269551,34.964306001775185],[128.61875802307307,34.96359611759229],[128.625361843824,34.96447541512536],[128.62873931718315,34.96278558656871],[128.6317926337378,34.96255114680445],[128.63276589409176,34.96418268832557],[128.63022304569915,34.96644186158087],[128.63142192696426,34.96758665425721],[128.63609284203383,34.96587926087405],[128.63640140855338,34.96365006983919],[128.63979016130338,34.962540252579416],[128.64383025767805,34.95871278586901],[128.6467042885712,34.96128588170146],[128.6460049246109,34.967486761388834],[128.648422522471,34.97074317849405],[128.64797537549035,34.97191013510119],[128.65006216150525,34.97690050332637],[128.6501789376481,34.97924777343102],[128.6454669352915,34.98023004655004],[128.64225901372913,34.97829044352245],[128.63748591352524,34.977316140526014],[128.63040967364216,34.9777431077793],[128.62681127218806,34.97653835696789],[128.6252093648548,34.981475323070505],[128.6223084835884,34.982959827196304],[128.61917107506275,34.98136316156157],[128.61982956884373,34.97908939682028],[128.6177505441473,34.97468348678102],[128.61590706708077,34.97331045100027],[128.6103900206357,34.97285359145006],[128.60866833240283,34.97470767695229],[128.61253087688527,34.98043944201014],[128.61064842170012,34.98306675539884],[128.61359104641983,34.986690255379536],[128.6156559358742,34.98738567574471],[128.61789137050312,34.98483023626141],[128.62131804057248,34.98623028003505],[128.62196852871983,34.989498628373944],[128.62590134655437,34.99277123737845],[128.62593371790808,34.994409300615615],[128.62272802184827,34.99531961141582],[128.61527575998804,34.9948888237696],[128.61653100761964,34.99911295504368],[128.6199506805257,35.00012761476436],[128.62492886851862,34.99991654857737],[128.62877931552296,34.99899754369917],[128.63371344946967,34.99952379173469],[128.63459416643315,35.00254798841391],[128.63106912106332,35.00510130956886],[128.63059709402944,35.00790271357132],[128.635880537604,35.014173127759506],[128.63872552078956,35.0157250890293],[128.6413696799053,35.013087068622255],[128.64704665363865,35.018455779060915],[128.64860182978998,35.02291643067499],[128.65350093807442,35.017548832887975],[128.65546503845388,35.013184913706205],[128.6554838665499,35.01120883258739],[128.65280779138905,35.00931765411102],[128.65371496440073,35.00487172546162],[128.64994503083673,35.0039591719479],[128.6498189608606,35.002199958425464],[128.64652984328413,35.000266397794036],[128.64728270508007,34.99688280867472],[128.65278408532404,34.99647074400652],[128.6522015560695,34.99373179746058],[128.64788867101544,34.994946958482636],[128.64600202938925,34.99439422679869],[128.64835216802217,34.985900499637275],[128.64658077301604,34.98231020654253],[128.6473105910182,34.980709993110615],[128.6550666726256,34.9788215185296],[128.65794945533312,34.98066615395064],[128.65686732301717,34.9829554674634],[128.65441209352682,34.98243048665437],[128.65281639835902,34.98412747373369],[128.65302394810627,34.98769854319702],[128.65539969087337,34.99101671791252],[128.6643596379661,34.99078261330254],[128.65885751016728,34.99409670005058],[128.6586624574306,34.99789663317088],[128.66488121048994,34.99830368092562],[128.6659451605524,34.99443353119834],[128.6687299647877,34.99834974247877],[128.67120030433503,34.998612354637665],[128.67446660171393,34.99367378600125],[128.67521142974678,34.98891820528592],[128.67902645357907,34.98733319614347],[128.68157423773832,34.991400670844286],[128.67860392570716,34.99608820527043],[128.6743006288116,34.99733390387325],[128.6732911240585,35.0009068238736],[128.67721217842606,35.00154475793422],[128.6797755921397,35.000471301997365],[128.6823253340725,35.001671774996765],[128.68152599249805,35.006685014473035],[128.67909069228375,35.008152169265244],[128.67762543517762,35.00411915074548],[128.66751204033505,35.006482766337434],[128.66760774327963,35.01120163212847],[128.6704532148265,35.012151151928435],[128.67052766605914,35.018773775642984],[128.67149378629767,35.02192399848556],[128.67510856254816,35.02223965822635],[128.6747507655161,35.03124086316787],[128.67623520372203,35.03324702214803],[128.6820620005095,35.03287957253253],[128.6842202330788,35.03546946095749],[128.67627913433623,35.03834742639708],[128.6747012606437,35.040613003107325],[128.67933778368638,35.040845527467724],[128.6832925674814,35.04009874749765],[128.6882951756389,35.037656649899034],[128.6905315516219,35.03233652533384],[128.6943431392099,35.03050392579179],[128.69930121139643,35.03176925085236],[128.6994727795806,35.0371547087368],[128.70582918189936,35.03187543717139],[128.71293052580222,35.03207204611095],[128.7179597985555,35.0252193815129],[128.72149258273865,35.02447733979861],[128.7220304084087,35.01857299687874],[128.71756940350647,35.01229458781799],[128.71836657677355,35.010157813137084],[128.71483058828107,35.0078351566358],[128.71284837773442,35.00504562647464],[128.70913751968743,35.008755713602454],[128.70667294751803,35.00879036931303],[128.7024666099005,35.00601731428439],[128.70154020552894,35.001927587227314],[128.7068732985443,35.001061895371684],[128.70751764389317,34.997345584796044],[128.70432190720635,34.99689616096227],[128.70225613954915,34.99875403662637],[128.6983212946797,34.99745020099286],[128.69435649040946,34.997604417392104],[128.6933459910827,34.99524586467069],[128.6946764159838,34.99270638071293],[128.70014248103652,34.99248170490281],[128.70137087254503,34.99083332951411],[128.70070960589712,34.987926195320995],[128.69787924873953,34.98185671833991],[128.6952993826628,34.97917407280384],[128.69715806712105,34.97311761315143],[128.69999729470516,34.970903000664165],[128.70369004284373,34.97218589215018],[128.706762483361,34.96673543836072],[128.71657658948718,34.96471885222003],[128.71891890120082,34.96176936963664],[128.7153901986391,34.95969371863456],[128.71576398943452,34.957444645971215],[128.71839309845362,34.95384852797932],[128.7224080985149,34.94987698131649],[128.72593556600634,34.949036048306816],[128.7273341987874,34.94696524817226],[128.72733522116164,34.938413795046486],[128.7257374673125,34.936706417180766],[128.72223135410678,34.93566867592496],[128.72032522066698,34.93357015144784],[128.71917724484376,34.930373415377225],[128.72015323171996,34.928204947350686],[128.71943805145793,34.925595241542105],[128.7172587306003,34.92478574204994],[128.7206168964354,34.91875716042056],[128.72401987522986,34.917769790694784],[128.7233766745159,34.91285610916013],[128.72034054482293,34.909444435402996],[128.71702369252398,34.91182339878782],[128.7137491053723,34.91284258317761],[128.7104177540293,34.910436097231916],[128.71331969713785,34.90601129483126],[128.71759008487666,34.90181432713215],[128.7148432455493,34.89951131897806],[128.70739394080962,34.89907572513405],[128.70521410305474,34.89595392433797],[128.70397680545256,34.89130544605966],[128.70122344351924,34.89063138171003],[128.69671933510682,34.89134758707169],[128.69622135950283,34.88953053205798],[128.69812305455028,34.88532091955126],[128.6959901888272,34.88135276711407],[128.7078235897066,34.87940442115113],[128.71105115789254,34.87851130811308],[128.71454644481537,34.874841607766726],[128.71841549819638,34.877223680901864],[128.71710195727292,34.878977114749766],[128.7179099768769,34.88199769991548],[128.72016055295163,34.88298121677738],[128.72335562585366,34.882422463666565],[128.72430948877783,34.88710777459417],[128.72941015764536,34.888797445208674],[128.73175401744575,34.89170086669949],[128.73443476510238,34.89025301452623],[128.73574705926598,34.8855550531671],[128.73985728229908,34.885000335373846],[128.74125072603778,34.88793022057503],[128.74505561892326,34.89092993780504],[128.7476414858991,34.891754255285804],[128.75038532392642,34.89497831036908],[128.752378688038,34.893119675663606],[128.74952776668025,34.889229911338795],[128.74454982510116,34.8857632977815],[128.74360940780576,34.8832707343452],[128.74496554459435,34.87941257358288],[128.74084754054263,34.87968051438831],[128.73891520498245,34.878297789996346],[128.74159386435932,34.87596111697808],[128.74402260671312,34.87080725465263],[128.7436559378253,34.86887114674387],[128.74035311563776,34.865371479884544],[128.73429604742606,34.86211292877532],[128.72862976402786,34.862579527095015],[128.72982260385515,34.86483548713178],[128.72928293728367,34.867146835032784],[128.72472238441077,34.86689429689048],[128.7238505362568,34.86429310064092],[128.72957865038765,34.858698317274516],[128.72892961426098,34.85554591300854],[128.7300427267734,34.85300880588642],[128.73458615075774,34.851863574984],[128.7362854426035,34.84520250670976],[128.73498433779517,34.84273716572201],[128.7323042239826,34.84262146502478],[128.72560671991582,34.840972519479195],[128.72455554047625,34.841652943145206],[128.72035682320924,34.84911579321134],[128.7171680805339,34.849456954129394],[128.71285470443826,34.847576392468945],[128.7090508969651,34.8443864788234],[128.70402924856432,34.84245633643237],[128.70128587626155,34.839263040238436],[128.70185376650815,34.83491047759625],[128.70406070520198,34.83188881150318],[128.70695228394203,34.82957656860847],[128.7103166439115,34.828759175226104],[128.71714210078918,34.83701715499864],[128.72483510682915,34.83354437932672],[128.72678156081898,34.82918819974179],[128.72586622860044,34.82642792895996],[128.7194001167738,34.824840990225624],[128.7191453949189,34.82290114711297],[128.72103134987643,34.81563071243466],[128.7238662144388,34.812763766407656],[128.72768011832343,34.810589574147556],[128.7317559782059,34.801937411311954],[128.7335406560681,34.800145232025294],[128.7373740868562,34.79894220573882],[128.74066937057069,34.792534763107604],[128.74076124431136,34.78670308312936],[128.73623751907854,34.785619227913976],[128.73373094718949,34.788746808857034],[128.72791564676498,34.79253968507488],[128.725863366165,34.79177373767932],[128.720075821642,34.791767263571764],[128.71699612148348,34.793135807892256],[128.70930898805014,34.7945690364956],[128.70881330894733,34.796519449629045],[128.71068772511825,34.799054979493505],[128.71337932606465,34.79963551120639],[128.7143930365893,34.80200639883414],[128.7099292863488,34.809047961591226],[128.70902492742874,34.81197584747655],[128.70614225961612,34.81254631352733],[128.7052412589421,34.81043879123352],[128.69637930879486,34.80694065308461],[128.6953696592311,34.804746247825506],[128.69949639433466,34.802126876197605],[128.69907713714196,34.797362390844185],[128.6913441967979,34.79658662963296],[128.68793876190037,34.79778229774732],[128.68776221846068,34.799639877948806],[128.6911326826031,34.801978288508046],[128.692921183288,34.8055753597147],[128.69156774841966,34.80753761985868],[128.67346199872924,34.81335319608742],[128.66871967682553,34.81209318618671],[128.6672802194983,34.80981607840665],[128.66987933653775,34.805805159387134],[128.66657168898962,34.80123942713164],[128.66940802016708,34.798373704324526],[128.66694049469473,34.79293042565949],[128.6693515171231,34.790247195627835],[128.6716944371203,34.78950834796887],[128.67434541640236,34.785731402707526],[128.67087368820302,34.783072145404645],[128.67004806072742,34.780101518118094],[128.66482367265402,34.779046923114436],[128.6623011960071,34.775840224757246],[128.65775549918402,34.77401926370394],[128.64895352408658,34.77901498172826],[128.64625226629246,34.778216956632015],[128.64132499925486,34.77351347701701],[128.63902370159943,34.767439571297245],[128.638320389206,34.76300473062854],[128.64072518733934,34.75932541995543],[128.64348507349604,34.758104960257484],[128.64733527309724,34.75200916718567],[128.64988318307553,34.750778066513284],[128.64743597424535,34.74711243234346],[128.6528891412343,34.74274153609915],[128.66211102885154,34.74218097424678]]],[[[128.53408388245919,34.822331091005296],[128.536511369914,34.82421111924844],[128.54185031424046,34.82522081327452],[128.54689663460502,34.823401802332185],[128.54684041225514,34.81648626236854],[128.54376548736892,34.81277412672655],[128.54079305611813,34.8071151436205],[128.5351656230118,34.803186401591525],[128.53030563290542,34.80200283595147],[128.5277019927625,34.80305753548954],[128.52634878253926,34.81141912195359],[128.53014363875653,34.81339099741228],[128.53137712914082,34.815167637812245],[128.53408388245919,34.822331091005296]]],[[[128.47282408012916,34.821019722621585],[128.46853758130604,34.82558760948238],[128.46445177188465,34.82555403165498],[128.4627435040212,34.82799307446629],[128.46346497833258,34.83273892510807],[128.46547020357892,34.83502479594067],[128.46941367397687,34.83306025405076],[128.47295146494412,34.83312527851227],[128.47465433496367,34.82835811930475],[128.47942818419463,34.82341883116249],[128.47707525370637,34.82097960026654],[128.47282408012916,34.821019722621585]]],[[[128.49463584666225,34.82741803705633],[128.49312278987242,34.82837966776318],[128.4939577483194,34.83137965453027],[128.4968172111589,34.83146911216776],[128.49708830216179,34.82928976857594],[128.49463584666225,34.82741803705633]]],[[[128.48353096721806,34.897319402314004],[128.48523610721082,34.89455165556294],[128.48152922105868,34.89528467642151],[128.48353096721806,34.897319402314004]]],[[[128.52903521078156,34.93513038982391],[128.53117221434405,34.93069018849846],[128.53021101864965,34.928723916070226],[128.52482506629792,34.927498019449764],[128.52246355183516,34.929810343074145],[128.51841533454152,34.93092624689463],[128.51920400420548,34.933579599814635],[128.51229324226472,34.939981342586336],[128.51134449113158,34.94372160838315],[128.51740519858723,34.946385419443565],[128.51487981328418,34.949885912386605],[128.51777869970283,34.95159985449281],[128.51698699711505,34.95883839455673],[128.5115329097866,34.964080548462874],[128.51555826214218,34.97168442472752],[128.5185070538311,34.976060897697565],[128.52163527056643,34.975108688435945],[128.52901697770275,34.97402684501234],[128.5325121428345,34.97291755138544],[128.53697071010984,34.96890453131208],[128.53691676164738,34.96601376078065],[128.5323702557652,34.960319446760614],[128.52230039860777,34.95603270170175],[128.52648066290894,34.94700152231735],[128.53134620378282,34.945038046996245],[128.53480045337633,34.94179867081213],[128.53465135240555,34.93875689847481],[128.53286773974438,34.937333664699814],[128.52662140921373,34.939618900543856],[128.52545135028888,34.936361653572064],[128.52903521078156,34.93513038982391]]],[[[128.6330798700394,34.9715392909406],[128.62957409282,34.972567489176264],[128.63555889786633,34.97700781590062],[128.63604597015024,34.975534103974795],[128.63342901570678,34.97329588060408],[128.6330798700394,34.9715392909406]]],[[[128.61898447999573,35.00836230972562],[128.61363730890272,35.01137196249192],[128.61363592790792,35.014023649866175],[128.6158943498876,35.01598110185118],[128.6186340917484,35.01615994469314],[128.62438040403134,35.00960795455931],[128.62714799227362,35.00935727361471],[128.62958229988752,35.005940430375816],[128.62673251687627,35.005659358719164],[128.62471793222667,35.007769119569346],[128.61898447999573,35.00836230972562]]],[[[128.68378923662453,34.729191416706776],[128.68240563772184,34.72981035063746],[128.6820301386482,34.73410980780311],[128.68547070256668,34.736398306862625],[128.68545796610897,34.73194015426728],[128.68378923662453,34.729191416706776]]],[[[128.71196125163095,34.76740137152279],[128.7093322919091,34.76945183854797],[128.71118045616188,34.7716889754075],[128.71748579855665,34.77012929920753],[128.71621411321107,34.7675118571918],[128.71196125163095,34.76740137152279]]],[[[128.71443171848762,34.7901438649961],[128.7179354701615,34.78803479881074],[128.71611589568346,34.78670695595623],[128.71635534843273,34.78074371119837],[128.7122772315303,34.78140497543192],[128.71070704691104,34.787375977294545],[128.71443171848762,34.7901438649961]]],[[[128.748758077822,34.82271728632843],[128.75039897982157,34.8249445095028],[128.75427986248894,34.826630132581975],[128.75147794385754,34.81944163817584],[128.75344143951511,34.817146141471454],[128.75198217982282,34.81596781872163],[128.74628855500302,34.8143125776871],[128.748758077822,34.82271728632843]]],[[[128.72496524027915,34.9673535715329],[128.72545413613648,34.97126982248738],[128.72800647443236,34.970342731679295],[128.72973250364706,34.970860694300804],[128.73633318252132,34.968094976563165],[128.73313879067405,34.965531999345686],[128.72950442746725,34.96478886962523],[128.72496524027915,34.9673535715329]]],[[[128.64041787574502,35.015322545111545],[128.63791229744473,35.01920454511996],[128.6394010092982,35.02100608693335],[128.6422082245741,35.02013783324101],[128.64208110794473,35.016648957412094],[128.64041787574502,35.015322545111545]]]]}},{"type":"Feature","properties":{"regionCode":"48330","name":"양산시","parentCode":"48"},"geometry":{"type":"MultiPolygon","coordinates":[[[[129.00754702922976,35.28209358036901],[128.99967198511118,35.28814818751511],[128.98835191062832,35.29263835606837],[128.98363658425214,35.2959572563594],[128.98141176829637,35.29869391428759],[128.97448177011483,35.3097223867578],[128.9735210533438,35.312336209300234],[128.9726569827134,35.315781486411076],[128.96930184799874,35.327740610979006],[128.96616642835556,35.33066989063936],[128.96171770167143,35.332826241364195],[128.9541450148485,35.335524025613175],[128.9456909064989,35.33769158013145],[128.9408734275561,35.340252842150775],[128.9335040541898,35.34906525161983],[128.925530614479,35.356035557261585],[128.91864639410963,35.36111772419661],[128.91245466903834,35.363790170500025],[128.90729867679505,35.36507292311575],[128.90214963073095,35.36546318327777],[128.89921529694527,35.36480014823374],[128.89201035254243,35.36458597028187],[128.88376207377584,35.366696258078775],[128.87791830115768,35.370481816891555],[128.87388128389918,35.37645819290953],[128.87253967271997,35.3805204466555],[128.87631005820919,35.38542907931807],[128.8806600332525,35.386651107923065],[128.8795593328953,35.395322112510165],[128.87864061357834,35.39703606987604],[128.88734549047712,35.403770330857625],[128.89084154942262,35.40447492958938],[128.892485042496,35.41115195545423],[128.89120602201766,35.4141023024213],[128.9034203649629,35.42004864563522],[128.90652429848737,35.41771842183053],[128.91357713689132,35.41557544902144],[128.9204035296295,35.418941060747926],[128.92365924301004,35.42133384875242],[128.92183343013065,35.42612459199429],[128.91608594974943,35.429888517732934],[128.91379527370185,35.43061668653627],[128.91017843740238,35.434485470495936],[128.90722621482834,35.436089641824026],[128.90672203089935,35.43956518942064],[128.90916369480695,35.44069628823877],[128.91005280554262,35.44481646611228],[128.9168048342888,35.448957076519],[128.91893325305568,35.45178688632433],[128.9280340060896,35.45364168443558],[128.9337243513462,35.4528913725835],[128.93827513915613,35.45450438779185],[128.9388164391396,35.45561238942777],[128.94317717791404,35.456581790412244],[128.95000600309035,35.454568646093726],[128.95461878465855,35.45726440318781],[128.9627160792868,35.459378911132866],[128.96556637167194,35.460626559604506],[128.96757928837678,35.462814537932616],[128.96832929691587,35.472593351093394],[128.96742145663248,35.4753170475608],[128.96426326540302,35.47804776858529],[128.9651715141888,35.48107702550153],[128.96280860863462,35.485822938251644],[128.9672039207363,35.490687866767914],[128.9651468007231,35.49270705654904],[128.95959642815697,35.49589941351725],[128.95911244928956,35.49791368565877],[128.95316819120967,35.50035834511117],[128.9556961610301,35.505425903834954],[128.96136729759152,35.50994930414241],[128.96954607559783,35.50829705814163],[128.9777317492385,35.50799502024219],[128.98029767170166,35.51125343194153],[128.9864016659206,35.51552300464107],[128.98911734723447,35.516509704774094],[128.98843713051804,35.52080856515512],[128.98933197382254,35.52315529045643],[128.99300009742814,35.52812573524026],[128.99449906539172,35.528989458283654],[128.99830940136997,35.52817077421504],[129.00955463662777,35.527988654399614],[129.00873778861487,35.52397249761696],[129.01144353631787,35.52316993294452],[129.03833937820858,35.52742083552039],[129.05576255701322,35.53213845070759],[129.05670118174078,35.53110774647393],[129.0565266657925,35.527035637314135],[129.05313960976108,35.52535553944107],[129.0519958565484,35.51573281239023],[129.0616494125008,35.5094574676031],[129.07101576255027,35.50573158363048],[129.08644103954077,35.50183993948973],[129.09078080365367,35.49823677904535],[129.09469634886685,35.49774471050075],[129.09679182045275,35.49814601839346],[129.09953190266802,35.49647922079482],[129.1025991975008,35.497672746222754],[129.10670551105866,35.4949626891823],[129.1066406048089,35.48977006885231],[129.10895881251867,35.487739565225],[129.107933837748,35.483629553745914],[129.1096340620774,35.47969947127895],[129.11524545466298,35.47666890246066],[129.11711814353055,35.474665218668775],[129.1198513023655,35.46855450893053],[129.12876322770543,35.459252317049845],[129.1357165684434,35.45644761590672],[129.1356533522514,35.45527342745648],[129.13979335204368,35.44899998377897],[129.14565925422843,35.44442668189662],[129.15000318810647,35.442980627895096],[129.153405755577,35.440084367058084],[129.1607757594091,35.43516680978506],[129.1646987803576,35.434138629834024],[129.16548883625538,35.43228958978311],[129.16814275738142,35.431916689114],[129.1726537968551,35.433573779202014],[129.17894860986752,35.43263343238478],[129.18742568977183,35.43487063225611],[129.19218207347157,35.43686444467614],[129.19635838598512,35.43941934132976],[129.20233586072263,35.43195312220027],[129.20220153355308,35.42999278572434],[129.2010920107974,35.42880727304583],[129.20018266743116,35.42413235901487],[129.20312547619264,35.42093556456529],[129.21034984461795,35.41971510057086],[129.21556411283362,35.414237634709096],[129.2174371749625,35.41323047675108],[129.21985983378352,35.409166495362804],[129.21519253919047,35.40387101138645],[129.21072927675877,35.400115883530646],[129.21018862472317,35.397123682790486],[129.2062570705332,35.39361266501217],[129.20297368420788,35.38786983020016],[129.2005262441342,35.388665963546075],[129.1945080609123,35.38374859783469],[129.19373117886332,35.38208036373272],[129.19936106641444,35.375753478348905],[129.19809249227688,35.36921553472803],[129.19358066827675,35.361005268039904],[129.18558363506247,35.358174568043474],[129.18162821210694,35.35365088061756],[129.1784005853783,35.35159952857024],[129.17453350862533,35.35146553499884],[129.16282564343106,35.35620986260221],[129.1614052835541,35.358854191603136],[129.1572530695011,35.35900362798999],[129.1527859941793,35.36272462163976],[129.14836291938568,35.36416552611346],[129.14634788909308,35.36388468971427],[129.13850643374843,35.3660814782531],[129.13330743051,35.36550116501136],[129.13058923361965,35.36429814923641],[129.12956356985066,35.35916489150047],[129.13195701874554,35.35716189705289],[129.13471015502867,35.35306295888204],[129.13326725520682,35.350001630249764],[129.12942193295825,35.34851695232737],[129.1273691961121,35.345671406633464],[129.12823595784576,35.34379705435984],[129.12593237985197,35.341035631161546],[129.1250503849573,35.33613567226821],[129.1262625522677,35.33325700157776],[129.12482033814302,35.33084890603686],[129.12131887108447,35.32939516987525],[129.11847606676884,35.32246347291058],[129.11364647170709,35.319847303376996],[129.11193588751783,35.3151540815686],[129.11164595207669,35.308769606804574],[129.1089184004478,35.305068397078145],[129.10348480126805,35.306139385288276],[129.09700000954916,35.30353974967768],[129.0905161196423,35.303541533265644],[129.0862052169925,35.301194707295544],[129.07355790233282,35.29007230982005],[129.069232605107,35.29013359947549],[129.06525146659143,35.29145231955542],[129.06000113159632,35.29548364806296],[129.0519165773302,35.2880368281564],[129.04993618750822,35.28392610020216],[129.0505678912383,35.28005598956564],[129.04430163189238,35.28032642030688],[129.03923404218543,35.27588522443608],[129.03392483051303,35.276949780034585],[129.03009425108138,35.278520717067515],[129.02617760938926,35.27807025839519],[129.02037523536993,35.27584342604297],[129.01721510107802,35.275432705634316],[129.01261090197096,35.27327798527839],[129.0100210368415,35.2787486710625],[129.00754702922976,35.28209358036901]]]]}},{"type":"Feature","properties":{"regionCode":"48720","name":"의령군","parentCode":"48"},"geometry":{"type":"MultiPolygon","coordinates":[[[[128.2772889774342,35.26455911198693],[128.274240124834,35.257367182105696],[128.27296235342808,35.256142976175525],[128.26780704301154,35.25633004731016],[128.26000851385555,35.257330390288125],[128.24810752305626,35.25374968480848],[128.23948107778352,35.25353939971483],[128.23350890643601,35.25419304024649],[128.2284358493141,35.25657663041839],[128.22655346534629,35.25980633031314],[128.22281069048879,35.2629659165497],[128.21918930860448,35.26472643652784],[128.21480904556398,35.26268920117765],[128.2135028956103,35.26427764543624],[128.2092703266795,35.26468551493713],[128.205518591745,35.262848183664374],[128.20305740957033,35.25861789182031],[128.2010991090091,35.25359034797051],[128.19927084060924,35.25357824398476],[128.19407581825337,35.25627628139662],[128.19567089545436,35.26333471375658],[128.195070743501,35.266055724531455],[128.1907891034166,35.26753220353176],[128.1898620096846,35.27231500461382],[128.1871277922189,35.275434620668605],[128.18471317850455,35.275372561801795],[128.18024390884207,35.279244155812734],[128.17860774006672,35.281656379499104],[128.17996043173767,35.28513379352345],[128.1766720388045,35.28863271418507],[128.17416665661756,35.294321583501954],[128.1773407948507,35.297747654089385],[128.1749296923693,35.30171973277108],[128.1727669069511,35.30806793613135],[128.1741850250954,35.31474664293598],[128.17762568792304,35.3171458722687],[128.1788494725037,35.319884057895884],[128.17837481514292,35.32247035386985],[128.17426799144792,35.32740749371383],[128.1729450617236,35.32799987995496],[128.17226214360963,35.32805882656114],[128.164226532143,35.33614018636665],[128.16387562863216,35.34179265408373],[128.15846039051002,35.34573495823619],[128.15667245189024,35.34975557855385],[128.1544775223149,35.35107575058029],[128.14525567722222,35.347948559905745],[128.1405404765999,35.34530464036501],[128.13820685895158,35.34256664520821],[128.13367419765356,35.34127508228537],[128.13308640340867,35.338834757055196],[128.13000351306482,35.33636546291112],[128.12404020805408,35.333083356612875],[128.11594257387398,35.33026455339972],[128.11469352746946,35.33085620745635],[128.11430099721855,35.33465128641128],[128.11037155670036,35.337477670157284],[128.10701283448,35.338008069040264],[128.1041802817569,35.33955253106778],[128.09741386382728,35.341706138285396],[128.0942629013963,35.34472571966009],[128.093871368577,35.34893775890285],[128.0990910823616,35.353321043011896],[128.09890032823213,35.35476349880775],[128.09480864867288,35.35626983829105],[128.09559990070488,35.359756633844555],[128.0997406338157,35.361551593832125],[128.10240330017427,35.36608010887119],[128.09782068209364,35.3671233480817],[128.09222994881813,35.36571602724085],[128.08801849153988,35.36606923667751],[128.08445115715395,35.36845683878638],[128.08034269741108,35.37012514604672],[128.08818609197255,35.368509010616016],[128.09531881137022,35.36815378723115],[128.1064102396204,35.37647951358457],[128.11089379857452,35.38055348177067],[128.1137019076855,35.380598016584656],[128.12379550246806,35.37554740388713],[128.12702355262763,35.37235076661064],[128.12974518003358,35.37340232006155],[128.12586312709078,35.38314995547471],[128.12634636945913,35.385957467175885],[128.12925875619126,35.387732621166826],[128.13471184644487,35.38658612180857],[128.14306999823953,35.385602017556344],[128.14762337150145,35.385834454219015],[128.15433151946735,35.388590311828125],[128.1560982216857,35.39008819566858],[128.16128687622356,35.39122080566154],[128.1666217933252,35.39425915785425],[128.1719209959855,35.394257093537924],[128.1765715759566,35.39562500090569],[128.17952471636016,35.39574012574733],[128.18946289016236,35.3986684805314],[128.1897117538343,35.40305113224739],[128.19160400978936,35.409020907284344],[128.19098694423084,35.41162932027403],[128.1884141109346,35.41530767081531],[128.1867606796372,35.4160373812929],[128.18571971888562,35.419171071588096],[128.19130406799664,35.42393120652693],[128.1946195428172,35.42812022659546],[128.2001767001469,35.432083512353536],[128.20228443636196,35.435949202120014],[128.20249356478774,35.44044185712933],[128.204229489793,35.44505303477884],[128.20713174102895,35.44819411572528],[128.20851842892407,35.453045652359464],[128.20812122277135,35.45986934830387],[128.2112146458638,35.46180179803452],[128.21659240806093,35.46137038726454],[128.21507102550896,35.46481753371025],[128.20631346860358,35.469130276069805],[128.2057091610386,35.470597175179236],[128.20058241885633,35.475222523315885],[128.20132392499454,35.47757389290977],[128.20630307326377,35.47761559266163],[128.20945035915335,35.4829212065547],[128.2143597457977,35.48467454600891],[128.22071012543057,35.48597133839636],[128.22834989333157,35.491054221762546],[128.2304789240691,35.48896488842269],[128.2368258906442,35.49282333110884],[128.2398674843133,35.49388783969608],[128.24679060534152,35.494417442210974],[128.2491691778976,35.49312046011858],[128.25499149046973,35.49373165618179],[128.25698344785675,35.4953721367975],[128.26189305147966,35.49717522484132],[128.26099455092657,35.50176304384119],[128.26230945091856,35.50431179914656],[128.26625986375876,35.50943638300622],[128.27035773074385,35.510398915779405],[128.2763891936054,35.50978757478123],[128.28580351399862,35.51111799628499],[128.29017242195988,35.51248529874314],[128.29286208669376,35.51730134955726],[128.29904167865095,35.51587434770384],[128.30122376685614,35.51373360270494],[128.30413777216808,35.513493620213346],[128.30800661510835,35.51700640742454],[128.31221366577554,35.51671731349155],[128.31546221182174,35.51558174493423],[128.31739198010743,35.511711688137154],[128.3227996999778,35.50810674596705],[128.32994108216403,35.507515978488634],[128.33797010622266,35.50964516826963],[128.33972851717346,35.5068693211885],[128.3431595175155,35.50508109540832],[128.34836295843033,35.49929107981729],[128.35264457064062,35.498339634706845],[128.35335824391754,35.50135493752162],[128.35643155539415,35.502669979666976],[128.36021561966476,35.50304099358027],[128.36495378514653,35.5002717673864],[128.37150876655187,35.50179194532808],[128.37322153635566,35.50351225981925],[128.37292679555338,35.50669632104291],[128.3696418373237,35.511249570153495],[128.36960304543294,35.51499176491431],[128.37223759116577,35.518957035687244],[128.37391965199103,35.518347878790216],[128.37929900564393,35.51429372907736],[128.38294526961351,35.51239247091591],[128.39779324351832,35.50568748708775],[128.40227106816215,35.5028759651683],[128.4104327903569,35.49918167959325],[128.41651785358664,35.49703576887037],[128.4238156858006,35.49190673572592],[128.42590806606907,35.48836913961002],[128.42595230478037,35.483323998126025],[128.42385848079059,35.479591606613454],[128.42131391773063,35.47621359005018],[128.41493983918244,35.470987810554696],[128.4083131431525,35.46724718319522],[128.3916289042573,35.46111410918147],[128.38031962666,35.45881586214931],[128.37721710406282,35.457214887094665],[128.37527441431297,35.45206490045989],[128.37448402680545,35.44512019735463],[128.37621768182254,35.44038163413444],[128.38516445133791,35.4280603702591],[128.39191745688044,35.423606116791206],[128.3961838980069,35.421760265899394],[128.40827498035276,35.41888294497715],[128.41781198961135,35.41823437134403],[128.42279185972302,35.41686142127436],[128.4263041852613,35.413641483287414],[128.4293328142397,35.40830100466521],[128.43121339636673,35.403251000419644],[128.4365176917945,35.39239967350115],[128.43160738498676,35.391273387240155],[128.42798876504037,35.3884004885154],[128.4202340114296,35.37873628030696],[128.42090251173954,35.3756856738022],[128.42279226032977,35.372798947788816],[128.4283876865633,35.36627476856177],[128.4273446721775,35.364311283749494],[128.422447546973,35.362429717414905],[128.4174578415867,35.36283599569586],[128.4157177306132,35.362186911216654],[128.4142536773552,35.358776265245325],[128.4123957544288,35.35858661149064],[128.40674265958302,35.36047515905631],[128.40206483184764,35.36082801072396],[128.3919692600804,35.36029099135931],[128.38559666849125,35.3592034177537],[128.38272455937346,35.35618783732642],[128.38164336551188,35.35305787129189],[128.38384629211006,35.34884297462834],[128.39428119404852,35.34058548670985],[128.39609311574665,35.336112350427186],[128.39402173455503,35.33464400294347],[128.38032208432637,35.333268861879596],[128.37407518491207,35.33409501107808],[128.37087922638372,35.335524795848954],[128.35716237020404,35.338180110013184],[128.35433160277964,35.339277834671265],[128.3502490178719,35.342782823667925],[128.34585715943425,35.35112395149102],[128.3412585376781,35.35719485323681],[128.33846049098042,35.35958884004977],[128.3329231672444,35.36147281741883],[128.32579238395965,35.36279355828539],[128.31919159978244,35.362651315775416],[128.31494039098106,35.36103423506695],[128.3136206738738,35.35555418381933],[128.3120518805069,35.35319690610111],[128.31104243018535,35.34726783097561],[128.3118710849867,35.338129983027706],[128.315965600691,35.33220699179085],[128.31732322172334,35.32909362263801],[128.31761881342229,35.32557590263186],[128.31677188099295,35.32293607759237],[128.31231942787642,35.319157944752604],[128.30585888040207,35.316935729419875],[128.29773869106918,35.31476507654829],[128.2950459139017,35.31317253605137],[128.2905467821432,35.30770533831607],[128.28901681352139,35.30109226680702],[128.2907060055143,35.297103885192826],[128.3021246617503,35.28359487328619],[128.30153856135888,35.28146214009718],[128.29488745495505,35.278475640743714],[128.28897492595573,35.27784139708233],[128.28580589951818,35.27687036972282],[128.28162701422397,35.27467890565205],[128.27945745272694,35.27151662403753],[128.2772889774342,35.26455911198693]]]]}},{"type":"Feature","properties":{"regionCode":"48730","name":"함안군","parentCode":"48"},"geometry":{"type":"MultiPolygon","coordinates":[[[[128.4789786634307,35.212575850228646],[128.48424291009974,35.21166549468432],[128.49003980120492,35.20702074647497],[128.48999413674332,35.20206175927578],[128.488313383154,35.199088981541514],[128.48546694926827,35.1965705344446],[128.48073092095382,35.18931749323972],[128.4789692841478,35.18771903293862],[128.47600486265858,35.18876455847571],[128.4651846153228,35.18884107406058],[128.46252865216823,35.18690635105651],[128.458016776423,35.185618030523116],[128.4574078447826,35.18379333960841],[128.44629459227136,35.180268170267766],[128.4438665677826,35.169957242270925],[128.4374512235345,35.165179194123],[128.4342894244212,35.16407021470684],[128.42991214216826,35.16424911683984],[128.4262901926488,35.16695573018903],[128.41973839477382,35.16918833793144],[128.41644174737633,35.17047598888728],[128.41405920013372,35.1750459950681],[128.40990014098264,35.17927324311654],[128.40630526300296,35.17933771035482],[128.40364805856916,35.18406966682913],[128.40519169203247,35.1901837474515],[128.407884976124,35.19235545062509],[128.40558180156077,35.1983447594161],[128.403440044714,35.20208825233112],[128.40080071584828,35.20484976688881],[128.39844774818636,35.205647387163886],[128.39400777126278,35.20526411815006],[128.38929668163473,35.20686054245108],[128.38280507983268,35.20203220491671],[128.38023171116913,35.20137637559067],[128.37660365070457,35.19831274776294],[128.3768056385044,35.19546567268885],[128.37418603753113,35.19337929321599],[128.36753606073032,35.19413374111025],[128.36436248559764,35.19805986048484],[128.36008715383988,35.20116698908332],[128.35865927322243,35.20473905366451],[128.35590048317354,35.207544635638214],[128.34992044686,35.20982648081384],[128.3425830331461,35.207587542121594],[128.3380608581159,35.20863759116891],[128.3297771604544,35.20670338499279],[128.32740240025785,35.20781081111352],[128.32552818210328,35.21142518301576],[128.3224377382173,35.21341283230004],[128.32162189084033,35.218121837631706],[128.3182748286454,35.22172780330975],[128.30733727477343,35.22167886091202],[128.30577105657184,35.22391797086349],[128.30780477632973,35.22915550677629],[128.30723093013737,35.23156786205584],[128.30360293002286,35.23745155002624],[128.2992727205968,35.23803093046924],[128.29436507536292,35.241070903539345],[128.29453124671278,35.24326730508806],[128.29898905353008,35.24821175872721],[128.2976185268209,35.25083997822425],[128.29350600674272,35.253515253510884],[128.2903946871504,35.25331072500209],[128.2859548964141,35.2517341921147],[128.27763039585702,35.2566641005275],[128.274240124834,35.257367182105696],[128.2772889774342,35.26455911198693],[128.27945745272694,35.27151662403753],[128.28162701422397,35.27467890565205],[128.28580589951818,35.27687036972282],[128.28897492595573,35.27784139708233],[128.29488745495505,35.278475640743714],[128.30153856135888,35.28146214009718],[128.3021246617503,35.28359487328619],[128.2907060055143,35.297103885192826],[128.28901681352139,35.30109226680702],[128.2905467821432,35.30770533831607],[128.2950459139017,35.31317253605137],[128.29773869106918,35.31476507654829],[128.30585888040207,35.316935729419875],[128.31231942787642,35.319157944752604],[128.31677188099295,35.32293607759237],[128.31761881342229,35.32557590263186],[128.31732322172334,35.32909362263801],[128.315965600691,35.33220699179085],[128.3118710849867,35.338129983027706],[128.31104243018535,35.34726783097561],[128.3120518805069,35.35319690610111],[128.3136206738738,35.35555418381933],[128.31494039098106,35.36103423506695],[128.31919159978244,35.362651315775416],[128.32579238395965,35.36279355828539],[128.3329231672444,35.36147281741883],[128.33846049098042,35.35958884004977],[128.3412585376781,35.35719485323681],[128.34585715943425,35.35112395149102],[128.3502490178719,35.342782823667925],[128.35433160277964,35.339277834671265],[128.35716237020404,35.338180110013184],[128.37087922638372,35.335524795848954],[128.37407518491207,35.33409501107808],[128.38032208432637,35.333268861879596],[128.39402173455503,35.33464400294347],[128.39609311574665,35.336112350427186],[128.39428119404852,35.34058548670985],[128.38384629211006,35.34884297462834],[128.38164336551188,35.35305787129189],[128.38272455937346,35.35618783732642],[128.38559666849125,35.3592034177537],[128.3919692600804,35.36029099135931],[128.40206483184764,35.36082801072396],[128.40674265958302,35.36047515905631],[128.4123957544288,35.35858661149064],[128.4142536773552,35.358776265245325],[128.4157177306132,35.362186911216654],[128.4174578415867,35.36283599569586],[128.422447546973,35.362429717414905],[128.4273446721775,35.364311283749494],[128.4283876865633,35.36627476856177],[128.42279226032977,35.372798947788816],[128.42090251173954,35.3756856738022],[128.4202340114296,35.37873628030696],[128.42798876504037,35.3884004885154],[128.43160738498676,35.391273387240155],[128.4365176917945,35.39239967350115],[128.44187163265795,35.38744243776568],[128.4462146227128,35.38520471623774],[128.45483079745907,35.38249073869004],[128.46398214819973,35.38070443615443],[128.46804344756112,35.38031464869854],[128.4787895354451,35.38116523824967],[128.48109283925055,35.382123692124836],[128.48775166703297,35.38805290334437],[128.4979583617931,35.39555837257702],[128.50349012871808,35.39858712990307],[128.5089549985194,35.399115344074296],[128.5120680718799,35.398146348310405],[128.51869578929472,35.39443392368925],[128.5241022577746,35.3917594974511],[128.53398812156047,35.3901826148673],[128.53843758603975,35.38805264046456],[128.5473504072818,35.38118895250547],[128.55359296731157,35.37891488898154],[128.56953104648343,35.37864949232539],[128.57698397717112,35.37916413022291],[128.57599593282802,35.37605802038463],[128.5762160829075,35.372766227328015],[128.57780524332483,35.36801660652417],[128.57684975570126,35.365949383609895],[128.57166388690015,35.3618694188991],[128.57152891783718,35.358702433307755],[128.56773416869493,35.35734334405743],[128.56253364184212,35.35701271822144],[128.55947327542725,35.35275324613049],[128.56395437869742,35.35008347672573],[128.56271574097735,35.347185862711726],[128.56534498091528,35.344996494756195],[128.56612796051482,35.342585302513285],[128.5645812213821,35.34116326395534],[128.56596856180647,35.33889413305387],[128.56950017532822,35.33709979907877],[128.5698624086708,35.33415548368657],[128.56335212994347,35.32586028451225],[128.56653483753846,35.32514670371315],[128.56835598968863,35.32272764035386],[128.572408426298,35.31976618234231],[128.57218605640765,35.31553298127768],[128.5826652408961,35.30862995546459],[128.58119406696576,35.306491579466524],[128.57860889507327,35.306055397316385],[128.57229814146132,35.30068702234126],[128.57354921763036,35.295846308205356],[128.57694462591826,35.29112993781097],[128.5810632234605,35.28751047095243],[128.58230341318654,35.284070249861735],[128.58159663774202,35.28177652910632],[128.58320373987644,35.278640004108865],[128.59010340790724,35.27600208588897],[128.59123734393899,35.2715854278251],[128.58589463123576,35.27149891885385],[128.57818817548184,35.26913369958983],[128.57455910912637,35.27153547385721],[128.56290800476822,35.27619697239965],[128.55689960102225,35.277312266656416],[128.5547249145114,35.27569476981068],[128.54514805903287,35.270666720509325],[128.53850197556358,35.27273221174169],[128.53666311556356,35.270805911786724],[128.5348719166439,35.26679269965472],[128.5298489221027,35.268625648551364],[128.52791451050683,35.26822175539797],[128.52169718441007,35.26996686733592],[128.51868623946208,35.26866887324478],[128.5110472488762,35.268994978807925],[128.50871049488285,35.27054654617679],[128.50747261522284,35.27307142342935],[128.50326846711746,35.27340355421294],[128.49739835110742,35.27564341934099],[128.4908105456067,35.27369102128935],[128.49097841957317,35.26557384566709],[128.48859033674984,35.263586588679196],[128.4851956635125,35.2575954535072],[128.47868657877223,35.2530695349489],[128.47582885494657,35.24778545264975],[128.4743784763069,35.241374743687075],[128.47580965164366,35.23773463814706],[128.47507220547288,35.23390204333329],[128.47533713321812,35.224753421520035],[128.47420791638706,35.222347267818556],[128.478430134167,35.216200363585415],[128.4789786634307,35.212575850228646]]]]}},{"type":"Feature","properties":{"regionCode":"48740","name":"창녕군","parentCode":"48"},"geometry":{"type":"MultiPolygon","coordinates":[[[[128.48775166703297,35.38805290334437],[128.48109283925055,35.382123692124836],[128.4787895354451,35.38116523824967],[128.46804344756112,35.38031464869854],[128.46398214819973,35.38070443615443],[128.45483079745907,35.38249073869004],[128.4462146227128,35.38520471623774],[128.44187163265795,35.38744243776568],[128.4365176917945,35.39239967350115],[128.43121339636673,35.403251000419644],[128.4293328142397,35.40830100466521],[128.4263041852613,35.413641483287414],[128.42279185972302,35.41686142127436],[128.41781198961135,35.41823437134403],[128.40827498035276,35.41888294497715],[128.3961838980069,35.421760265899394],[128.39191745688044,35.423606116791206],[128.38516445133791,35.4280603702591],[128.37621768182254,35.44038163413444],[128.37448402680545,35.44512019735463],[128.37527441431297,35.45206490045989],[128.37721710406282,35.457214887094665],[128.38031962666,35.45881586214931],[128.3916289042573,35.46111410918147],[128.4083131431525,35.46724718319522],[128.41493983918244,35.470987810554696],[128.42131391773063,35.47621359005018],[128.42385848079059,35.479591606613454],[128.42595230478037,35.483323998126025],[128.42590806606907,35.48836913961002],[128.4238156858006,35.49190673572592],[128.41651785358664,35.49703576887037],[128.4104327903569,35.49918167959325],[128.40227106816215,35.5028759651683],[128.39779324351832,35.50568748708775],[128.38294526961351,35.51239247091591],[128.37929900564393,35.51429372907736],[128.37391965199103,35.518347878790216],[128.37223759116577,35.518957035687244],[128.36303932944838,35.52542813238676],[128.35276253670727,35.53493164341645],[128.35019856759504,35.538632548831096],[128.34882492495498,35.545974327015784],[128.3491501429788,35.55019541433645],[128.35029055953478,35.55303491233363],[128.3599881580281,35.5676366470333],[128.36173054280317,35.57800749877753],[128.3584230578342,35.58689979865626],[128.35519561554767,35.590917795249915],[128.35229587342783,35.60302943983829],[128.3518942461423,35.60674807991248],[128.35383306609688,35.61002137578181],[128.35912937333313,35.61176546229258],[128.36234678654395,35.61189343129063],[128.3707652337326,35.61116289159724],[128.37289671549337,35.60843198748184],[128.37727420004708,35.60692294124775],[128.38166853351368,35.60676578577469],[128.38471782953968,35.609977911558126],[128.3878054100211,35.610153286154706],[128.3956501837616,35.614258608659696],[128.39939486159014,35.61592490130713],[128.40492938415167,35.61573011077935],[128.4065265454769,35.61467610762075],[128.41099825306398,35.615340973649054],[128.41525745544868,35.61889492918093],[128.4176263157491,35.621745620705866],[128.41957616435434,35.62036582347164],[128.42351958564353,35.62046259415516],[128.42660333910155,35.6235393234601],[128.4319104715499,35.62357948777567],[128.43793982618732,35.631297136270696],[128.44619595832177,35.638186425072085],[128.4501806890569,35.63802836780129],[128.45428463061623,35.637225252447244],[128.45731250491585,35.63962527058081],[128.4611264536466,35.640614724514286],[128.46343737289226,35.63813002999753],[128.46693889177968,35.63637556334705],[128.46981058325449,35.63634346254167],[128.4776523369024,35.64043289512306],[128.48062070652958,35.63953766226452],[128.48285734289783,35.635738376733734],[128.48624311798338,35.63557787347962],[128.49779778911267,35.63899414905659],[128.50286472447115,35.63869407274602],[128.50621309381822,35.63959320800858],[128.50988549114695,35.643005742644064],[128.51061045956294,35.64657055985756],[128.50681391599568,35.65014840497954],[128.5081981620008,35.66356387412023],[128.50926241602787,35.66895410808915],[128.5073516034357,35.67206549321414],[128.50912744110977,35.67458477169093],[128.5158192651686,35.67573509862125],[128.51909850322826,35.679629237050904],[128.52641436462469,35.68237968937188],[128.5284563207797,35.67953791916888],[128.52673954839128,35.67705088830203],[128.5263784544224,35.67419956683743],[128.53085539303953,35.6653951666801],[128.53145551879908,35.662170906676494],[128.53549522052057,35.66200486272766],[128.5368762618555,35.66096218454355],[128.5383365239031,35.65488552273461],[128.5376545699184,35.65073235996997],[128.53471833146003,35.6437994413841],[128.53646904581115,35.63932057334793],[128.53822365258605,35.63196834419859],[128.53580261313576,35.62732863097291],[128.536502908741,35.62365366519475],[128.54158126916934,35.62092165775698],[128.5475043414351,35.61908901569114],[128.55048486011933,35.61701475454288],[128.5562359580621,35.61670644173254],[128.5580487978828,35.6149423863073],[128.5591842806843,35.60981675345631],[128.5596854389683,35.603253948011634],[128.56454778432746,35.60250494494181],[128.56746723511262,35.60122118990795],[128.56756755604593,35.59952932466797],[128.5722752307791,35.5974926759444],[128.57426287292287,35.59221353600516],[128.58481839115916,35.58619819630019],[128.59343594762274,35.58432803156002],[128.58861160256873,35.58230219510313],[128.5853006495774,35.57978092080046],[128.58639475702267,35.57314998689394],[128.58399965564192,35.567008904605295],[128.5885319124803,35.563862629696025],[128.5895972785535,35.56107047284677],[128.58879859596868,35.55741248678871],[128.58649442279562,35.55632232016527],[128.58560536195972,35.553862966860194],[128.5877418683744,35.54923182724743],[128.5875311525933,35.54772189989399],[128.59373583469696,35.54048640680243],[128.59123146763432,35.53677936757383],[128.58589259737903,35.53891254809333],[128.58018515647788,35.53885093962153],[128.57713688203924,35.53703887592223],[128.5819318774331,35.53492280600885],[128.58373464766035,35.529230644876584],[128.58228969676634,35.526991781199364],[128.5824116764151,35.52426751689064],[128.5849015403518,35.520876733779694],[128.59157907989024,35.516901438617126],[128.58915967895808,35.509356779470906],[128.58671348097897,35.507401874911565],[128.5858533176529,35.50506131285553],[128.58220901481891,35.50453098837082],[128.5775583154547,35.505743484326466],[128.57467171316472,35.50189567834404],[128.5710705169822,35.49228743088491],[128.57331647841355,35.48856987487395],[128.57165269966606,35.48569825930567],[128.57324129830246,35.47919575426347],[128.5727573709653,35.47804931971817],[128.573703826721,35.47230555151595],[128.57730841978903,35.47034543743677],[128.57935024529482,35.4659924827158],[128.5772171855438,35.460309797607664],[128.57809817849736,35.45911181464471],[128.5830030645709,35.453822918640775],[128.58898855101975,35.452330471691056],[128.59524611422592,35.453026100629906],[128.6061302900979,35.45019752924499],[128.60823475053715,35.44799172548343],[128.61502530397402,35.44593248580397],[128.61757169047766,35.449121415464504],[128.62320336495102,35.451593086852476],[128.62602345891477,35.451714080711994],[128.63099548539287,35.4490874983591],[128.63353950099648,35.44458657992295],[128.63442705646742,35.436871613267044],[128.63614047273626,35.43476781334768],[128.6446707984171,35.43275061161388],[128.65106793412272,35.42552322941289],[128.6503313901537,35.42084501272537],[128.64710924308986,35.416004578670275],[128.64582400281546,35.41269863609051],[128.6481369118015,35.40060315534731],[128.64706277937177,35.396481644020895],[128.64370198487515,35.391745198405694],[128.6446225775362,35.38862010418541],[128.63866848969954,35.38652649838427],[128.6390860094911,35.384250836977166],[128.6498367869435,35.38516500999329],[128.65160759824866,35.38256813747556],[128.6475761974447,35.37941453800208],[128.64961717558077,35.37654680285837],[128.65617436739964,35.37262987497417],[128.6502703567944,35.37139407829297],[128.64310952213484,35.37239449635466],[128.63067802717129,35.37605522581599],[128.61780528049528,35.38051192980363],[128.61318608891435,35.383221817909146],[128.60878362492437,35.386940450019516],[128.60239698371535,35.39326052769922],[128.6000651113789,35.3942471996806],[128.5970169784019,35.39352548434535],[128.5915266293913,35.389324535632724],[128.58547484622414,35.38254248605005],[128.57967828048876,35.37958441781843],[128.57698397717112,35.37916413022291],[128.56953104648343,35.37864949232539],[128.55359296731157,35.37891488898154],[128.5473504072818,35.38118895250547],[128.53843758603975,35.38805264046456],[128.53398812156047,35.3901826148673],[128.5241022577746,35.3917594974511],[128.51869578929472,35.39443392368925],[128.5120680718799,35.398146348310405],[128.5089549985194,35.399115344074296],[128.50349012871808,35.39858712990307],[128.4979583617931,35.39555837257702],[128.48775166703297,35.38805290334437]]]]}},{"type":"Feature","properties":{"regionCode":"48820","name":"고성군","parentCode":"48"},"geometry":{"type":"MultiPolygon","coordinates":[[[[128.1822916018284,34.88926491315702],[128.18121202182098,34.88411846566576],[128.1788411025543,34.88451794468626],[128.17604730655094,34.88670791405765],[128.17749416292418,34.89171088771474],[128.1822916018284,34.88926491315702]]],[[[128.24952379475715,34.89409461911085],[128.24999749478857,34.896244681776984],[128.25399582637854,34.895614798745136],[128.25483724213572,34.89423175795513],[128.25291913230407,34.89144796371581],[128.25113397142525,34.89133648031579],[128.24952379475715,34.89409461911085]]],[[[128.22039828517632,34.92846828487113],[128.21980561308916,34.931209704624365],[128.22085950482847,34.93289252543723],[128.22483691562718,34.93422027058923],[128.22727872608175,34.93341409878984],[128.22736532584588,34.928593573593716],[128.22412637534495,34.923676302475414],[128.22016874130986,34.92365093177396],[128.2176691453814,34.9258904125821],[128.21793732226178,34.92797191037417],[128.22039828517632,34.92846828487113]]],[[[128.26378123551996,34.93056633448544],[128.26238503818138,34.9281353181347],[128.2607067299682,34.93096398884579],[128.26122565515672,34.933744013369065],[128.2635756905075,34.933425497941656],[128.26378123551996,34.93056633448544]]],[[[128.23055634824559,34.942022832071316],[128.22658050044032,34.94088541774521],[128.2243507587708,34.942486346116276],[128.22468241434876,34.94431203188809],[128.22279713130746,34.946314029471125],[128.21904384148198,34.94468342433138],[128.2191520119597,34.941700783093125],[128.2180177448622,34.93913147438357],[128.21362288259584,34.94260796407157],[128.21039866851936,34.9413364104627],[128.2116644365735,34.93966859796928],[128.20906673613985,34.935938560997506],[128.20751872839008,34.93835922412965],[128.20319079473308,34.94020081383377],[128.2007472800274,34.939878522340074],[128.19598373378506,34.93669427866097],[128.19898990118375,34.93394645165785],[128.20131398347428,34.928477597630796],[128.20435909774395,34.92491015387485],[128.20018792973693,34.91999253471789],[128.19923018428744,34.91526301777177],[128.1968692389984,34.912522302409805],[128.19769320761182,34.90804308277603],[128.20016651260383,34.90153193920677],[128.20321040466922,34.90032312431479],[128.20365260811943,34.89678251811291],[128.20247865589667,34.8941520965019],[128.19915921529017,34.893371906638926],[128.1895448518699,34.89431985542988],[128.18686137438408,34.89395244320734],[128.1864596881802,34.899036568491006],[128.1889833637218,34.90396191042526],[128.18615578988323,34.90542238821583],[128.18664877877143,34.901184065193306],[128.18503569622524,34.89905044301115],[128.1843411756594,34.89475855289298],[128.18049285796928,34.89674987909362],[128.17761039977563,34.899904117399764],[128.178138022435,34.90361148258526],[128.17468565702305,34.905663907591205],[128.17464026961235,34.902472926989084],[128.17575931160766,34.89770753808277],[128.17486409811016,34.895957652655426],[128.1698848856708,34.89633126930523],[128.1686357272571,34.89751564402199],[128.16872552327627,34.90171986907577],[128.16579622697793,34.90173361344018],[128.1635452293844,34.89844783204225],[128.16079942856896,34.90023732684727],[128.15941492538192,34.90266378084997],[128.15937937634445,34.90686782724672],[128.15750551826977,34.90813119933018],[128.1521457064254,34.90358912776779],[128.14667407516419,34.90457496662139],[128.1506589662607,34.89869884016785],[128.14470838820162,34.89922205255187],[128.14277221398675,34.90282120707152],[128.1411367161906,34.90081252518635],[128.14074340608,34.892875815830735],[128.1392016317725,34.89078840844575],[128.13272970147187,34.88773490692166],[128.12882795727762,34.892831226937865],[128.12695393268962,34.894094136138975],[128.12634406552135,34.897914295128466],[128.12179854792683,34.904417591878044],[128.11753053557197,34.90352267923606],[128.1139528834873,34.904723198622364],[128.11095614866173,34.9069303258265],[128.10859197977126,34.9069518865951],[128.10244613366194,34.914169638820646],[128.10331902171976,34.91921379076683],[128.11208614254912,34.923048795970665],[128.1156189700655,34.92116546081369],[128.11946602164485,34.92111632369234],[128.11940073016197,34.92188828324793],[128.1162528828131,34.92630930506594],[128.11432953006613,34.9337423539235],[128.1226685390788,34.93887052786755],[128.12412226434793,34.943431694501314],[128.12317103385595,34.94901211623913],[128.12642913510476,34.95179059612783],[128.13167884822607,34.95815265239597],[128.13428975534367,34.96357309816193],[128.13528528896867,34.96758636739518],[128.1348104757074,34.97061162741937],[128.13352004623513,34.97915141908107],[128.13933623702758,34.98367450764358],[128.1437410573987,34.989552884706015],[128.14820867049082,34.99131099948308],[128.15608301226803,34.98974081084126],[128.16008067709416,34.986265309312586],[128.16339546849713,34.98566295160043],[128.1662716410562,34.98326107542817],[128.1700222042493,34.98445223071159],[128.17052732056905,34.98606289608756],[128.16718446685903,34.98985079837061],[128.16615177218344,34.9942677530867],[128.1646921915779,34.99716666655526],[128.15812213878579,35.0057833230765],[128.15780155808613,35.006918783266755],[128.1605219012982,35.01655750549795],[128.16121170928318,35.022426695191655],[128.16263700041497,35.027390769146095],[128.16510055052714,35.02985653930605],[128.17258507029987,35.0311148626333],[128.17762103959254,35.03662229509837],[128.18128059904427,35.0399020948848],[128.18293749312073,35.04829991357272],[128.18455711539733,35.05029847031807],[128.18888734421378,35.053110783250055],[128.19374941196864,35.0603806534493],[128.19452380877874,35.06345090914331],[128.20212002592712,35.06941514673656],[128.21128830794535,35.07386230768111],[128.21063617082072,35.07562629874138],[128.20496371466808,35.075773423360964],[128.2031467564817,35.07666271369829],[128.19748050459583,35.07620274627929],[128.19300561352188,35.07722809347613],[128.19055820522993,35.076693322998366],[128.1885411357514,35.08232018832485],[128.18902597858866,35.08502052294557],[128.18738290943224,35.08835421480696],[128.18945183434911,35.09573382625476],[128.19160130115358,35.09805281245704],[128.19504619626636,35.09577548265004],[128.19721445142824,35.09605081160072],[128.20087321857685,35.10018620139057],[128.19833778370915,35.10374340451343],[128.2005616401813,35.10803492599277],[128.20666516307276,35.11117802026325],[128.21092884943687,35.11511778618053],[128.21284468301297,35.11407695726527],[128.22413888500392,35.11360099803644],[128.22769835556088,35.11426280448229],[128.228684910767,35.11699454635113],[128.23434648094994,35.116963817065034],[128.2414031318857,35.12086803959178],[128.24288453237065,35.125530736102306],[128.24117732425879,35.12650733606286],[128.24612412233253,35.126919843000394],[128.2473736540518,35.12846902841577],[128.24880100529342,35.127740807453385],[128.25618175571373,35.12669488947562],[128.2602815153231,35.128263655777474],[128.26396683498842,35.12708096789049],[128.2686412055113,35.12996123163378],[128.2695727170668,35.131724424302845],[128.27242406269778,35.13178923315658],[128.2889151039864,35.13141527902145],[128.2951842774331,35.1287806817431],[128.2998121189007,35.12553453639361],[128.3040507567454,35.12709568227107],[128.30696302174175,35.125206536729756],[128.31268828242514,35.12653991951609],[128.3159371474557,35.12954510327873],[128.3240632849367,35.128483939432016],[128.328076828503,35.1243450183217],[128.33283085067083,35.124491119895154],[128.33832569464556,35.12791971621778],[128.34179867107355,35.12671265832405],[128.34794735335942,35.1268355583484],[128.3510267044605,35.12364496938515],[128.35380401460898,35.11830776983373],[128.35293966541562,35.11486507455766],[128.35011743848608,35.111945367693096],[128.35311770601126,35.109670862424316],[128.3574978441909,35.10888841378247],[128.3610046298367,35.10971314296868],[128.3649593641162,35.10836239393082],[128.36683211463935,35.10881567533072],[128.37279902052532,35.10977452147093],[128.3760355799116,35.10822030379797],[128.37921220621595,35.1051986658662],[128.38633005619255,35.102601711448195],[128.38993347531166,35.09878705422923],[128.39050774243745,35.091374289805856],[128.3931075564249,35.087233679428515],[128.39980552211978,35.08355911719985],[128.4011129491179,35.085648532618414],[128.39945700801488,35.087921905197156],[128.39986508550942,35.09042615697298],[128.40834996500035,35.09157102672275],[128.41196407668414,35.09266026124495],[128.41713399793295,35.091458828259476],[128.4202952512011,35.088289364539676],[128.42379357536788,35.088322658628556],[128.42639955065323,35.08703386104156],[128.42828179928992,35.084637422917076],[128.42702986719974,35.08004020006814],[128.42497185602485,35.075820937149764],[128.42736716866915,35.07087801877278],[128.423403501917,35.061191999208425],[128.42242250111207,35.05629189930032],[128.41931456580696,35.05472563842367],[128.41523603723329,35.05524315412471],[128.414587263675,35.05678516750165],[128.41737765425552,35.05988752093366],[128.41529166423575,35.0621024864918],[128.41150816911443,35.06167977078903],[128.40971862603837,35.05834746472717],[128.40310309050207,35.058334890380586],[128.4009618607617,35.05457060195939],[128.396823962865,35.05315797337133],[128.38395436637788,35.05056179931365],[128.3836778758621,35.04649464038121],[128.38120055511354,35.04644515158505],[128.38051914026707,35.048724165385806],[128.37560931312836,35.049933591696565],[128.37344340754154,35.049637472318295],[128.3741016321677,35.043318751676004],[128.37273178473006,35.04204278211645],[128.37575712196076,35.03937154804958],[128.38019772506937,35.03957613492068],[128.38226448395937,35.035335288765964],[128.37734428158817,35.033751102986294],[128.37673828918406,35.031610218197436],[128.3740841082753,35.02971516409675],[128.37247339523228,35.031461481574965],[128.36946333304633,35.03122632120181],[128.371119583676,35.02572657002979],[128.36291008809718,35.017673240246644],[128.35818062672064,35.016047057450024],[128.3549901795744,35.009644456923205],[128.35924142033016,35.008718248667655],[128.36011698626868,35.010529338044726],[128.36754081180442,35.01623971967325],[128.3735273848334,35.015410718727544],[128.37732819524962,35.016327768572886],[128.38240233137427,35.01872006588499],[128.3886194929142,35.01716533883745],[128.38771665237763,35.01940421225255],[128.38782412544435,35.02577027897593],[128.38916845878302,35.03507433610761],[128.3991993738819,35.04071027606588],[128.40661984485104,35.04344873156558],[128.40932037071795,35.04293597311604],[128.41475255842633,35.04397044938252],[128.41779188046644,35.04303155714363],[128.4244357451428,35.04586157442176],[128.42788075886992,35.04509417966585],[128.4311351555993,35.047236687048326],[128.43557049421764,35.047911286786736],[128.43842079815926,35.049926199624764],[128.44520580462785,35.05156385823253],[128.44628379573362,35.05340142558833],[128.44197966436832,35.060219321591234],[128.44335823501788,35.065423687410195],[128.44517656167446,35.06817764559791],[128.44770141518921,35.06993185941476],[128.4523176842539,35.07166102235936],[128.45658563208426,35.069627325874634],[128.45915767955483,35.06497048134505],[128.46148773098193,35.064810264979265],[128.468236530701,35.06882611690334],[128.46747349451263,35.075642106008445],[128.46917097839815,35.07608416614314],[128.4774861358857,35.068713892496696],[128.47664495894134,35.06667548307469],[128.48202415624365,35.066081269613555],[128.48287783809093,35.06435262985323],[128.4800188174547,35.061942362783725],[128.47997116312112,35.05929955387788],[128.47550276495193,35.0557557668725],[128.47545888706384,35.05439807642741],[128.4809272603687,35.05433150151459],[128.48243010883309,35.05292536957566],[128.48007200989562,35.04704657660606],[128.47813741538792,35.04680580698953],[128.46914570629193,35.047707939627365],[128.46483061911673,35.04928003405237],[128.46113516799713,35.04952282979385],[128.45957208161968,35.04755906153675],[128.46321330812395,35.04427705167167],[128.4648214550203,35.04425766176581],[128.47159809383328,35.040937546654085],[128.47240436872988,35.03656614892269],[128.47442741527544,35.03726853749844],[128.47483205130365,35.041889591091284],[128.4783650933534,35.04158229093981],[128.48635412152,35.03864311748661],[128.48577337693447,35.033211730918524],[128.4823621794784,35.031336937742395],[128.4823877375181,35.02829672045287],[128.48614103262454,35.02686304113134],[128.49133800598995,35.02346907942664],[128.49687863840975,35.02307049533468],[128.50165228888062,35.02030209710183],[128.50344912768472,35.01743820252346],[128.50282970513774,35.01433984082008],[128.4960287440146,35.0117142983984],[128.49704714926014,35.01024788839427],[128.49342842560768,35.005759607875],[128.49092381061536,35.005063441838594],[128.48822834495448,35.00714513448427],[128.48645506496587,35.01133023609333],[128.4836133440262,35.009778916534536],[128.4845723117074,35.00500904293035],[128.48351203836955,35.00416289082222],[128.48478525409945,34.99899265301758],[128.478743799601,34.99827330985898],[128.48054337715627,34.99554187805041],[128.47856132413395,34.992592161048414],[128.47302735712637,34.99325414330044],[128.4679575582626,34.99741282167117],[128.46520578817783,34.99654066554701],[128.46895323106583,34.992297251932186],[128.46770584710214,34.989155112480425],[128.46327817336336,34.98736553842678],[128.45768969690852,34.990861755229425],[128.45478170649025,34.99003749432399],[128.44991962957036,34.99234252535655],[128.44677988140785,34.99204951916702],[128.43925286066263,34.99365888811399],[128.42929653538374,34.992851197410864],[128.4226256084209,34.992863394349406],[128.41521017667594,34.9963203926276],[128.41368216248816,34.99627209305741],[128.40784407803437,34.993519945085644],[128.40793033820148,34.9888311111529],[128.40571946503792,34.98645117457674],[128.40820550702168,34.98285288881747],[128.4124545548169,34.98579109168631],[128.4182277507789,34.986810227083346],[128.42556652835427,34.98559918546162],[128.43437940829682,34.9850686975687],[128.43652133604164,34.983452650769884],[128.44127425779376,34.98277558596661],[128.44390169085958,34.97657540197685],[128.4429447613135,34.97281368747927],[128.43318298687674,34.975542838128824],[128.4323103074002,34.97648415157531],[128.42346316739562,34.975324621122006],[128.41868680093359,34.97108909560527],[128.41558388116056,34.96667144505992],[128.40521434131338,34.96861595277985],[128.40083060495144,34.97062893232557],[128.40046958204707,34.96430232930176],[128.39264202161343,34.9635259257085],[128.38895556319594,34.96083978284676],[128.38938385922268,34.957098496332634],[128.39114126609542,34.95187584489664],[128.38625016949285,34.95096800156322],[128.38342035422875,34.948462795057296],[128.3827219768897,34.94741697872832],[128.3776756798746,34.94597335941051],[128.372290256802,34.94532183259518],[128.3704749277796,34.94617770530297],[128.36076663298425,34.94377578717458],[128.34754440378956,34.93989190926743],[128.34415682454116,34.93735101578596],[128.3425636377264,34.939101037504486],[128.33603458268496,34.935543043395924],[128.3350613987482,34.9368102308676],[128.3401109028023,34.938808986028974],[128.34214160501188,34.94295498272689],[128.34046571250363,34.948358418576184],[128.33719385458394,34.94575382452445],[128.33390081429656,34.94447364132],[128.3298107033937,34.947869131543925],[128.33160798218134,34.95373773768711],[128.32411256779585,34.95808810584023],[128.32166406959965,34.95799256939689],[128.31977692365615,34.961002433034565],[128.31777047651914,34.96142531117935],[128.31750617396102,34.95655214260132],[128.32082423747494,34.950054276558355],[128.32080524707547,34.94401530496821],[128.3170731485924,34.94405578395658],[128.31456060949586,34.94254747275965],[128.3144871894258,34.93794175911698],[128.30720234555832,34.93949179716253],[128.30683662028125,34.93604087432098],[128.3017963249157,34.936926647342894],[128.29999002629123,34.93579434355406],[128.30166721404385,34.93052252756248],[128.302915324536,34.92408106138404],[128.30279315516876,34.921267257868145],[128.30524108644704,34.91874583516813],[128.3019492387228,34.917053662421075],[128.30055027516272,34.912142209972025],[128.2952577443348,34.91370273308799],[128.29536801567878,34.91082248242007],[128.2911470430555,34.90933183285582],[128.28711856945262,34.91020626218709],[128.28392889669948,34.91503843592131],[128.28191697182126,34.9156354580354],[128.28119092078526,34.908925258210076],[128.28317881937227,34.90679296879201],[128.28314104523557,34.904362154735196],[128.2777737189152,34.904098731618724],[128.27402758578884,34.90311432480041],[128.27280468209693,34.89941629561869],[128.27055695736226,34.89982366955506],[128.2707104571595,34.90474851074135],[128.27438780128244,34.906309553680096],[128.27407477535053,34.91011893245259],[128.27064788457326,34.91155677182652],[128.2666135833512,34.91159884215201],[128.26564549499682,34.9150062095329],[128.26764474881045,34.91834452225357],[128.26075728251348,34.92292037103841],[128.26179953365323,34.9243444394836],[128.26016720141303,34.92680435105142],[128.26411651050003,34.927221439983754],[128.26864774363028,34.93009071316791],[128.26789261796702,34.93145736089461],[128.27001133584574,34.93496059729194],[128.2671070775263,34.939440431696596],[128.2640327738261,34.93696389428907],[128.25889459092605,34.93970635877924],[128.25715493897485,34.935866844339245],[128.25288982035326,34.93925965009956],[128.25060447358047,34.943088611794565],[128.24819503082674,34.94280893962566],[128.24866626112936,34.937273513104195],[128.24519043246914,34.93578697381166],[128.24371480190277,34.94016566447927],[128.2456492636289,34.941668037621604],[128.24531299504167,34.94390399894297],[128.23907892828566,34.94356176495335],[128.23791568007823,34.940021855272725],[128.23508443070267,34.94209803023891],[128.23055634824559,34.942022832071316]]]]}},{"type":"Feature","properties":{"regionCode":"48840","name":"남해군","parentCode":"48"},"geometry":{"type":"MultiPolygon","coordinates":[[[[127.93988294312572,34.73154410794158],[127.9419467393266,34.73086139972289],[127.94325594120028,34.72847668059048],[127.94345456852314,34.7247912112448],[127.94230226001142,34.723130301396864],[127.93828790049704,34.72366198114188],[127.93335510016378,34.728157549786616],[127.93563852993184,34.73101029313451],[127.93988294312572,34.73154410794158]]],[[[128.00743938448315,34.71937471926653],[128.01109029982126,34.71799974623933],[128.0116411243662,34.71638144543388],[128.00790801759982,34.710966011482014],[128.0036038325779,34.71221178266912],[128.00354505186087,34.71409495949354],[128.0008825934775,34.71633570438046],[127.99844025329257,34.71655742756748],[127.99523470323673,34.71429750129989],[127.99213408091363,34.71398656671561],[127.99022796997777,34.720037475779264],[127.98639783742972,34.71954777720951],[127.98489177366642,34.717783352983865],[127.9856588014172,34.71358068960078],[127.98726533019567,34.711300988070825],[127.98460356923584,34.709117070115724],[127.98004273007018,34.709582618628495],[127.97876257054581,34.711216344081535],[127.97121918001241,34.71074480889651],[127.95916433876575,34.7085740670256],[127.95626323750437,34.709457949249035],[127.95350308307071,34.7130599900974],[127.95274414199739,34.71537733777465],[127.95475070784653,34.7178996609515],[127.95756364849692,34.718874711324304],[127.95540350459261,34.72212285592937],[127.95042683086542,34.724110566584194],[127.94935347990554,34.726339700356476],[127.95162468570382,34.727966956787256],[127.94741852279103,34.730106780621014],[127.94590910278951,34.73265651763023],[127.94655397098268,34.7410360405939],[127.94380260993678,34.747026682990956],[127.94563683177006,34.750202423773416],[127.9460835349861,34.75716689808451],[127.94801822035136,34.76571030807001],[127.95109729631284,34.76985192299306],[127.95397465987486,34.77240454753953],[127.9529962877001,34.775214503261964],[127.94916112877108,34.77728934429399],[127.9431879244181,34.777918173520675],[127.9399558629238,34.7757701626274],[127.92902319141734,34.77585395255798],[127.91978737815737,34.771531146877656],[127.91826179927237,34.76885228674396],[127.91133282467302,34.76894227670539],[127.90831374754254,34.768258950433236],[127.90414223811278,34.765670881668804],[127.90445647453485,34.76282174606583],[127.90688554409816,34.75762253638888],[127.90540019467996,34.75437702009991],[127.91016529318124,34.748170073797276],[127.9101210264026,34.74412794189981],[127.91338627601326,34.73971944588422],[127.9127963137014,34.736285295160954],[127.9103312576494,34.73180575276579],[127.90601760563236,34.72719422446305],[127.8962841885586,34.72417033745703],[127.89230995323568,34.723323303180784],[127.8915806716506,34.72134266589679],[127.88662913476671,34.72178761063715],[127.87999564560275,34.72388001461653],[127.87446797171499,34.726781896053616],[127.87071661862319,34.72692554157117],[127.8671675296983,34.72609762302281],[127.86548041990699,34.72727782790127],[127.86024211880232,34.72743168371372],[127.85699716538541,34.728622745580644],[127.85886222502994,34.730946071315955],[127.86177439645105,34.731801700272676],[127.85968880301125,34.73555473115451],[127.855572140238,34.73464907639092],[127.85211380351983,34.73578309358074],[127.85101607950914,34.7392370015849],[127.85521359526764,34.74109977489334],[127.85524664394525,34.744312159080316],[127.8517470107662,34.74836699413527],[127.8491397153835,34.749670212012205],[127.84684776749839,34.74717446253336],[127.84387386826943,34.74725347959918],[127.84134279327306,34.74909894770605],[127.83758799899293,34.749007956881265],[127.83618446278147,34.75030262786725],[127.83525632336563,34.756617365049024],[127.83597284761166,34.757430200606535],[127.84178625204387,34.7579159357107],[127.8420313047537,34.7611268372266],[127.84346841708658,34.76313159594789],[127.84053707735974,34.76747421328286],[127.84600237683475,34.76848781872328],[127.84686257411617,34.76947483402086],[127.8520321107098,34.769263604219574],[127.84876112967531,34.77501065133598],[127.84766040599884,34.77823090556814],[127.84455914419063,34.77982949935102],[127.84631312101287,34.785074290461964],[127.8449180481586,34.78724516461239],[127.83894363894136,34.789146682571705],[127.83621413948346,34.79105382264064],[127.83390252888253,34.79621268730686],[127.83564030983666,34.799785327804365],[127.8348200146613,34.80283000287151],[127.8323673097038,34.80339224579837],[127.83093182401801,34.809853357686656],[127.8278165095228,34.81100186970865],[127.82809423336217,34.815981337046026],[127.82117668978627,34.821342592088904],[127.8167180909246,34.82807115324141],[127.81271792808076,34.83542635732151],[127.81169276523613,34.84017817957269],[127.81259713597032,34.84699208312178],[127.81106634478594,34.84951552550458],[127.80722053793806,34.853474944615115],[127.80904390267216,34.85611226256028],[127.80650165584802,34.85737591772332],[127.80974044702714,34.859614237562894],[127.81052252004989,34.86218051667557],[127.8095961948279,34.864212696761186],[127.81347699065094,34.86434269602199],[127.81605468489704,34.86666316989868],[127.81711934696294,34.869071690785056],[127.8161130910207,34.87258500944327],[127.81880116846403,34.87646316314326],[127.82122027127043,34.87652052333763],[127.82275702208625,34.8745663196997],[127.8267274974555,34.87414982959101],[127.82962883892465,34.880363994485826],[127.82463185299085,34.88226809450161],[127.82427039517174,34.88398486009058],[127.82911882954888,34.8861338059677],[127.82969310727168,34.887812490541684],[127.83306278699689,34.890407982300395],[127.83302521484086,34.89257931738745],[127.82874448034124,34.89264117372862],[127.83097301734605,34.89546634225281],[127.82871810034901,34.89989566734048],[127.82559944660319,34.89924757365612],[127.82558057679974,34.90331235060566],[127.82863649141447,34.9036180663287],[127.83163602198243,34.902259069064726],[127.83099953927993,34.900076004686134],[127.83616558136849,34.89873670969063],[127.84206689060998,34.89835125431218],[127.84134066210166,34.906515580846076],[127.84415485234553,34.904779704637036],[127.8444483582115,34.90175418933571],[127.84727502061124,34.90103205409686],[127.85062562280689,34.902821511206675],[127.85796004657782,34.90272606832847],[127.86205064167966,34.90144572677052],[127.86432868243052,34.903999927896876],[127.8577149380952,34.908947220807065],[127.85226499322279,34.91126893093336],[127.85667658751504,34.912843828343455],[127.85615827978422,34.91422453865479],[127.84988756417987,34.914278619746646],[127.85234547906053,34.917771500564925],[127.85421870248074,34.922200498299745],[127.85829248177737,34.92228566064714],[127.85457934024406,34.92580279590557],[127.85357750545533,34.928074954168515],[127.85901348038047,34.92950863627772],[127.85648839302294,34.93171202596993],[127.8570508640378,34.933670628632875],[127.85981930491691,34.93400792901524],[127.86234603957439,34.93155062579407],[127.86426342305451,34.933454979388564],[127.86452813199547,34.936452360674735],[127.86629217348964,34.93897663039807],[127.87041453645863,34.94232964487795],[127.87334330582267,34.941229014731945],[127.89089356829217,34.94712988351269],[127.89542360331113,34.94641109469362],[127.89895997693039,34.942875928804405],[127.90542521532109,34.94101597090607],[127.90904122386348,34.94157273884368],[127.91047846594059,34.93875626810924],[127.91298411194599,34.94181789498847],[127.91798445404474,34.93960725716451],[127.91823135126631,34.94200127438599],[127.92312706205959,34.94208502537946],[127.92577501483868,34.939624590041966],[127.9239262679089,34.93640980814221],[127.92175489478265,34.93497436286365],[127.92160355242216,34.93237830729587],[127.92456936562462,34.93062433787244],[127.92810684730986,34.93184567458598],[127.92758119350204,34.92825606846283],[127.92406202094104,34.92647082431842],[127.92769422837303,34.92076605408731],[127.93018105580843,34.915405304290886],[127.93407750488936,34.91496130258029],[127.93973787858361,34.91264285815377],[127.93932010299915,34.91063118764716],[127.9346119445422,34.91333229021888],[127.93028224776597,34.91460039207887],[127.92798640148119,34.90910751399657],[127.92900681582525,34.90653595223481],[127.92560129601938,34.90435495787495],[127.92289214508038,34.899395927551566],[127.92547698397507,34.894264527473446],[127.92513285677786,34.89129258028737],[127.92064876624086,34.88988725565329],[127.91840937480755,34.88816052209006],[127.91371437366081,34.88873959090467],[127.91019201949963,34.88643107729383],[127.91011043873631,34.88322277112924],[127.90527774626567,34.88185145601525],[127.90383506317227,34.8849327210477],[127.9012958711386,34.883672156166355],[127.901527369406,34.87996020962159],[127.90199410397975,34.87837744457653],[127.89856486962154,34.87501074986166],[127.89839162806409,34.87258288963752],[127.902414059107,34.86499804836113],[127.90270836412306,34.86045050649187],[127.90586184874792,34.857323432667606],[127.90852167663043,34.85215722835458],[127.91161313824736,34.85022641460949],[127.9143969667292,34.849946423272094],[127.91456175741519,34.84520567399748],[127.91738590574363,34.83551478950387],[127.9214733615408,34.83507777728008],[127.9264420832107,34.83075293068889],[127.93200563988684,34.833518873717125],[127.9366289491431,34.83163588165437],[127.94044030110007,34.82788493574988],[127.94281052545078,34.82973678304101],[127.94472112174061,34.82806608631066],[127.94209206045436,34.82543537844333],[127.94254161458963,34.821837602553444],[127.94139398668406,34.8157151986298],[127.94343875344146,34.81446272713753],[127.94427152775056,34.80974356944404],[127.95438079264855,34.8052463924388],[127.9596526417865,34.805770156406396],[127.96328624964761,34.80813612261039],[127.96579430776606,34.8087002702423],[127.96400865858132,34.81147187457655],[127.95851176768666,34.81368139352214],[127.96554655314421,34.81584713629609],[127.96960305534218,34.81574088895457],[127.97105651917431,34.81751798506181],[127.97838575673379,34.820535854584534],[127.97438955306063,34.82244196857628],[127.97629989524086,34.82552035733201],[127.98855871034417,34.83038714995348],[127.99000895043946,34.833039861980225],[127.99795036019546,34.83327784637095],[128.00821351214324,34.8310133083523],[128.01161132813408,34.832377947898244],[128.01761425763897,34.83039014050987],[128.01886331491932,34.83334696254346],[128.02209047330803,34.83277492604922],[128.02792377719578,34.83490585962083],[128.03122442988231,34.83433296711142],[128.03235180862157,34.83042400221104],[128.0399785066748,34.829026909052736],[128.04171874428485,34.827134782881174],[128.04759859927492,34.82538879448294],[128.05178365966145,34.82504996004109],[128.0560066840657,34.82192506449793],[128.06056261705325,34.82186763451219],[128.06417394614095,34.816931085199826],[128.06369808224048,34.81421022125184],[128.06603150944,34.81279704320586],[128.06334668171664,34.80973212191019],[128.06212606565947,34.806230523416914],[128.0629665868271,34.803013714193966],[128.0651209743919,34.80047584376343],[128.0615964299469,34.799449124437764],[128.05542636885772,34.80181929214657],[128.05238279488478,34.79976749787181],[128.05128680189446,34.79482714192379],[128.05588734919942,34.79257298862249],[128.05836391816393,34.7923130373323],[128.0563251370966,34.78800416904063],[128.05368009639275,34.785177103243015],[128.05019170841123,34.78384450741868],[128.04891499071937,34.780925697724605],[128.0503788376405,34.77903938376526],[128.05024425185866,34.77394981207673],[128.05467013556125,34.7696626215217],[128.05451338819853,34.76478169635719],[128.05411605580096,34.759634139779294],[128.05449401202853,34.755353148831134],[128.0572149079052,34.754022510747],[128.0589817948171,34.75133360409353],[128.0567753569325,34.7477879850551],[128.05696123198402,34.74540987503642],[128.05412938002652,34.74365199873534],[128.0497272799477,34.74303642275884],[128.05040358514546,34.73954961073672],[128.04260233880078,34.73783415725824],[128.03930771408764,34.733584535523335],[128.03594918472334,34.7314575934346],[128.0356159653654,34.727836233526986],[128.03674009140911,34.725568993497006],[128.03470150327692,34.72380389144643],[128.03561400228702,34.721894932328674],[128.0419145484723,34.71893003973703],[128.04424199826428,34.71501907337424],[128.05357846792955,34.71514928598289],[128.059915732566,34.71007480394626],[128.0580338048795,34.70907703816417],[128.05345521682344,34.71148289893292],[128.05349288926942,34.708193877458726],[128.04916529177257,34.70651423179499],[128.04668815364573,34.708442193183664],[128.04274619586468,34.706546630693815],[128.04538193375026,34.703993082777],[128.04466785687757,34.702421519013306],[128.03675397206135,34.70244064215361],[128.03518936597493,34.70390512662664],[128.0365229463684,34.70742505823197],[128.03395205825936,34.708111436147135],[128.0270766876515,34.707324574673464],[128.02808543168,34.703443101252375],[128.02484321342808,34.700486309488],[128.01939739581323,34.701567757970274],[128.01946816648075,34.705018909397154],[128.02187994718832,34.70673890464206],[128.02108736213,34.7105707520989],[128.02578447509137,34.717948783638825],[128.02428339463745,34.72069851027684],[128.0206303654281,34.722897241671866],[128.0139587306128,34.723968706140376],[128.0095191586534,34.72246307282512],[128.00743938448315,34.71937471926653]]],[[[127.82021696045722,34.91252724746884],[127.81669148709359,34.91255094693617],[127.81688060453823,34.91571134682436],[127.82130120096868,34.91572491738495],[127.82021696045722,34.91252724746884]]],[[[128.06327250161124,34.67907170067007],[128.05907097564057,34.68000894120176],[128.0599824220029,34.68255302536884],[128.06327411211956,34.68157365313564],[128.06327250161124,34.67907170067007]]],[[[128.04938691645202,34.69135827566022],[128.05177852372444,34.68868560081181],[128.0509812340924,34.68316310820319],[128.04664944885897,34.68099859773358],[128.0436397522092,34.682725716886516],[128.04290767564328,34.68478358441651],[128.04492545366176,34.69097123501376],[128.04938691645202,34.69135827566022]]],[[[128.03295274673616,34.69400914885926],[128.0368700841714,34.69436094790378],[128.03730545690252,34.69276761346706],[128.03464564070367,34.69038544999559],[128.03295274673616,34.69400914885926]]],[[[128.05732445338467,34.69849553173665],[128.05760580357028,34.69584397691585],[128.05492273942983,34.694072413864994],[128.052342883002,34.6937611405479],[128.04733508305176,34.69498868584376],[128.04766974520507,34.6978244304854],[128.05068392101109,34.700150325102754],[128.05547354545615,34.69991599175359],[128.05732445338467,34.69849553173665]]],[[[128.07359359676764,34.75180624294865],[128.07172865100523,34.75010094185464],[128.07001901961917,34.75105415242394],[128.07158777590595,34.75672030458485],[128.07388209705218,34.75672450439089],[128.07359359676764,34.75180624294865]]],[[[128.02689058991405,34.84426385235485],[128.03110284337225,34.84295363610087],[128.03101457110319,34.84050287340405],[128.0267024583329,34.84160910841133],[128.02689058991405,34.84426385235485]]],[[[128.0263532437065,34.90229770161214],[128.01932905108484,34.89739422880584],[128.0166493415165,34.894514313345844],[128.01504151750328,34.88560304713732],[128.01375240016472,34.88109376711081],[128.0102369644981,34.8746652858283],[128.01002707502278,34.871909800914736],[128.01121409515113,34.868098376432094],[128.01347566535748,34.86577372173431],[128.01789023150317,34.86644644704005],[128.01979625522853,34.86381839693023],[128.02512976369687,34.86761921309212],[128.02093109118613,34.873368391853724],[128.02013797570396,34.87723884543953],[128.02142980595877,34.88194431415533],[128.0237445530514,34.8838399327812],[128.03074123555248,34.893677357556015],[128.03422366882933,34.89727572105529],[128.03714845392895,34.8985568875559],[128.03896734212003,34.8960018412253],[128.04349135772782,34.89828499046789],[128.0479723876318,34.89715812296915],[128.04802555186467,34.89440046339973],[128.04209889342883,34.892709955919074],[128.04312351389635,34.89067559401415],[128.04727268993727,34.890633915750485],[128.05065490224462,34.886302443455875],[128.0552401640911,34.88528656273785],[128.06036186888898,34.88304331033213],[128.0609048445067,34.88076129726639],[128.06411384256205,34.8781418921091],[128.06236507173742,34.875644298366886],[128.06449989770772,34.87084176858688],[128.06700060672833,34.87033816106982],[128.06530122993783,34.861681785696284],[128.05975927813589,34.85959673659118],[128.0578384436609,34.85968226664655],[128.05354942913982,34.853318245252794],[128.05452978463111,34.85194463759014],[128.0581450466255,34.85327740838433],[128.06051162316024,34.85570913088658],[128.06310368702052,34.85526790189535],[128.0624319772203,34.85093495402894],[128.0603406850946,34.84618869337354],[128.06406551136135,34.84384530541362],[128.06916065089376,34.84535816708399],[128.07684235071008,34.843930914808475],[128.07687844761685,34.839123824410386],[128.0813051931869,34.839159313458225],[128.0850215762314,34.836743978453846],[128.08472259189958,34.83224758363942],[128.0873645386852,34.8301260762061],[128.0869622911866,34.828385299789026],[128.08275980059045,34.829017437260106],[128.07749661960727,34.82827114351057],[128.07756635698522,34.831704627102525],[128.0756792684469,34.83404442755298],[128.07118957052322,34.835756636980385],[128.07035203212794,34.832046999176995],[128.06683548286006,34.830498135898324],[128.06344973607878,34.83034187992606],[128.0622556497541,34.83397637512586],[128.05630300498194,34.83597955606798],[128.05385008021048,34.838231013258074],[128.05078116975972,34.83639903507807],[128.04648351226092,34.83550676513897],[128.03965253870481,34.83946813026818],[128.0366152973603,34.84014447969805],[128.03169061598376,34.843252816762565],[128.0248490778997,34.84647002925231],[128.0234885579797,34.84592392439991],[128.02299028268544,34.84211816008993],[128.02454068534607,34.83978202478562],[128.02092329073085,34.83916190755517],[128.01650044503504,34.83724746277768],[128.01234085481113,34.838397207376985],[128.00516462888868,34.83615837003821],[127.99422432395282,34.836515779636834],[127.987271627653,34.836403684490506],[127.98239253538085,34.838383849023984],[127.97928555678075,34.84099354667017],[127.9775169208329,34.84059846333671],[127.97115501210622,34.84202221968626],[127.96861970385045,34.843563179798714],[127.97015791687744,34.84565759650248],[127.97040535652135,34.848472772319575],[127.96511772960535,34.85249985938401],[127.96289075491497,34.86129475213379],[127.96086743805917,34.86394155008736],[127.96142932356054,34.86973805752126],[127.96697378739803,34.87310904791788],[127.9713889501098,34.87772876408279],[127.97828831158407,34.88009188954673],[127.97860257720696,34.882423471450714],[127.97680536367864,34.884657380171774],[127.97764177476448,34.88642089887138],[127.98074899650652,34.88584653333681],[127.98686649369448,34.89417328501268],[127.99029588772993,34.89495229831887],[127.9900630957037,34.90067611502453],[127.98766408492058,34.90276625569231],[127.99327434149137,34.90400620903132],[127.99592144295143,34.90868431505047],[128.00303290552097,34.91367426056915],[128.00249956594067,34.915246210917026],[128.0066572483685,34.91687919057388],[128.00701003207246,34.919549260415025],[128.01137070901947,34.9207554754832],[128.01893207127867,34.92097368063056],[128.02222514404667,34.919566835298006],[128.02988748492686,34.9222801701809],[128.032169807719,34.920727351943995],[128.03340328317856,34.91951807245555],[128.0328743205912,34.91624620379755],[128.03135757648354,34.91480792615059],[128.0293458949063,34.90902031383822],[128.0263532437065,34.90229770161214]]],[[[128.02831081358087,34.89156843154304],[128.02329834141133,34.88722953963884],[128.02258446657498,34.89237574347326],[128.02497791799047,34.89740841136428],[128.02902605703534,34.90015951648047],[128.03066635534125,34.89605097890708],[128.02831081358087,34.89156843154304]]]]}},{"type":"Feature","properties":{"regionCode":"48850","name":"하동군","parentCode":"48"},"geometry":{"type":"MultiPolygon","coordinates":[[[[127.83864154494688,34.95016789749593],[127.83458943017686,34.94908882408675],[127.83074747922355,34.951141464888956],[127.8280517640926,34.95028481184328],[127.82954045922027,34.94801809095675],[127.82476643052031,34.94643867404797],[127.81852483731504,34.943616473971794],[127.81807724274148,34.94928400143127],[127.81145026408207,34.94711782775093],[127.81407710178642,34.94102129384026],[127.81070662026275,34.93980034201645],[127.80690296270885,34.94369194591067],[127.78986820158819,34.939990630264326],[127.78519781250927,34.9401955988242],[127.78081669740331,34.9443974469347],[127.77936671052109,34.949520925281526],[127.77661971531232,34.953114019969036],[127.77342061355098,34.95483268337439],[127.77155265915827,34.960567335929554],[127.77215089361113,34.96355816604947],[127.7700761557832,34.96685459640737],[127.76679559528105,34.967870745762504],[127.76508653646373,34.97278837402892],[127.76550313065054,34.97513094328852],[127.76808865248707,34.97953056599568],[127.77319595810533,34.98144652504288],[127.77925826231396,34.98689195804694],[127.7777737977399,34.98810708768268],[127.7783024131398,34.98886080581013],[127.7864999520402,35.00878151054226],[127.7871539748351,35.017247759589964],[127.78274606634318,35.02252699808342],[127.7770639540832,35.02562623927713],[127.77196204417221,35.02948160071881],[127.76946826469988,35.034026687884015],[127.76882729605583,35.038176305146465],[127.76916818024061,35.04316216572528],[127.76869340905237,35.050442830217946],[127.76619822594937,35.05520727069611],[127.76277386385001,35.05772859273804],[127.76053872807653,35.05801369208603],[127.75414081425325,35.05644372286888],[127.75087943321972,35.057147884576274],[127.74504859234415,35.0587926716281],[127.74031884743532,35.06196094865809],[127.73929425145185,35.06563302425067],[127.73871300913493,35.0718435675709],[127.73746651769069,35.07808482798002],[127.7347639932667,35.07952909887016],[127.72766923696838,35.079427491576254],[127.71887247763622,35.081631892987936],[127.7164131231488,35.08342413637963],[127.70838565510365,35.0934871637844],[127.70251737295926,35.09841786701762],[127.69460008329773,35.10308139249992],[127.69325553280292,35.106986209418885],[127.693072548387,35.11564254423725],[127.69494391460786,35.12233222089855],[127.69510394134981,35.1297615780459],[127.69285656664975,35.1328318397745],[127.68913769593566,35.13456893844618],[127.6819700131689,35.139874655767734],[127.67923292756619,35.14432240577123],[127.67287147322023,35.149746040829804],[127.6680991002604,35.152347283610844],[127.66335068494318,35.15482889879315],[127.65938582267694,35.158349491035544],[127.65275482626788,35.15973235060553],[127.64977929427292,35.15887077035741],[127.64530121770899,35.16130369715633],[127.64360725409004,35.166259327212636],[127.64064144839077,35.171138904114144],[127.63447478726911,35.17404315511457],[127.63115105076152,35.17664279366361],[127.63013074049344,35.1794595743843],[127.624741102571,35.184489949051276],[127.6213662541375,35.18851362765889],[127.6211804223517,35.19245683713257],[127.61802639544186,35.20091955881872],[127.61706941024819,35.20963280844643],[127.62100684451374,35.21407856921561],[127.62086790351998,35.22296475984351],[127.61835638679716,35.23214020956074],[127.61839474352459,35.237206412460374],[127.61305542752031,35.241206557741386],[127.61260466089412,35.24743788715389],[127.61493138861951,35.24972683334978],[127.61364602408544,35.25189090581259],[127.61002187302579,35.26191271130411],[127.5989433342567,35.26733336495031],[127.59580003887946,35.26816049999527],[127.5946839097582,35.27199240380754],[127.59055908565954,35.2757757474002],[127.59052012019922,35.27930776203215],[127.58766739949188,35.2830315247696],[127.58652149036261,35.28637860504945],[127.58248128795309,35.29136295356272],[127.57713567164717,35.295478454147464],[127.57610675034829,35.306361729562525],[127.57744981030764,35.308958991688115],[127.57928066744505,35.30960379237861],[127.58566739688816,35.309144005446676],[127.59229728269312,35.31153315567769],[127.60550975646643,35.31896257332157],[127.60812973148512,35.325316222663254],[127.6148455673778,35.33056338794643],[127.62041644185827,35.33232695446984],[127.62286237765369,35.33185727542163],[127.6260339719085,35.32904411353681],[127.63147255976645,35.32671796260167],[127.63571612280889,35.32636324851105],[127.64027502493163,35.324646971356245],[127.64433143306735,35.32629994484408],[127.65191038230999,35.32802888233615],[127.65771273639963,35.328674442471886],[127.66096330067485,35.325616576631575],[127.66332746596348,35.32140561538898],[127.66692890499057,35.320554551855196],[127.67342930606465,35.32242464242884],[127.67913166570841,35.32153776178929],[127.68269369315107,35.322919078027994],[127.68670721000865,35.32111505119043],[127.68879191576609,35.319155597260284],[127.68793256040296,35.310063720565054],[127.6894949379107,35.29607714543593],[127.68857233174919,35.294045730561606],[127.6926183643109,35.28772855606164],[127.69038561490737,35.28322258213492],[127.6958441551487,35.27702192516125],[127.70020655103545,35.274817603916254],[127.70226676415473,35.27187239657987],[127.70464979230498,35.26523784650046],[127.7057858538128,35.26431678883107],[127.71528581396086,35.261030922489375],[127.71776895034455,35.25934770883068],[127.7253972516616,35.25820379048882],[127.73090335954561,35.25618153402065],[127.73312709133319,35.254689587568784],[127.73762123846201,35.25529174412972],[127.74315396748116,35.253066893636955],[127.74846842925386,35.25001524682006],[127.75062228980038,35.24724267370256],[127.75040046300853,35.24542556160563],[127.75302634981367,35.236868712582734],[127.75663492514592,35.232068796724036],[127.76045289322478,35.229154259198424],[127.76569118809086,35.227397408658625],[127.76812854655208,35.22355056606277],[127.77226428031344,35.223156398231204],[127.77567877665115,35.219692110736894],[127.78090690758516,35.21964802440986],[127.78425481997714,35.22094887798648],[127.79085694504151,35.220224734610426],[127.79455018661233,35.22047914431768],[127.79750246318612,35.219655647630425],[127.8025120897464,35.22085243160114],[127.80827808554822,35.22076684158633],[127.81088526296953,35.220050421216975],[127.82006911702088,35.22214874193199],[127.82569298711873,35.22194238600112],[127.82921757863963,35.22450413611191],[127.83352874251018,35.226256256564334],[127.8355216760358,35.22939072225895],[127.84384357083282,35.22714231345993],[127.84613010974397,35.23008824194674],[127.84583555045278,35.23359516897247],[127.85066924571952,35.23556059226032],[127.8572468581886,35.240277911056964],[127.85817504155521,35.24271485306322],[127.85685961563415,35.24924022352958],[127.86135952338813,35.25367576608572],[127.86434106917658,35.25392605771213],[127.86420884555245,35.25964530338932],[127.86586054412528,35.259153648335484],[127.87195071251708,35.25965642305889],[127.8766807265705,35.25732182948138],[127.87538408249651,35.251694616068484],[127.88419783540886,35.250652360887095],[127.89187509853357,35.250351614833576],[127.89220895857146,35.24718421384308],[127.88742863550154,35.23749656196949],[127.89084771040828,35.232235242329764],[127.8903165517779,35.2264937082827],[127.89027333145394,35.22423709202591],[127.88792947964234,35.21678743083015],[127.88855111276466,35.213451113160154],[127.89389566595469,35.21062002478643],[127.89502642201526,35.205449414465],[127.8930867268556,35.19973516201732],[127.89347271922081,35.19688781682935],[127.89749399577731,35.194922276921346],[127.90361115725035,35.18810795580189],[127.90718511773989,35.1849206958228],[127.91958207464616,35.18041570214577],[127.9276504894578,35.175165698221846],[127.93784085810942,35.16970118565304],[127.93988729851202,35.16635355701314],[127.93673981599923,35.161781909670786],[127.93697153080119,35.15821129148809],[127.94240040095865,35.155590455188324],[127.93693584377273,35.15187565605141],[127.93164772608077,35.149430887820124],[127.93177177609695,35.14662199090892],[127.92978833107686,35.144693716395736],[127.92727578367587,35.14767997362845],[127.92140958448492,35.150149287514935],[127.91446393962977,35.14994736373063],[127.90965324322178,35.148447583349146],[127.90229535646473,35.15485455029995],[127.89873112081497,35.15667958004882],[127.89594296569278,35.15623674532106],[127.89656861602965,35.15283892065669],[127.89263338218502,35.15261998993808],[127.8885229684266,35.151051668031464],[127.88567892317907,35.14734620779757],[127.88009406161765,35.147909148685436],[127.8794217230675,35.14488540927268],[127.88148744223052,35.142277776818446],[127.88098371795786,35.13955355496693],[127.88598332204359,35.130281322782956],[127.88975880616124,35.130682377257784],[127.89604045368023,35.12601826347624],[127.90262365036308,35.12511215977625],[127.91034499258228,35.11992998134016],[127.91106428044492,35.11850219775425],[127.90984233396635,35.1152378912394],[127.9043374891927,35.11278495420003],[127.89979867525302,35.10974005721591],[127.89941483046108,35.10717088154728],[127.902453476247,35.103192902283524],[127.90957429394018,35.09748912610476],[127.90476973242835,35.0960831432723],[127.90233287837498,35.09438658915124],[127.9027083435825,35.089726881107346],[127.90174248120385,35.08748982895088],[127.90012989402422,35.08768641543459],[127.89162106640002,35.086421795102204],[127.8940225594278,35.083481401126036],[127.8955347524403,35.079783903203285],[127.89841645262494,35.07908528194636],[127.90326032023226,35.07972625861125],[127.90702800654549,35.078085790954525],[127.90837683207182,35.074649055992836],[127.91196227174316,35.073738242905414],[127.91446099400045,35.06470069091492],[127.92225265601127,35.06208534939591],[127.92526020571864,35.05354440478211],[127.92903483588188,35.05068321903503],[127.93083321031479,35.046745116256936],[127.92368980210914,35.0418758822767],[127.92331607777264,35.0380500391644],[127.92483443833548,35.03603482918368],[127.9230143685219,35.03366607845041],[127.92434664911663,35.030174830012726],[127.92225883251956,35.01503510208271],[127.92255140080528,35.01403806234827],[127.91880993374134,35.01063276671811],[127.9226531040411,35.00679991465339],[127.92259526760509,35.00502960567496],[127.91701578661798,34.99745191073496],[127.91938848103142,34.99254278170122],[127.92252766513688,34.9887971734274],[127.91832748786595,34.98757051484341],[127.91974174448504,34.98133700310129],[127.91795070621508,34.97980973299378],[127.91155008446951,34.98397219074494],[127.90900361230085,34.983194990466544],[127.91172883521416,34.97976969375451],[127.91059488902087,34.977602526552964],[127.91222567596145,34.97327245315788],[127.9111368491074,34.9719429160969],[127.90785979501256,34.973093026082445],[127.90186792308812,34.96979855010991],[127.9001044664498,34.96697341478726],[127.90216898628363,34.96535722779866],[127.90394462492483,34.95832728613947],[127.90216606835496,34.95476319152504],[127.89597727804691,34.954868793713764],[127.8944436743756,34.95781347207291],[127.88721050041119,34.9548719771544],[127.88518892861026,34.95590358555677],[127.88170861815243,34.95299693662583],[127.88082558667658,34.94939484212053],[127.87486067224806,34.94689880120001],[127.8716349734804,34.94625989752684],[127.86796842325894,34.94742104190499],[127.86565147786169,34.9457351394956],[127.86323747756579,34.94575228826265],[127.85762448523118,34.947683554583854],[127.85523115553791,34.94773364256641],[127.84760880406142,34.94633504903033],[127.84707190880435,34.95002735898588],[127.84441432402869,34.94872174380583],[127.84277305592533,34.956866849491334],[127.84531591897999,34.958173295951035],[127.84384647783743,34.96064253958321],[127.84086198625211,34.961136086156515],[127.84036642570359,34.95764011772956],[127.83861172367634,34.95431149994501],[127.83864154494688,34.95016789749593]]],[[[127.7663301480541,34.96494584124571],[127.76206334849341,34.96654232858793],[127.76269355103275,34.970101767484095],[127.76406098676547,34.971164794558355],[127.7663301480541,34.96494584124571]]],[[[127.83396708758251,34.93844983202754],[127.83238985275047,34.932178002206456],[127.83459655597055,34.92933916706755],[127.83424653774676,34.927759384366496],[127.82909331443807,34.929565814383544],[127.83085015906113,34.932005795468726],[127.83272415135092,34.93924828115152],[127.83396708758251,34.93844983202754]]],[[[127.91549790324854,34.97653110760916],[127.92200181148479,34.975922367306254],[127.92208502932105,34.974616079006275],[127.91690071068287,34.9742323552098],[127.91549790324854,34.97653110760916]]],[[[127.92056732896343,34.983227612173444],[127.92114376849551,34.98588885872359],[127.92402836107331,34.98461850599262],[127.9247892821419,34.98274782918335],[127.92327664159073,34.98033708940214],[127.92056732896343,34.983227612173444]]]]}},{"type":"Feature","properties":{"regionCode":"48860","name":"산청군","parentCode":"48"},"geometry":{"type":"MultiPolygon","coordinates":[[[[127.86434106917658,35.25392605771213],[127.86135952338813,35.25367576608572],[127.85685961563415,35.24924022352958],[127.85817504155521,35.24271485306322],[127.8572468581886,35.240277911056964],[127.85066924571952,35.23556059226032],[127.84583555045278,35.23359516897247],[127.84613010974397,35.23008824194674],[127.84384357083282,35.22714231345993],[127.8355216760358,35.22939072225895],[127.83352874251018,35.226256256564334],[127.82921757863963,35.22450413611191],[127.82569298711873,35.22194238600112],[127.82006911702088,35.22214874193199],[127.81088526296953,35.220050421216975],[127.80827808554822,35.22076684158633],[127.8025120897464,35.22085243160114],[127.79750246318612,35.219655647630425],[127.79455018661233,35.22047914431768],[127.79085694504151,35.220224734610426],[127.78425481997714,35.22094887798648],[127.78090690758516,35.21964802440986],[127.77567877665115,35.219692110736894],[127.77226428031344,35.223156398231204],[127.76812854655208,35.22355056606277],[127.76569118809086,35.227397408658625],[127.76045289322478,35.229154259198424],[127.75663492514592,35.232068796724036],[127.75302634981367,35.236868712582734],[127.75040046300853,35.24542556160563],[127.75062228980038,35.24724267370256],[127.74846842925386,35.25001524682006],[127.74315396748116,35.253066893636955],[127.73762123846201,35.25529174412972],[127.73312709133319,35.254689587568784],[127.73090335954561,35.25618153402065],[127.7253972516616,35.25820379048882],[127.71776895034455,35.25934770883068],[127.71528581396086,35.261030922489375],[127.7057858538128,35.26431678883107],[127.70464979230498,35.26523784650046],[127.70226676415473,35.27187239657987],[127.70020655103545,35.274817603916254],[127.6958441551487,35.27702192516125],[127.69038561490737,35.28322258213492],[127.6926183643109,35.28772855606164],[127.68857233174919,35.294045730561606],[127.6894949379107,35.29607714543593],[127.68793256040296,35.310063720565054],[127.68879191576609,35.319155597260284],[127.69591173400289,35.31834766716887],[127.69891581033842,35.316115486659626],[127.7006578427102,35.31623079637766],[127.70603799103542,35.32005624647832],[127.70810216918233,35.32620533933987],[127.71275942067483,35.32890038742124],[127.71851259986535,35.33437679731441],[127.72030564779683,35.335267619481534],[127.72606703028009,35.33584218928586],[127.73120485680069,35.33756051557257],[127.73404076905058,35.343370136985946],[127.73513993455516,35.34725863718947],[127.73501706464768,35.35060590101837],[127.73297001023687,35.35473763958295],[127.73406872500122,35.36099355805742],[127.73898838415575,35.36497551597341],[127.7384492372859,35.36981454431047],[127.73936126772857,35.37311038957506],[127.74601656353883,35.37625157811521],[127.75054080107182,35.381825169668694],[127.7526380941153,35.38299132212337],[127.7524516972578,35.38449846537712],[127.74924045712119,35.39032033660576],[127.74831958535985,35.395223027417],[127.74853512898518,35.3969963257048],[127.75763214252747,35.401738704216314],[127.75986408264525,35.40510812779991],[127.75927094501824,35.414995476037305],[127.76466213719425,35.41846553314482],[127.7705637640067,35.42055463229584],[127.76970126513613,35.42316908126661],[127.77042216560059,35.42644632091547],[127.77222839273657,35.42852959986564],[127.77944378830671,35.43415192122089],[127.77617022279018,35.43890288014338],[127.77276929043059,35.43837615384537],[127.77218414795551,35.44328480270353],[127.77402814542829,35.445418565694354],[127.77837797590423,35.446933183964916],[127.78241603957918,35.445650260572734],[127.78468397300148,35.443699497400594],[127.78948477864137,35.44554085354972],[127.78978608319422,35.448217652469665],[127.78882580410644,35.452299221369124],[127.78203480918226,35.45754216308157],[127.78332544935519,35.45992056670176],[127.80013066128708,35.46735805440341],[127.80395122611404,35.46831027658672],[127.81278551761834,35.46893041665677],[127.81453769196303,35.470829314737124],[127.81453956040382,35.47216868101841],[127.80980715310358,35.47659947544588],[127.8078965766917,35.47941795830495],[127.80700323741189,35.48393082561911],[127.80528882899073,35.48700187674742],[127.80545232507225,35.489854100376704],[127.81329687568469,35.490187757157734],[127.81691094146588,35.49127527164724],[127.82337166793555,35.50000400875463],[127.82287158372449,35.50682262986207],[127.82025036374316,35.50975442931508],[127.82070203984506,35.51232180381003],[127.82309579198947,35.51568582269555],[127.82118923964154,35.518751751896396],[127.81946390656009,35.51895986571602],[127.8158025813076,35.521922858957396],[127.81685500007137,35.52576336053853],[127.82014492793509,35.52638198130878],[127.82421965281124,35.52923388408702],[127.83190198273641,35.539236242307325],[127.84108816282321,35.546826442177746],[127.84392553117361,35.552059666317],[127.84791827217988,35.55814453232897],[127.85233624412898,35.56169026821037],[127.85386706487908,35.565773423191466],[127.85631706252086,35.569424029494634],[127.85882235178369,35.57052893588237],[127.86288849614293,35.57615770088929],[127.86988092976887,35.57501438263003],[127.87224693447685,35.57034618054833],[127.87487611575517,35.56760816389247],[127.87464405694809,35.56526180514697],[127.86941553617088,35.559628648645926],[127.87045584579145,35.55549603938913],[127.87214796416116,35.5526414683177],[127.87755589763287,35.55051262944618],[127.8757381364602,35.54018150580336],[127.87297487830263,35.536027667095205],[127.87418889411568,35.534717007446645],[127.88051408718621,35.53142084125684],[127.87829672145065,35.52800551170999],[127.8804514813449,35.52708694066651],[127.88356401875775,35.52978252030182],[127.887833272656,35.53139791972914],[127.89375849828797,35.530180335364896],[127.89783675997214,35.53349747516599],[127.90153821438606,35.53455078786547],[127.90427303989075,35.53424022850086],[127.90865918574319,35.530579287042016],[127.90879783877133,35.528733726449694],[127.9132403887299,35.52576633974547],[127.91918323530726,35.52513103464312],[127.92136667835037,35.52374025830449],[127.92101360077095,35.51842774697972],[127.92511709736264,35.51533220015424],[127.9306472728831,35.51589329693555],[127.94067686094263,35.51444869575066],[127.9440490633544,35.516642204357844],[127.94959034162578,35.51869549280282],[127.95790480243438,35.51801758813407],[127.95982244638499,35.518580439274935],[127.96124324920095,35.51603019069289],[127.96014279452447,35.51240398167511],[127.96172179085987,35.507291814416995],[127.96228089629365,35.50011514661449],[127.97433947068791,35.49503704508457],[127.97566744577264,35.48808942308995],[127.97603405423217,35.47995608374771],[127.97413245593496,35.476742283612964],[127.97651863693612,35.471057778000976],[127.97933233819025,35.467545757405524],[127.97993100437105,35.464608920515154],[127.97891725850332,35.46096529042168],[127.9835290411369,35.458318421655036],[127.98480396048735,35.45657013850458],[127.9838234162086,35.45313419451784],[127.98645836498376,35.45122186205205],[127.98745723200886,35.44792283052158],[127.98709534737448,35.44527001956667],[127.99587740278297,35.43828040834536],[128.00256363822237,35.437805712097465],[128.0082225484045,35.43548016536766],[128.00812618478074,35.43168791208744],[128.01138127370075,35.42645330945359],[128.01868042031978,35.42519598462954],[128.02282660904143,35.42640655131253],[128.02404369776653,35.425511080463586],[128.02626464540077,35.42033976868235],[128.03077730056725,35.41632247405471],[128.03496186116766,35.415403291449614],[128.039344039402,35.41676488120306],[128.04211756159063,35.418871675457396],[128.04532575549806,35.41573552681208],[128.05232801960796,35.418094865478515],[128.05445378717454,35.41631242672906],[128.05949492268388,35.405492188053074],[128.06208527315627,35.40476340940894],[128.06589535903547,35.40223721298279],[128.06491535549964,35.39859854982198],[128.06635533037272,35.39660750961741],[128.0719686710881,35.39231773080963],[128.0729293343431,35.38891773125865],[128.07902619414457,35.38949657063047],[128.08287889386264,35.38732283448357],[128.08341792892787,35.38474168521192],[128.08850411263873,35.380505351541736],[128.08907883428986,35.37916200043464],[128.08674356968277,35.374652267896124],[128.08122329665218,35.37184268064657],[128.08034269741108,35.37012514604672],[128.08445115715395,35.36845683878638],[128.08801849153988,35.36606923667751],[128.09222994881813,35.36571602724085],[128.09782068209364,35.3671233480817],[128.10240330017427,35.36608010887119],[128.0997406338157,35.361551593832125],[128.09559990070488,35.359756633844555],[128.09480864867288,35.35626983829105],[128.09890032823213,35.35476349880775],[128.0990910823616,35.353321043011896],[128.093871368577,35.34893775890285],[128.0942629013963,35.34472571966009],[128.09741386382728,35.341706138285396],[128.1041802817569,35.33955253106778],[128.10701283448,35.338008069040264],[128.11037155670036,35.337477670157284],[128.11430099721855,35.33465128641128],[128.11469352746946,35.33085620745635],[128.11257908530558,35.33177234303845],[128.1074845283308,35.33184176239874],[128.10174452238883,35.33527997700503],[128.09440707602926,35.33511230783492],[128.0801155013681,35.336791938421484],[128.0745419057786,35.335967385053024],[128.07366534585267,35.333335824231135],[128.06989861294525,35.33247768391681],[128.06585234704755,35.33328219412736],[128.0587808251747,35.333567951511014],[128.05702893781518,35.32898519295606],[128.05221053419356,35.32432629351103],[128.05026947905478,35.320919304318465],[128.0521563825713,35.318665401145275],[128.0524616150537,35.3128795478494],[128.04559441132454,35.30612264623294],[128.04068513988133,35.30392433913102],[128.0345121053195,35.30785407604738],[128.0235675560131,35.30520009241474],[128.01926206869845,35.30345050629976],[128.0150841903426,35.30337621366399],[128.01284883700887,35.2993142399823],[128.0064431030611,35.29788021022204],[128.00432600939925,35.293248903329534],[128.00198171005476,35.29053209291218],[127.99928105133655,35.28954040809702],[127.99585654961926,35.286524686144276],[127.98782208045681,35.286173807780656],[127.98617409257065,35.28688257545107],[127.98415666956208,35.281649494475154],[127.98628114970003,35.277309072645394],[127.9853868907835,35.27377969315255],[127.98324820048133,35.27080576430348],[127.97926917278406,35.27085402681545],[127.97347361631661,35.269754552428836],[127.97259416707749,35.26594769923979],[127.97284134086806,35.26024140873123],[127.97206655142,35.25445383013562],[127.96996647357535,35.25135396377733],[127.96830099035414,35.24753119150044],[127.96628112657906,35.24623068106697],[127.95458350345739,35.24288572200284],[127.94738884597486,35.24145197585417],[127.94482761980028,35.24529113370487],[127.93935159604752,35.247500591685295],[127.9380452421577,35.249649240956266],[127.9321874815559,35.25070603432461],[127.92475107198652,35.24921898866106],[127.9215451527973,35.25233396375145],[127.91952547010429,35.251365973927705],[127.91306335087485,35.243645880873686],[127.91096457913211,35.23881296401773],[127.91177927945645,35.237238976808456],[127.91026017413861,35.23000767571622],[127.91097806448187,35.22746322914261],[127.90899329949906,35.22405865011792],[127.90508757183036,35.222702297428164],[127.90154564001006,35.22555354685154],[127.89766725485651,35.227464252387755],[127.89510122453416,35.22625899852444],[127.8903165517779,35.2264937082827],[127.89084771040828,35.232235242329764],[127.88742863550154,35.23749656196949],[127.89220895857146,35.24718421384308],[127.89187509853357,35.250351614833576],[127.88419783540886,35.250652360887095],[127.87538408249651,35.251694616068484],[127.8766807265705,35.25732182948138],[127.87195071251708,35.25965642305889],[127.86586054412528,35.259153648335484],[127.86420884555245,35.25964530338932],[127.86434106917658,35.25392605771213]]]]}},{"type":"Feature","properties":{"regionCode":"48870","name":"함양군","parentCode":"48"},"geometry":{"type":"MultiPolygon","coordinates":[[[[127.74924045712119,35.39032033660576],[127.7524516972578,35.38449846537712],[127.7526380941153,35.38299132212337],[127.75054080107182,35.381825169668694],[127.74601656353883,35.37625157811521],[127.73936126772857,35.37311038957506],[127.7384492372859,35.36981454431047],[127.73898838415575,35.36497551597341],[127.73406872500122,35.36099355805742],[127.73297001023687,35.35473763958295],[127.73501706464768,35.35060590101837],[127.73513993455516,35.34725863718947],[127.73404076905058,35.343370136985946],[127.73120485680069,35.33756051557257],[127.72606703028009,35.33584218928586],[127.72030564779683,35.335267619481534],[127.71851259986535,35.33437679731441],[127.71275942067483,35.32890038742124],[127.70810216918233,35.32620533933987],[127.70603799103542,35.32005624647832],[127.7006578427102,35.31623079637766],[127.69891581033842,35.316115486659626],[127.69591173400289,35.31834766716887],[127.68879191576609,35.319155597260284],[127.68670721000865,35.32111505119043],[127.68269369315107,35.322919078027994],[127.67913166570841,35.32153776178929],[127.67342930606465,35.32242464242884],[127.66692890499057,35.320554551855196],[127.66332746596348,35.32140561538898],[127.66096330067485,35.325616576631575],[127.65771273639963,35.328674442471886],[127.65191038230999,35.32802888233615],[127.64433143306735,35.32629994484408],[127.64027502493163,35.324646971356245],[127.63571612280889,35.32636324851105],[127.63147255976645,35.32671796260167],[127.6260339719085,35.32904411353681],[127.62286237765369,35.33185727542163],[127.62041644185827,35.33232695446984],[127.62276568924935,35.33839706079016],[127.62286233227857,35.343948600020134],[127.62052609408235,35.3474706929111],[127.61587569568718,35.35016128834625],[127.61212332967311,35.35594620267877],[127.61161322506732,35.36169360821631],[127.61025408770702,35.36579035495039],[127.61326606100043,35.36925365839291],[127.61655759805875,35.37005123316565],[127.62239577903036,35.37320209954013],[127.62461684825534,35.37655904831027],[127.62524890020566,35.38475060225872],[127.62709857661146,35.38776959581132],[127.63134485278879,35.39187325285517],[127.63445820611106,35.39703435209596],[127.63542009083224,35.39981938348405],[127.63806219676934,35.40143077862094],[127.64343819325984,35.40159610679687],[127.64644657812282,35.40266417281567],[127.65003635940539,35.407731149113594],[127.65648375924816,35.41317706948987],[127.65936132035938,35.414091731642515],[127.6619777290484,35.41665602035825],[127.66130550140508,35.41786300997692],[127.66350682012984,35.42550067988719],[127.66533861913595,35.42717934434364],[127.66600825371502,35.432418708586624],[127.66535149977089,35.43514245240443],[127.66657778074399,35.437860869057296],[127.67283180065029,35.443756920315394],[127.66939742862972,35.44734043932947],[127.66709711496165,35.44807107215841],[127.66301501238817,35.447638479890855],[127.65278456562316,35.45072591803649],[127.64822235470118,35.45065108856938],[127.64507321943923,35.449510140557116],[127.63692507547805,35.45931636106767],[127.63570102432699,35.462305817019626],[127.63786184675904,35.47082890848543],[127.63669283058437,35.47769095795088],[127.63721836022526,35.47892691083905],[127.64342389157783,35.48127760288324],[127.65272223866066,35.48566975931955],[127.65013691063156,35.49144748079083],[127.65083539231424,35.497632191004946],[127.64582268635685,35.49818994198611],[127.6435388938526,35.50120534113181],[127.64186529978875,35.50505846061009],[127.63709366040865,35.509191064747434],[127.63640851290965,35.5117050662458],[127.63408204757663,35.51297972706935],[127.63319955348031,35.51558616855752],[127.63437941500024,35.51742733471513],[127.63415838378629,35.52105031713765],[127.63123792842796,35.52064270218575],[127.62630469564844,35.52458812558353],[127.62440312898308,35.52789818222985],[127.62575651782389,35.532073680981966],[127.62873737977306,35.53390222827504],[127.62743001944766,35.53564876580536],[127.6241209813659,35.53384836742604],[127.62099541505692,35.533964879095805],[127.61905466317245,35.53696618172827],[127.61490877462073,35.53561721020294],[127.611933742488,35.53569106184522],[127.60927893057165,35.53889311856687],[127.60962559541957,35.540365137641935],[127.60495564996681,35.54372270852138],[127.59399523225171,35.548794848833836],[127.5937501386489,35.551188405769075],[127.59107582158535,35.554169344859716],[127.58864817078502,35.55352441603138],[127.58540555531327,35.55458610896887],[127.5866260201502,35.56278039716187],[127.5881731838423,35.5658615518323],[127.59079359642529,35.56708225044953],[127.59458787723459,35.57336078476448],[127.59890718408043,35.576838121475745],[127.60428403262121,35.57864131014008],[127.61058764364043,35.58486175063386],[127.60969718030081,35.58962019500964],[127.60822155789234,35.59098395656025],[127.60756564432653,35.59477390791459],[127.60887040181406,35.59765337572751],[127.61268091021074,35.599704761063684],[127.6131345526318,35.60504842885897],[127.61240376679073,35.60695428042108],[127.61449628034113,35.609689535925355],[127.61731403783931,35.609759445576515],[127.62113360342015,35.615007197070206],[127.62570681282466,35.61558811552835],[127.62751337215369,35.617326932670785],[127.635467698344,35.618472047016816],[127.63203013937945,35.623059146140555],[127.62812015778472,35.6257604681844],[127.62422340052464,35.632188590883686],[127.6244859323747,35.63807898027244],[127.62139472954229,35.64018616054656],[127.62008256031062,35.64272101560353],[127.62057193203977,35.64701861833382],[127.62222307884761,35.64798664907081],[127.6223809817264,35.65084030075611],[127.62959680973755,35.656634784178785],[127.62809082415167,35.66225343653526],[127.62915067817993,35.664269440645626],[127.63514765447106,35.66708836358812],[127.63893467757377,35.669894551102175],[127.64042149396623,35.67284198150712],[127.63928039763104,35.678934769705165],[127.64107016248515,35.68449488471375],[127.64038289828157,35.68666478251204],[127.64209483317855,35.69276827749041],[127.64504657345272,35.69765553374916],[127.64954867972895,35.70162190592711],[127.64927325208366,35.704078565209024],[127.65289628439504,35.70567070350597],[127.65763582137193,35.70657154769368],[127.6607739402095,35.70974791294309],[127.65971109138958,35.71583256748919],[127.66343600518692,35.72475985394751],[127.66030358001788,35.73839969601531],[127.66311738126134,35.742149774670544],[127.66360115857654,35.74501981250278],[127.66182177468515,35.74972463813718],[127.66226077894214,35.76099497349269],[127.66413715845891,35.76701260459386],[127.66595188530032,35.769726401497905],[127.6690626071505,35.77146888802817],[127.67491607903803,35.77078103480379],[127.67903345117071,35.7692696630321],[127.68317508754711,35.764091972281],[127.68638873980973,35.761743036410174],[127.69065074922874,35.761765490099705],[127.69583810884293,35.758553213828904],[127.69877016620957,35.75822735698389],[127.70165437757275,35.75572080594836],[127.7028913160504,35.752855027001026],[127.70800966272586,35.74950046851853],[127.71178721245371,35.743517936856506],[127.71291266709237,35.740256888854915],[127.71274064168152,35.734760846847784],[127.71491264360331,35.7311619399543],[127.71750726572172,35.728876465659596],[127.71968690300926,35.728482603836106],[127.72294322113983,35.72514185001458],[127.72919530236948,35.720995967710586],[127.73411015307056,35.71899350683306],[127.73838705126653,35.72430591773445],[127.74146554852132,35.72434298974317],[127.74795302315445,35.73088561622434],[127.75506162071049,35.73353638285684],[127.75693911581216,35.73186984435127],[127.76114468565142,35.73081323676333],[127.76391955836039,35.721254676848886],[127.7728461544534,35.714576064402586],[127.77687735954316,35.712997951338586],[127.78250533082587,35.70667646999378],[127.78441320149234,35.70532183513098],[127.79021259086339,35.70551487276025],[127.79356567332,35.704976534859505],[127.79611622039012,35.70315533810542],[127.79867419942674,35.698483137380535],[127.80110376906603,35.69595741958928],[127.80317247371202,35.68605752327768],[127.81113282981215,35.685572189043164],[127.81105407929083,35.68384656000036],[127.8148469859918,35.67801796541459],[127.82143716896839,35.67226691875768],[127.8220867205205,35.66953730936795],[127.82634739373198,35.66917112969431],[127.8306136400952,35.66999944796152],[127.83412031920469,35.667702220636734],[127.83362678023354,35.66325761054285],[127.83592047521127,35.66058468985238],[127.83797155610465,35.660933558048576],[127.8437029824457,35.658588758372986],[127.84586437047808,35.65680897935273],[127.85096577436192,35.65836912768943],[127.85301290925459,35.657616553684605],[127.85796027353959,35.657908612215266],[127.86141585929747,35.6588573414601],[127.86460470124345,35.66640328032462],[127.8688891616066,35.67048739998241],[127.8768718558053,35.66934669301304],[127.87676785337023,35.66639550719566],[127.87501573446295,35.66151177038887],[127.87649801178706,35.658285461063144],[127.87427851781005,35.65187441179703],[127.8753999185258,35.64364843441414],[127.8772254969263,35.63942222230556],[127.87248586294493,35.63640448532381],[127.87080167437544,35.63417858624453],[127.87165765063713,35.6312517247227],[127.87128000288317,35.62576935928207],[127.8717861627275,35.62169826051175],[127.86741921996814,35.61477810030803],[127.86323475912474,35.61130137164845],[127.86409600948024,35.60803892647977],[127.86194538398938,35.60531647592532],[127.85772436811803,35.60245036360119],[127.85305261757537,35.59662368596825],[127.8471972560829,35.59482022376236],[127.84393373636618,35.590743887205534],[127.8436406949497,35.58823755491801],[127.83512894986302,35.58307224124179],[127.8364139125877,35.58080865434798],[127.83619019186749,35.57692891899886],[127.84069655454937,35.57799220987972],[127.84687866717051,35.57789789834221],[127.85093652996962,35.57720596262506],[127.85631706252086,35.569424029494634],[127.85386706487908,35.565773423191466],[127.85233624412898,35.56169026821037],[127.84791827217988,35.55814453232897],[127.84392553117361,35.552059666317],[127.84108816282321,35.546826442177746],[127.83190198273641,35.539236242307325],[127.82421965281124,35.52923388408702],[127.82014492793509,35.52638198130878],[127.81685500007137,35.52576336053853],[127.8158025813076,35.521922858957396],[127.81946390656009,35.51895986571602],[127.82118923964154,35.518751751896396],[127.82309579198947,35.51568582269555],[127.82070203984506,35.51232180381003],[127.82025036374316,35.50975442931508],[127.82287158372449,35.50682262986207],[127.82337166793555,35.50000400875463],[127.81691094146588,35.49127527164724],[127.81329687568469,35.490187757157734],[127.80545232507225,35.489854100376704],[127.80528882899073,35.48700187674742],[127.80700323741189,35.48393082561911],[127.8078965766917,35.47941795830495],[127.80980715310358,35.47659947544588],[127.81453956040382,35.47216868101841],[127.81453769196303,35.470829314737124],[127.81278551761834,35.46893041665677],[127.80395122611404,35.46831027658672],[127.80013066128708,35.46735805440341],[127.78332544935519,35.45992056670176],[127.78203480918226,35.45754216308157],[127.78882580410644,35.452299221369124],[127.78978608319422,35.448217652469665],[127.78948477864137,35.44554085354972],[127.78468397300148,35.443699497400594],[127.78241603957918,35.445650260572734],[127.77837797590423,35.446933183964916],[127.77402814542829,35.445418565694354],[127.77218414795551,35.44328480270353],[127.77276929043059,35.43837615384537],[127.77617022279018,35.43890288014338],[127.77944378830671,35.43415192122089],[127.77222839273657,35.42852959986564],[127.77042216560059,35.42644632091547],[127.76970126513613,35.42316908126661],[127.7705637640067,35.42055463229584],[127.76466213719425,35.41846553314482],[127.75927094501824,35.414995476037305],[127.75986408264525,35.40510812779991],[127.75763214252747,35.401738704216314],[127.74853512898518,35.3969963257048],[127.74831958535985,35.395223027417],[127.74924045712119,35.39032033660576]]]]}},{"type":"Feature","properties":{"regionCode":"48880","name":"거창군","parentCode":"48"},"geometry":{"type":"MultiPolygon","coordinates":[[[[127.8753999185258,35.64364843441414],[127.87427851781005,35.65187441179703],[127.87649801178706,35.658285461063144],[127.87501573446295,35.66151177038887],[127.87676785337023,35.66639550719566],[127.8768718558053,35.66934669301304],[127.8688891616066,35.67048739998241],[127.86460470124345,35.66640328032462],[127.86141585929747,35.6588573414601],[127.85796027353959,35.657908612215266],[127.85301290925459,35.657616553684605],[127.85096577436192,35.65836912768943],[127.84586437047808,35.65680897935273],[127.8437029824457,35.658588758372986],[127.83797155610465,35.660933558048576],[127.83592047521127,35.66058468985238],[127.83362678023354,35.66325761054285],[127.83412031920469,35.667702220636734],[127.8306136400952,35.66999944796152],[127.82634739373198,35.66917112969431],[127.8220867205205,35.66953730936795],[127.82143716896839,35.67226691875768],[127.8148469859918,35.67801796541459],[127.81105407929083,35.68384656000036],[127.81113282981215,35.685572189043164],[127.80317247371202,35.68605752327768],[127.80110376906603,35.69595741958928],[127.79867419942674,35.698483137380535],[127.79611622039012,35.70315533810542],[127.79356567332,35.704976534859505],[127.79021259086339,35.70551487276025],[127.78441320149234,35.70532183513098],[127.78250533082587,35.70667646999378],[127.77687735954316,35.712997951338586],[127.7728461544534,35.714576064402586],[127.76391955836039,35.721254676848886],[127.76114468565142,35.73081323676333],[127.75693911581216,35.73186984435127],[127.75506162071049,35.73353638285684],[127.74795302315445,35.73088561622434],[127.74146554852132,35.72434298974317],[127.73838705126653,35.72430591773445],[127.73411015307056,35.71899350683306],[127.72919530236948,35.720995967710586],[127.72294322113983,35.72514185001458],[127.71968690300926,35.728482603836106],[127.71750726572172,35.728876465659596],[127.71491264360331,35.7311619399543],[127.71274064168152,35.734760846847784],[127.71291266709237,35.740256888854915],[127.71178721245371,35.743517936856506],[127.70800966272586,35.74950046851853],[127.7028913160504,35.752855027001026],[127.70165437757275,35.75572080594836],[127.69877016620957,35.75822735698389],[127.69583810884293,35.758553213828904],[127.69065074922874,35.761765490099705],[127.68638873980973,35.761743036410174],[127.68317508754711,35.764091972281],[127.67903345117071,35.7692696630321],[127.68255169903892,35.77363970873488],[127.68498893362096,35.77784727989125],[127.69297798862227,35.782921608484024],[127.69965428457306,35.78821828878077],[127.70651791927166,35.791856758109724],[127.70935672611574,35.79125041173215],[127.71954769843684,35.79740507379478],[127.72160803379481,35.80284967161549],[127.72344515781533,35.803924419887714],[127.72431524825645,35.80671786420376],[127.72338497963412,35.8106078839031],[127.72508995568113,35.812928281654806],[127.72979839077026,35.81307769513832],[127.73093122459369,35.81439995376039],[127.73259955563752,35.82083888975241],[127.73568630254836,35.82521930040497],[127.73865132258089,35.82697018428192],[127.73909478121176,35.830786346481865],[127.73794094365054,35.83469654604216],[127.7449216098731,35.84391836159797],[127.75073638952915,35.84212453720359],[127.75334513544449,35.83930041264903],[127.75752589849614,35.83671748791182],[127.76449699189911,35.838659434888875],[127.76830445144613,35.83811016884238],[127.77215313674503,35.838930187875775],[127.77718394200586,35.84309809918166],[127.77924233502642,35.847170947686],[127.7823186266668,35.849228301963635],[127.78786600089312,35.85163468130633],[127.79257812266094,35.85178637761765],[127.79460911394413,35.853005679226335],[127.79929991679991,35.85381924331234],[127.80387288273934,35.85717759500797],[127.80838431767388,35.853802815454735],[127.81273322902096,35.85282880303442],[127.81401255857146,35.8567185342545],[127.81751331320062,35.8588231649968],[127.82116695245422,35.86540055250439],[127.82533118854704,35.86843428675152],[127.83087766608766,35.869742637392015],[127.83456402354024,35.86782768529243],[127.840939994171,35.86687112613748],[127.8443600811748,35.87006143109586],[127.84467365912919,35.8757493093348],[127.84680985888451,35.878005699683925],[127.8495901898573,35.87874761278424],[127.85298995810088,35.88121513520215],[127.85110795290312,35.88561242829481],[127.85074569538584,35.890052192063195],[127.85708505132258,35.894994567916704],[127.85885408558217,35.89984370395106],[127.85836283333889,35.90420259317641],[127.85954023430764,35.906490587319865],[127.86392457806575,35.906659109169816],[127.8671951160896,35.90411481148188],[127.8709298153686,35.90464310895134],[127.87723121586315,35.90749598037048],[127.87839582790635,35.90955405997636],[127.8823973004834,35.91308105227438],[127.88760998455497,35.91457892082827],[127.88893166135338,35.9098079775848],[127.88724841007853,35.90714506525406],[127.8847964626962,35.90551561263129],[127.8830552915889,35.89928595246679],[127.88486191093938,35.89301510134845],[127.8864038935469,35.89303399859459],[127.89081234217767,35.89025051605207],[127.89329747265673,35.88658939195073],[127.90225568136292,35.88871420842007],[127.91340185709855,35.89045900596597],[127.91948432058628,35.8928008187775],[127.91887139774981,35.88958603776396],[127.92138829183627,35.88717863119276],[127.92337224179185,35.882069711720256],[127.92811610925591,35.88114142430377],[127.92937307683586,35.87744368584647],[127.92950737348357,35.87144204864627],[127.93256982635837,35.86653622514808],[127.93317387467326,35.8642038430096],[127.93215396595951,35.85955636121402],[127.92979596628926,35.8579724225395],[127.92742342064018,35.85832325811332],[127.92584143822519,35.85640073085401],[127.93235133518536,35.85579121984815],[127.93571440687565,35.85441988921067],[127.9423413205248,35.85430771376679],[127.95083475957343,35.8612542168666],[127.9599500957974,35.85957965935619],[127.9634596023912,35.85498693221009],[127.97115391766377,35.85117144668904],[127.97373234529624,35.850868558792726],[127.97787829443278,35.854371823956996],[127.98181448679908,35.85890445383996],[127.98536625944556,35.85739079539308],[127.988219060718,35.85137209087732],[127.9912368858566,35.84822311111969],[127.99338455860881,35.84353016606394],[127.99646145483622,35.84053456422761],[127.99740710946848,35.837754595131976],[128.0045015553007,35.83541783280464],[128.00686996649873,35.833754274636334],[128.0084125097868,35.83100457050608],[128.01214365603775,35.8288634781166],[128.01472446576773,35.83083288041667],[128.01982719465653,35.832984262564544],[128.0255413727865,35.833274604308],[128.03161650686175,35.83571373709914],[128.0383439361393,35.83384264424179],[128.04259642447985,35.83101827905028],[128.05083941880497,35.82926045886636],[128.05284412569688,35.83247111308442],[128.06145475670112,35.83448826707037],[128.06392830083053,35.83689817045983],[128.0704082429594,35.84068741044189],[128.07412196190418,35.8388919271479],[128.07871283152147,35.83892876199547],[128.08483940156887,35.83657750055192],[128.08630885082297,35.833624116954354],[128.09067520128914,35.83081373925133],[128.08455095333483,35.82252279818679],[128.0849498919585,35.816960028218496],[128.07957408637952,35.81435751716884],[128.07479811349745,35.81274916254238],[128.07284284722843,35.80917662071808],[128.06854504191475,35.80642011126166],[128.06266996460278,35.80605554567472],[128.06027258534755,35.80486488357606],[128.05373311066282,35.80560388983431],[128.04977502092171,35.802442349562725],[128.04954209341557,35.79958148881181],[128.0470413005948,35.79543762158699],[128.0405646006148,35.79166141389254],[128.03807356738974,35.79107700301956],[128.03563782211125,35.78614465958506],[128.04023770414173,35.78012165782424],[128.05093051093164,35.77783239654419],[128.05271070449922,35.77389357990283],[128.04955657408658,35.76951310128637],[128.04943756356025,35.76752980042072],[128.05125046216622,35.76113677700315],[128.0489885799273,35.75668789417734],[128.0441757384329,35.75216577456135],[128.05050336298856,35.74365128223007],[128.05407328082103,35.74165220175812],[128.05902140064705,35.732261366045165],[128.05861843796734,35.73028502767863],[128.0613737903387,35.72493311639675],[128.06656399005834,35.72325538377905],[128.07116305765572,35.72082672783736],[128.07300245954005,35.718674467079595],[128.0741284991809,35.708981016004095],[128.0756620593657,35.705115554850245],[128.07428413644553,35.70185203655021],[128.07622193472625,35.698795025636514],[128.08084005450414,35.69566176156802],[128.08591019152558,35.69456023380274],[128.0950667758787,35.690457632192334],[128.0932878994643,35.68544603483411],[128.0912326628351,35.68202085777187],[128.0891039263358,35.68126016746539],[128.08077926378093,35.680663121352886],[128.0778158949752,35.67966971460805],[128.0757234145966,35.67691653181322],[128.07476315792331,35.67378530414219],[128.07284710487187,35.67303036432611],[128.0663704873728,35.68273532471105],[128.0632383752989,35.68084309119093],[128.0556500729839,35.68014182151252],[128.05035159884753,35.67814819586228],[128.04786850643404,35.67544592268285],[128.04475225154738,35.674717018980495],[128.04588843982916,35.671599310742934],[128.04563986709468,35.66696969428269],[128.04451735904067,35.661483669588996],[128.04018314543916,35.65993720112173],[128.03595553599536,35.65691373188938],[128.02517438710868,35.652902048869066],[128.02094516445686,35.652145941562374],[128.017931514533,35.64332778172335],[128.0052615453258,35.63730227228463],[128.00034083293224,35.632567341498174],[128.00033399446795,35.62947201255582],[127.99782711159827,35.62814588582475],[127.99782730817533,35.611273038504834],[127.99562073794483,35.61035837926432],[127.99131939572133,35.610568648688755],[127.98470516565322,35.60866240159776],[127.9827004217133,35.60220556007886],[127.985144014059,35.59634935238061],[127.98821844727833,35.595426035064285],[127.98834368433822,35.58951103126294],[127.98736943828182,35.58575875098837],[127.98330075426375,35.58468557404776],[127.98094156525028,35.580577685725714],[127.97919115140022,35.573956173596486],[127.98103589395718,35.56894403458808],[127.97951134048019,35.56351531254141],[127.97640612704333,35.56318985679808],[127.974530951598,35.557916652013354],[127.97211055963567,35.55585372605853],[127.96478372716878,35.55392432871953],[127.96015424957803,35.55095968938411],[127.95504740447767,35.54992399288815],[127.95311744897538,35.534340834675966],[127.95374023046058,35.52906383283198],[127.95862143568378,35.52380140489325],[127.95982244638499,35.518580439274935],[127.95790480243438,35.51801758813407],[127.94959034162578,35.51869549280282],[127.9440490633544,35.516642204357844],[127.94067686094263,35.51444869575066],[127.9306472728831,35.51589329693555],[127.92511709736264,35.51533220015424],[127.92101360077095,35.51842774697972],[127.92136667835037,35.52374025830449],[127.91918323530726,35.52513103464312],[127.9132403887299,35.52576633974547],[127.90879783877133,35.528733726449694],[127.90865918574319,35.530579287042016],[127.90427303989075,35.53424022850086],[127.90153821438606,35.53455078786547],[127.89783675997214,35.53349747516599],[127.89375849828797,35.530180335364896],[127.887833272656,35.53139791972914],[127.88356401875775,35.52978252030182],[127.8804514813449,35.52708694066651],[127.87829672145065,35.52800551170999],[127.88051408718621,35.53142084125684],[127.87418889411568,35.534717007446645],[127.87297487830263,35.536027667095205],[127.8757381364602,35.54018150580336],[127.87755589763287,35.55051262944618],[127.87214796416116,35.5526414683177],[127.87045584579145,35.55549603938913],[127.86941553617088,35.559628648645926],[127.87464405694809,35.56526180514697],[127.87487611575517,35.56760816389247],[127.87224693447685,35.57034618054833],[127.86988092976887,35.57501438263003],[127.86288849614293,35.57615770088929],[127.85882235178369,35.57052893588237],[127.85631706252086,35.569424029494634],[127.85093652996962,35.57720596262506],[127.84687866717051,35.57789789834221],[127.84069655454937,35.57799220987972],[127.83619019186749,35.57692891899886],[127.8364139125877,35.58080865434798],[127.83512894986302,35.58307224124179],[127.8436406949497,35.58823755491801],[127.84393373636618,35.590743887205534],[127.8471972560829,35.59482022376236],[127.85305261757537,35.59662368596825],[127.85772436811803,35.60245036360119],[127.86194538398938,35.60531647592532],[127.86409600948024,35.60803892647977],[127.86323475912474,35.61130137164845],[127.86741921996814,35.61477810030803],[127.8717861627275,35.62169826051175],[127.87128000288317,35.62576935928207],[127.87165765063713,35.6312517247227],[127.87080167437544,35.63417858624453],[127.87248586294493,35.63640448532381],[127.8772254969263,35.63942222230556],[127.8753999185258,35.64364843441414]]]]}},{"type":"Feature","properties":{"regionCode":"48890","name":"합천군","parentCode":"48"},"geometry":{"type":"MultiPolygon","coordinates":[[[[128.1560982216857,35.39008819566858],[128.15433151946735,35.388590311828125],[128.14762337150145,35.385834454219015],[128.14306999823953,35.385602017556344],[128.13471184644487,35.38658612180857],[128.12925875619126,35.387732621166826],[128.12634636945913,35.385957467175885],[128.12586312709078,35.38314995547471],[128.12974518003358,35.37340232006155],[128.12702355262763,35.37235076661064],[128.12379550246806,35.37554740388713],[128.1137019076855,35.380598016584656],[128.11089379857452,35.38055348177067],[128.1064102396204,35.37647951358457],[128.09531881137022,35.36815378723115],[128.08818609197255,35.368509010616016],[128.08034269741108,35.37012514604672],[128.08122329665218,35.37184268064657],[128.08674356968277,35.374652267896124],[128.08907883428986,35.37916200043464],[128.08850411263873,35.380505351541736],[128.08341792892787,35.38474168521192],[128.08287889386264,35.38732283448357],[128.07902619414457,35.38949657063047],[128.0729293343431,35.38891773125865],[128.0719686710881,35.39231773080963],[128.06635533037272,35.39660750961741],[128.06491535549964,35.39859854982198],[128.06589535903547,35.40223721298279],[128.06208527315627,35.40476340940894],[128.05949492268388,35.405492188053074],[128.05445378717454,35.41631242672906],[128.05232801960796,35.418094865478515],[128.04532575549806,35.41573552681208],[128.04211756159063,35.418871675457396],[128.039344039402,35.41676488120306],[128.03496186116766,35.415403291449614],[128.03077730056725,35.41632247405471],[128.02626464540077,35.42033976868235],[128.02404369776653,35.425511080463586],[128.02282660904143,35.42640655131253],[128.01868042031978,35.42519598462954],[128.01138127370075,35.42645330945359],[128.00812618478074,35.43168791208744],[128.0082225484045,35.43548016536766],[128.00256363822237,35.437805712097465],[127.99587740278297,35.43828040834536],[127.98709534737448,35.44527001956667],[127.98745723200886,35.44792283052158],[127.98645836498376,35.45122186205205],[127.9838234162086,35.45313419451784],[127.98480396048735,35.45657013850458],[127.9835290411369,35.458318421655036],[127.97891725850332,35.46096529042168],[127.97993100437105,35.464608920515154],[127.97933233819025,35.467545757405524],[127.97651863693612,35.471057778000976],[127.97413245593496,35.476742283612964],[127.97603405423217,35.47995608374771],[127.97566744577264,35.48808942308995],[127.97433947068791,35.49503704508457],[127.96228089629365,35.50011514661449],[127.96172179085987,35.507291814416995],[127.96014279452447,35.51240398167511],[127.96124324920095,35.51603019069289],[127.95982244638499,35.518580439274935],[127.95862143568378,35.52380140489325],[127.95374023046058,35.52906383283198],[127.95311744897538,35.534340834675966],[127.95504740447767,35.54992399288815],[127.96015424957803,35.55095968938411],[127.96478372716878,35.55392432871953],[127.97211055963567,35.55585372605853],[127.974530951598,35.557916652013354],[127.97640612704333,35.56318985679808],[127.97951134048019,35.56351531254141],[127.98103589395718,35.56894403458808],[127.97919115140022,35.573956173596486],[127.98094156525028,35.580577685725714],[127.98330075426375,35.58468557404776],[127.98736943828182,35.58575875098837],[127.98834368433822,35.58951103126294],[127.98821844727833,35.595426035064285],[127.985144014059,35.59634935238061],[127.9827004217133,35.60220556007886],[127.98470516565322,35.60866240159776],[127.99131939572133,35.610568648688755],[127.99562073794483,35.61035837926432],[127.99782730817533,35.611273038504834],[127.99782711159827,35.62814588582475],[128.00033399446795,35.62947201255582],[128.00034083293224,35.632567341498174],[128.0052615453258,35.63730227228463],[128.017931514533,35.64332778172335],[128.02094516445686,35.652145941562374],[128.02517438710868,35.652902048869066],[128.03595553599536,35.65691373188938],[128.04018314543916,35.65993720112173],[128.04451735904067,35.661483669588996],[128.04563986709468,35.66696969428269],[128.04588843982916,35.671599310742934],[128.04475225154738,35.674717018980495],[128.04786850643404,35.67544592268285],[128.05035159884753,35.67814819586228],[128.0556500729839,35.68014182151252],[128.0632383752989,35.68084309119093],[128.0663704873728,35.68273532471105],[128.07284710487187,35.67303036432611],[128.07476315792331,35.67378530414219],[128.0757234145966,35.67691653181322],[128.0778158949752,35.67966971460805],[128.08077926378093,35.680663121352886],[128.0891039263358,35.68126016746539],[128.0912326628351,35.68202085777187],[128.0932878994643,35.68544603483411],[128.0950667758787,35.690457632192334],[128.08591019152558,35.69456023380274],[128.08084005450414,35.69566176156802],[128.07622193472625,35.698795025636514],[128.07428413644553,35.70185203655021],[128.0756620593657,35.705115554850245],[128.0741284991809,35.708981016004095],[128.07300245954005,35.718674467079595],[128.07116305765572,35.72082672783736],[128.06656399005834,35.72325538377905],[128.0613737903387,35.72493311639675],[128.05861843796734,35.73028502767863],[128.05902140064705,35.732261366045165],[128.05407328082103,35.74165220175812],[128.05050336298856,35.74365128223007],[128.0441757384329,35.75216577456135],[128.0489885799273,35.75668789417734],[128.05125046216622,35.76113677700315],[128.04943756356025,35.76752980042072],[128.04955657408658,35.76951310128637],[128.05271070449922,35.77389357990283],[128.05093051093164,35.77783239654419],[128.04023770414173,35.78012165782424],[128.03563782211125,35.78614465958506],[128.03807356738974,35.79107700301956],[128.0405646006148,35.79166141389254],[128.0470413005948,35.79543762158699],[128.04954209341557,35.79958148881181],[128.04977502092171,35.802442349562725],[128.05373311066282,35.80560388983431],[128.06027258534755,35.80486488357606],[128.06266996460278,35.80605554567472],[128.06854504191475,35.80642011126166],[128.07284284722843,35.80917662071808],[128.07479811349745,35.81274916254238],[128.07957408637952,35.81435751716884],[128.0849498919585,35.816960028218496],[128.08455095333483,35.82252279818679],[128.09067520128914,35.83081373925133],[128.09573722398747,35.832572708280765],[128.09815642942172,35.83058493210689],[128.10345367395232,35.82895204700949],[128.10870847346575,35.82390472173884],[128.11192965191321,35.82348523906785],[128.11717754864142,35.825817516402466],[128.12227270887107,35.822448711546556],[128.12526630786155,35.82276128239287],[128.12451606973906,35.818892463920434],[128.1218684404791,35.81103011148289],[128.12168721624772,35.803567397675465],[128.12396435074282,35.80146803679594],[128.12529213109264,35.79846158335847],[128.12849523110668,35.79431480792935],[128.12880550773588,35.7893746119665],[128.13135969592204,35.788746062840374],[128.13530142319257,35.785628574686555],[128.13975078646274,35.78404633601224],[128.15477468594392,35.78649416033984],[128.1587958059919,35.78282813259277],[128.15982663050693,35.77956509278302],[128.16405642414114,35.7770268436216],[128.16142325947797,35.76973990076178],[128.16266985528165,35.76918088643915],[128.1649997665608,35.76348937094175],[128.1695359738805,35.76052897883799],[128.17347118743294,35.75885857852405],[128.17653720323625,35.758624664374516],[128.18123868977037,35.75692329112303],[128.1836069461746,35.75517270683651],[128.18726699256447,35.754157852358794],[128.18925972120735,35.752343204036094],[128.1894745059419,35.74949599480738],[128.19100234476116,35.747788126685364],[128.1914239267822,35.744645991763434],[128.19433370485407,35.73821156723334],[128.19788735118559,35.736673339195306],[128.19665379696596,35.730463448265226],[128.19895304988418,35.72592379193017],[128.20156879265045,35.722808536892664],[128.20053449818698,35.72141237520885],[128.20081648262592,35.71781959475737],[128.20301484757016,35.71206314537249],[128.2011810600286,35.710150110121326],[128.2010510206126,35.70614868173311],[128.20330985371572,35.7030967583983],[128.20445601853723,35.69735631600334],[128.20204100731056,35.69135221075412],[128.20415119316982,35.688651807535074],[128.20157378875822,35.68411496812176],[128.19440460074966,35.6843550409675],[128.18955347782537,35.68069905791188],[128.18419676171865,35.67829759725002],[128.17930370133917,35.67302036363099],[128.16676764747962,35.673907395575256],[128.16262315066567,35.671820188456635],[128.16002122013873,35.66713220405376],[128.16136963239003,35.6610179776533],[128.15776697179172,35.657949054487176],[128.15942309928022,35.655009943846096],[128.1637342512458,35.653494150202384],[128.17102415023658,35.654848496701334],[128.17516790415564,35.656888353306826],[128.18261464105143,35.65741500119021],[128.18405508251425,35.6584709345837],[128.19135530429412,35.65516500829831],[128.19550547510494,35.65121134892282],[128.19886455940468,35.6491641517209],[128.2010951906981,35.64375612496794],[128.21026783757034,35.64438369512744],[128.21150277937784,35.641542321118386],[128.22153089708422,35.64105715301348],[128.22505844076065,35.6420776037606],[128.22966585380553,35.639450120129496],[128.23571717028315,35.6407305097328],[128.23748619810203,35.64425379757964],[128.2359453693231,35.6475082801327],[128.23589965708013,35.65136329015082],[128.24193877841563,35.65543874007174],[128.24391758486166,35.655521959368315],[128.24893269054485,35.651097716451844],[128.2582521059564,35.64759424163463],[128.26110099567913,35.64268892434194],[128.26712625660105,35.64531136922613],[128.27669142345826,35.64672765935219],[128.27840202400503,35.65175313405209],[128.27971348428807,35.65228896904953],[128.28859267919034,35.65239266175034],[128.2922800177599,35.65098335724725],[128.29620342190654,35.65052668305541],[128.2972625282959,35.65618736003463],[128.30245804381426,35.65444036776782],[128.30604854197196,35.655143302177976],[128.31510421360056,35.651069994986685],[128.31821543176338,35.6509188681683],[128.32092522043888,35.64784312739811],[128.32371132393902,35.64601915756554],[128.32725062479042,35.64643988541903],[128.32925535275584,35.648157125826195],[128.34094723810753,35.6441524886263],[128.34417729139216,35.64609421364166],[128.34916806256285,35.646445691236345],[128.354918259,35.64247324512014],[128.35609772446105,35.63974737851013],[128.35862381885337,35.637015331342724],[128.36305100451662,35.628575198025636],[128.36237786212067,35.624928904737935],[128.36382341175502,35.6213927652265],[128.3629445941644,35.616860511604784],[128.3636405959276,35.614389307212264],[128.36234678654395,35.61189343129063],[128.35912937333313,35.61176546229258],[128.35383306609688,35.61002137578181],[128.3518942461423,35.60674807991248],[128.35229587342783,35.60302943983829],[128.35519561554767,35.590917795249915],[128.3584230578342,35.58689979865626],[128.36173054280317,35.57800749877753],[128.3599881580281,35.5676366470333],[128.35029055953478,35.55303491233363],[128.3491501429788,35.55019541433645],[128.34882492495498,35.545974327015784],[128.35019856759504,35.538632548831096],[128.35276253670727,35.53493164341645],[128.36303932944838,35.52542813238676],[128.37223759116577,35.518957035687244],[128.36960304543294,35.51499176491431],[128.3696418373237,35.511249570153495],[128.37292679555338,35.50669632104291],[128.37322153635566,35.50351225981925],[128.37150876655187,35.50179194532808],[128.36495378514653,35.5002717673864],[128.36021561966476,35.50304099358027],[128.35643155539415,35.502669979666976],[128.35335824391754,35.50135493752162],[128.35264457064062,35.498339634706845],[128.34836295843033,35.49929107981729],[128.3431595175155,35.50508109540832],[128.33972851717346,35.5068693211885],[128.33797010622266,35.50964516826963],[128.32994108216403,35.507515978488634],[128.3227996999778,35.50810674596705],[128.31739198010743,35.511711688137154],[128.31546221182174,35.51558174493423],[128.31221366577554,35.51671731349155],[128.30800661510835,35.51700640742454],[128.30413777216808,35.513493620213346],[128.30122376685614,35.51373360270494],[128.29904167865095,35.51587434770384],[128.29286208669376,35.51730134955726],[128.29017242195988,35.51248529874314],[128.28580351399862,35.51111799628499],[128.2763891936054,35.50978757478123],[128.27035773074385,35.510398915779405],[128.26625986375876,35.50943638300622],[128.26230945091856,35.50431179914656],[128.26099455092657,35.50176304384119],[128.26189305147966,35.49717522484132],[128.25698344785675,35.4953721367975],[128.25499149046973,35.49373165618179],[128.2491691778976,35.49312046011858],[128.24679060534152,35.494417442210974],[128.2398674843133,35.49388783969608],[128.2368258906442,35.49282333110884],[128.2304789240691,35.48896488842269],[128.22834989333157,35.491054221762546],[128.22071012543057,35.48597133839636],[128.2143597457977,35.48467454600891],[128.20945035915335,35.4829212065547],[128.20630307326377,35.47761559266163],[128.20132392499454,35.47757389290977],[128.20058241885633,35.475222523315885],[128.2057091610386,35.470597175179236],[128.20631346860358,35.469130276069805],[128.21507102550896,35.46481753371025],[128.21659240806093,35.46137038726454],[128.2112146458638,35.46180179803452],[128.20812122277135,35.45986934830387],[128.20851842892407,35.453045652359464],[128.20713174102895,35.44819411572528],[128.204229489793,35.44505303477884],[128.20249356478774,35.44044185712933],[128.20228443636196,35.435949202120014],[128.2001767001469,35.432083512353536],[128.1946195428172,35.42812022659546],[128.19130406799664,35.42393120652693],[128.18571971888562,35.419171071588096],[128.1867606796372,35.4160373812929],[128.1884141109346,35.41530767081531],[128.19098694423084,35.41162932027403],[128.19160400978936,35.409020907284344],[128.1897117538343,35.40305113224739],[128.18946289016236,35.3986684805314],[128.17952471636016,35.39574012574733],[128.1765715759566,35.39562500090569],[128.1719209959855,35.394257093537924],[128.1666217933252,35.39425915785425],[128.16128687622356,35.39122080566154],[128.1560982216857,35.39008819566858]]]]}}]}
