{"type":"FeatureCollection","geometryVersion":"admdongkor-20260701-simplified","features":[{"type":"Feature","properties":{"regionCode":"52110","name":"전주시","parentCode":"52"},"geometry":{"type":"MultiPolygon","coordinates":[[[[127.08581114151502,35.73033885193579],[127.08517586353595,35.72843271377292],[127.08171899460083,35.729642452146315],[127.08107306198758,35.73359403712431],[127.07839159743621,35.73662538920815],[127.07354806605242,35.73954280671675],[127.07051259148284,35.742228594611],[127.07058717256045,35.74677870629565],[127.06620872077825,35.749280860881214],[127.06184576888816,35.753959986087395],[127.05954551688096,35.758419118367485],[127.05291747289341,35.75867557086154],[127.05147137707512,35.75965780132866],[127.05368928064068,35.76288330289679],[127.05800236957559,35.764820370041505],[127.06426697050391,35.766748309545314],[127.06672386741617,35.77038918236875],[127.07029534947603,35.77281919372317],[127.0728923526186,35.77314198395802],[127.07435019225403,35.775190265775535],[127.07117423900532,35.782137938034396],[127.0677305096827,35.7853093785457],[127.06486494731796,35.78615533385167],[127.06442490351701,35.78836687146341],[127.06591072141485,35.790760023285635],[127.06462493136262,35.79520173801251],[127.06523753036396,35.80254788901514],[127.06745851812768,35.80378835749292],[127.06762567595439,35.81424176811017],[127.06553249440545,35.81853318787292],[127.056805430802,35.82303726992507],[127.05623533702254,35.82526385833906],[127.07037465235516,35.82505033567546],[127.07190360932276,35.82524040525171],[127.07727059845085,35.82952745188719],[127.08559863008834,35.83246918096832],[127.08697681975055,35.83606346485404],[127.0872708577857,35.840029296589556],[127.09022566391003,35.83812958988565],[127.10085359032932,35.83910352322462],[127.10473525656197,35.840099298982445],[127.10346507619728,35.84239099872933],[127.10499811421367,35.844855877217164],[127.10555358872487,35.84223215231838],[127.11202808585313,35.838125523823365],[127.11767544753764,35.838234492462796],[127.12387794757507,35.83476615444913],[127.12636130399937,35.8328761731755],[127.12860922858039,35.82951534796599],[127.12665006223848,35.82522638380084],[127.12737749218694,35.820522855403176],[127.12942474946442,35.81944445165495],[127.1345242628496,35.81796532083615],[127.1353740985257,35.82035371240434],[127.13215950162257,35.82394511927901],[127.1378672858866,35.82723421171761],[127.14135782525227,35.82782814331123],[127.14607465811869,35.82893006598999],[127.14644957718825,35.830671301797636],[127.15154273405759,35.82968198467424],[127.1540993896192,35.82960141094523],[127.1581925152892,35.82805109183354],[127.16835279841143,35.81854376330856],[127.16977986135812,35.81844733762754],[127.16932265812471,35.81756188116943],[127.1721100632657,35.81173783506443],[127.17563624146058,35.80809005989929],[127.1802768139759,35.80528376299419],[127.18785999900712,35.80591033252618],[127.19152559606935,35.81000679013147],[127.19787171853754,35.8110418676173],[127.20344701896582,35.80943674250825],[127.20713111344922,35.80562909360816],[127.21366558670564,35.80471709863863],[127.21727554950114,35.801637184246545],[127.21573979785539,35.798542531390254],[127.21193512787083,35.79396944487121],[127.20867875816103,35.79227808653069],[127.20601618762085,35.789679944018445],[127.19969223435052,35.78603377802696],[127.20012196584138,35.77879059193372],[127.19939818835967,35.77607401421658],[127.19541046263527,35.774289936025305],[127.18778180357496,35.77900313285012],[127.1854398915487,35.77915031318882],[127.18157119627122,35.77624167664354],[127.17885423186316,35.77260939056024],[127.17551737829476,35.77463664791803],[127.17289844633427,35.77916752625075],[127.16675316488495,35.78141151453172],[127.16364654809055,35.78188314536267],[127.16241948849425,35.78394491751835],[127.16033178865476,35.78170249762704],[127.15342430278645,35.778569521516154],[127.15327400397709,35.77687668047007],[127.14893231277644,35.7731804711757],[127.14968976048227,35.76878809931159],[127.14621895584901,35.76370817825243],[127.14630333631065,35.75949517345073],[127.13914806150824,35.761212208443446],[127.13666324017993,35.760967848144006],[127.13411807811349,35.758376982085075],[127.12967476277011,35.75551194356504],[127.12552741997571,35.755097417725196],[127.12401205621813,35.752227255445426],[127.11836431665542,35.75310317352318],[127.11587013788001,35.7494315019819],[127.10651448214145,35.75190173639554],[127.10206370416253,35.75187037158867],[127.09620502882449,35.74534546345598],[127.0954160212355,35.73732255527227],[127.09146862681487,35.73625311000661],[127.08581114151502,35.73033885193579]]],[[[127.0585539643302,35.83295868792216],[127.05861989683842,35.838278130979674],[127.0563440876752,35.839152489492264],[127.05370453780516,35.8437240739606],[127.04985264893037,35.85180810142384],[127.04987899466524,35.85387186486447],[127.04545910758081,35.85328076232696],[127.03408394697105,35.85073036030937],[127.02934589705534,35.853806031138575],[127.02769025375515,35.85372633667315],[127.02552752589094,35.85712973794313],[127.0272559192278,35.85779352694043],[127.0284640249062,35.86120476047679],[127.02466145644374,35.864705282084635],[127.01980225873262,35.86306408652567],[127.01619787152947,35.85922797885597],[127.00553289941594,35.862038252499445],[127.00666423259145,35.870450859909404],[127.0065506394369,35.87670646249079],[126.99787186837042,35.88370434047208],[126.99749869091818,35.88459916139796],[127.00143863956207,35.88904505291132],[127.00032375719292,35.892784525866205],[127.00602587529376,35.89433564757268],[127.01490083973552,35.89573353979858],[127.0190455822612,35.89420978244574],[127.02321756198998,35.894991623456285],[127.02818875270421,35.8978298460289],[127.03181886810525,35.89523211951744],[127.03404060677096,35.89246847844841],[127.03722528579397,35.893458957871935],[127.03912249399335,35.896640574014576],[127.04198099623176,35.89644497357973],[127.04533733128832,35.89337173045199],[127.05262293170385,35.89207861486992],[127.05744514745136,35.89433661165094],[127.0603566698045,35.89813286799582],[127.06420778955301,35.89897890942292],[127.07390072997721,35.89753514560627],[127.07668273323489,35.89814875610872],[127.08428620343551,35.896049630017416],[127.0886419391407,35.89331493752764],[127.09453085185031,35.894293663989586],[127.09790407557269,35.8961342026593],[127.1058254332792,35.896123971951766],[127.11173766886674,35.897932762199275],[127.11914111319443,35.90013087550717],[127.1276265198109,35.90149468910588],[127.1363738988335,35.90046486322744],[127.1410082886223,35.89774774836993],[127.14789970350357,35.89014314695351],[127.15197466783098,35.88059307473022],[127.15752342475852,35.8745549505351],[127.16223302651163,35.867962023793595],[127.16659168071965,35.858984550945074],[127.16760459016886,35.85699326981605],[127.16922204473089,35.855008183855375],[127.17405122528893,35.854700960991394],[127.18540245180905,35.85577545895907],[127.19047475524908,35.85849657660929],[127.19456613644981,35.858774710171126],[127.19811706221958,35.85686346581931],[127.20496903517154,35.84510594321368],[127.21021695885314,35.84119146648995],[127.20999392868016,35.83455390129728],[127.20853964863113,35.8291967163085],[127.20991531277424,35.82652148285746],[127.21417874466037,35.82212110856604],[127.21949914026618,35.81986709714499],[127.22211708063121,35.82009660678783],[127.22753167479402,35.82227692025016],[127.23561449854269,35.821487557833024],[127.2311045004752,35.818507563985285],[127.22882304616041,35.813255997706584],[127.22821631035733,35.80879579115468],[127.22451068581705,35.80700860912057],[127.2228511047713,35.80515097785556],[127.21727554950114,35.801637184246545],[127.21366558670564,35.80471709863863],[127.20713111344922,35.80562909360816],[127.20344701896582,35.80943674250825],[127.19787171853754,35.8110418676173],[127.19152559606935,35.81000679013147],[127.18785999900712,35.80591033252618],[127.1802768139759,35.80528376299419],[127.17563624146058,35.80809005989929],[127.1721100632657,35.81173783506443],[127.16932265812471,35.81756188116943],[127.16977986135812,35.81844733762754],[127.16835279841143,35.81854376330856],[127.1581925152892,35.82805109183354],[127.1540993896192,35.82960141094523],[127.15154273405759,35.82968198467424],[127.14644957718825,35.830671301797636],[127.14607465811869,35.82893006598999],[127.14135782525227,35.82782814331123],[127.1378672858866,35.82723421171761],[127.13215950162257,35.82394511927901],[127.1353740985257,35.82035371240434],[127.1345242628496,35.81796532083615],[127.12942474946442,35.81944445165495],[127.12737749218694,35.820522855403176],[127.12665006223848,35.82522638380084],[127.12860922858039,35.82951534796599],[127.12636130399937,35.8328761731755],[127.12387794757507,35.83476615444913],[127.11767544753764,35.838234492462796],[127.11202808585313,35.838125523823365],[127.10555358872487,35.84223215231838],[127.10499811421367,35.844855877217164],[127.10346507619728,35.84239099872933],[127.10473525656197,35.840099298982445],[127.10085359032932,35.83910352322462],[127.09022566391003,35.83812958988565],[127.0872708577857,35.840029296589556],[127.08697681975055,35.83606346485404],[127.08559863008834,35.83246918096832],[127.07727059845085,35.82952745188719],[127.07190360932276,35.82524040525171],[127.07037465235516,35.82505033567546],[127.05623533702254,35.82526385833906],[127.05094320315203,35.828644979524285],[127.0517728630054,35.833314148280195],[127.0585539643302,35.83295868792216]]]]}},{"type":"Feature","properties":{"regionCode":"52130","name":"군산시","parentCode":"52"},"geometry":{"type":"MultiPolygon","coordinates":[[[[126.45860096954628,35.734872140629115],[126.45626979534978,35.73431813356911],[126.45555987647148,35.72970234395409],[126.45351890882553,35.728118202271865],[126.44910062358372,35.72970901927116],[126.4484515367237,35.73136711820565],[126.4497690882438,35.734819541939665],[126.45134666147558,35.73607546360332],[126.45017990712803,35.73859222545194],[126.4473428702972,35.73999772899557],[126.44055106793996,35.74121898959073],[126.44005436595123,35.74341166204583],[126.44809977941954,35.748600366289246],[126.44987936546418,35.74853997104116],[126.45461681540309,35.744918730424374],[126.45630913048775,35.74048578529576],[126.45842956117244,35.73760356870705],[126.45860096954628,35.734872140629115]]],[[[126.46312192616854,35.74837602927907],[126.46360381846439,35.750795683917794],[126.46794064308449,35.75185691987344],[126.46946506695637,35.74668604485999],[126.46312192616854,35.74837602927907]]],[[[126.42512055778755,35.7931150674524],[126.41930810069134,35.79359017877228],[126.41445024401224,35.79698161930824],[126.41343118620144,35.79867160476313],[126.41498194480583,35.802140097596855],[126.41732665179678,35.80481637974454],[126.41719487797178,35.80695665445982],[126.42032227370139,35.810228856135716],[126.42122354516403,35.80681053481663],[126.43178067396599,35.80226253470822],[126.4323594678969,35.80834473700526],[126.43480081524295,35.80571593962994],[126.43754824591387,35.81072470423515],[126.44058422388228,35.80815750391112],[126.44056857683631,35.806100845982556],[126.437606338241,35.80507383990639],[126.4378351305218,35.80195036199879],[126.42944414423599,35.797381226978715],[126.4278886269665,35.79477436763869],[126.42512055778755,35.7931150674524]]],[[[126.37944893011165,35.80565637397161],[126.37658071667038,35.80433411405167],[126.37556025252215,35.80132841471299],[126.37305850346337,35.801426794859964],[126.37297552564486,35.8043313297098],[126.37127909221113,35.80661419684115],[126.36795134276424,35.80848546001454],[126.36671039681308,35.81491243398021],[126.3682878283946,35.82157806331085],[126.37121019995226,35.820659170244795],[126.37121534719164,35.815892651900164],[126.37397862742971,35.814034347468166],[126.37601143400242,35.81462279551226],[126.37721945532991,35.81125419049591],[126.37951578906434,35.80835916233668],[126.37944893011165,35.80565637397161]]],[[[126.3966140527947,35.81443212562306],[126.38712953120589,35.81946565626807],[126.38915678055193,35.82189022400903],[126.39515031893924,35.82023321423292],[126.39741758228429,35.81889657825475],[126.39754685529358,35.81261925778408],[126.40023919433777,35.81088704459428],[126.39756868222348,35.807395551860296],[126.39423128075491,35.808741635706944],[126.39643159324216,35.81035280788117],[126.3966140527947,35.81443212562306]]],[[[126.42120275589663,35.820953867196806],[126.42435138536685,35.819975676463315],[126.422652629289,35.81789315549538],[126.41961162281346,35.82022629114579],[126.41596303155507,35.820442485660955],[126.41559494701241,35.8135224849072],[126.41685518327715,35.81244866607279],[126.4150451523748,35.80594482143488],[126.40981221721928,35.804678799622614],[126.40942574415497,35.80649222250912],[126.40601879613506,35.809094692993014],[126.40268866896523,35.804452261805],[126.40040330370121,35.8058177532834],[126.40285195099847,35.81202213592607],[126.40955639342762,35.814583210442],[126.41162812659545,35.818108953665735],[126.41260142777553,35.82323055649112],[126.4093243143717,35.82439497723763],[126.40521571458741,35.82716910635631],[126.40283513327114,35.827632268158794],[126.40177493857394,35.825454374122664],[126.3989389666868,35.826496731088575],[126.40177864453331,35.831508730390844],[126.40466330559941,35.83211308299668],[126.40903084650618,35.83245492029328],[126.41403480834647,35.83056540400013],[126.41610668943272,35.82799317996732],[126.41725521341378,35.82368841311897],[126.42120275589663,35.820953867196806]]],[[[126.48073830196478,35.81888179621553],[126.48217558378794,35.81723034453822],[126.48750156174607,35.81786817808678],[126.48742092027268,35.81566831929436],[126.48069057878288,35.81207796663341],[126.47034436484972,35.81074334798806],[126.46304897961048,35.81257875352563],[126.4644675327137,35.819248519367754],[126.46180972211528,35.81904965988773],[126.45895878761442,35.817056419881915],[126.45730864858012,35.814501224671304],[126.45390458503813,35.81567851463731],[126.45328401852984,35.813397132456615],[126.45715093054409,35.81010503453856],[126.45356742109074,35.80598759874656],[126.44926803216028,35.80749065163812],[126.44950762547174,35.81617858498023],[126.45331707605598,35.81837990750821],[126.45220039502557,35.820350751378285],[126.44782600510761,35.82159673558321],[126.44478658654755,35.823303400197666],[126.44542409175004,35.82629486237666],[126.44156772991734,35.8276903187764],[126.44423278591914,35.83168379603622],[126.44853503200466,35.83096563404851],[126.45048907372464,35.83214349922655],[126.45538307905791,35.83101024820701],[126.45801238025048,35.82896364948346],[126.45956454250434,35.8261153164015],[126.46272436997012,35.82503037986637],[126.47560598392273,35.82240892608562],[126.49096277996979,35.83820302156225],[126.48916228657767,35.84102687220578],[126.48583571168638,35.84372856035677],[126.48649932359146,35.84649157910091],[126.49064655398558,35.846987854573555],[126.49409477881568,35.846897360906944],[126.50045032278034,35.84422156620444],[126.49924882316371,35.837399282805826],[126.49656682633065,35.83318474095993],[126.48661713083884,35.8249134057794],[126.48073830196478,35.81888179621553]]],[[[126.48400145649025,35.84227292185122],[126.47611396639311,35.84156612241767],[126.47512331308245,35.84393354655656],[126.48229996196388,35.84644365278406],[126.4828832261371,35.844543972437975],[126.48400145649025,35.84227292185122]]],[[[126.37200622331257,35.84602377352806],[126.36171413772337,35.84626966049856],[126.35888224492862,35.847234867257455],[126.359968982884,35.849546103353454],[126.36478883167564,35.84800819928807],[126.36753372515032,35.85090382869],[126.36705963382452,35.853153034966255],[126.37144743645955,35.85387008382344],[126.37816342804366,35.853533888930336],[126.38520119664447,35.85630303146437],[126.38720939619326,35.855564938186056],[126.38857521258424,35.85315610746344],[126.38419510728349,35.85126376289366],[126.37988124842245,35.84747655293067],[126.37629836087095,35.84735988547421],[126.37200622331257,35.84602377352806]]],[[[126.34049099211575,35.85047607771144],[126.33768979918797,35.85226071469004],[126.33791428519783,35.85419752283465],[126.3412478458573,35.85392888641416],[126.34737755903097,35.85321989997727],[126.35238252850695,35.85343339438942],[126.35351167867476,35.850853040571074],[126.35244553000096,35.84913314075349],[126.34707871985337,35.849209929264646],[126.34049099211575,35.85047607771144]]],[[[126.33388740732222,35.85325999376693],[126.33019347024268,35.85371030468714],[126.33254927479115,35.85610585454276],[126.33388740732222,35.85325999376693]]],[[[126.31948454021436,35.85293370808468],[126.31709139455609,35.85460643077275],[126.31615490542015,35.859060903645485],[126.32237359948336,35.8574676454008],[126.32562393040163,35.85754978287469],[126.32761916188835,35.8543156347261],[126.3262444232912,35.852171708080995],[126.31948454021436,35.85293370808468]]],[[[126.4068877386164,35.85840441887192],[126.40284819305309,35.85782534587509],[126.39759812952063,35.855211963937236],[126.39870594565447,35.85839470881552],[126.40701275698028,35.85949832008183],[126.41284850380816,35.858598294650655],[126.42216763253857,35.85689518956373],[126.43273227790156,35.85600450444308],[126.42932878778848,35.854655129006595],[126.41876159093722,35.85562328649792],[126.4068877386164,35.85840441887192]]],[[[126.43507543480128,36.0761246782676],[126.43023316681335,36.079924496303434],[126.42788719730738,36.08558511249604],[126.43937971921373,36.0856285071812],[126.4460318927415,36.082019196988206],[126.44473357269885,36.078693447037935],[126.44625716706496,36.075448020303206],[126.44130124985438,36.077181268719244],[126.43507543480128,36.0761246782676]]],[[[125.98952148442137,36.11211861322866],[125.98632144729696,36.11893934007924],[125.98249935976878,36.1189926220004],[125.98430646744788,36.112967552797116],[125.98040936232908,36.11042784276351],[125.97821478317555,36.110552450995144],[125.97609929191393,36.1130667109542],[125.97342629590788,36.112016212267804],[125.96653767962013,36.1248372560471],[125.96924107350769,36.12756545510765],[125.97772481083513,36.12619972636023],[125.98404750145747,36.12317971939444],[125.98650659639662,36.122346828208165],[125.99125270865271,36.123118233751356],[125.99489875474565,36.12245258483593],[125.99567686278846,36.11778662915171],[125.99341459726655,36.11160858756547],[125.98952148442137,36.11211861322866]]],[[[126.5263555690322,35.729857180339195],[126.53106110544812,35.7314700134818],[126.53328475372265,35.72726955799982],[126.5319909920992,35.72588116611893],[126.5263555690322,35.729857180339195]]],[[[126.5235531697739,35.73135628405092],[126.52028931868387,35.731658603680366],[126.5179287070233,35.737777932190795],[126.52278750971381,35.73625544898671],[126.52447710657636,35.7327614027874],[126.5235531697739,35.73135628405092]]],[[[126.69913318450975,35.893737678721514],[126.67638834736762,35.894656452994575],[126.67503526582134,35.893610066558495],[126.67489141624735,35.889141121008585],[126.66767112637741,35.88342544434358],[126.66243481848055,35.88347480405873],[126.65865416259754,35.88467204448938],[126.65050758129962,35.884116672334514],[126.64108346781018,35.88435017189802],[126.63457545900489,35.88623100100041],[126.63069691983434,35.885696767348705],[126.6267795384601,35.88721684717231],[126.6205540907516,35.8883682298411],[126.61791522395647,35.88598495362784],[126.61281484641378,35.88611565344572],[126.61154905216914,35.88756858639904],[126.61474786219456,35.89105307288972],[126.61264576870094,35.89976708628093],[126.61130772984257,35.907134363356946],[126.61037761700328,35.91660471351826],[126.61152299842524,35.92959749480541],[126.6127638625509,35.93266355996231],[126.6162759479476,35.9374228689102],[126.61696364557801,35.9395042295914],[126.61495284920593,35.94267423957912],[126.59507651494734,35.94750120505017],[126.54942777366348,35.94314319502352],[126.54929690953242,35.93967396060066],[126.5429701258757,35.93964173609423],[126.54203922860472,35.942436146756],[126.53837074850654,35.942084915604205],[126.53703853587783,35.9406242631547],[126.5338180636182,35.93248401714509],[126.52773582652345,35.93314069619085],[126.52566018936695,35.93437797181067],[126.52561854749693,35.93869205743359],[126.52930598319357,35.942558624965166],[126.52440683979493,35.94406183321546],[126.52183997965844,35.94733604191216],[126.52301403927937,35.94976927503305],[126.52113928246187,35.97101863901757],[126.55109220782462,35.975041881810206],[126.56868918089401,35.97376059773386],[126.56852349388015,35.97590917021525],[126.58565778968446,35.9765650442316],[126.59571862191493,35.977313325390824],[126.60904881563815,35.97753212484131],[126.60910341222393,35.978534562365056],[126.63164255535987,35.978317787273824],[126.6340000019292,35.979591703975345],[126.63872676336494,35.98015187870025],[126.64278984200837,35.9788871309424],[126.6664443505322,35.98406109520175],[126.67771487305092,35.98340092619628],[126.67568663734346,35.990634721211826],[126.68626227335291,35.99323617255718],[126.68011032928744,35.99928536867935],[126.69787447644862,35.99996941354847],[126.70411629047955,35.999688591025325],[126.71370693122776,35.99729341665761],[126.72158626645157,35.995408432174415],[126.72540841158252,35.99508961045427],[126.72891908169889,35.996002639783896],[126.73225484614518,35.997554918810415],[126.73480075993174,36.00085091024236],[126.73482014476063,36.00088129958022],[126.74044156452598,36.00968928949221],[126.74479857313973,36.01813560254036],[126.74868151264613,36.02354345586944],[126.75666613507563,36.025760893869254],[126.76514058126614,36.029413010497564],[126.7752689317108,36.031637310961685],[126.78822064158713,36.03067700549218],[126.79766783182956,36.03077483436653],[126.80617070996786,36.03275853219745],[126.8133338321874,36.03557338037518],[126.82970329967527,36.046903525081824],[126.84363430861114,36.05245387187555],[126.8481700623543,36.05461698963807],[126.86358231645985,36.060569587961034],[126.86862489695056,36.0459839137986],[126.87369350541809,36.04253444656566],[126.87292281254526,36.03963202555407],[126.87145037234434,36.03794518257516],[126.87030477397114,36.03282676435562],[126.8789775136552,36.02898569789294],[126.8840094164521,36.02611914868579],[126.88500527488362,36.02359490346594],[126.89066353667384,36.0174414026657],[126.89657028840091,36.01359587708049],[126.90101370612629,36.00786082035316],[126.91368206593224,36.005573550547],[126.91478580402952,36.00434845931082],[126.91550532534968,36.00092507962181],[126.91522282047994,35.99675769834338],[126.91201273780975,35.989221082383246],[126.90821178466662,35.986932709428345],[126.90777072270077,35.98338194293556],[126.90918976117538,35.98353696718246],[126.90946611375394,35.981909899217754],[126.90226032792435,35.978629096998795],[126.90289807259357,35.97205117671973],[126.89976228881848,35.970923710901424],[126.88521132128382,35.960849339475516],[126.88582814801948,35.959686935216666],[126.89057328296636,35.958722537174985],[126.89374481161065,35.95511682599959],[126.89033664876328,35.952680642102926],[126.88183291677119,35.94724764996612],[126.88237580254982,35.94383043982149],[126.88098428584614,35.938315747571615],[126.87718609747918,35.93326972160163],[126.86611345952466,35.92438925605529],[126.86464421602852,35.92215472010242],[126.86076291408862,35.9188894286198],[126.85360476710817,35.91678891038588],[126.85050609279399,35.919916250088065],[126.8474896450635,35.920209460939475],[126.84036232799363,35.91327073115831],[126.83728387269865,35.911564942714904],[126.82812293602684,35.90678406561132],[126.81928027826363,35.90813534778288],[126.80914282002047,35.90842998794397],[126.80688163855137,35.9081365003307],[126.79895040587351,35.906875045977756],[126.79117642733505,35.904834984527724],[126.78414629003419,35.90236945890733],[126.77770516331977,35.89640556950789],[126.77497865390458,35.89329313651127],[126.76998974467178,35.88900540433468],[126.76343469968029,35.8903506936276],[126.76305142369289,35.89146980165655],[126.74174911252243,35.890030965750626],[126.73633549570486,35.89157450056296],[126.73016468453258,35.88891591976538],[126.72500479673118,35.885772884138674],[126.71312947671942,35.889274762484945],[126.69913318450975,35.893737678721514]]],[[[126.54854269828832,36.03358242691051],[126.54196177806809,36.03563857600623],[126.54071199687134,36.03725713731171],[126.54365667579934,36.04159643705686],[126.54394482614131,36.04447306625921],[126.54869418654734,36.04478347635581],[126.5517687680961,36.0470648321701],[126.55489875170794,36.04723691691767],[126.55710985059572,36.04469367054582],[126.55621098984555,36.04252214700602],[126.55864365525014,36.03761719319329],[126.55687825439085,36.02988955840248],[126.55436613378902,36.029582611108154],[126.55105870084232,36.0333847590579],[126.54854269828832,36.03358242691051]]],[[[126.53098097936238,36.035290344703725],[126.52316601890249,36.03716024678316],[126.52288909240119,36.03790531321003],[126.52838072630108,36.042185319574415],[126.53040239380677,36.040286555726645],[126.52947201406451,36.03827887991745],[126.53098097936238,36.035290344703725]]]]}},{"type":"Feature","properties":{"regionCode":"52140","name":"익산시","parentCode":"52"},"geometry":{"type":"MultiPolygon","coordinates":[[[[126.9178172804569,35.905723211818305],[126.90919655333555,35.9046352933693],[126.90572465488451,35.90531507730489],[126.90293885437035,35.90983539992545],[126.89947896224658,35.91232531391451],[126.8920862703143,35.91509659793073],[126.88759663395717,35.91492212275997],[126.8848915691151,35.91222549126412],[126.87817628429745,35.90977022528551],[126.87160678410656,35.91086591414013],[126.86680982567205,35.90773338001546],[126.86395901899677,35.90567440690382],[126.86030678907079,35.90524008721497],[126.85493046077303,35.90897215056483],[126.85360476710817,35.91678891038588],[126.86076291408862,35.9188894286198],[126.86464421602852,35.92215472010242],[126.86611345952466,35.92438925605529],[126.87718609747918,35.93326972160163],[126.88098428584614,35.938315747571615],[126.88237580254982,35.94383043982149],[126.88183291677119,35.94724764996612],[126.89033664876328,35.952680642102926],[126.89374481161065,35.95511682599959],[126.89057328296636,35.958722537174985],[126.88582814801948,35.959686935216666],[126.88521132128382,35.960849339475516],[126.89976228881848,35.970923710901424],[126.90289807259357,35.97205117671973],[126.90226032792435,35.978629096998795],[126.90946611375394,35.981909899217754],[126.90918976117538,35.98353696718246],[126.90777072270077,35.98338194293556],[126.90821178466662,35.986932709428345],[126.91201273780975,35.989221082383246],[126.91522282047994,35.99675769834338],[126.91550532534968,36.00092507962181],[126.91478580402952,36.00434845931082],[126.91368206593224,36.005573550547],[126.90101370612629,36.00786082035316],[126.89657028840091,36.01359587708049],[126.89066353667384,36.0174414026657],[126.88500527488362,36.02359490346594],[126.8840094164521,36.02611914868579],[126.8789775136552,36.02898569789294],[126.87030477397114,36.03282676435562],[126.87145037234434,36.03794518257516],[126.87292281254526,36.03963202555407],[126.87369350541809,36.04253444656566],[126.86862489695056,36.0459839137986],[126.86358231645985,36.060569587961034],[126.86616336873391,36.062342865319806],[126.87011944056164,36.06925418613725],[126.87314788820206,36.07828299146691],[126.87404698434072,36.08266509755022],[126.87489906112205,36.09150400199365],[126.87450168651468,36.0982537720286],[126.87237282064763,36.10406055082545],[126.87220515476095,36.1087660174151],[126.87327819944814,36.11293194847521],[126.88406119975349,36.13249032674862],[126.89034569488983,36.13936546551531],[126.89231893759742,36.14072817545878],[126.90491953306707,36.14355277332351],[126.91174306473998,36.14275414432702],[126.91451937737907,36.141379088941605],[126.91898235331911,36.139168424087586],[126.92339270761323,36.139332170030286],[126.93194287250219,36.14677385207782],[126.93915865902699,36.1513200679647],[126.94337863738254,36.15332029506012],[126.95697608852244,36.156419564095806],[126.96414148534781,36.15502323822196],[126.96878698760655,36.150720676952886],[126.97469158897714,36.148543274821854],[126.98318265857215,36.14690400019092],[126.98630061180971,36.145155976943464],[126.99018097340796,36.14499500011829],[127.00026317743878,36.14682469148837],[127.00344718003811,36.1491380401925],[127.005918502153,36.147367284878335],[127.01027786399041,36.14608324906158],[127.01381357758855,36.14671267190071],[127.01565804932793,36.14891658654023],[127.01791828065005,36.1452918813713],[127.02055116242833,36.138118877544734],[127.02365979664886,36.136555795926576],[127.03002247598774,36.13670565178243],[127.03451807091048,36.13903883352126],[127.03905842746495,36.138869284313515],[127.03959274936487,36.142331205099744],[127.04407650907433,36.14518879984034],[127.04610458025658,36.14378422678632],[127.04976204127567,36.14236853625761],[127.05101763313273,36.139556317303345],[127.05152188874519,36.135181055070355],[127.04957712406816,36.13275479914659],[127.05084455884757,36.131112948281746],[127.05436079903109,36.129832929981234],[127.05816765674372,36.1250982249716],[127.0607924652541,36.12512872628002],[127.06057783649923,36.119838002722936],[127.05778132795031,36.11715543055418],[127.05869343743927,36.11013595238791],[127.0582404702371,36.10824465157864],[127.06110637772973,36.10499371612662],[127.06085985699411,36.094891122418105],[127.06302928158715,36.09210964174736],[127.06766399988462,36.088228341557986],[127.07016366587771,36.08757157285895],[127.07180069954211,36.08435697243817],[127.07453288832396,36.08449163982654],[127.07881033112109,36.08163642033675],[127.08160085882132,36.07792274878285],[127.08773357647915,36.07586036309928],[127.09092847831327,36.07197329130809],[127.09361083859159,36.075132138562005],[127.09585733987511,36.07427005248194],[127.10178415639466,36.07570214114121],[127.10540808022449,36.074191032148185],[127.1135952052215,36.06849365631607],[127.11723138843429,36.067669585422266],[127.122900428152,36.06319211422073],[127.12484552552789,36.06441164509783],[127.12990853375827,36.06564613057486],[127.13378192998547,36.061358432003296],[127.1401007246876,36.05710782533456],[127.13531956550383,36.052723060492944],[127.13169551311778,36.04549763601645],[127.1260464633761,36.039926167526104],[127.11765126176553,36.031003423197426],[127.1161369195547,36.030562734496016],[127.118213096169,36.026397495782234],[127.11600674817326,36.024135818838054],[127.1214792924569,36.02006896919211],[127.12254596154612,36.015170567481725],[127.12493074694277,36.012425330050036],[127.12516179422589,36.005465556792295],[127.1229009377526,36.00520929148192],[127.11975435540637,36.00228184920054],[127.11201191454253,35.99863955131444],[127.10733889387114,35.99552904408088],[127.10866010835984,35.988494362557184],[127.10851540304634,35.98375730567649],[127.10523315148095,35.97057437706382],[127.10425995200391,35.96451499021463],[127.10640724643899,35.960415021824495],[127.10544069102086,35.957276652490236],[127.10225409844821,35.95149411172565],[127.09758388875132,35.946139203929555],[127.09457779698506,35.940336191981054],[127.09420776491386,35.93554467020285],[127.09232948399483,35.93098500278491],[127.08811495151627,35.927109425350345],[127.08059840296616,35.92149431664942],[127.07717342388717,35.920689873480256],[127.07522222902787,35.92155048804366],[127.06617548923012,35.91579517423348],[127.05752278813634,35.920232196856084],[127.0570757655229,35.92090730602824],[127.05259485992724,35.922215598749865],[127.0430605664452,35.925837033260834],[127.04122977425503,35.925297507965226],[127.0382561468663,35.92042330693965],[127.03592260211502,35.918464229019804],[127.02972125034836,35.918545317947675],[127.02898712738511,35.9153966535859],[127.0318673183422,35.91064707489477],[127.03521638493477,35.909844579830214],[127.03241934170079,35.90735757014452],[127.03298001793203,35.904525120692455],[127.03617204572278,35.90278315243507],[127.03722528579397,35.893458957871935],[127.03404060677096,35.89246847844841],[127.03181886810525,35.89523211951744],[127.02818875270421,35.8978298460289],[127.02321756198998,35.894991623456285],[127.0190455822612,35.89420978244574],[127.01490083973552,35.89573353979858],[127.00602587529376,35.89433564757268],[127.00032375719292,35.892784525866205],[127.00143863956207,35.88904505291132],[126.99749869091818,35.88459916139796],[126.99787186837042,35.88370434047208],[126.9940804747579,35.884082469339454],[126.99298297420822,35.88766104800267],[126.99550909832178,35.8889643975646],[126.99415852766398,35.8921905277644],[126.99007229005525,35.892769481126116],[126.98682093110642,35.896650175368784],[126.9812986435541,35.89820361711259],[126.9775949876822,35.89849048865395],[126.97214397763368,35.89788484860158],[126.96012767746329,35.90329190935709],[126.95711043071266,35.9066372315623],[126.95348042413474,35.909029689542976],[126.94634431773814,35.91033299808895],[126.94136302801128,35.912038389559065],[126.93838455126156,35.91273111981887],[126.93260565014646,35.911566567463474],[126.92332378277227,35.908341723266844],[126.9178172804569,35.905723211818305]]]]}},{"type":"Feature","properties":{"regionCode":"52180","name":"정읍시","parentCode":"52"},"geometry":{"type":"MultiPolygon","coordinates":[[[[126.81293494549038,35.47662694456037],[126.81502800584238,35.4736373186275],[126.81357380788494,35.46884731730347],[126.80408290104019,35.46755539898786],[126.80202735205049,35.46824774244748],[126.79285194630216,35.46718209895823],[126.78790880778422,35.467606638318735],[126.78215705921143,35.47033980069305],[126.77555177495563,35.46829298652851],[126.77251960116996,35.46837906838677],[126.77248153669952,35.47172627788411],[126.77087717664654,35.47680191996226],[126.77002115134785,35.48262008140463],[126.7669049720689,35.48559977504249],[126.76515717297626,35.49240299880813],[126.76421392274946,35.493059313079875],[126.7685567611066,35.49579310895782],[126.76847223663542,35.50282876914113],[126.77075870513836,35.505996668005366],[126.76956345137522,35.50854093376874],[126.76253456921023,35.50947905567219],[126.76001054800302,35.511076237180376],[126.75955739159133,35.515425865046694],[126.76411001068864,35.51858393090205],[126.77284859455057,35.522650963825356],[126.7737114275182,35.524258119265006],[126.76692195085025,35.52956919567875],[126.76460760178595,35.52981117040802],[126.7612023095152,35.532895715054174],[126.7620719933402,35.5441124767877],[126.76494632264712,35.54686918534104],[126.76608471459814,35.549374805793654],[126.7645939791426,35.55324408091375],[126.76092792336574,35.55573093013935],[126.76472587896885,35.55891439959124],[126.76672533661139,35.5638069534248],[126.76471734197541,35.566572797640944],[126.76405062194834,35.570509056340676],[126.7571990296575,35.57357890139055],[126.75349950537714,35.573376097937114],[126.74967574381743,35.571098345980545],[126.74541689041668,35.57045910589655],[126.7433740608785,35.56836718493524],[126.73903904751889,35.56759112094578],[126.73064816340441,35.57080646787277],[126.72636824275267,35.57073369661851],[126.72169593133111,35.57302897188287],[126.71952153611157,35.57624839734365],[126.71846693105283,35.57956136238457],[126.71979367163448,35.58403377454691],[126.72293965058083,35.587227971713084],[126.72542061132184,35.59366398320451],[126.72169440551076,35.59467301778823],[126.72019606875972,35.59856188327341],[126.72212360135195,35.60460881060564],[126.72001482242833,35.61059367857549],[126.72091648077958,35.615009670923214],[126.72323045777298,35.617893335776465],[126.72213842972636,35.62319549699504],[126.72224520573693,35.62810802877467],[126.72028292230462,35.63021250269018],[126.72275633279862,35.63184871877961],[126.72366128745838,35.634890286507506],[126.72455969139688,35.63803729125422],[126.72523532259264,35.64395670640231],[126.72962406524154,35.64927569497246],[126.73354618161487,35.65072702312998],[126.74395067506325,35.666734453833215],[126.74808338333128,35.66421608012824],[126.74932328347434,35.66466672969743],[126.75121594567361,35.67028379335758],[126.75469279922841,35.6694932944365],[126.75746426187047,35.66508985135774],[126.76088021766205,35.66119492358289],[126.76359147365436,35.66207391347555],[126.76508965753902,35.66471565903135],[126.76470801454538,35.66964149838091],[126.76540489150352,35.67379832360585],[126.7718167056373,35.68484944868784],[126.7756051148879,35.68663296565088],[126.77586280758855,35.682806063059225],[126.77929449241412,35.67839086738119],[126.78351116963162,35.675843920958975],[126.78929740064228,35.67552839918024],[126.79242746320782,35.67744466379284],[126.79306395871936,35.6800040535525],[126.79803597753421,35.68462654376415],[126.80208512439378,35.68562427288335],[126.80140375911775,35.68061713337856],[126.80578586555121,35.67579577200963],[126.80861542251333,35.680364000604285],[126.81572748987296,35.683079457479806],[126.81970306039473,35.68062090638306],[126.82724546375077,35.67998943574332],[126.82907754678357,35.68499153048915],[126.8347439183656,35.687263071277016],[126.83768523207307,35.69643620537988],[126.83951714016742,35.69773045392797],[126.8283829965624,35.70938976438978],[126.82527451796449,35.71430641452325],[126.82685875937766,35.71808519076772],[126.837396683611,35.72332435531491],[126.84286031295028,35.72657558266667],[126.84674478607151,35.72799882246092],[126.85020001363493,35.72651899267178],[126.85486085871148,35.725917161080645],[126.86707812018066,35.72783612668136],[126.86845946450981,35.728663278774754],[126.8697313506434,35.73060910972714],[126.8732649747966,35.731938162143834],[126.8811266352399,35.74009430485934],[126.88103467305538,35.74347552800297],[126.88199471917844,35.748356495734924],[126.87845953608134,35.74840456411039],[126.87850175256267,35.752077468561396],[126.8750129209986,35.75211638132639],[126.87337586002273,35.75502160795005],[126.87305380170986,35.75830769142204],[126.88240249452043,35.755765658699026],[126.88458692889114,35.75472391005773],[126.88326724557405,35.752060967916606],[126.88751165603671,35.752399001470714],[126.88720446077782,35.75420696478787],[126.89076180433673,35.754281244502],[126.89511089053536,35.75334993094338],[126.90075285598,35.750209667006345],[126.90828798928521,35.747063265455196],[126.91378160852642,35.74532758424581],[126.91693835654053,35.74380628415595],[126.9224747045502,35.73901049554313],[126.92866534472829,35.73090599385452],[126.93386593262233,35.72031828224174],[126.93962498122654,35.72140731756901],[126.94509343202482,35.72112170828498],[126.94824633661017,35.72221699545156],[126.95088642621451,35.724789137210706],[126.96168179457764,35.72312034287422],[126.96813041048605,35.7210687427774],[126.97439154833562,35.7176591485284],[126.97755387466805,35.71664281759021],[126.98156178544119,35.714187178418015],[126.98126410834242,35.71229600176174],[126.98424650301786,35.71018160310612],[126.98960258166943,35.70469110768921],[126.99286164529968,35.69948258575277],[126.99157354077457,35.694880950752015],[126.99198647263911,35.691180181924935],[126.99115026577695,35.68946899992392],[126.99425408049507,35.688644594265526],[126.99577814814984,35.68638429997679],[127.00240460863756,35.68570630025241],[127.00489794925952,35.68062038552439],[127.01487090759782,35.67668284441315],[127.01734072607415,35.67476120707267],[127.02121770271131,35.66920384949115],[127.02636502387077,35.66803500109641],[127.03073939067922,35.66601882966876],[127.03441268941937,35.66717593320026],[127.04182153805365,35.665982067050805],[127.04723377806202,35.66797587590058],[127.05067536731555,35.67029269957732],[127.05663965789499,35.66944161582285],[127.06072305927607,35.67043603379869],[127.0641246887525,35.677719997842445],[127.06839725155662,35.67612978009297],[127.07404068598919,35.67161187534457],[127.07751308177883,35.67173835638588],[127.08246785166854,35.66616188694379],[127.07899232937196,35.66255245608072],[127.08028592476249,35.658908762882106],[127.08390888345588,35.65756750749266],[127.08947384848106,35.6530489243898],[127.08991353832211,35.65147082165415],[127.0874450993888,35.64660531469554],[127.08938087306964,35.63782366297009],[127.09387618476437,35.63321222503224],[127.08978850138402,35.62698815850706],[127.09359570963221,35.62144314995272],[127.09218301769525,35.61988745848928],[127.0911869265705,35.61571600060836],[127.09220810278495,35.612215729848835],[127.09671373691879,35.60858132362878],[127.10022085178899,35.60398493144135],[127.10178299667368,35.59887743123053],[127.10422892680992,35.59483753362187],[127.10250046507103,35.59182042215658],[127.0987300103849,35.58811498231983],[127.09672292639515,35.587254125115365],[127.08855133809905,35.587400736912684],[127.0829266046853,35.58440521484754],[127.08359121128764,35.57911685610426],[127.08497950698522,35.57849699260759],[127.08844684829363,35.57390425972287],[127.0887598119914,35.57142837060522],[127.09270667044049,35.56703914628251],[127.0886034309243,35.56122779512919],[127.08563920223078,35.554771427422864],[127.08588773652922,35.551542038687636],[127.08744038018514,35.549125719431046],[127.09868319697655,35.54510075404979],[127.10774773974488,35.542642103960326],[127.11547354979113,35.538645461787084],[127.11726539655864,35.53583493689961],[127.11658849020304,35.531599311119884],[127.11363050245048,35.52943899279428],[127.11044918503418,35.53321834806178],[127.10643399939826,35.53454778660331],[127.10379119198485,35.531499720754994],[127.09902593712977,35.5297056680166],[127.09373527239173,35.525237775962445],[127.09292848685755,35.52351689794903],[127.08648577187327,35.519582943110514],[127.09006424819388,35.51553353558581],[127.08790554282534,35.50804827771316],[127.0829494662874,35.50644608769458],[127.07456516444456,35.511815434521814],[127.07229606894509,35.51387986511092],[127.0670621332784,35.51620378547734],[127.06175931707814,35.51120359983829],[127.05505371984023,35.509197261361855],[127.05027977700604,35.51229471494516],[127.05168115990891,35.51796112370632],[127.04999383273687,35.52105723594496],[127.04568343457485,35.52129700089642],[127.04248033984511,35.52263152937048],[127.04020972802012,35.525108603529226],[127.0386967249011,35.52853783801915],[127.03316348285021,35.53120623443002],[127.0286778232878,35.5317311671373],[127.0218629069318,35.536732782752594],[127.01912578132324,35.542066831738396],[127.0205833617636,35.546066816415546],[127.01533908190508,35.54535320711948],[127.01102694588528,35.54263921682169],[126.9962275691482,35.539972663250694],[126.99261554403121,35.536924685140555],[126.99069265267092,35.538781754693574],[126.98690436423769,35.54535312988899],[126.98346601663596,35.54778137831339],[126.9811343492596,35.551304981093274],[126.98160001487851,35.553400420567044],[126.97906525551188,35.55565912193597],[126.97519709186969,35.555932082357536],[126.97164754284974,35.55366853725268],[126.9696782072576,35.55073898685976],[126.97037521648336,35.54923997363769],[126.96358329855259,35.543976799556525],[126.95942203728669,35.54386439239999],[126.95673906118104,35.54272510353907],[126.95280134773785,35.538184246513275],[126.95111015567788,35.538500838621566],[126.94986958004107,35.5336155109402],[126.94757586398198,35.53321834533286],[126.9450094634504,35.53006115973381],[126.94269971029524,35.529677105624],[126.93700080364084,35.525329724611645],[126.931333043393,35.52302888084292],[126.92957528276489,35.51980580952364],[126.92906280577044,35.514906422364405],[126.92985907268702,35.509426764680924],[126.93323662294532,35.50681410471911],[126.9339054113869,35.4988649979878],[126.93547413051634,35.495960741008055],[126.93502386539417,35.493702404640565],[126.93791757335266,35.489346257390565],[126.93609431652172,35.48781348618338],[126.93563594068316,35.48158395973174],[126.92756121611583,35.479132774882764],[126.92524982400303,35.48211568941012],[126.92263393636287,35.48260260585962],[126.91845459714783,35.480539799601765],[126.91342202124034,35.476495457672684],[126.90680159290558,35.47789019126707],[126.90242656672626,35.477965918487385],[126.89919516571943,35.48006283771094],[126.89409283656279,35.48066584240151],[126.88868775208978,35.47835001439329],[126.88170627775392,35.48332164351144],[126.88103083659804,35.48570960584211],[126.87631160497577,35.482920202692085],[126.87341242412221,35.47964690367476],[126.87141250164332,35.48020009508361],[126.86190741318688,35.48031289201085],[126.86006086260588,35.47938519522905],[126.86062609204743,35.47369053964351],[126.86389314472238,35.46913221645098],[126.8643468997262,35.46482609893607],[126.86869217100137,35.461388959784685],[126.86156297309546,35.46165453567343],[126.85883975867179,35.462346777369625],[126.85732023734114,35.46424570670391],[126.85061670216128,35.46597918687715],[126.84229418203725,35.46389074903228],[126.83963609228417,35.46212860062145],[126.83846365821681,35.46495869491391],[126.84057554971594,35.4663922675951],[126.84045388642775,35.46914996098972],[126.84179244064299,35.47407474938905],[126.84313705222975,35.47598695575126],[126.84228006997716,35.48009286416566],[126.84026861543173,35.482900732927796],[126.83150123454661,35.480041587932924],[126.82612675025241,35.48630146133217],[126.82175819768315,35.48510709606906],[126.81857901079661,35.485758636637144],[126.81396336477084,35.48294246231824],[126.81293494549038,35.47662694456037]]]]}},{"type":"Feature","properties":{"regionCode":"52190","name":"남원시","parentCode":"52"},"geometry":{"type":"MultiPolygon","coordinates":[[[[127.40987134694873,35.333234665960966],[127.40851512255801,35.32945215753001],[127.40154740974971,35.32510247162462],[127.40010003257214,35.322228863256605],[127.4010961466841,35.319932807682996],[127.39932327795846,35.31290220185338],[127.39643155573282,35.31051461023544],[127.39403949178102,35.310489408510655],[127.39052721104322,35.307944773466076],[127.38715007240293,35.30442924835911],[127.3844510762062,35.30327636997462],[127.3802871281888,35.30453350452815],[127.37723767799045,35.31074810335593],[127.37168142228329,35.31431412134262],[127.36694651187541,35.31458872941735],[127.36233612446578,35.317134036240105],[127.3597134371376,35.320010488175235],[127.35618790088145,35.32125713866802],[127.35098522207225,35.320526617930085],[127.3478874379785,35.31879546200121],[127.33387435288897,35.31536123750781],[127.33113642879304,35.31513324116431],[127.33044631869954,35.31208329570257],[127.32713077201838,35.309886730815904],[127.3236491538305,35.30899670572052],[127.3241115725148,35.30646127830687],[127.32139608217365,35.305743397840835],[127.30855869827614,35.30312866467914],[127.3049425528857,35.30350147671492],[127.30419816559426,35.30573376284234],[127.30149637379043,35.308456914728204],[127.29246230895235,35.31299681660634],[127.28854181751454,35.314150279294495],[127.27105852821263,35.31301654997883],[127.26452378513528,35.31361863658367],[127.26043929001082,35.31163058390051],[127.2564015488236,35.31275626916214],[127.25187135480351,35.315505153562626],[127.25120203405989,35.31696010814238],[127.25037447485944,35.3185561627261],[127.24197281395597,35.32422340969654],[127.23741237845529,35.328136545688245],[127.23459552826608,35.33035921315436],[127.23404312439781,35.33283785004888],[127.23179172018718,35.33526961160718],[127.22265181685326,35.33670428125536],[127.21958540436334,35.33540229249732],[127.21602062897475,35.32910904053449],[127.21694436312586,35.324957325761346],[127.21726398459879,35.3189205616387],[127.21484546236402,35.316167570507865],[127.20993935978751,35.31535666951902],[127.20087804957903,35.31580161999343],[127.19625384925045,35.3191934629239],[127.18710717149794,35.32236451349771],[127.1834015714851,35.32805372273619],[127.18340299068188,35.332366022534124],[127.1860981696332,35.336194469449545],[127.19493244536575,35.33830905563021],[127.19538923943935,35.33981525325056],[127.19285335021152,35.34178749947551],[127.18900352633918,35.34264979854145],[127.18719451260802,35.34466435395483],[127.18934657160439,35.35085032313956],[127.19251348142325,35.35488329842744],[127.19453808017428,35.35961201663792],[127.1973332271054,35.36436651033713],[127.19908242561576,35.364237466874066],[127.2021678189331,35.36160953067302],[127.20504809698988,35.36062228329804],[127.21035225679002,35.36706028675625],[127.21415582225042,35.36872010054819],[127.2152676707991,35.37052366959194],[127.21340013852095,35.37614956986715],[127.21853385001825,35.383499430654474],[127.22122957999099,35.38830821570214],[127.22261322360411,35.39311948273581],[127.22543531641684,35.398327077443284],[127.22674191158609,35.39909291834367],[127.2314263556202,35.397955575458965],[127.2394585477013,35.399281235507765],[127.24542731639589,35.39856181576497],[127.24695458127619,35.40033616181244],[127.25055001197296,35.40861938875855],[127.25155568808017,35.416313444906514],[127.25457415446287,35.418883391271386],[127.25970330276964,35.42676954843786],[127.2625864788628,35.426528384348345],[127.2715169219267,35.4219692006922],[127.2756930372474,35.4211491645608],[127.2786399842434,35.42486906792591],[127.28532356170076,35.42398008014923],[127.28899659631759,35.42565017437049],[127.29376224717262,35.42982714414959],[127.29669320697467,35.435062456628025],[127.29616196359711,35.43950645000071],[127.29789020201063,35.44492236884495],[127.30202962722038,35.44920894427994],[127.3063663598831,35.452772920352025],[127.3096095104832,35.4599785474863],[127.31367601002059,35.46359423834615],[127.31447220614072,35.46627280569608],[127.31149540043924,35.468910334520864],[127.31021128525626,35.476043265442996],[127.30865960555225,35.477660218904155],[127.3072204918873,35.486395967328896],[127.31040709648946,35.49389290645683],[127.31780985434732,35.49536371424175],[127.31874145174551,35.493655211401645],[127.32600138917093,35.49582622262415],[127.32960417373938,35.494669179698136],[127.33220920983483,35.492367472219726],[127.33865624380084,35.49396627130223],[127.34137949889725,35.49640220647085],[127.35024465498597,35.496689807257134],[127.35624552937,35.500255742077954],[127.35534337263066,35.50463316374755],[127.35415052693655,35.50979855369401],[127.35469578887344,35.51230543811897],[127.34316889551759,35.52031827065973],[127.33840888573425,35.52468308130819],[127.33791551344994,35.52781143917778],[127.34231222396436,35.525744416715696],[127.34662144356635,35.529591939712056],[127.3497976753708,35.537234247670256],[127.3489866998888,35.54041363632563],[127.340701597406,35.54388024670199],[127.33458593659097,35.54874823370392],[127.33411730078201,35.55052283571774],[127.3359252930035,35.55415533491461],[127.33976274081228,35.554077495987755],[127.34409559290049,35.55090874125164],[127.34986860295638,35.55131103247693],[127.35215144780001,35.55237739989457],[127.35841126196249,35.55889076868084],[127.36152823803475,35.55693905068211],[127.36347234808841,35.55822991484589],[127.36897003784803,35.55494649026918],[127.37765535181457,35.54828482477118],[127.38455235984554,35.54652433188983],[127.39202688865065,35.54641488039544],[127.39687839220497,35.548093662693745],[127.39920995913327,35.5470742872974],[127.40245078334343,35.54844200285259],[127.40771940530738,35.55605005894906],[127.40801661184553,35.55974177415886],[127.41306417567323,35.5601925462118],[127.42033024444379,35.552744200433466],[127.42613537395219,35.55019463597573],[127.43223340261206,35.55040063485149],[127.43940561063148,35.55281518887734],[127.43980641658601,35.54831991136951],[127.44220550057116,35.54622549026869],[127.44676414193017,35.54529106449578],[127.45230169831663,35.54075150179579],[127.45359193228278,35.543648918005076],[127.45686550706579,35.54628650221174],[127.45999333583411,35.54519848115236],[127.4669195231204,35.546260814468226],[127.46946067924354,35.54185737378484],[127.47646563790823,35.53844772319635],[127.48229294269821,35.53854874383474],[127.49254197789269,35.53377307986759],[127.49123426652291,35.52695121838293],[127.49566369260917,35.522963074729184],[127.5018243217045,35.52134896973462],[127.50138381406117,35.517602792510296],[127.50483681475887,35.51383355710754],[127.51042220344331,35.510151260871005],[127.51299847461382,35.507333382425095],[127.51593879603844,35.498801253330726],[127.52147195714414,35.49636883536989],[127.52718739426204,35.495290533385564],[127.5283684781927,35.49113205018834],[127.5269774424171,35.486351806026036],[127.52403698019543,35.48393982634587],[127.52125687265087,35.48323413785573],[127.5140062340428,35.479197967482925],[127.51914034238955,35.47846429812961],[127.52185147862176,35.47685789164837],[127.52483412459341,35.473229634509934],[127.528940230457,35.473020409763514],[127.53586922977549,35.470350303987786],[127.54164709727266,35.47154621765467],[127.54272815615559,35.468390614900144],[127.54650444314373,35.46801780139205],[127.54839276558214,35.46965690757681],[127.55373594102277,35.47126031349066],[127.55838366152389,35.471330995578114],[127.56215535456701,35.474819956897164],[127.55980959760632,35.478969619756015],[127.55951637075277,35.48107252234446],[127.56276115580614,35.4857676203144],[127.5635982086666,35.4884741660211],[127.56629677092853,35.48948200352307],[127.57431329920176,35.49469233516163],[127.57561784623933,35.49827190932656],[127.58015339688816,35.50201547124849],[127.57923276647685,35.50380325182186],[127.58069190420822,35.5114061996022],[127.57860305758724,35.51612371279672],[127.57407082334211,35.51704894988329],[127.57051201304215,35.51961524373358],[127.570395763752,35.523247339839386],[127.56838678768119,35.524996021958756],[127.56788864788044,35.52880358050188],[127.56858033831458,35.53257256966339],[127.5710518650243,35.534483531931585],[127.57306598819217,35.545652619215076],[127.57863421984024,35.54712662936479],[127.58139381963183,35.54957065107101],[127.58540555531327,35.55458610896887],[127.58864817078502,35.55352441603138],[127.59107582158535,35.554169344859716],[127.5937501386489,35.551188405769075],[127.59399523225171,35.548794848833836],[127.60495564996681,35.54372270852138],[127.60962559541957,35.540365137641935],[127.60927893057165,35.53889311856687],[127.611933742488,35.53569106184522],[127.61490877462073,35.53561721020294],[127.61905466317245,35.53696618172827],[127.62099541505692,35.533964879095805],[127.6241209813659,35.53384836742604],[127.62743001944766,35.53564876580536],[127.62873737977306,35.53390222827504],[127.62575651782389,35.532073680981966],[127.62440312898308,35.52789818222985],[127.62630469564844,35.52458812558353],[127.63123792842796,35.52064270218575],[127.63415838378629,35.52105031713765],[127.63437941500024,35.51742733471513],[127.63319955348031,35.51558616855752],[127.63408204757663,35.51297972706935],[127.63640851290965,35.5117050662458],[127.63709366040865,35.509191064747434],[127.64186529978875,35.50505846061009],[127.6435388938526,35.50120534113181],[127.64582268635685,35.49818994198611],[127.65083539231424,35.497632191004946],[127.65013691063156,35.49144748079083],[127.65272223866066,35.48566975931955],[127.64342389157783,35.48127760288324],[127.63721836022526,35.47892691083905],[127.63669283058437,35.47769095795088],[127.63786184675904,35.47082890848543],[127.63570102432699,35.462305817019626],[127.63692507547805,35.45931636106767],[127.64507321943923,35.449510140557116],[127.64822235470118,35.45065108856938],[127.65278456562316,35.45072591803649],[127.66301501238817,35.447638479890855],[127.66709711496165,35.44807107215841],[127.66939742862972,35.44734043932947],[127.67283180065029,35.443756920315394],[127.66657778074399,35.437860869057296],[127.66535149977089,35.43514245240443],[127.66600825371502,35.432418708586624],[127.66533861913595,35.42717934434364],[127.66350682012984,35.42550067988719],[127.66130550140508,35.41786300997692],[127.6619777290484,35.41665602035825],[127.65936132035938,35.414091731642515],[127.65648375924816,35.41317706948987],[127.65003635940539,35.407731149113594],[127.64644657812282,35.40266417281567],[127.64343819325984,35.40159610679687],[127.63806219676934,35.40143077862094],[127.63542009083224,35.39981938348405],[127.63445820611106,35.39703435209596],[127.63134485278879,35.39187325285517],[127.62709857661146,35.38776959581132],[127.62524890020566,35.38475060225872],[127.62461684825534,35.37655904831027],[127.62239577903036,35.37320209954013],[127.61655759805875,35.37005123316565],[127.61326606100043,35.36925365839291],[127.61025408770702,35.36579035495039],[127.61161322506732,35.36169360821631],[127.61212332967311,35.35594620267877],[127.61587569568718,35.35016128834625],[127.62052609408235,35.3474706929111],[127.62286233227857,35.343948600020134],[127.62276568924935,35.33839706079016],[127.62041644185827,35.33232695446984],[127.6148455673778,35.33056338794643],[127.60812973148512,35.325316222663254],[127.60550975646643,35.31896257332157],[127.59229728269312,35.31153315567769],[127.58566739688816,35.309144005446676],[127.57928066744505,35.30960379237861],[127.57744981030764,35.308958991688115],[127.5726507058658,35.31204568476985],[127.56815175001621,35.31828588909182],[127.5601719860383,35.321295624963035],[127.55460942652003,35.32234366448942],[127.5520686692805,35.32514863171458],[127.54464839217029,35.3273747439823],[127.54212584407009,35.32912532367609],[127.54065583477708,35.33441296376966],[127.53406350932562,35.335548982340576],[127.53053683497689,35.33728267828973],[127.52474499306221,35.34489741266081],[127.5223212934209,35.346162278458316],[127.51642520659361,35.34771599094917],[127.51422209020194,35.35134092699875],[127.50822528141768,35.35333738993975],[127.50141328196517,35.358826027756535],[127.49562139198262,35.36081356387662],[127.49258215166901,35.35886445845008],[127.48610471803408,35.35836643900431],[127.48158634312274,35.361033583784305],[127.47759144267194,35.36501178750771],[127.47333505889574,35.366143535628055],[127.47057638504084,35.36593969069998],[127.46444253682839,35.36390177024862],[127.45861287778948,35.36361959890279],[127.45421364589076,35.36072776566614],[127.45016395230226,35.36126141773108],[127.44676751250522,35.36047924640444],[127.44289122409167,35.36127692985325],[127.44133952188912,35.364427719036236],[127.43724755334938,35.36319174265396],[127.4313225302281,35.35953188461291],[127.42275651869997,35.350838807898576],[127.42015942634652,35.34521928272485],[127.41598091257602,35.34085460335577],[127.4154956133895,35.33728147773582],[127.40987134694873,35.333234665960966]]]]}},{"type":"Feature","properties":{"regionCode":"52210","name":"김제시","parentCode":"52"},"geometry":{"type":"MultiPolygon","coordinates":[[[[126.87850175256267,35.752077468561396],[126.87845953608134,35.74840456411039],[126.88199471917844,35.748356495734924],[126.88103467305538,35.74347552800297],[126.8811266352399,35.74009430485934],[126.8732649747966,35.731938162143834],[126.8697313506434,35.73060910972714],[126.86845946450981,35.728663278774754],[126.86707812018066,35.72783612668136],[126.85486085871148,35.725917161080645],[126.85020001363493,35.72651899267178],[126.84674478607151,35.72799882246092],[126.84286031295028,35.72657558266667],[126.837396683611,35.72332435531491],[126.82685875937766,35.71808519076772],[126.82527451796449,35.71430641452325],[126.82275500927557,35.71772813413695],[126.82032960547322,35.71812332076364],[126.81748598414917,35.71503302824553],[126.81271308801115,35.71582840420277],[126.81273262391912,35.72081838027869],[126.81065188875743,35.723624793696345],[126.80820901159166,35.73393032059367],[126.80490507291417,35.73536754153372],[126.80049215812971,35.74130841490847],[126.79914673477587,35.74733490929749],[126.79583299828577,35.751108724810244],[126.79273996437416,35.75353513081132],[126.77747674555947,35.753179372447406],[126.77723058000228,35.757646392147244],[126.7767447801163,35.76639866989876],[126.77471621105965,35.77034319245378],[126.76988685432954,35.777520772088046],[126.76782433348805,35.78533539214782],[126.7734272306216,35.797194538952624],[126.77683783945753,35.80148786248296],[126.77235277921179,35.80340811362315],[126.76584439591744,35.804494342739716],[126.76564257702101,35.80741202762293],[126.7573197272253,35.80875431232137],[126.75107866309185,35.81216014981692],[126.73448880585515,35.81790081937109],[126.73315872674603,35.81860740252489],[126.72258025840951,35.82773437679116],[126.69930066651303,35.83990430834648],[126.69304403834833,35.84026002946031],[126.69022665468523,35.841655455214095],[126.68695083192704,35.84174345400198],[126.6852972629938,35.843913617117046],[126.69480222158349,35.85181678676146],[126.69728974446002,35.85476227177577],[126.70124365097227,35.855893793282036],[126.71086386722438,35.85747464845068],[126.71581029595504,35.860543960248435],[126.71987234080184,35.86000421473032],[126.7291562232872,35.864234080470005],[126.73097428572075,35.86665120936904],[126.74529071099145,35.86713523015732],[126.75553835445533,35.865681288161326],[126.76621250104539,35.86198729285914],[126.76476457651557,35.86609640339336],[126.78798157787541,35.864912544127705],[126.789540517234,35.865614486978245],[126.7986332511659,35.87395830782586],[126.79948669916529,35.87794994188535],[126.79672357966449,35.881781692041166],[126.80028386739419,35.889216861795234],[126.80089990544514,35.89375091521944],[126.81965491059795,35.896532265748604],[126.82535594930876,35.89850910499252],[126.82850628371763,35.90190399739936],[126.83249080151262,35.90484386584585],[126.83728387269865,35.911564942714904],[126.84036232799363,35.91327073115831],[126.8474896450635,35.920209460939475],[126.85050609279399,35.919916250088065],[126.85360476710817,35.91678891038588],[126.85493046077303,35.90897215056483],[126.86030678907079,35.90524008721497],[126.86395901899677,35.90567440690382],[126.86680982567205,35.90773338001546],[126.87160678410656,35.91086591414013],[126.87817628429745,35.90977022528551],[126.8848915691151,35.91222549126412],[126.88759663395717,35.91492212275997],[126.8920862703143,35.91509659793073],[126.89947896224658,35.91232531391451],[126.90293885437035,35.90983539992545],[126.90572465488451,35.90531507730489],[126.90919655333555,35.9046352933693],[126.9178172804569,35.905723211818305],[126.92332378277227,35.908341723266844],[126.93260565014646,35.911566567463474],[126.93838455126156,35.91273111981887],[126.94136302801128,35.912038389559065],[126.94634431773814,35.91033299808895],[126.95348042413474,35.909029689542976],[126.95711043071266,35.9066372315623],[126.96012767746329,35.90329190935709],[126.97214397763368,35.89788484860158],[126.9775949876822,35.89849048865395],[126.9812986435541,35.89820361711259],[126.98682093110642,35.896650175368784],[126.99007229005525,35.892769481126116],[126.99415852766398,35.8921905277644],[126.99550909832178,35.8889643975646],[126.99298297420822,35.88766104800267],[126.9940804747579,35.884082469339454],[126.99787186837042,35.88370434047208],[127.0065506394369,35.87670646249079],[127.00666423259145,35.870450859909404],[127.00553289941594,35.862038252499445],[127.00845447340878,35.85736234388461],[127.0096691574685,35.846630744744445],[127.00437178043236,35.84231007995389],[127.00156495854188,35.83886509865698],[127.00137931153247,35.83517200888817],[126.99911476656408,35.83154583718326],[126.99465002643349,35.829317664525334],[126.99733108480926,35.823532329161075],[126.99787076433705,35.81827796657594],[126.9982151894831,35.81516250946232],[126.99968884346417,35.81317007322706],[127.00535988893814,35.80873268139349],[127.01005854556422,35.806896053341895],[127.01429847426267,35.803514022914094],[127.01862798120872,35.80214728179433],[127.01994669202641,35.79991891874002],[127.0254804649504,35.8005336116842],[127.02905569689011,35.80252657349343],[127.03302668533838,35.7984151451526],[127.0366413980677,35.79731656822579],[127.03896083875473,35.79887265765461],[127.04245045058104,35.79828839295925],[127.04392057113168,35.79518251653585],[127.04881132164365,35.79488575628321],[127.05542503707998,35.79135095937142],[127.0615910026474,35.79245893697013],[127.06591072141485,35.790760023285635],[127.06442490351701,35.78836687146341],[127.06486494731796,35.78615533385167],[127.0677305096827,35.7853093785457],[127.07117423900532,35.782137938034396],[127.07435019225403,35.775190265775535],[127.0728923526186,35.77314198395802],[127.07029534947603,35.77281919372317],[127.06672386741617,35.77038918236875],[127.06426697050391,35.766748309545314],[127.05800236957559,35.764820370041505],[127.05368928064068,35.76288330289679],[127.05147137707512,35.75965780132866],[127.05291747289341,35.75867557086154],[127.05954551688096,35.758419118367485],[127.06184576888816,35.753959986087395],[127.06620872077825,35.749280860881214],[127.07058717256045,35.74677870629565],[127.07051259148284,35.742228594611],[127.07354806605242,35.73954280671675],[127.07839159743621,35.73662538920815],[127.08107306198758,35.73359403712431],[127.08171899460083,35.729642452146315],[127.08517586353595,35.72843271377292],[127.08597787834805,35.72483793885701],[127.08109759753988,35.721644962189835],[127.07469167323774,35.72011745295436],[127.07180607788865,35.71785511420102],[127.07006143858142,35.71235578719792],[127.06125869195661,35.70467598415496],[127.06041539613145,35.70187962710844],[127.06391550675364,35.697349728097294],[127.06833134084549,35.69463047219248],[127.06887411452972,35.68942282890194],[127.06364090359384,35.68023618444456],[127.0641246887525,35.677719997842445],[127.06072305927607,35.67043603379869],[127.05663965789499,35.66944161582285],[127.05067536731555,35.67029269957732],[127.04723377806202,35.66797587590058],[127.04182153805365,35.665982067050805],[127.03441268941937,35.66717593320026],[127.03073939067922,35.66601882966876],[127.02636502387077,35.66803500109641],[127.02121770271131,35.66920384949115],[127.01734072607415,35.67476120707267],[127.01487090759782,35.67668284441315],[127.00489794925952,35.68062038552439],[127.00240460863756,35.68570630025241],[126.99577814814984,35.68638429997679],[126.99425408049507,35.688644594265526],[126.99115026577695,35.68946899992392],[126.99198647263911,35.691180181924935],[126.99157354077457,35.694880950752015],[126.99286164529968,35.69948258575277],[126.98960258166943,35.70469110768921],[126.98424650301786,35.71018160310612],[126.98126410834242,35.71229600176174],[126.98156178544119,35.714187178418015],[126.97755387466805,35.71664281759021],[126.97439154833562,35.7176591485284],[126.96813041048605,35.7210687427774],[126.96168179457764,35.72312034287422],[126.95088642621451,35.724789137210706],[126.94824633661017,35.72221699545156],[126.94509343202482,35.72112170828498],[126.93962498122654,35.72140731756901],[126.93386593262233,35.72031828224174],[126.92866534472829,35.73090599385452],[126.9224747045502,35.73901049554313],[126.91693835654053,35.74380628415595],[126.91378160852642,35.74532758424581],[126.90828798928521,35.747063265455196],[126.90075285598,35.750209667006345],[126.89511089053536,35.75334993094338],[126.89076180433673,35.754281244502],[126.88720446077782,35.75420696478787],[126.88751165603671,35.752399001470714],[126.88326724557405,35.752060967916606],[126.88458692889114,35.75472391005773],[126.88240249452043,35.755765658699026],[126.87305380170986,35.75830769142204],[126.87337586002273,35.75502160795005],[126.8750129209986,35.75211638132639],[126.87850175256267,35.752077468561396]]]]}},{"type":"Feature","properties":{"regionCode":"52710","name":"완주군","parentCode":"52"},"geometry":{"type":"MultiPolygon","coordinates":[[[[127.18160713364021,35.73614329117587],[127.17913111984515,35.73804044465979],[127.17707398043767,35.737710828704365],[127.16882090308005,35.73211897737518],[127.16345955489261,35.72780202880955],[127.16307799997398,35.72539734210595],[127.15977912374481,35.72396882427233],[127.1546805659788,35.72520362599844],[127.15248283433664,35.725001707613494],[127.14740819509208,35.722244538963274],[127.14308937019112,35.720688854877366],[127.13865891019144,35.71800731090565],[127.13960679921502,35.71253051391361],[127.13732034133213,35.70605948172756],[127.13762746518051,35.70211867236548],[127.13906683981097,35.69968622307871],[127.13506179303177,35.6972855054312],[127.13023606020872,35.691738278239264],[127.12772556794327,35.69156182966559],[127.12508688876666,35.689645502188],[127.12475744262946,35.67946200358083],[127.12604113223829,35.67779747947021],[127.12634844507845,35.67367755762826],[127.12767835057812,35.671552389121274],[127.1309689503127,35.669553081941814],[127.1309000674294,35.66574057528451],[127.12839586074254,35.65911603756192],[127.12698148760977,35.65722403094582],[127.13075598411999,35.65420070254411],[127.13465251413766,35.64928362208636],[127.13552648105302,35.64680064566864],[127.13246650679748,35.6442438946428],[127.12940866996401,35.63733309981094],[127.12702581578388,35.63532966396579],[127.12411094137607,35.63588748722612],[127.12007224675375,35.63348106688076],[127.11527606282866,35.62741329582409],[127.11243840533541,35.62462954176824],[127.108785978658,35.62315689210685],[127.10627512375405,35.61953742845141],[127.103258230089,35.61865113591678],[127.09983768742593,35.620498885831786],[127.09359570963221,35.62144314995272],[127.08978850138402,35.62698815850706],[127.09387618476437,35.63321222503224],[127.08938087306964,35.63782366297009],[127.0874450993888,35.64660531469554],[127.08991353832211,35.65147082165415],[127.08947384848106,35.6530489243898],[127.08390888345588,35.65756750749266],[127.08028592476249,35.658908762882106],[127.07899232937196,35.66255245608072],[127.08246785166854,35.66616188694379],[127.07751308177883,35.67173835638588],[127.07404068598919,35.67161187534457],[127.06839725155662,35.67612978009297],[127.0641246887525,35.677719997842445],[127.06364090359384,35.68023618444456],[127.06887411452972,35.68942282890194],[127.06833134084549,35.69463047219248],[127.06391550675364,35.697349728097294],[127.06041539613145,35.70187962710844],[127.06125869195661,35.70467598415496],[127.07006143858142,35.71235578719792],[127.07180607788865,35.71785511420102],[127.07469167323774,35.72011745295436],[127.08109759753988,35.721644962189835],[127.08597787834805,35.72483793885701],[127.08517586353595,35.72843271377292],[127.08581114151502,35.73033885193579],[127.09146862681487,35.73625311000661],[127.0954160212355,35.73732255527227],[127.09620502882449,35.74534546345598],[127.10206370416253,35.75187037158867],[127.10651448214145,35.75190173639554],[127.11587013788001,35.7494315019819],[127.11836431665542,35.75310317352318],[127.12401205621813,35.752227255445426],[127.12552741997571,35.755097417725196],[127.12967476277011,35.75551194356504],[127.13411807811349,35.758376982085075],[127.13666324017993,35.760967848144006],[127.13914806150824,35.761212208443446],[127.14630333631065,35.75949517345073],[127.14621895584901,35.76370817825243],[127.14968976048227,35.76878809931159],[127.14893231277644,35.7731804711757],[127.15327400397709,35.77687668047007],[127.15342430278645,35.778569521516154],[127.16033178865476,35.78170249762704],[127.16241948849425,35.78394491751835],[127.16364654809055,35.78188314536267],[127.16675316488495,35.78141151453172],[127.17289844633427,35.77916752625075],[127.17551737829476,35.77463664791803],[127.17885423186316,35.77260939056024],[127.18157119627122,35.77624167664354],[127.1854398915487,35.77915031318882],[127.18778180357496,35.77900313285012],[127.19541046263527,35.774289936025305],[127.19939818835967,35.77607401421658],[127.20012196584138,35.77879059193372],[127.19969223435052,35.78603377802696],[127.20601618762085,35.789679944018445],[127.20867875816103,35.79227808653069],[127.21193512787083,35.79396944487121],[127.21573979785539,35.798542531390254],[127.21727554950114,35.801637184246545],[127.2228511047713,35.80515097785556],[127.22451068581705,35.80700860912057],[127.22821631035733,35.80879579115468],[127.22882304616041,35.813255997706584],[127.2311045004752,35.818507563985285],[127.23561449854269,35.821487557833024],[127.22753167479402,35.82227692025016],[127.22211708063121,35.82009660678783],[127.21949914026618,35.81986709714499],[127.21417874466037,35.82212110856604],[127.20991531277424,35.82652148285746],[127.20853964863113,35.8291967163085],[127.20999392868016,35.83455390129728],[127.21021695885314,35.84119146648995],[127.20496903517154,35.84510594321368],[127.19811706221958,35.85686346581931],[127.19456613644981,35.858774710171126],[127.19047475524908,35.85849657660929],[127.18540245180905,35.85577545895907],[127.17405122528893,35.854700960991394],[127.16922204473089,35.855008183855375],[127.16760459016886,35.85699326981605],[127.16659168071965,35.858984550945074],[127.16223302651163,35.867962023793595],[127.15752342475852,35.8745549505351],[127.15197466783098,35.88059307473022],[127.14789970350357,35.89014314695351],[127.1410082886223,35.89774774836993],[127.1363738988335,35.90046486322744],[127.1276265198109,35.90149468910588],[127.11914111319443,35.90013087550717],[127.11173766886674,35.897932762199275],[127.1058254332792,35.896123971951766],[127.09790407557269,35.8961342026593],[127.09453085185031,35.894293663989586],[127.0886419391407,35.89331493752764],[127.08428620343551,35.896049630017416],[127.07668273323489,35.89814875610872],[127.07390072997721,35.89753514560627],[127.06420778955301,35.89897890942292],[127.0603566698045,35.89813286799582],[127.05744514745136,35.89433661165094],[127.05262293170385,35.89207861486992],[127.04533733128832,35.89337173045199],[127.04198099623176,35.89644497357973],[127.03912249399335,35.896640574014576],[127.03722528579397,35.893458957871935],[127.03617204572278,35.90278315243507],[127.03298001793203,35.904525120692455],[127.03241934170079,35.90735757014452],[127.03521638493477,35.909844579830214],[127.0318673183422,35.91064707489477],[127.02898712738511,35.9153966535859],[127.02972125034836,35.918545317947675],[127.03592260211502,35.918464229019804],[127.0382561468663,35.92042330693965],[127.04122977425503,35.925297507965226],[127.0430605664452,35.925837033260834],[127.05259485992724,35.922215598749865],[127.0570757655229,35.92090730602824],[127.05752278813634,35.920232196856084],[127.06617548923012,35.91579517423348],[127.07522222902787,35.92155048804366],[127.07717342388717,35.920689873480256],[127.08059840296616,35.92149431664942],[127.08811495151627,35.927109425350345],[127.09232948399483,35.93098500278491],[127.09420776491386,35.93554467020285],[127.09457779698506,35.940336191981054],[127.09758388875132,35.946139203929555],[127.10225409844821,35.95149411172565],[127.10544069102086,35.957276652490236],[127.10640724643899,35.960415021824495],[127.10425995200391,35.96451499021463],[127.10523315148095,35.97057437706382],[127.10851540304634,35.98375730567649],[127.10866010835984,35.988494362557184],[127.10733889387114,35.99552904408088],[127.11201191454253,35.99863955131444],[127.11975435540637,36.00228184920054],[127.1229009377526,36.00520929148192],[127.12516179422589,36.005465556792295],[127.12493074694277,36.012425330050036],[127.12254596154612,36.015170567481725],[127.1214792924569,36.02006896919211],[127.11600674817326,36.024135818838054],[127.118213096169,36.026397495782234],[127.1161369195547,36.030562734496016],[127.11765126176553,36.031003423197426],[127.1260464633761,36.039926167526104],[127.13169551311778,36.04549763601645],[127.13531956550383,36.052723060492944],[127.1401007246876,36.05710782533456],[127.13378192998547,36.061358432003296],[127.12990853375827,36.06564613057486],[127.13370162721468,36.06968287882932],[127.13438070726582,36.07796880775213],[127.13350608832367,36.08133924151326],[127.13716331519623,36.08684851259203],[127.1423959699884,36.08785380514766],[127.14595094503328,36.090440663442095],[127.15125190756373,36.08992063187333],[127.15270556924422,36.08574826085887],[127.1577675246953,36.08369051837157],[127.1610728010736,36.0837079714454],[127.16472981111126,36.08522754440484],[127.16868434301696,36.08393777391096],[127.17139939906326,36.084616446108015],[127.17301112400426,36.08714744988057],[127.17767447389038,36.090904698599424],[127.17939046289112,36.0941802488236],[127.18390155712316,36.09434513155925],[127.1888441488078,36.092450545776195],[127.1925556226607,36.08800963922881],[127.19610153614639,36.085938538108145],[127.19956748744056,36.08609669991188],[127.20167799230359,36.087477170915285],[127.20038817758612,36.09040151236924],[127.20095376094679,36.09250147591835],[127.20349066818837,36.09393737121325],[127.20390192244054,36.09820588827118],[127.20546770319058,36.10053574772755],[127.21229443847419,36.10056629185579],[127.21303279033741,36.099398732945104],[127.21935834968181,36.096963497433855],[127.22548900167322,36.09923180932966],[127.23008287613797,36.09721820885099],[127.23536717161957,36.093851363299045],[127.23723575900182,36.09059256672941],[127.24174837012154,36.085804702358395],[127.24778195171501,36.08329565012482],[127.2540545871295,36.08365633027659],[127.25697807102935,36.08751876588125],[127.24626089138795,36.09478193381942],[127.24574822892468,36.10211123672735],[127.24626737230366,36.104751533535],[127.25019155412903,36.107410677163365],[127.25161206357157,36.1122628881796],[127.25684761242422,36.11408562412562],[127.26008483272224,36.11263476276747],[127.26149190563532,36.1105018910778],[127.26683903618664,36.10844704359445],[127.27347952434658,36.10756590473319],[127.28146239856676,36.11005260545416],[127.28417889852439,36.11200806429271],[127.28827889457177,36.112684320903476],[127.28989649758978,36.11175184423509],[127.29447067507361,36.11296655821123],[127.29588833877828,36.12008135177052],[127.29802578931398,36.122382815400705],[127.30069339216833,36.12297223454707],[127.3023653335331,36.12544752719573],[127.30648188074315,36.12519946504305],[127.30906442774932,36.12387891733697],[127.31438074585327,36.11863492596818],[127.31785548875325,36.12047811277198],[127.31917914579658,36.12399472269889],[127.32291257928028,36.12589045035159],[127.3229991813415,36.13008586091514],[127.32823720327494,36.130732648780025],[127.33043112764237,36.129583678079904],[127.33546162029631,36.129657996982885],[127.33848155674458,36.13049332741605],[127.34001733096143,36.128843604246846],[127.34091605771992,36.12418617302399],[127.34444297986285,36.11807272943306],[127.35093549156441,36.11642263783394],[127.35338324449997,36.11340596600789],[127.35497228128548,36.108310421692984],[127.35038880052582,36.10254390179071],[127.34789244891132,36.098388437173014],[127.34966337027176,36.095233148117075],[127.35651251410681,36.09241448596168],[127.36000147685245,36.089507303123625],[127.35716279662682,36.08676296895835],[127.35724400459843,36.083155630156725],[127.36005475632349,36.07977744908825],[127.36173392741611,36.076181131614],[127.35927245762957,36.070572171687246],[127.3602949878436,36.06830676260287],[127.36382345686688,36.06861255326146],[127.364551580567,36.06592083967586],[127.36060216208662,36.06106832243975],[127.36175236305131,36.05885742913894],[127.36041445522889,36.05599789689686],[127.36114258289822,36.05330618933252],[127.3656136019701,36.0511252571574],[127.36972067464413,36.04614501138102],[127.37307858492082,36.04352423849076],[127.37444176470576,36.039295858805566],[127.37346259016618,36.03819144817503],[127.37437908618752,36.03426504816856],[127.3793470646497,36.03040505870226],[127.37801435562622,36.028668965989795],[127.3778306990583,36.022815850302074],[127.37375779043907,36.02014935438937],[127.37155473773495,36.021556313059975],[127.36917658372215,36.02087004477077],[127.3665773765793,36.0179218872521],[127.36377165463168,36.01229930994207],[127.36221407441148,36.011161259072445],[127.36198500869625,36.00533691010043],[127.36469177402859,35.99972997143892],[127.36304890629637,35.99521964305558],[127.36397102567682,35.99178446630205],[127.36057630771307,35.99011221097523],[127.35324608729593,35.988889882631284],[127.35253966147769,35.9859804156474],[127.35027805471024,35.98357010157489],[127.3437674959772,35.98045247516474],[127.3413540006855,35.97422034311422],[127.34188376526254,35.972056706422265],[127.34502184359758,35.9690013110569],[127.34555021386637,35.96336034070367],[127.34418262315383,35.95976320814245],[127.34959597160541,35.952583056479114],[127.35060596944308,35.94868305835431],[127.34559035672439,35.942870688035434],[127.34609133677998,35.940512272193224],[127.34980027684567,35.93510940006825],[127.34905548837783,35.93118075104389],[127.34723054261923,35.92665870930673],[127.34947057268275,35.92292075082396],[127.34936835695852,35.918506868494994],[127.353224781394,35.9135744926922],[127.34810018690744,35.914014735438],[127.34196361489643,35.910345819671576],[127.33261208676272,35.90791433249556],[127.33309776384654,35.90434184121508],[127.3323292831795,35.89896738892599],[127.33310091962524,35.89151299594641],[127.33287829016608,35.88794244857033],[127.33105430152472,35.88528441932691],[127.33325171379016,35.882384659639165],[127.33193997625291,35.878006190628376],[127.33333771715624,35.87491279465328],[127.33016870407903,35.87264429904292],[127.32469187832116,35.871434009807814],[127.32146916633921,35.8679269710529],[127.3198478886114,35.863483406948454],[127.32562327820827,35.85995896570715],[127.32484763159796,35.85436794516877],[127.32124048663468,35.85073539430202],[127.32003833337708,35.846836714666075],[127.3128594380221,35.84197484876054],[127.31088144901412,35.83830447773911],[127.31111004183781,35.834728976381136],[127.30895996479018,35.83303657274896],[127.30878755440524,35.83075979936683],[127.31050774223827,35.82498245326568],[127.308404794844,35.82271729207309],[127.30058494960423,35.81848219985446],[127.29753958867941,35.81781722616427],[127.29879045073902,35.813259698584865],[127.29551816298097,35.808666708427026],[127.30320121633693,35.80084385517674],[127.29929137092394,35.79844987298742],[127.29156586546051,35.79688403637626],[127.28842027271753,35.79538674544014],[127.28702313257544,35.79343913099313],[127.28102590322122,35.79249438151615],[127.27414039780902,35.789453574608395],[127.27454770878911,35.782388238213684],[127.27080086958864,35.77796495915963],[127.26476149754238,35.77761591650647],[127.26300470139023,35.772918786611925],[127.25895266641592,35.768732617909535],[127.25326417293977,35.76648740280499],[127.25108835573725,35.76342897722473],[127.24673658977173,35.760087063215785],[127.24444714793707,35.756262757424444],[127.24463598991454,35.75302793611793],[127.24677673147299,35.748382763741944],[127.25361814430572,35.74190791978507],[127.25172817016768,35.73822730676254],[127.25143469729878,35.735262939587464],[127.25626570498387,35.73282339112785],[127.25664728054711,35.72953174422583],[127.25519067985492,35.72506635105025],[127.25250283045534,35.72327946374035],[127.25162179116651,35.7189112360246],[127.25315647084398,35.710948673754515],[127.25517883016738,35.709612171950205],[127.25642240147685,35.70585152984688],[127.2562852239251,35.6994209735134],[127.25928392861155,35.696424353475045],[127.25949304910971,35.693084783320224],[127.25600776697009,35.69116438005414],[127.25139839246977,35.691568005296716],[127.24636762627128,35.6886100595944],[127.24217633071078,35.687074618513186],[127.2398530865719,35.69063153339874],[127.24156563553818,35.69417330610289],[127.2412159449964,35.697870021924054],[127.23600587455756,35.703492226962645],[127.23324131030185,35.70402558231623],[127.22395597076257,35.71172177909947],[127.20953486566222,35.70930367460266],[127.20793563062901,35.70981934690231],[127.20737097729256,35.71330514048958],[127.2054619802484,35.7157522930656],[127.20668614644808,35.72045698525269],[127.2045216923873,35.72441311825203],[127.20062862056115,35.725490719829445],[127.19722135484255,35.72849837390106],[127.19427233965054,35.72975526197721],[127.1879543285699,35.730881564689625],[127.18847778856907,35.73311344929164],[127.1863091972378,35.73581713319235],[127.18160713364021,35.73614329117587]]],[[[127.05861989683842,35.838278130979674],[127.0585539643302,35.83295868792216],[127.0517728630054,35.833314148280195],[127.05094320315203,35.828644979524285],[127.05623533702254,35.82526385833906],[127.056805430802,35.82303726992507],[127.06553249440545,35.81853318787292],[127.06762567595439,35.81424176811017],[127.06745851812768,35.80378835749292],[127.06523753036396,35.80254788901514],[127.06462493136262,35.79520173801251],[127.06591072141485,35.790760023285635],[127.0615910026474,35.79245893697013],[127.05542503707998,35.79135095937142],[127.04881132164365,35.79488575628321],[127.04392057113168,35.79518251653585],[127.04245045058104,35.79828839295925],[127.03896083875473,35.79887265765461],[127.0366413980677,35.79731656822579],[127.03302668533838,35.7984151451526],[127.02905569689011,35.80252657349343],[127.0254804649504,35.8005336116842],[127.01994669202641,35.79991891874002],[127.01862798120872,35.80214728179433],[127.01429847426267,35.803514022914094],[127.01005854556422,35.806896053341895],[127.00535988893814,35.80873268139349],[126.99968884346417,35.81317007322706],[126.9982151894831,35.81516250946232],[126.99787076433705,35.81827796657594],[126.99733108480926,35.823532329161075],[126.99465002643349,35.829317664525334],[126.99911476656408,35.83154583718326],[127.00137931153247,35.83517200888817],[127.00156495854188,35.83886509865698],[127.00437178043236,35.84231007995389],[127.0096691574685,35.846630744744445],[127.00845447340878,35.85736234388461],[127.00553289941594,35.862038252499445],[127.01619787152947,35.85922797885597],[127.01980225873262,35.86306408652567],[127.02466145644374,35.864705282084635],[127.0284640249062,35.86120476047679],[127.0272559192278,35.85779352694043],[127.02552752589094,35.85712973794313],[127.02769025375515,35.85372633667315],[127.02934589705534,35.853806031138575],[127.03408394697105,35.85073036030937],[127.04545910758081,35.85328076232696],[127.04987899466524,35.85387186486447],[127.04985264893037,35.85180810142384],[127.05370453780516,35.8437240739606],[127.0563440876752,35.839152489492264],[127.05861989683842,35.838278130979674]]]]}},{"type":"Feature","properties":{"regionCode":"52720","name":"진안군","parentCode":"52"},"geometry":{"type":"MultiPolygon","coordinates":[[[[127.47596224185246,35.71783629146167],[127.47564505759617,35.71490591990634],[127.4775044792691,35.71053261545001],[127.47836219654528,35.7058719438637],[127.47781132773929,35.70326694318985],[127.47324381651613,35.6974357343695],[127.46629101148702,35.694872375548314],[127.46489081183972,35.69337463920291],[127.46656553490125,35.689366392236785],[127.46586855467487,35.6828122831055],[127.46421159997037,35.67868709019914],[127.46096472124661,35.676185060190015],[127.45993856788434,35.673267972129985],[127.4645093130383,35.66818887192719],[127.47036837796742,35.66474948139193],[127.47217293245441,35.6628201474096],[127.47696567229366,35.660995422615485],[127.47793512948647,35.65912417758797],[127.47461825902363,35.6545413016143],[127.47408597726495,35.64765769348984],[127.47008447241983,35.64418892029195],[127.46663113923536,35.63791377419339],[127.46760573885815,35.63617504976982],[127.46999967443661,35.62667183834541],[127.46856025401723,35.621498978826594],[127.46402463943451,35.621173798880335],[127.45373740075149,35.61882845305535],[127.4421166680775,35.61952529604926],[127.43827548033575,35.62184545701644],[127.43599083900715,35.62185752007255],[127.43499023207265,35.626318820105226],[127.43152018296357,35.62844800385137],[127.43060462930902,35.63227682437443],[127.43258655719866,35.63453185757894],[127.43222408875363,35.636420868540384],[127.42858316260569,35.64095479723171],[127.42071728648992,35.64066357283563],[127.41660206291525,35.64180432167813],[127.41444757669407,35.644221741403115],[127.40363557238635,35.648000848377905],[127.3990766866571,35.65172186637319],[127.3926803507359,35.65183383198236],[127.38759019033301,35.65556827288668],[127.37874086739123,35.65396221266488],[127.37789624723585,35.654535830269324],[127.37868700901109,35.6609674552234],[127.37712958409662,35.66423537257019],[127.36762057281135,35.66269259062465],[127.36469721351912,35.660393001806185],[127.36266966945794,35.662813686877286],[127.36195189321504,35.666908548716314],[127.35713771182829,35.66912809026305],[127.35426011603232,35.6674809938127],[127.34642270652891,35.665420594851184],[127.33857973638716,35.66551525397925],[127.33240320732733,35.66375499379308],[127.32742463006198,35.66081905211224],[127.323363444409,35.66346818930798],[127.32202134318902,35.67017725106579],[127.31801308983881,35.67638050639847],[127.31571275587909,35.67876598036046],[127.30632571170027,35.68483954403115],[127.30261260774338,35.685052292892024],[127.29627243856488,35.68242932609161],[127.29079308555181,35.68617333853154],[127.29023166862352,35.68917864209285],[127.29222236757515,35.69180195627526],[127.29074006013892,35.69587069598567],[127.29276683510933,35.69809871017219],[127.29276399186415,35.70102251797652],[127.2897143280019,35.70799946534666],[127.28980422183614,35.71232213234253],[127.293587511679,35.71731932166691],[127.2904199753064,35.722352705286504],[127.28691298258188,35.729877260022036],[127.28809358658401,35.731827401288356],[127.28576793607684,35.73484305145299],[127.28341068709952,35.73471909726365],[127.28096510450979,35.73765517881296],[127.28084439616289,35.74212174840009],[127.27627785556624,35.74914320579746],[127.27610361237019,35.75300595268093],[127.27410807873973,35.75524506696913],[127.2687647883861,35.758313362349405],[127.26557439488849,35.76245538299543],[127.26516443593366,35.767030746239044],[127.2661295709161,35.769658778189594],[127.27299212124602,35.77560955446561],[127.27080086958864,35.77796495915963],[127.27454770878911,35.782388238213684],[127.27414039780902,35.789453574608395],[127.28102590322122,35.79249438151615],[127.28702313257544,35.79343913099313],[127.28842027271753,35.79538674544014],[127.29156586546051,35.79688403637626],[127.29929137092394,35.79844987298742],[127.30320121633693,35.80084385517674],[127.29551816298097,35.808666708427026],[127.29879045073902,35.813259698584865],[127.29753958867941,35.81781722616427],[127.30058494960423,35.81848219985446],[127.308404794844,35.82271729207309],[127.31050774223827,35.82498245326568],[127.30878755440524,35.83075979936683],[127.30895996479018,35.83303657274896],[127.31111004183781,35.834728976381136],[127.31088144901412,35.83830447773911],[127.3128594380221,35.84197484876054],[127.32003833337708,35.846836714666075],[127.32124048663468,35.85073539430202],[127.32484763159796,35.85436794516877],[127.32562327820827,35.85995896570715],[127.3198478886114,35.863483406948454],[127.32146916633921,35.8679269710529],[127.32469187832116,35.871434009807814],[127.33016870407903,35.87264429904292],[127.33333771715624,35.87491279465328],[127.33193997625291,35.878006190628376],[127.33325171379016,35.882384659639165],[127.33105430152472,35.88528441932691],[127.33287829016608,35.88794244857033],[127.33310091962524,35.89151299594641],[127.3323292831795,35.89896738892599],[127.33309776384654,35.90434184121508],[127.33261208676272,35.90791433249556],[127.34196361489643,35.910345819671576],[127.34810018690744,35.914014735438],[127.353224781394,35.9135744926922],[127.34936835695852,35.918506868494994],[127.34947057268275,35.92292075082396],[127.34723054261923,35.92665870930673],[127.34905548837783,35.93118075104389],[127.34980027684567,35.93510940006825],[127.34609133677998,35.940512272193224],[127.34559035672439,35.942870688035434],[127.35060596944308,35.94868305835431],[127.34959597160541,35.952583056479114],[127.34418262315383,35.95976320814245],[127.34555021386637,35.96336034070367],[127.34502184359758,35.9690013110569],[127.34188376526254,35.972056706422265],[127.3413540006855,35.97422034311422],[127.3437674959772,35.98045247516474],[127.35027805471024,35.98357010157489],[127.35253966147769,35.9859804156474],[127.35324608729593,35.988889882631284],[127.36057630771307,35.99011221097523],[127.36397102567682,35.99178446630205],[127.36304890629637,35.99521964305558],[127.36469177402859,35.99972997143892],[127.36198500869625,36.00533691010043],[127.36221407441148,36.011161259072445],[127.36377165463168,36.01229930994207],[127.3665773765793,36.0179218872521],[127.36917658372215,36.02087004477077],[127.37155473773495,36.021556313059975],[127.37375779043907,36.02014935438937],[127.3778306990583,36.022815850302074],[127.38359050958378,36.02180092579126],[127.38552648424994,36.01942163042036],[127.39186399651926,36.01715461598285],[127.39675551696284,36.01006668982889],[127.40114531548213,36.007900534044076],[127.4049619698849,36.01176383598757],[127.4117328764575,36.01444622721911],[127.41585997199479,36.01792843033871],[127.41813591610531,36.0211479890448],[127.42410957741156,36.02383243561869],[127.4262660304355,36.026466880112494],[127.43367506245764,36.02794337978261],[127.43431761763775,36.024349757391136],[127.43729573201568,36.020510343558286],[127.43527475351834,36.01420518706582],[127.43740827474952,36.009118979185786],[127.44357510193056,36.00808387779131],[127.44576341743107,36.00247523288198],[127.44790629687404,35.999224009802674],[127.44816576647209,35.9934484478356],[127.45137404657194,35.98932305004021],[127.45488421417731,35.98698416816778],[127.4559754464542,35.983784237620796],[127.45886099914661,35.98458443795631],[127.46343446576336,35.98440872363825],[127.46520847747763,35.98818304533433],[127.46822324155436,35.987744194879966],[127.4723224953586,35.98312021214637],[127.47585012158211,35.9805238342377],[127.48199656580016,35.98011876413888],[127.4876067932177,35.97801532636713],[127.49030639222768,35.98211030934239],[127.4944914333685,35.98608766588156],[127.49911788601635,35.98748056802047],[127.50199176217379,35.986446775299775],[127.50245512935756,35.983806625717484],[127.5058163469391,35.980355434108056],[127.50846498121261,35.97989837846916],[127.51411100005059,35.98344154795119],[127.52003476421282,35.983936301099774],[127.52473169935618,35.98556944083445],[127.52670656684701,35.98325971178781],[127.52656814115329,35.97866239982451],[127.52831221540396,35.977286671375964],[127.53654895196054,35.978107889703395],[127.53725274121634,35.97650238202298],[127.53471222524016,35.97256843766413],[127.53905832663887,35.968310925142724],[127.53917058351838,35.96515589033787],[127.54098560002322,35.963704347892154],[127.54518319644014,35.963396725228606],[127.54667120299875,35.961507293890854],[127.54600074496132,35.95818843718844],[127.54746966999318,35.95503560080128],[127.54979523718781,35.953146496333844],[127.55155364592507,35.948046830897525],[127.55451280577442,35.94640994214385],[127.55330836728656,35.94355587948994],[127.55249507057098,35.9374429756097],[127.55022961468944,35.936060160640224],[127.54834685615131,35.9327803232763],[127.54986218919089,35.92899130557893],[127.5549011391569,35.92286407658926],[127.563321800448,35.92284588920839],[127.56731841889533,35.91771873532644],[127.57055797154207,35.91239843724266],[127.57563327640906,35.90953767005741],[127.57930495383236,35.90513129558586],[127.58286281796624,35.90294405410474],[127.58396014180937,35.89998268223441],[127.58384737638185,35.89621784909863],[127.58082105609446,35.89190649129786],[127.58022400975298,35.88890540631217],[127.5779782516965,35.88728034479257],[127.57566144906605,35.882911020606116],[127.57488111448116,35.87937945153024],[127.58264138421255,35.87568999846326],[127.58901796563559,35.87755868343058],[127.59259237156921,35.881599492990716],[127.59759790239244,35.88080548113935],[127.59821431885945,35.8744320422023],[127.59910023463881,35.872330959246426],[127.60798773880052,35.86515620061644],[127.60910657948223,35.860807348454074],[127.61419991284819,35.85956125383271],[127.61640401017559,35.85974679269862],[127.61962349064261,35.85544606883683],[127.61952347583596,35.853334768292946],[127.62170154245061,35.849009052038646],[127.6283819919793,35.84513259501651],[127.62206356226544,35.842812656769816],[127.61979864883207,35.839696585709646],[127.61007196382153,35.83361907260789],[127.60710534323752,35.83019732023321],[127.60482895172942,35.82466628871094],[127.60348718056937,35.81886451463662],[127.60228871239154,35.816598192555],[127.60262623250512,35.81184782793289],[127.59866292273807,35.80728005892518],[127.59278143388973,35.801786064958],[127.58973355748186,35.800527089363676],[127.57934443747357,35.79379905430841],[127.57678783900381,35.79509473371278],[127.57219732349049,35.793937533315194],[127.56867982809028,35.7971080844074],[127.56566494035535,35.79847414773344],[127.56022314832877,35.79973143934084],[127.55651332757867,35.8046301047579],[127.55291771627523,35.805958945495924],[127.5436178566805,35.80641002873046],[127.54200066184343,35.80704001887795],[127.54070316275914,35.81010231698159],[127.53578424470975,35.813313848821466],[127.5281992816433,35.81345210972338],[127.52337161031282,35.812606838154586],[127.52223810333531,35.81166055495073],[127.52022030536646,35.80454857777905],[127.5134080301981,35.799101779859676],[127.51160722712909,35.79474576074607],[127.51124362762727,35.79077337087317],[127.5128946952616,35.788161456749904],[127.51375637080746,35.78431695809824],[127.51143316233421,35.77662619762534],[127.51268064569605,35.774767021693314],[127.51321195161675,35.77033451037243],[127.51705588864509,35.767931826099776],[127.51669482576605,35.76618408069255],[127.51951990624428,35.76133288811311],[127.51961523216794,35.75805254410358],[127.5228682004828,35.75631772767571],[127.5225490559653,35.75385679447523],[127.51907037115492,35.750306168333914],[127.51225372784806,35.74692109678674],[127.50904903791573,35.74710688598669],[127.5055418902736,35.743247576737886],[127.4951263320279,35.73687824740976],[127.48900335538137,35.730971221096624],[127.48757239098943,35.72709384322216],[127.48513494084007,35.72558090273072],[127.48330181644539,35.7222126923637],[127.4785233778248,35.721294307683834],[127.47596224185246,35.71783629146167]]]]}},{"type":"Feature","properties":{"regionCode":"52730","name":"무주군","parentCode":"52"},"geometry":{"type":"MultiPolygon","coordinates":[[[[127.73794094365054,35.83469654604216],[127.73909478121176,35.830786346481865],[127.73865132258089,35.82697018428192],[127.73568630254836,35.82521930040497],[127.73259955563752,35.82083888975241],[127.73093122459369,35.81439995376039],[127.72979839077026,35.81307769513832],[127.72508995568113,35.812928281654806],[127.72338497963412,35.8106078839031],[127.72431524825645,35.80671786420376],[127.72344515781533,35.803924419887714],[127.72160803379481,35.80284967161549],[127.71954769843684,35.79740507379478],[127.70935672611574,35.79125041173215],[127.70651791927166,35.791856758109724],[127.69965428457306,35.78821828878077],[127.69371016207815,35.79133443545152],[127.68828673045694,35.79540910821705],[127.68831262031907,35.79975203394956],[127.68688275592926,35.80387864518361],[127.68211682385909,35.805674775001016],[127.67722545257219,35.8103262629478],[127.67123886895655,35.8098730385188],[127.66897008918201,35.81415385291623],[127.66551677986972,35.81564251277312],[127.66332497227003,35.81817246256592],[127.65995819394647,35.81625341521354],[127.65479317307957,35.811592197471214],[127.64575916371271,35.81167839085515],[127.63693834936984,35.816162036118136],[127.62985175557694,35.814729761685555],[127.62420557899813,35.819607674563464],[127.62110691605949,35.82352172318699],[127.62082449762539,35.825452310423856],[127.62268418344658,35.83140953070791],[127.61979864883207,35.839696585709646],[127.62206356226544,35.842812656769816],[127.6283819919793,35.84513259501651],[127.62170154245061,35.849009052038646],[127.61952347583596,35.853334768292946],[127.61962349064261,35.85544606883683],[127.61640401017559,35.85974679269862],[127.61419991284819,35.85956125383271],[127.60910657948223,35.860807348454074],[127.60798773880052,35.86515620061644],[127.59910023463881,35.872330959246426],[127.59821431885945,35.8744320422023],[127.59759790239244,35.88080548113935],[127.59259237156921,35.881599492990716],[127.58901796563559,35.87755868343058],[127.58264138421255,35.87568999846326],[127.57488111448116,35.87937945153024],[127.57566144906605,35.882911020606116],[127.5779782516965,35.88728034479257],[127.58022400975298,35.88890540631217],[127.58082105609446,35.89190649129786],[127.58384737638185,35.89621784909863],[127.58396014180937,35.89998268223441],[127.58286281796624,35.90294405410474],[127.57930495383236,35.90513129558586],[127.57563327640906,35.90953767005741],[127.57055797154207,35.91239843724266],[127.56731841889533,35.91771873532644],[127.563321800448,35.92284588920839],[127.5549011391569,35.92286407658926],[127.54986218919089,35.92899130557893],[127.54834685615131,35.9327803232763],[127.55022961468944,35.936060160640224],[127.55249507057098,35.9374429756097],[127.55330836728656,35.94355587948994],[127.55451280577442,35.94640994214385],[127.55155364592507,35.948046830897525],[127.54979523718781,35.953146496333844],[127.54746966999318,35.95503560080128],[127.54600074496132,35.95818843718844],[127.54667120299875,35.961507293890854],[127.54518319644014,35.963396725228606],[127.54098560002322,35.963704347892154],[127.53917058351838,35.96515589033787],[127.53905832663887,35.968310925142724],[127.53471222524016,35.97256843766413],[127.53725274121634,35.97650238202298],[127.53654895196054,35.978107889703395],[127.52831221540396,35.977286671375964],[127.52656814115329,35.97866239982451],[127.52670656684701,35.98325971178781],[127.52473169935618,35.98556944083445],[127.52847171422596,35.98994956235002],[127.53366804786071,35.99210707046716],[127.53644059902538,35.99642363114565],[127.53633226719677,36.00069725838459],[127.53242035630811,36.007198667720324],[127.5330995490821,36.00959233094035],[127.53536377713786,36.00965659222783],[127.54017993123367,36.01173446040558],[127.5383433554253,36.01404648127029],[127.53628914509898,36.021394291185686],[127.53930381132629,36.02600709220165],[127.53781373075377,36.02737699596469],[127.53792045748928,36.032974631386374],[127.53647013300157,36.03414319478182],[127.53160492472232,36.03485758224966],[127.53065510165683,36.038775722779455],[127.5316496003266,36.0411422213003],[127.54713659308406,36.038070172162456],[127.55086181126522,36.035037795040246],[127.55238043094289,36.03281027458478],[127.55733106018207,36.03273843785782],[127.56582997639467,36.0310446083915],[127.56819499920094,36.02974592902352],[127.57556540640438,36.02265578732769],[127.57885256983634,36.02353518153662],[127.58314473461624,36.02670272777265],[127.5891432873562,36.025568386514685],[127.59150890988649,36.02448736511172],[127.59361773901702,36.020074332636085],[127.59677075761257,36.017933417140156],[127.60082239066854,36.01247198502918],[127.60495041989861,36.01159595347221],[127.60682810544387,36.01058223775471],[127.60978884285977,36.00568834102116],[127.61087352011188,36.00218684242905],[127.61510850998776,36.001843754999214],[127.6182732803871,36.008614286263715],[127.61748865995618,36.01640018932297],[127.61626358750978,36.019408373525145],[127.61026439832402,36.02345068775436],[127.61262501830537,36.026315000760825],[127.61773284139899,36.02642727647731],[127.62372241157928,36.02454125504852],[127.6270125094586,36.026195489706545],[127.6275642556791,36.031438587613486],[127.63069690892603,36.03240417167924],[127.63559129731814,36.031120677474355],[127.63676980769638,36.03388468666779],[127.63385666159296,36.03452630399324],[127.63144592096687,36.03658279444663],[127.63074032950294,36.04077111690441],[127.62696301553655,36.04175948605072],[127.62182876576398,36.04046098808672],[127.6187372178012,36.042509495855455],[127.6185978483311,36.05153980753702],[127.6199791556543,36.061289079173825],[127.62287880090017,36.06567912189078],[127.62585094418428,36.06698923834241],[127.63402404114144,36.067409501883695],[127.63775557078975,36.06835941461451],[127.64471294251317,36.066569874975364],[127.64861321632027,36.06267821130921],[127.64912503658455,36.05801077117426],[127.65309010566729,36.05711259853393],[127.65502733856313,36.054885499534606],[127.65991206023799,36.04215895879515],[127.66040471923989,36.038067384509624],[127.66542815683724,36.036766266238885],[127.66920147842455,36.038297278405125],[127.67262006326149,36.041312500891976],[127.67115715193329,36.04358895077667],[127.67170042165425,36.04843086146051],[127.67081114841135,36.051917812257194],[127.67418923838494,36.054415888200076],[127.68109505552867,36.0582170662326],[127.6838621704427,36.06083771240203],[127.68921917311803,36.06254808505796],[127.6914633537703,36.05855577908797],[127.69523407378513,36.058666883580976],[127.69672489579274,36.05621678706177],[127.69551182852528,36.053023104138006],[127.69504760855627,36.04638371151022],[127.69646685221458,36.04119862704586],[127.69964097294493,36.03875039340273],[127.70029800628336,36.03654881672137],[127.70499255433248,36.03365208178991],[127.71365634097167,36.03536480861168],[127.71696165294142,36.034395891164785],[127.71983542249257,36.030440762734635],[127.72283520468099,36.031296039321134],[127.72510448426848,36.02751254945009],[127.72754751305041,36.02813512848118],[127.72815287603441,36.03042996355356],[127.73107451373221,36.032249669127566],[127.73670447672944,36.03085923167163],[127.73947568742446,36.025479054967875],[127.74211333185396,36.024594920514026],[127.74417987401256,36.02866619990563],[127.74789905420604,36.02935126522462],[127.75261980737639,36.02469431801854],[127.75536509784425,36.02413986400525],[127.75939200329267,36.025579648654094],[127.76239067785498,36.024803651603285],[127.76304831521695,36.021295295090624],[127.75876452410006,36.01499409671716],[127.76022452968773,36.01364548527005],[127.76470501732238,36.012082012052026],[127.7691532001954,36.0122822434797],[127.77796248234908,36.01563204262204],[127.78372329794068,36.01611961469902],[127.7878526799305,36.01424896298777],[127.79762376931522,36.0249656465319],[127.80081065866884,36.026495071711565],[127.80438587636935,36.026288043125575],[127.81874312094118,36.028022498692835],[127.82581173308688,36.03273587587026],[127.83258636325938,36.03514325776702],[127.84247696446474,36.03649059427134],[127.84595793011906,36.0386882878764],[127.8493727972915,36.03966341499098],[127.85342052844096,36.03905364246061],[127.85621655729928,36.032964695813895],[127.86064960582782,36.031275856506646],[127.86532455538837,36.02506560389939],[127.87692624777289,36.02244194484873],[127.87538234814839,36.016427507886604],[127.87598999929801,36.00984977320746],[127.87831638972447,36.005822386645804],[127.87881815955636,36.00131098632912],[127.87600150336685,35.999378651916416],[127.87581470137215,35.99672280636423],[127.88339200262105,35.99243269683331],[127.88670215273955,35.99210779126592],[127.89148782250386,35.98777129280277],[127.89373915191116,35.98446831508695],[127.89016323334594,35.98125703741985],[127.88959558560522,35.97952602162895],[127.89623953438664,35.9779062127745],[127.89697069310193,35.976165534653504],[127.8965077302675,35.97204304943631],[127.90039379746881,35.96688585648626],[127.9024914028909,35.95747661939038],[127.90401860103694,35.95451813369671],[127.9096822203891,35.95177077809143],[127.9114665190962,35.94945009265632],[127.910072593419,35.945320757494244],[127.90646446605308,35.94056687042685],[127.89762980897953,35.93642101229896],[127.89617481135394,35.934300685818705],[127.89040300358049,35.931713601063045],[127.88539421482756,35.93085879786797],[127.8822188272738,35.92773825433797],[127.88378013131245,35.92441665339997],[127.88222761085923,35.920150537548494],[127.88318553808787,35.917725140277405],[127.88760998455497,35.91457892082827],[127.8823973004834,35.91308105227438],[127.87839582790635,35.90955405997636],[127.87723121586315,35.90749598037048],[127.8709298153686,35.90464310895134],[127.8671951160896,35.90411481148188],[127.86392457806575,35.906659109169816],[127.85954023430764,35.906490587319865],[127.85836283333889,35.90420259317641],[127.85885408558217,35.89984370395106],[127.85708505132258,35.894994567916704],[127.85074569538584,35.890052192063195],[127.85110795290312,35.88561242829481],[127.85298995810088,35.88121513520215],[127.8495901898573,35.87874761278424],[127.84680985888451,35.878005699683925],[127.84467365912919,35.8757493093348],[127.8443600811748,35.87006143109586],[127.840939994171,35.86687112613748],[127.83456402354024,35.86782768529243],[127.83087766608766,35.869742637392015],[127.82533118854704,35.86843428675152],[127.82116695245422,35.86540055250439],[127.81751331320062,35.8588231649968],[127.81401255857146,35.8567185342545],[127.81273322902096,35.85282880303442],[127.80838431767388,35.853802815454735],[127.80387288273934,35.85717759500797],[127.79929991679991,35.85381924331234],[127.79460911394413,35.853005679226335],[127.79257812266094,35.85178637761765],[127.78786600089312,35.85163468130633],[127.7823186266668,35.849228301963635],[127.77924233502642,35.847170947686],[127.77718394200586,35.84309809918166],[127.77215313674503,35.838930187875775],[127.76830445144613,35.83811016884238],[127.76449699189911,35.838659434888875],[127.75752589849614,35.83671748791182],[127.75334513544449,35.83930041264903],[127.75073638952915,35.84212453720359],[127.7449216098731,35.84391836159797],[127.73794094365054,35.83469654604216]]]]}},{"type":"Feature","properties":{"regionCode":"52740","name":"장수군","parentCode":"52"},"geometry":{"type":"MultiPolygon","coordinates":[[[[127.62139472954229,35.64018616054656],[127.6244859323747,35.63807898027244],[127.62422340052464,35.632188590883686],[127.62812015778472,35.6257604681844],[127.63203013937945,35.623059146140555],[127.635467698344,35.618472047016816],[127.62751337215369,35.617326932670785],[127.62570681282466,35.61558811552835],[127.62113360342015,35.615007197070206],[127.61731403783931,35.609759445576515],[127.61449628034113,35.609689535925355],[127.61240376679073,35.60695428042108],[127.6131345526318,35.60504842885897],[127.61268091021074,35.599704761063684],[127.60887040181406,35.59765337572751],[127.60756564432653,35.59477390791459],[127.60822155789234,35.59098395656025],[127.60969718030081,35.58962019500964],[127.61058764364043,35.58486175063386],[127.60428403262121,35.57864131014008],[127.59890718408043,35.576838121475745],[127.59458787723459,35.57336078476448],[127.59079359642529,35.56708225044953],[127.5881731838423,35.5658615518323],[127.5866260201502,35.56278039716187],[127.58540555531327,35.55458610896887],[127.58139381963183,35.54957065107101],[127.57863421984024,35.54712662936479],[127.57306598819217,35.545652619215076],[127.5710518650243,35.534483531931585],[127.56858033831458,35.53257256966339],[127.56788864788044,35.52880358050188],[127.56838678768119,35.524996021958756],[127.570395763752,35.523247339839386],[127.57051201304215,35.51961524373358],[127.57407082334211,35.51704894988329],[127.57860305758724,35.51612371279672],[127.58069190420822,35.5114061996022],[127.57923276647685,35.50380325182186],[127.58015339688816,35.50201547124849],[127.57561784623933,35.49827190932656],[127.57431329920176,35.49469233516163],[127.56629677092853,35.48948200352307],[127.5635982086666,35.4884741660211],[127.56276115580614,35.4857676203144],[127.55951637075277,35.48107252234446],[127.55980959760632,35.478969619756015],[127.56215535456701,35.474819956897164],[127.55838366152389,35.471330995578114],[127.55373594102277,35.47126031349066],[127.54839276558214,35.46965690757681],[127.54650444314373,35.46801780139205],[127.54272815615559,35.468390614900144],[127.54164709727266,35.47154621765467],[127.53586922977549,35.470350303987786],[127.528940230457,35.473020409763514],[127.52483412459341,35.473229634509934],[127.52185147862176,35.47685789164837],[127.51914034238955,35.47846429812961],[127.5140062340428,35.479197967482925],[127.52125687265087,35.48323413785573],[127.52403698019543,35.48393982634587],[127.5269774424171,35.486351806026036],[127.5283684781927,35.49113205018834],[127.52718739426204,35.495290533385564],[127.52147195714414,35.49636883536989],[127.51593879603844,35.498801253330726],[127.51299847461382,35.507333382425095],[127.51042220344331,35.510151260871005],[127.50483681475887,35.51383355710754],[127.50138381406117,35.517602792510296],[127.5018243217045,35.52134896973462],[127.49566369260917,35.522963074729184],[127.49123426652291,35.52695121838293],[127.49254197789269,35.53377307986759],[127.48229294269821,35.53854874383474],[127.47646563790823,35.53844772319635],[127.46946067924354,35.54185737378484],[127.4669195231204,35.546260814468226],[127.45999333583411,35.54519848115236],[127.45686550706579,35.54628650221174],[127.45359193228278,35.543648918005076],[127.45230169831663,35.54075150179579],[127.44676414193017,35.54529106449578],[127.44220550057116,35.54622549026869],[127.43980641658601,35.54831991136951],[127.43940561063148,35.55281518887734],[127.43223340261206,35.55040063485149],[127.42613537395219,35.55019463597573],[127.42033024444379,35.552744200433466],[127.41306417567323,35.5601925462118],[127.40801661184553,35.55974177415886],[127.40771940530738,35.55605005894906],[127.40245078334343,35.54844200285259],[127.39920995913327,35.5470742872974],[127.39687839220497,35.548093662693745],[127.39202688865065,35.54641488039544],[127.38455235984554,35.54652433188983],[127.37765535181457,35.54828482477118],[127.36897003784803,35.55494649026918],[127.36347234808841,35.55822991484589],[127.3636059389794,35.56100033718921],[127.36157268298358,35.56408713257532],[127.36471000783533,35.56859407008436],[127.37194826393261,35.57166869754444],[127.3768494489254,35.57477358290791],[127.37911450919212,35.57745151885114],[127.37665345793843,35.58473009011693],[127.37208453720483,35.586687990444844],[127.37218946607344,35.59276999606949],[127.37572215924126,35.59918213827405],[127.37441838217876,35.60387673482358],[127.37435750975838,35.60758091153322],[127.38150125719983,35.6132931731535],[127.38680782780929,35.61493169758237],[127.39180341286782,35.61453663523202],[127.39618685117375,35.61313438250862],[127.3999617317546,35.612793989405965],[127.40247623989045,35.61373187823466],[127.41107245998253,35.61485715562542],[127.41309651212332,35.614343182347795],[127.42569253038653,35.61464523710294],[127.42950399339321,35.61811808092235],[127.43599083900715,35.62185752007255],[127.43827548033575,35.62184545701644],[127.4421166680775,35.61952529604926],[127.45373740075149,35.61882845305535],[127.46402463943451,35.621173798880335],[127.46856025401723,35.621498978826594],[127.46999967443661,35.62667183834541],[127.46760573885815,35.63617504976982],[127.46663113923536,35.63791377419339],[127.47008447241983,35.64418892029195],[127.47408597726495,35.64765769348984],[127.47461825902363,35.6545413016143],[127.47793512948647,35.65912417758797],[127.47696567229366,35.660995422615485],[127.47217293245441,35.6628201474096],[127.47036837796742,35.66474948139193],[127.4645093130383,35.66818887192719],[127.45993856788434,35.673267972129985],[127.46096472124661,35.676185060190015],[127.46421159997037,35.67868709019914],[127.46586855467487,35.6828122831055],[127.46656553490125,35.689366392236785],[127.46489081183972,35.69337463920291],[127.46629101148702,35.694872375548314],[127.47324381651613,35.6974357343695],[127.47781132773929,35.70326694318985],[127.47836219654528,35.7058719438637],[127.4775044792691,35.71053261545001],[127.47564505759617,35.71490591990634],[127.47596224185246,35.71783629146167],[127.4785233778248,35.721294307683834],[127.48330181644539,35.7222126923637],[127.48513494084007,35.72558090273072],[127.48757239098943,35.72709384322216],[127.48900335538137,35.730971221096624],[127.4951263320279,35.73687824740976],[127.5055418902736,35.743247576737886],[127.50904903791573,35.74710688598669],[127.51225372784806,35.74692109678674],[127.51907037115492,35.750306168333914],[127.5225490559653,35.75385679447523],[127.5228682004828,35.75631772767571],[127.51961523216794,35.75805254410358],[127.51951990624428,35.76133288811311],[127.51669482576605,35.76618408069255],[127.51705588864509,35.767931826099776],[127.51321195161675,35.77033451037243],[127.51268064569605,35.774767021693314],[127.51143316233421,35.77662619762534],[127.51375637080746,35.78431695809824],[127.5128946952616,35.788161456749904],[127.51124362762727,35.79077337087317],[127.51160722712909,35.79474576074607],[127.5134080301981,35.799101779859676],[127.52022030536646,35.80454857777905],[127.52223810333531,35.81166055495073],[127.52337161031282,35.812606838154586],[127.5281992816433,35.81345210972338],[127.53578424470975,35.813313848821466],[127.54070316275914,35.81010231698159],[127.54200066184343,35.80704001887795],[127.5436178566805,35.80641002873046],[127.55291771627523,35.805958945495924],[127.55651332757867,35.8046301047579],[127.56022314832877,35.79973143934084],[127.56566494035535,35.79847414773344],[127.56867982809028,35.7971080844074],[127.57219732349049,35.793937533315194],[127.57678783900381,35.79509473371278],[127.57934443747357,35.79379905430841],[127.58973355748186,35.800527089363676],[127.59278143388973,35.801786064958],[127.59866292273807,35.80728005892518],[127.60262623250512,35.81184782793289],[127.60228871239154,35.816598192555],[127.60348718056937,35.81886451463662],[127.60482895172942,35.82466628871094],[127.60710534323752,35.83019732023321],[127.61007196382153,35.83361907260789],[127.61979864883207,35.839696585709646],[127.62268418344658,35.83140953070791],[127.62082449762539,35.825452310423856],[127.62110691605949,35.82352172318699],[127.62420557899813,35.819607674563464],[127.62985175557694,35.814729761685555],[127.63693834936984,35.816162036118136],[127.64575916371271,35.81167839085515],[127.65479317307957,35.811592197471214],[127.65995819394647,35.81625341521354],[127.66332497227003,35.81817246256592],[127.66551677986972,35.81564251277312],[127.66897008918201,35.81415385291623],[127.67123886895655,35.8098730385188],[127.67722545257219,35.8103262629478],[127.68211682385909,35.805674775001016],[127.68688275592926,35.80387864518361],[127.68831262031907,35.79975203394956],[127.68828673045694,35.79540910821705],[127.69371016207815,35.79133443545152],[127.69965428457306,35.78821828878077],[127.69297798862227,35.782921608484024],[127.68498893362096,35.77784727989125],[127.68255169903892,35.77363970873488],[127.67903345117071,35.7692696630321],[127.67491607903803,35.77078103480379],[127.6690626071505,35.77146888802817],[127.66595188530032,35.769726401497905],[127.66413715845891,35.76701260459386],[127.66226077894214,35.76099497349269],[127.66182177468515,35.74972463813718],[127.66360115857654,35.74501981250278],[127.66311738126134,35.742149774670544],[127.66030358001788,35.73839969601531],[127.66343600518692,35.72475985394751],[127.65971109138958,35.71583256748919],[127.6607739402095,35.70974791294309],[127.65763582137193,35.70657154769368],[127.65289628439504,35.70567070350597],[127.64927325208366,35.704078565209024],[127.64954867972895,35.70162190592711],[127.64504657345272,35.69765553374916],[127.64209483317855,35.69276827749041],[127.64038289828157,35.68666478251204],[127.64107016248515,35.68449488471375],[127.63928039763104,35.678934769705165],[127.64042149396623,35.67284198150712],[127.63893467757377,35.669894551102175],[127.63514765447106,35.66708836358812],[127.62915067817993,35.664269440645626],[127.62809082415167,35.66225343653526],[127.62959680973755,35.656634784178785],[127.6223809817264,35.65084030075611],[127.62222307884761,35.64798664907081],[127.62057193203977,35.64701861833382],[127.62008256031062,35.64272101560353],[127.62139472954229,35.64018616054656]]]]}},{"type":"Feature","properties":{"regionCode":"52750","name":"임실군","parentCode":"52"},"geometry":{"type":"MultiPolygon","coordinates":[[[[127.20413191471185,35.48999323257888],[127.20028972886443,35.48819871859162],[127.19545391806025,35.48895789792256],[127.19458291140097,35.486384995706246],[127.18965506461092,35.4824153289848],[127.17894019006192,35.47633281097386],[127.17718011929391,35.47465602854585],[127.1774419350966,35.470810753665816],[127.176233767016,35.46813877682185],[127.17738706347039,35.464220399863144],[127.17329600427873,35.45888434884154],[127.17033931522653,35.459634301790565],[127.16604902514206,35.46223662249066],[127.16094381428954,35.46275724036191],[127.15545565045134,35.46086399853777],[127.15253993342837,35.46197807203419],[127.14432636295501,35.461783700024895],[127.14334354732037,35.46366308175091],[127.14318866503046,35.46778436348425],[127.14013985138858,35.47031802213937],[127.14209590935643,35.47641449912387],[127.13637264056658,35.482715684316915],[127.13441957063412,35.48755197003687],[127.1342322182677,35.492659164773606],[127.12996897800602,35.49712735942354],[127.12771701023779,35.50325346792098],[127.12290508193041,35.50390727264848],[127.11662572218783,35.50363193978589],[127.11085736102248,35.50900005182245],[127.10617272124358,35.50908532924906],[127.102268789529,35.507628543061294],[127.0967985208176,35.50721004908463],[127.09223236106706,35.50582703016639],[127.08790554282534,35.50804827771316],[127.09006424819388,35.51553353558581],[127.08648577187327,35.519582943110514],[127.09292848685755,35.52351689794903],[127.09373527239173,35.525237775962445],[127.09902593712977,35.5297056680166],[127.10379119198485,35.531499720754994],[127.10643399939826,35.53454778660331],[127.11044918503418,35.53321834806178],[127.11363050245048,35.52943899279428],[127.11658849020304,35.531599311119884],[127.11726539655864,35.53583493689961],[127.11547354979113,35.538645461787084],[127.10774773974488,35.542642103960326],[127.09868319697655,35.54510075404979],[127.08744038018514,35.549125719431046],[127.08588773652922,35.551542038687636],[127.08563920223078,35.554771427422864],[127.0886034309243,35.56122779512919],[127.09270667044049,35.56703914628251],[127.0887598119914,35.57142837060522],[127.08844684829363,35.57390425972287],[127.08497950698522,35.57849699260759],[127.08359121128764,35.57911685610426],[127.0829266046853,35.58440521484754],[127.08855133809905,35.587400736912684],[127.09672292639515,35.587254125115365],[127.0987300103849,35.58811498231983],[127.10250046507103,35.59182042215658],[127.10422892680992,35.59483753362187],[127.10178299667368,35.59887743123053],[127.10022085178899,35.60398493144135],[127.09671373691879,35.60858132362878],[127.09220810278495,35.612215729848835],[127.0911869265705,35.61571600060836],[127.09218301769525,35.61988745848928],[127.09359570963221,35.62144314995272],[127.09983768742593,35.620498885831786],[127.103258230089,35.61865113591678],[127.10627512375405,35.61953742845141],[127.108785978658,35.62315689210685],[127.11243840533541,35.62462954176824],[127.11527606282866,35.62741329582409],[127.12007224675375,35.63348106688076],[127.12411094137607,35.63588748722612],[127.12702581578388,35.63532966396579],[127.12940866996401,35.63733309981094],[127.13246650679748,35.6442438946428],[127.13552648105302,35.64680064566864],[127.13465251413766,35.64928362208636],[127.13075598411999,35.65420070254411],[127.12698148760977,35.65722403094582],[127.12839586074254,35.65911603756192],[127.1309000674294,35.66574057528451],[127.1309689503127,35.669553081941814],[127.12767835057812,35.671552389121274],[127.12634844507845,35.67367755762826],[127.12604113223829,35.67779747947021],[127.12475744262946,35.67946200358083],[127.12508688876666,35.689645502188],[127.12772556794327,35.69156182966559],[127.13023606020872,35.691738278239264],[127.13506179303177,35.6972855054312],[127.13906683981097,35.69968622307871],[127.13762746518051,35.70211867236548],[127.13732034133213,35.70605948172756],[127.13960679921502,35.71253051391361],[127.13865891019144,35.71800731090565],[127.14308937019112,35.720688854877366],[127.14740819509208,35.722244538963274],[127.15248283433664,35.725001707613494],[127.1546805659788,35.72520362599844],[127.15977912374481,35.72396882427233],[127.16307799997398,35.72539734210595],[127.16345955489261,35.72780202880955],[127.16882090308005,35.73211897737518],[127.17707398043767,35.737710828704365],[127.17913111984515,35.73804044465979],[127.18160713364021,35.73614329117587],[127.1863091972378,35.73581713319235],[127.18847778856907,35.73311344929164],[127.1879543285699,35.730881564689625],[127.19427233965054,35.72975526197721],[127.19722135484255,35.72849837390106],[127.20062862056115,35.725490719829445],[127.2045216923873,35.72441311825203],[127.20668614644808,35.72045698525269],[127.2054619802484,35.7157522930656],[127.20737097729256,35.71330514048958],[127.20793563062901,35.70981934690231],[127.20953486566222,35.70930367460266],[127.22395597076257,35.71172177909947],[127.23324131030185,35.70402558231623],[127.23600587455756,35.703492226962645],[127.2412159449964,35.697870021924054],[127.24156563553818,35.69417330610289],[127.2398530865719,35.69063153339874],[127.24217633071078,35.687074618513186],[127.24636762627128,35.6886100595944],[127.25139839246977,35.691568005296716],[127.25600776697009,35.69116438005414],[127.25949304910971,35.693084783320224],[127.25928392861155,35.696424353475045],[127.2562852239251,35.6994209735134],[127.25642240147685,35.70585152984688],[127.25517883016738,35.709612171950205],[127.25315647084398,35.710948673754515],[127.25162179116651,35.7189112360246],[127.25250283045534,35.72327946374035],[127.25519067985492,35.72506635105025],[127.25664728054711,35.72953174422583],[127.25626570498387,35.73282339112785],[127.25143469729878,35.735262939587464],[127.25172817016768,35.73822730676254],[127.25361814430572,35.74190791978507],[127.24677673147299,35.748382763741944],[127.24463598991454,35.75302793611793],[127.24444714793707,35.756262757424444],[127.24673658977173,35.760087063215785],[127.25108835573725,35.76342897722473],[127.25326417293977,35.76648740280499],[127.25895266641592,35.768732617909535],[127.26300470139023,35.772918786611925],[127.26476149754238,35.77761591650647],[127.27080086958864,35.77796495915963],[127.27299212124602,35.77560955446561],[127.2661295709161,35.769658778189594],[127.26516443593366,35.767030746239044],[127.26557439488849,35.76245538299543],[127.2687647883861,35.758313362349405],[127.27410807873973,35.75524506696913],[127.27610361237019,35.75300595268093],[127.27627785556624,35.74914320579746],[127.28084439616289,35.74212174840009],[127.28096510450979,35.73765517881296],[127.28341068709952,35.73471909726365],[127.28576793607684,35.73484305145299],[127.28809358658401,35.731827401288356],[127.28691298258188,35.729877260022036],[127.2904199753064,35.722352705286504],[127.293587511679,35.71731932166691],[127.28980422183614,35.71232213234253],[127.2897143280019,35.70799946534666],[127.29276399186415,35.70102251797652],[127.29276683510933,35.69809871017219],[127.29074006013892,35.69587069598567],[127.29222236757515,35.69180195627526],[127.29023166862352,35.68917864209285],[127.29079308555181,35.68617333853154],[127.29627243856488,35.68242932609161],[127.30261260774338,35.685052292892024],[127.30632571170027,35.68483954403115],[127.31571275587909,35.67876598036046],[127.31801308983881,35.67638050639847],[127.32202134318902,35.67017725106579],[127.323363444409,35.66346818930798],[127.32742463006198,35.66081905211224],[127.33240320732733,35.66375499379308],[127.33857973638716,35.66551525397925],[127.34642270652891,35.665420594851184],[127.35426011603232,35.6674809938127],[127.35713771182829,35.66912809026305],[127.36195189321504,35.666908548716314],[127.36266966945794,35.662813686877286],[127.36469721351912,35.660393001806185],[127.36762057281135,35.66269259062465],[127.37712958409662,35.66423537257019],[127.37868700901109,35.6609674552234],[127.37789624723585,35.654535830269324],[127.37874086739123,35.65396221266488],[127.38759019033301,35.65556827288668],[127.3926803507359,35.65183383198236],[127.3990766866571,35.65172186637319],[127.40363557238635,35.648000848377905],[127.41444757669407,35.644221741403115],[127.41660206291525,35.64180432167813],[127.42071728648992,35.64066357283563],[127.42858316260569,35.64095479723171],[127.43222408875363,35.636420868540384],[127.43258655719866,35.63453185757894],[127.43060462930902,35.63227682437443],[127.43152018296357,35.62844800385137],[127.43499023207265,35.626318820105226],[127.43599083900715,35.62185752007255],[127.42950399339321,35.61811808092235],[127.42569253038653,35.61464523710294],[127.41309651212332,35.614343182347795],[127.41107245998253,35.61485715562542],[127.40247623989045,35.61373187823466],[127.3999617317546,35.612793989405965],[127.39618685117375,35.61313438250862],[127.39180341286782,35.61453663523202],[127.38680782780929,35.61493169758237],[127.38150125719983,35.6132931731535],[127.37435750975838,35.60758091153322],[127.37441838217876,35.60387673482358],[127.37572215924126,35.59918213827405],[127.37218946607344,35.59276999606949],[127.37208453720483,35.586687990444844],[127.37665345793843,35.58473009011693],[127.37911450919212,35.57745151885114],[127.3768494489254,35.57477358290791],[127.37194826393261,35.57166869754444],[127.36471000783533,35.56859407008436],[127.36157268298358,35.56408713257532],[127.3636059389794,35.56100033718921],[127.36347234808841,35.55822991484589],[127.36152823803475,35.55693905068211],[127.35841126196249,35.55889076868084],[127.35215144780001,35.55237739989457],[127.34986860295638,35.55131103247693],[127.34409559290049,35.55090874125164],[127.33976274081228,35.554077495987755],[127.3359252930035,35.55415533491461],[127.33411730078201,35.55052283571774],[127.33458593659097,35.54874823370392],[127.340701597406,35.54388024670199],[127.3489866998888,35.54041363632563],[127.3497976753708,35.537234247670256],[127.34662144356635,35.529591939712056],[127.34231222396436,35.525744416715696],[127.33791551344994,35.52781143917778],[127.33840888573425,35.52468308130819],[127.34316889551759,35.52031827065973],[127.35469578887344,35.51230543811897],[127.35415052693655,35.50979855369401],[127.35534337263066,35.50463316374755],[127.35624552937,35.500255742077954],[127.35024465498597,35.496689807257134],[127.34137949889725,35.49640220647085],[127.33865624380084,35.49396627130223],[127.33220920983483,35.492367472219726],[127.32960417373938,35.494669179698136],[127.32600138917093,35.49582622262415],[127.31874145174551,35.493655211401645],[127.31780985434732,35.49536371424175],[127.31040709648946,35.49389290645683],[127.3072204918873,35.486395967328896],[127.30865960555225,35.477660218904155],[127.30270719952274,35.47838526790342],[127.2979523761202,35.477720158851604],[127.29520444790629,35.47508633609925],[127.29241701361607,35.47510876752506],[127.28835687743019,35.476530015309656],[127.28418613549846,35.479132895750254],[127.27665598989907,35.4754510049811],[127.27453329107998,35.47342744573737],[127.26940778539462,35.47421829073739],[127.26731532317824,35.4763243890573],[127.26378241479628,35.474881031211005],[127.26121252413455,35.47635670288585],[127.25878573674346,35.47999659186571],[127.25420951374879,35.48022455800887],[127.24892901905504,35.483792044838154],[127.24443878236136,35.48444982280818],[127.24159536857468,35.48248888356646],[127.23717542067115,35.47733797803081],[127.23259979512682,35.47424221039197],[127.23073502626345,35.47413526956865],[127.22804602753759,35.4788138563135],[127.22001065389526,35.48524782723163],[127.21845248594882,35.48869776397615],[127.21659089579977,35.489905365405576],[127.20413191471185,35.48999323257888]]]]}},{"type":"Feature","properties":{"regionCode":"52770","name":"순창군","parentCode":"52"},"geometry":{"type":"MultiPolygon","coordinates":[[[[127.09667151335886,35.30173719833104],[127.08925638139844,35.30677873605936],[127.0785587194237,35.310861038230456],[127.07221620029611,35.31260080037142],[127.06557644419823,35.31056293828508],[127.06540741038047,35.31312285622737],[127.06131946281089,35.3172160034805],[127.05341722234816,35.31738243371231],[127.05150234467912,35.31666641704414],[127.04670638426806,35.31818605469023],[127.04332589097497,35.321763657911376],[127.0429125547165,35.323387477893704],[127.04941010360112,35.327294473012465],[127.05091809096768,35.33167640922571],[127.05212001801209,35.33991142317074],[127.05654603435252,35.339860912184825],[127.0584010222382,35.337457831333865],[127.06251528740717,35.33611087165369],[127.06495348910705,35.3364856357378],[127.07029384457157,35.33972705170782],[127.0700780716389,35.341850780297015],[127.0672696966297,35.345501011893546],[127.06944877549016,35.348029097192224],[127.06967967785779,35.351583160205074],[127.06693241762832,35.35408027284752],[127.06547340429631,35.35778000612005],[127.06727255828837,35.35905017055753],[127.07027850345123,35.36612182589624],[127.06389067488256,35.36972904275486],[127.06488496379069,35.37572538192847],[127.06185750674159,35.378047482110674],[127.05664458013037,35.3843741075126],[127.05164666656114,35.37923714087321],[127.04643477088855,35.37694224030909],[127.03913264125875,35.37995794236276],[127.04033637529366,35.382586060732],[127.0384333517189,35.385104568577205],[127.03532061742561,35.386447950806335],[127.03387069286556,35.38882395530935],[127.0302137462322,35.390464302825414],[127.02728304016286,35.394925436033525],[127.02726953576268,35.399942671707834],[127.03172917082408,35.40117273797108],[127.03446472998046,35.400138888429055],[127.04221854590287,35.398911621896005],[127.04763246543905,35.403320624500004],[127.04786051359737,35.40560334058354],[127.04559432616477,35.40806023971886],[127.04794208108505,35.4159903888754],[127.04910968708849,35.421885631863944],[127.05230311016003,35.426858238121554],[127.04906983273165,35.431258121452615],[127.04396004158362,35.43379029122451],[127.04042055995204,35.43191701037395],[127.0373212621203,35.43340889671514],[127.03756516455424,35.43779501654477],[127.03632831947506,35.44529334992423],[127.03462020332132,35.447527117311246],[127.0359105804121,35.45877366725574],[127.03462769738933,35.46580180010976],[127.03044652135064,35.46449461148673],[127.02370455320631,35.46347205230755],[127.01961945813942,35.46074453793212],[127.01818194794846,35.45868466595613],[127.0144303059035,35.45745403164557],[127.00999852953453,35.46043010687752],[127.00671598221483,35.46107986541298],[127.00240474449552,35.46311532584461],[126.99962130461299,35.46109234792672],[126.99804828526347,35.455852431004686],[126.99918282700241,35.453396455423665],[126.99791655547382,35.44610649208618],[126.99430772494131,35.43999067731282],[126.98973197462472,35.43917737580783],[126.98531051192106,35.4366806708628],[126.98403179941972,35.43497363422057],[126.98164306098619,35.42649874348448],[126.97676614391881,35.4280697254558],[126.97291888563593,35.42831931871287],[126.97039407062732,35.42743045158014],[126.96978154588612,35.424510054953316],[126.97054213025145,35.41764491895371],[126.97177350692355,35.413576984089765],[126.97623606316212,35.40746072666798],[126.97704929034757,35.4033914816918],[126.97653903929474,35.400103258742966],[126.97446175291553,35.399906467775374],[126.96858804156321,35.39638239026049],[126.96337194263192,35.39476465181727],[126.96147770358908,35.39491189347331],[126.95849001228466,35.396297311268725],[126.95441260596834,35.39665340114345],[126.94134225019394,35.394393511095295],[126.93552622428288,35.394364503916535],[126.93275771239794,35.395148326040285],[126.93007032233773,35.40027731170278],[126.93216731249096,35.40165978375174],[126.93356983689941,35.405804055193904],[126.9297247222143,35.405823938019594],[126.92095791747816,35.40297877021106],[126.91959960987842,35.4019725286734],[126.91746332920722,35.40211755215759],[126.91695510306232,35.40519265503665],[126.92066709070274,35.410892454189835],[126.916284818391,35.415489460482846],[126.91177774939585,35.41528584415037],[126.9086254664888,35.41659757094289],[126.90737123140022,35.4202773260949],[126.90327791431217,35.420706612984716],[126.9019591090789,35.42277276826108],[126.90372354948853,35.429952266861],[126.89792543777814,35.43267671283529],[126.89758399575211,35.43587368144826],[126.90078134709017,35.43726355316039],[126.90451441202899,35.44042856830125],[126.89971856716465,35.44263374491307],[126.89869270261887,35.445057497045326],[126.89484365559927,35.448481479946174],[126.8901143647411,35.450128148064685],[126.88400119243174,35.450989778185274],[126.88050448897764,35.45546601656459],[126.87625931338793,35.45623916016148],[126.86869217100137,35.461388959784685],[126.8643468997262,35.46482609893607],[126.86389314472238,35.46913221645098],[126.86062609204743,35.47369053964351],[126.86006086260588,35.47938519522905],[126.86190741318688,35.48031289201085],[126.87141250164332,35.48020009508361],[126.87341242412221,35.47964690367476],[126.87631160497577,35.482920202692085],[126.88103083659804,35.48570960584211],[126.88170627775392,35.48332164351144],[126.88868775208978,35.47835001439329],[126.89409283656279,35.48066584240151],[126.89919516571943,35.48006283771094],[126.90242656672626,35.477965918487385],[126.90680159290558,35.47789019126707],[126.91342202124034,35.476495457672684],[126.91845459714783,35.480539799601765],[126.92263393636287,35.48260260585962],[126.92524982400303,35.48211568941012],[126.92756121611583,35.479132774882764],[126.93563594068316,35.48158395973174],[126.93609431652172,35.48781348618338],[126.93791757335266,35.489346257390565],[126.93502386539417,35.493702404640565],[126.93547413051634,35.495960741008055],[126.9339054113869,35.4988649979878],[126.93323662294532,35.50681410471911],[126.92985907268702,35.509426764680924],[126.92906280577044,35.514906422364405],[126.92957528276489,35.51980580952364],[126.931333043393,35.52302888084292],[126.93700080364084,35.525329724611645],[126.94269971029524,35.529677105624],[126.9450094634504,35.53006115973381],[126.94757586398198,35.53321834533286],[126.94986958004107,35.5336155109402],[126.95111015567788,35.538500838621566],[126.95280134773785,35.538184246513275],[126.95673906118104,35.54272510353907],[126.95942203728669,35.54386439239999],[126.96358329855259,35.543976799556525],[126.97037521648336,35.54923997363769],[126.9696782072576,35.55073898685976],[126.97164754284974,35.55366853725268],[126.97519709186969,35.555932082357536],[126.97906525551188,35.55565912193597],[126.98160001487851,35.553400420567044],[126.9811343492596,35.551304981093274],[126.98346601663596,35.54778137831339],[126.98690436423769,35.54535312988899],[126.99069265267092,35.538781754693574],[126.99261554403121,35.536924685140555],[126.9962275691482,35.539972663250694],[127.01102694588528,35.54263921682169],[127.01533908190508,35.54535320711948],[127.0205833617636,35.546066816415546],[127.01912578132324,35.542066831738396],[127.0218629069318,35.536732782752594],[127.0286778232878,35.5317311671373],[127.03316348285021,35.53120623443002],[127.0386967249011,35.52853783801915],[127.04020972802012,35.525108603529226],[127.04248033984511,35.52263152937048],[127.04568343457485,35.52129700089642],[127.04999383273687,35.52105723594496],[127.05168115990891,35.51796112370632],[127.05027977700604,35.51229471494516],[127.05505371984023,35.509197261361855],[127.06175931707814,35.51120359983829],[127.0670621332784,35.51620378547734],[127.07229606894509,35.51387986511092],[127.07456516444456,35.511815434521814],[127.0829494662874,35.50644608769458],[127.08790554282534,35.50804827771316],[127.09223236106706,35.50582703016639],[127.0967985208176,35.50721004908463],[127.102268789529,35.507628543061294],[127.10617272124358,35.50908532924906],[127.11085736102248,35.50900005182245],[127.11662572218783,35.50363193978589],[127.12290508193041,35.50390727264848],[127.12771701023779,35.50325346792098],[127.12996897800602,35.49712735942354],[127.1342322182677,35.492659164773606],[127.13441957063412,35.48755197003687],[127.13637264056658,35.482715684316915],[127.14209590935643,35.47641449912387],[127.14013985138858,35.47031802213937],[127.14318866503046,35.46778436348425],[127.14334354732037,35.46366308175091],[127.14432636295501,35.461783700024895],[127.15253993342837,35.46197807203419],[127.15545565045134,35.46086399853777],[127.16094381428954,35.46275724036191],[127.16604902514206,35.46223662249066],[127.17033931522653,35.459634301790565],[127.17329600427873,35.45888434884154],[127.17738706347039,35.464220399863144],[127.176233767016,35.46813877682185],[127.1774419350966,35.470810753665816],[127.17718011929391,35.47465602854585],[127.17894019006192,35.47633281097386],[127.18965506461092,35.4824153289848],[127.19458291140097,35.486384995706246],[127.19545391806025,35.48895789792256],[127.20028972886443,35.48819871859162],[127.20413191471185,35.48999323257888],[127.21659089579977,35.489905365405576],[127.21845248594882,35.48869776397615],[127.22001065389526,35.48524782723163],[127.22804602753759,35.4788138563135],[127.23073502626345,35.47413526956865],[127.23259979512682,35.47424221039197],[127.23717542067115,35.47733797803081],[127.24159536857468,35.48248888356646],[127.24443878236136,35.48444982280818],[127.24892901905504,35.483792044838154],[127.25420951374879,35.48022455800887],[127.25878573674346,35.47999659186571],[127.26121252413455,35.47635670288585],[127.26378241479628,35.474881031211005],[127.26731532317824,35.4763243890573],[127.26940778539462,35.47421829073739],[127.27453329107998,35.47342744573737],[127.27665598989907,35.4754510049811],[127.28418613549846,35.479132895750254],[127.28835687743019,35.476530015309656],[127.29241701361607,35.47510876752506],[127.29520444790629,35.47508633609925],[127.2979523761202,35.477720158851604],[127.30270719952274,35.47838526790342],[127.30865960555225,35.477660218904155],[127.31021128525626,35.476043265442996],[127.31149540043924,35.468910334520864],[127.31447220614072,35.46627280569608],[127.31367601002059,35.46359423834615],[127.3096095104832,35.4599785474863],[127.3063663598831,35.452772920352025],[127.30202962722038,35.44920894427994],[127.29789020201063,35.44492236884495],[127.29616196359711,35.43950645000071],[127.29669320697467,35.435062456628025],[127.29376224717262,35.42982714414959],[127.28899659631759,35.42565017437049],[127.28532356170076,35.42398008014923],[127.2786399842434,35.42486906792591],[127.2756930372474,35.4211491645608],[127.2715169219267,35.4219692006922],[127.2625864788628,35.426528384348345],[127.25970330276964,35.42676954843786],[127.25457415446287,35.418883391271386],[127.25155568808017,35.416313444906514],[127.25055001197296,35.40861938875855],[127.24695458127619,35.40033616181244],[127.24542731639589,35.39856181576497],[127.2394585477013,35.399281235507765],[127.2314263556202,35.397955575458965],[127.22674191158609,35.39909291834367],[127.22543531641684,35.398327077443284],[127.22261322360411,35.39311948273581],[127.22122957999099,35.38830821570214],[127.21853385001825,35.383499430654474],[127.21340013852095,35.37614956986715],[127.2152676707991,35.37052366959194],[127.21415582225042,35.36872010054819],[127.21035225679002,35.36706028675625],[127.20504809698988,35.36062228329804],[127.2021678189331,35.36160953067302],[127.19908242561576,35.364237466874066],[127.1973332271054,35.36436651033713],[127.19453808017428,35.35961201663792],[127.19251348142325,35.35488329842744],[127.18934657160439,35.35085032313956],[127.18719451260802,35.34466435395483],[127.18900352633918,35.34264979854145],[127.19285335021152,35.34178749947551],[127.19538923943935,35.33981525325056],[127.19493244536575,35.33830905563021],[127.1860981696332,35.336194469449545],[127.18163227591702,35.338017920725115],[127.17962548372583,35.332390574450535],[127.17290211693648,35.33033077080424],[127.17133258874874,35.3329517000861],[127.16789823153442,35.33169948447017],[127.16259386327849,35.3280535853792],[127.15948131961242,35.32663044742756],[127.15138645465035,35.3179795198947],[127.14657202073901,35.315414800077015],[127.14657921413938,35.3108829022513],[127.14557821397256,35.309251445372446],[127.13433781953569,35.3084678957848],[127.1298592026166,35.30925463328332],[127.12622299776761,35.303649446315944],[127.12193953847498,35.30245510424481],[127.1156801534839,35.29955304603122],[127.10988494183331,35.29986229791821],[127.10550421129737,35.29919835400309],[127.10229577317521,35.301126484372986],[127.09667151335886,35.30173719833104]]]]}},{"type":"Feature","properties":{"regionCode":"52790","name":"고창군","parentCode":"52"},"geometry":{"type":"MultiPolygon","coordinates":[[[[126.64695652615009,35.3245845322902],[126.64473425322905,35.319865237484784],[126.64175421743191,35.320864640657064],[126.62954515090719,35.32038154774024],[126.62506672872489,35.32133705859936],[126.61885758626164,35.32531521643432],[126.61555187644011,35.32850457947794],[126.61331918375161,35.328787482765854],[126.60915558384539,35.331168868100804],[126.60399659705318,35.3355817878185],[126.6018134151166,35.33432278335977],[126.59901236648116,35.3304420430741],[126.59541077152404,35.329232242144315],[126.59209255496337,35.33052048908836],[126.58686413529355,35.3307093670883],[126.58395073851801,35.3295068205733],[126.58134316001374,35.32289438184351],[126.58337436694079,35.31801510329826],[126.5870174081501,35.31661409774747],[126.58964877683671,35.31197523358017],[126.5883763175089,35.30621342405915],[126.58493871738897,35.3008007158323],[126.57830113931665,35.303389356246036],[126.57321537713659,35.30964186665023],[126.56827581135236,35.31122160876157],[126.5643572169456,35.30974555936864],[126.56088944898694,35.311414940021194],[126.55793869500214,35.311778520203696],[126.55094840781462,35.313602234450016],[126.54795706400755,35.31323331871456],[126.54478654874904,35.31045036710012],[126.53822960535992,35.30952942280957],[126.53118546030142,35.3074719320713],[126.52696479857987,35.312474987939964],[126.52325638145211,35.315442759391125],[126.52314336392864,35.320479887015885],[126.52075210093388,35.325039092184156],[126.51711838751012,35.325580987955966],[126.51406856243092,35.327068065399466],[126.51573497347728,35.33166653453454],[126.51761976168574,35.33409449514658],[126.5170405516309,35.33800389244632],[126.51968943068749,35.34327094045855],[126.52023500607018,35.34978945262154],[126.51726692790952,35.35103727462217],[126.51410254816146,35.35629799413376],[126.51282107275992,35.36201649543824],[126.50776275950116,35.361402249018646],[126.50354829342757,35.35840576258629],[126.49920506309812,35.35404544516129],[126.49732256929576,35.350502465192406],[126.49352232235866,35.35071180471899],[126.4923531158548,35.35432133786604],[126.4959939663323,35.35834105732125],[126.49528748619477,35.36263238429949],[126.49750259989645,35.37234742657206],[126.49632770896714,35.37403788207929],[126.49260782127331,35.37406527421839],[126.48619561740557,35.37758637750142],[126.48339687423804,35.38039001204164],[126.48316926722126,35.38397145995848],[126.48158109388177,35.38562512793295],[126.47758367090441,35.386099224945525],[126.48184501180094,35.389213018701504],[126.48838451284945,35.392792012941],[126.49050615497305,35.39521002206704],[126.49088030349236,35.40439294051796],[126.49281284806108,35.40914252282909],[126.48990563013827,35.41274090120272],[126.48754877785127,35.41304113927028],[126.47871146451979,35.42422587704254],[126.47246594266292,35.42647579950112],[126.46946796285904,35.42524135883354],[126.46228862040367,35.42541997305822],[126.45770705182929,35.426868236548074],[126.45203465866601,35.426905425250226],[126.447567236087,35.4298060953062],[126.44575387619953,35.432991967875566],[126.4463204686401,35.43522942740303],[126.44183906339984,35.435643307774384],[126.43628858267037,35.43334122482445],[126.4318430073174,35.43226498784019],[126.42793001493187,35.434353162239155],[126.42903750060827,35.438057692567064],[126.43266859407585,35.44304749863849],[126.4359189681303,35.44924733106642],[126.44053399130948,35.45049477449026],[126.44208459455085,35.45365765318093],[126.44925843622364,35.46468018924966],[126.4579490084323,35.478562233839455],[126.4621724490922,35.48240057076692],[126.4637865803947,35.486494455962756],[126.47089010162534,35.49961477063121],[126.4736811194741,35.50630283980583],[126.4757586760685,35.50660741747804],[126.4781379146811,35.50919052385629],[126.48341496196826,35.51928272282744],[126.4819017616102,35.52119158550333],[126.48608171677608,35.522111000733815],[126.48779799509211,35.51718666600162],[126.49119980146686,35.51190781359676],[126.49427518704445,35.511736087442955],[126.49655816488247,35.51005222384062],[126.49575947721843,35.5115443894536],[126.49808636731184,35.51803387092994],[126.4985774217522,35.521009812203],[126.5005952195855,35.52434895594047],[126.51002377740635,35.53033550395067],[126.5193150106044,35.53353590550856],[126.52946210663049,35.531424115296545],[126.53642823976155,35.53137697194042],[126.54184700830717,35.52740109781626],[126.54589566273508,35.53254679533995],[126.54792957750315,35.5314476633888],[126.55036916116043,35.53303251603745],[126.55012003264127,35.53507040858895],[126.55232152048481,35.53674852168881],[126.55545641305254,35.53645528796933],[126.56004211515756,35.539943977210314],[126.56512690752757,35.542661482764785],[126.57068990780942,35.54304370829017],[126.57511650610512,35.54152846119025],[126.58975500161665,35.54207142500331],[126.59357687755877,35.540908826690455],[126.59398764137435,35.535124243175034],[126.60260029398992,35.54252474247141],[126.6022765703845,35.546127894702366],[126.60631202886785,35.55071260319262],[126.6083093874326,35.55136500760554],[126.61045702987735,35.55496171258019],[126.61270468962509,35.556397490763686],[126.61641184514833,35.55689245842939],[126.6175139066665,35.562303553527215],[126.61666103812752,35.56625288021016],[126.61704051065,35.56953028976581],[126.62408222734332,35.56848775594859],[126.62577775493614,35.57100032011089],[126.63193712074292,35.57269949169172],[126.63411415610783,35.57492310358854],[126.6361062904522,35.57192572444035],[126.64321417104631,35.571292649840665],[126.64789777070264,35.56966597824291],[126.65244091495028,35.56467566039403],[126.6574579796224,35.56331650763594],[126.65844006323289,35.56063344699481],[126.66461145453134,35.55490530583979],[126.66713474064605,35.554323863829076],[126.66872255544605,35.55527701811289],[126.66582865392782,35.55983598786019],[126.66844001366667,35.56066913777795],[126.66853429249934,35.565950601400026],[126.67420508418455,35.5681684755263],[126.67224789237173,35.5713957400731],[126.67478575718252,35.5709853446475],[126.68046444967298,35.57247647839436],[126.68472594500868,35.56994827705603],[126.69221684241224,35.56944858834026],[126.69912136860687,35.571669357813214],[126.70243267322064,35.57451191656925],[126.7063853116187,35.57453056889449],[126.70880557554916,35.57356055072434],[126.72097793800629,35.572537476398196],[126.72169593133111,35.57302897188287],[126.72636824275267,35.57073369661851],[126.73064816340441,35.57080646787277],[126.73903904751889,35.56759112094578],[126.7433740608785,35.56836718493524],[126.74541689041668,35.57045910589655],[126.74967574381743,35.571098345980545],[126.75349950537714,35.573376097937114],[126.7571990296575,35.57357890139055],[126.76405062194834,35.570509056340676],[126.76471734197541,35.566572797640944],[126.76672533661139,35.5638069534248],[126.76472587896885,35.55891439959124],[126.76092792336574,35.55573093013935],[126.7645939791426,35.55324408091375],[126.76608471459814,35.549374805793654],[126.76494632264712,35.54686918534104],[126.7620719933402,35.5441124767877],[126.7612023095152,35.532895715054174],[126.76460760178595,35.52981117040802],[126.76692195085025,35.52956919567875],[126.7737114275182,35.524258119265006],[126.77284859455057,35.522650963825356],[126.76411001068864,35.51858393090205],[126.75955739159133,35.515425865046694],[126.76001054800302,35.511076237180376],[126.76253456921023,35.50947905567219],[126.76956345137522,35.50854093376874],[126.77075870513836,35.505996668005366],[126.76847223663542,35.50282876914113],[126.7685567611066,35.49579310895782],[126.76421392274946,35.493059313079875],[126.76515717297626,35.49240299880813],[126.7669049720689,35.48559977504249],[126.77002115134785,35.48262008140463],[126.77087717664654,35.47680191996226],[126.77248153669952,35.47172627788411],[126.77251960116996,35.46837906838677],[126.76976083865117,35.46635428731811],[126.7640497654522,35.46604363841164],[126.76153119246605,35.46475277749706],[126.75675628985728,35.46078360260346],[126.75426686531883,35.455270148747914],[126.74787370633258,35.45032792218097],[126.74090804790498,35.45232272600723],[126.73811794165826,35.449033582916684],[126.74437742069192,35.440745734104524],[126.7486372714588,35.439794535677564],[126.7511771173158,35.43707667896855],[126.75202559498554,35.42610398731426],[126.75182555555328,35.42297912535075],[126.75400703575824,35.420054971022104],[126.75396491777491,35.416243185399075],[126.74841306055148,35.415163109273294],[126.74443305657869,35.409294504816316],[126.7374424540332,35.40572104773062],[126.73608250286878,35.40324801579247],[126.72701063761932,35.400545342137136],[126.72235715059159,35.40016758692972],[126.72204484492546,35.39835061972323],[126.72705744064164,35.39634694460423],[126.72960652211347,35.39449248974887],[126.73204234354233,35.38316532527709],[126.73070637887243,35.380194937158684],[126.73119593700739,35.376780939515506],[126.72267812304341,35.367240170033554],[126.71943429137023,35.36492086852571],[126.71026392861833,35.36401812220525],[126.7091409493175,35.3651775728222],[126.70458172982374,35.36511310631844],[126.70113398947579,35.35345529422681],[126.69923583475841,35.34968241212998],[126.69612466939861,35.349749135442096],[126.69277762097768,35.35152210912015],[126.69066899550313,35.350857463988675],[126.6854783173378,35.34458576481346],[126.68198292526522,35.34715292591583],[126.67478418191871,35.34860050220061],[126.67269856438148,35.350059823371694],[126.66673476136123,35.35154762029113],[126.66321276009917,35.34595186904303],[126.66019086772616,35.34388818997839],[126.65952623508171,35.33456213390599],[126.65636917247713,35.333056602880454],[126.65260760836107,35.32768627354384],[126.6489612999327,35.327297593920136],[126.64657713719797,35.32870398670718],[126.644216173596,35.32726762729234],[126.64695652615009,35.3245845322902]]],[[[126.48228512784827,35.53997014961957],[126.48473588849575,35.537958508967705],[126.48107958965193,35.53707785808474],[126.47941812990811,35.53922055805399],[126.48228512784827,35.53997014961957]]],[[[126.47779107809522,35.542322471839704],[126.47676283332768,35.5441956640731],[126.48107050876476,35.54665575561207],[126.48514742096704,35.54412527431441],[126.48424955695266,35.5411576223589],[126.48192608516844,35.540401541322545],[126.47779107809522,35.542322471839704]]]]}},{"type":"Feature","properties":{"regionCode":"52800","name":"부안군","parentCode":"52"},"geometry":{"type":"MultiPolygon","coordinates":[[[[126.24136927226199,35.573959595802734],[126.2436199213878,35.577579300519055],[126.24581408467371,35.57657057813009],[126.24860460098968,35.5777872976209],[126.24883623425416,35.573946746310604],[126.24237725589091,35.57279034751237],[126.24136927226199,35.573959595802734]]],[[[126.29700178395962,35.589009881024765],[126.29965338455362,35.58915643337619],[126.29859001742797,35.58553048320263],[126.29700178395962,35.589009881024765]]],[[[126.31117369472261,35.60461632604632],[126.3048163624744,35.60039468167489],[126.30458038830967,35.59681273181147],[126.30280166554392,35.595089320108116],[126.2982745189481,35.59535495731381],[126.28895737567096,35.59183849065121],[126.28893467628212,35.58950774605224],[126.28027197002321,35.581839491821874],[126.27978876076101,35.58028079628404],[126.27533643785804,35.57784366864601],[126.26634259263217,35.576199209353646],[126.26314775978483,35.573258071892226],[126.26263103548904,35.57111988194723],[126.26662386702795,35.56887104524683],[126.2654818381954,35.567149028856775],[126.25967209257583,35.570752145643254],[126.25676194355678,35.57459356705768],[126.25400558900338,35.58275168175395],[126.24897325153006,35.58465929262644],[126.2495984762917,35.588651856230186],[126.25409432312732,35.589898451081176],[126.26492525522653,35.5885165851891],[126.27031415447591,35.58956317366947],[126.27114853413212,35.591101044939535],[126.26933615364952,35.59349522365937],[126.26703267960461,35.59277206385985],[126.25987814890406,35.592659611228534],[126.25678574361243,35.59380544369756],[126.25790258576524,35.59735732343098],[126.26115788715019,35.595765603999546],[126.26444776375872,35.595330350166975],[126.26860819617865,35.59630670694482],[126.27289025702704,35.59889867748442],[126.27233437702638,35.601083934412905],[126.26786084792987,35.60461404257304],[126.27070636108687,35.60851279859367],[126.27346939300952,35.606834545101805],[126.27541327132538,35.60420208867964],[126.27753556642502,35.60625047534845],[126.28075278850218,35.6058598256024],[126.2833071371598,35.604014024821815],[126.28500611715447,35.60674531999814],[126.27818638524948,35.61070988993659],[126.27596026287813,35.61276706488578],[126.27553275683701,35.61730226195097],[126.28411392026773,35.614140704976236],[126.28719302510527,35.60855273335427],[126.29176900646179,35.609767083705314],[126.28779486752248,35.61463518447701],[126.29230739892427,35.61852131350812],[126.29456382241662,35.618330175524356],[126.29198213636766,35.61403228982384],[126.29188473718624,35.6097616969131],[126.29067570419522,35.60604902149296],[126.2952864220086,35.60517531646972],[126.29767314776737,35.61168020891386],[126.30332708875224,35.612663706973436],[126.30053059077021,35.61839616622117],[126.30493501069908,35.617414680932775],[126.30426134723074,35.62169588070307],[126.3075964902613,35.62042744933595],[126.31548830499443,35.61099761502244],[126.31544264143281,35.609928762531744],[126.31117369472261,35.60461632604632]]],[[[126.6230244373863,35.589358050260095],[126.61715900159862,35.58495393578953],[126.61214016836014,35.58721687635638],[126.60924622397755,35.58618843691103],[126.60452849846796,35.58584805562119],[126.6015700900764,35.58711589239864],[126.60328342321655,35.590854707074314],[126.59862323321141,35.59424704769683],[126.59648594054333,35.593492800562494],[126.5958927172303,35.59085512403029],[126.59295518471949,35.58817189527035],[126.58536614004383,35.587638444744776],[126.5752496228536,35.59013673043658],[126.5692387267039,35.588383012207714],[126.56332216930262,35.587521895272495],[126.56009976983812,35.58543080811059],[126.54916085546036,35.58557236636994],[126.54566225339025,35.58612732551248],[126.54109552908338,35.58801194579942],[126.53174264298184,35.583785012566715],[126.53200448162669,35.57999658792655],[126.52782970661774,35.57930319144363],[126.51920828903025,35.57953082523707],[126.51647047159037,35.580716548848265],[126.5170418734626,35.58606883769074],[126.51324575118711,35.58633509681713],[126.51043723506069,35.582788719806494],[126.51279236136034,35.581253605521354],[126.51199138192307,35.579246097909476],[126.50862946186783,35.57920687361308],[126.50672483604082,35.5812288561659],[126.49858403601894,35.5836500665457],[126.4998876327766,35.58526401049137],[126.49542442081218,35.586228335394836],[126.49171329617234,35.58597013958393],[126.48573480669194,35.59151831133425],[126.48766633885688,35.593667708812816],[126.48417726860758,35.59802256495199],[126.47722735735488,35.60222988828036],[126.47051696914511,35.602818469189955],[126.46803997100693,35.60117437803163],[126.4692414637407,35.59941413094441],[126.46562332475953,35.59860358516053],[126.46394474704522,35.606995740863645],[126.46094476280051,35.610734141004166],[126.46065433515923,35.61370334256024],[126.46228552478938,35.62050804097797],[126.46376087757923,35.61830769265939],[126.46819481639702,35.618592229670824],[126.47025750074418,35.62071639726768],[126.46838453683674,35.622609710526284],[126.46383893903186,35.62281022417836],[126.46861716435373,35.62831785977209],[126.4683820061153,35.63114170337817],[126.46506280276286,35.6339650593441],[126.46002158270836,35.63414846914725],[126.45617499799779,35.63608796361247],[126.45789322592162,35.63803783012638],[126.4613016791673,35.63809730631991],[126.46465838453405,35.64103867744805],[126.46593580542128,35.6442223589482],[126.47027493447563,35.64269669770755],[126.47660180754549,35.64334239085469],[126.47940581031328,35.64485528244028],[126.48052239169395,35.64790568032556],[126.48278661913791,35.64923962131893],[126.48427765129517,35.655609455882576],[126.49155686640051,35.657222042265204],[126.49728945769692,35.65790825572416],[126.50038866341208,35.657360584162014],[126.50935657970216,35.66354604716518],[126.51010242363193,35.66549119386151],[126.51469136093486,35.667451929107436],[126.52064622730597,35.67636092512034],[126.52453175785438,35.67840675952171],[126.52741135250231,35.676652586837214],[126.53105072213422,35.68143311132442],[126.5326094557209,35.690527680514116],[126.53412694419312,35.69101856348101],[126.53895815446381,35.689977468735385],[126.55004222153897,35.69601311770913],[126.55428095617849,35.69714226172459],[126.55430225174157,35.69994068777305],[126.55756542615416,35.698628814660715],[126.56088549969148,35.69871768581129],[126.56527212290628,35.695681920920876],[126.56815522646389,35.694584395886814],[126.57056702534143,35.69513340672078],[126.5792866920523,35.70245741165706],[126.58488669192906,35.708337829144405],[126.58892119945381,35.708424798157466],[126.59437054925036,35.712413984170425],[126.60122145905315,35.71956456357739],[126.60582120636306,35.72757703123007],[126.61129000621997,35.73414512385754],[126.6115460194658,35.736825525946266],[126.62603807543316,35.74758497274692],[126.62687769209369,35.74864489804482],[126.62420830684695,35.77869082407613],[126.62597144534118,35.78216738215804],[126.62280437668292,35.78549319921085],[126.62263158707651,35.78870011205005],[126.62622566422273,35.79512627203293],[126.62873389601796,35.797956604305455],[126.63234726930645,35.80040540643064],[126.6394427100903,35.799657192428086],[126.64299004355787,35.7976944038039],[126.6564569210188,35.79798487724799],[126.68729419488461,35.79949226516032],[126.6992617512014,35.799439238673415],[126.7095527188513,35.7967863613694],[126.7172734746375,35.79395912204848],[126.72828892955013,35.79410239263783],[126.73409894296162,35.79174864302791],[126.74126921977336,35.78818584293337],[126.74319001274804,35.788834660413286],[126.74719290015223,35.78766803717437],[126.75229935801607,35.78518790934806],[126.75734857517489,35.78047609582479],[126.76176421723056,35.77858581703574],[126.76866118081331,35.773617720326996],[126.77115353795085,35.771131685928616],[126.77294958833667,35.76698373910552],[126.77219613963237,35.763090399945995],[126.7744186740482,35.75981165094079],[126.77471595111557,35.75722911720235],[126.77723058000228,35.757646392147244],[126.77747674555947,35.753179372447406],[126.79273996437416,35.75353513081132],[126.79583299828577,35.751108724810244],[126.79914673477587,35.74733490929749],[126.80049215812971,35.74130841490847],[126.80490507291417,35.73536754153372],[126.80820901159166,35.73393032059367],[126.81065188875743,35.723624793696345],[126.81273262391912,35.72081838027869],[126.81271308801115,35.71582840420277],[126.81748598414917,35.71503302824553],[126.82032960547322,35.71812332076364],[126.82275500927557,35.71772813413695],[126.82527451796449,35.71430641452325],[126.8283829965624,35.70938976438978],[126.83951714016742,35.69773045392797],[126.83768523207307,35.69643620537988],[126.8347439183656,35.687263071277016],[126.82907754678357,35.68499153048915],[126.82724546375077,35.67998943574332],[126.81970306039473,35.68062090638306],[126.81572748987296,35.683079457479806],[126.80861542251333,35.680364000604285],[126.80578586555121,35.67579577200963],[126.80140375911775,35.68061713337856],[126.80208512439378,35.68562427288335],[126.79803597753421,35.68462654376415],[126.79306395871936,35.6800040535525],[126.79242746320782,35.67744466379284],[126.78929740064228,35.67552839918024],[126.78351116963162,35.675843920958975],[126.77929449241412,35.67839086738119],[126.77586280758855,35.682806063059225],[126.7756051148879,35.68663296565088],[126.7718167056373,35.68484944868784],[126.76540489150352,35.67379832360585],[126.76470801454538,35.66964149838091],[126.76508965753902,35.66471565903135],[126.76359147365436,35.66207391347555],[126.76088021766205,35.66119492358289],[126.75746426187047,35.66508985135774],[126.75469279922841,35.6694932944365],[126.75121594567361,35.67028379335758],[126.74932328347434,35.66466672969743],[126.74808338333128,35.66421608012824],[126.74395067506325,35.666734453833215],[126.73354618161487,35.65072702312998],[126.72962406524154,35.64927569497246],[126.72523532259264,35.64395670640231],[126.72455969139688,35.63803729125422],[126.72366128745838,35.634890286507506],[126.72275633279862,35.63184871877961],[126.72028292230462,35.63021250269018],[126.72224520573693,35.62810802877467],[126.72213842972636,35.62319549699504],[126.72323045777298,35.617893335776465],[126.72091648077958,35.615009670923214],[126.72001482242833,35.61059367857549],[126.72212360135195,35.60460881060564],[126.72019606875972,35.59856188327341],[126.72169440551076,35.59467301778823],[126.72542061132184,35.59366398320451],[126.72293965058083,35.587227971713084],[126.71979367163448,35.58403377454691],[126.71846693105283,35.57956136238457],[126.71952153611157,35.57624839734365],[126.72169593133111,35.57302897188287],[126.72097793800629,35.572537476398196],[126.70880557554916,35.57356055072434],[126.7063853116187,35.57453056889449],[126.70243267322064,35.57451191656925],[126.69912136860687,35.571669357813214],[126.69221684241224,35.56944858834026],[126.68472594500868,35.56994827705603],[126.68046444967298,35.57247647839436],[126.67478575718252,35.5709853446475],[126.67224789237173,35.5713957400731],[126.6681970205854,35.57252507775107],[126.66585371447641,35.57550892993752],[126.66090814364522,35.58516816385424],[126.65919639662388,35.58609239458407],[126.6595145682897,35.58958851439136],[126.65740318295722,35.59059917598411],[126.65368140457537,35.592419112902625],[126.6514621797824,35.59510065626413],[126.64929400487655,35.5943558833156],[126.6473145601514,35.59138565658129],[126.64235709490866,35.59201118565526],[126.64000194123176,35.59402442608942],[126.64163590689867,35.596514846070484],[126.63817767414403,35.59928202738298],[126.63579124093455,35.59926339472432],[126.6360371996132,35.59341991941437],[126.62982243255642,35.591052048397955],[126.6269467557557,35.5907243014249],[126.62511639344066,35.59297167622332],[126.6230244373863,35.589358050260095]]],[[[126.28551682270073,35.62320425731573],[126.28706307282884,35.628714155811835],[126.28481957111167,35.63289758249504],[126.28065052829605,35.62915058326795],[126.27588749426461,35.62843616573002],[126.27366828852807,35.632456389203234],[126.27640402743815,35.63485847077538],[126.28102340218678,35.63376242004379],[126.28424893786467,35.63396964765274],[126.28694809240504,35.63541010452139],[126.28840847715001,35.63411556415641],[126.29076604729262,35.6335839849152],[126.29351522454645,35.63074639825578],[126.29445592074113,35.62802242179547],[126.28551682270073,35.62320425731573]]],[[[126.12326888054436,35.63642547846943],[126.1206108046894,35.63948450422476],[126.11779781582258,35.6397399984135],[126.11616537231521,35.637066331842036],[126.11267612570022,35.63711982207983],[126.11100383760052,35.639072267279424],[126.11135769571615,35.64268950457054],[126.11572483797241,35.645086909862016],[126.11877070266186,35.645515458724425],[126.12231192496786,35.64450267346243],[126.12644123198433,35.6400536824252],[126.12902873649992,35.638222805000694],[126.12961560896075,35.63575214099534],[126.12347263872742,35.63337415720481],[126.12326888054436,35.63642547846943]]],[[[126.09962669870116,35.66004078287766],[126.0989495121547,35.661729317541266],[126.10667028332283,35.6676358030609],[126.11068001023769,35.666335038491496],[126.10980366000584,35.66347776825428],[126.10778397638572,35.659714086724485],[126.10919405424974,35.65656781517968],[126.10519576986667,35.65652065704524],[126.10464527768127,35.65931066928761],[126.09962669870116,35.66004078287766]]],[[[126.48531909813224,35.66010070136418],[126.48230948329866,35.66208561558558],[126.48558901993867,35.6652809172605],[126.48738213249045,35.66425562799728],[126.48734209860719,35.6610731260438],[126.48531909813224,35.66010070136418]]]]}}]}
