{"type":"FeatureCollection","geometryVersion":"admdongkor-20260701-simplified","features":[{"type":"Feature","properties":{"regionCode":"12110","name":"목포시","parentCode":"12"},"geometry":{"type":"MultiPolygon","coordinates":[[[[126.37279606494552,34.764959606850354],[126.37338380816166,34.7618902786438],[126.37220671530753,34.75831532702619],[126.36874214137765,34.756884866703686],[126.36541148285413,34.75994866292317],[126.36201532306602,34.75158099433389],[126.35838983893795,34.75249337101519],[126.35842914657533,34.7503252513718],[126.36048034905734,34.74744108290346],[126.35665480574664,34.747588060304246],[126.35546165894405,34.749996795811505],[126.35321931189375,34.75085745482871],[126.35125485893981,34.748330777924906],[126.34886894449174,34.750180701095836],[126.34883655281196,34.759624079946285],[126.36222592607251,34.75977994333047],[126.36490073655841,34.76500422921488],[126.36079562291552,34.76964568027897],[126.3597826826605,34.774940353875735],[126.35546644156192,34.77841833582216],[126.35494186399261,34.783134146529086],[126.36101231854539,34.77724640553946],[126.36324511218803,34.775675418735354],[126.36756476780724,34.77484152281082],[126.37300061650292,34.77272836339851],[126.37561104122338,34.77094184697018],[126.37279606494552,34.764959606850354]]],[[[126.32108625271262,34.765993695657095],[126.32103865681381,34.7606493792668],[126.31791106831497,34.75910387495636],[126.31058177190629,34.76154966148733],[126.30636369078368,34.7646307948186],[126.30509949897068,34.76798977442952],[126.30496722724975,34.77202653004571],[126.30846183522124,34.78224296867683],[126.31438392718981,34.78092930161408],[126.31570548151946,34.783803439423785],[126.32378573407597,34.78918860211555],[126.32570388430042,34.78834119744753],[126.32689892951365,34.78496855632464],[126.33109492760198,34.7850793623524],[126.33088446066226,34.78259863062545],[126.32790226615704,34.77482771531478],[126.32341743566198,34.77078552184796],[126.32108625271262,34.765993695657095]]],[[[126.3001856356881,34.77680787986993],[126.29637798427815,34.77597094003136],[126.29154428786636,34.77726955913497],[126.29203504669789,34.77916519169796],[126.29645452776629,34.78405310872704],[126.3015878230213,34.780572802665894],[126.3001856356881,34.77680787986993]]],[[[126.38991579897363,34.7853381224399],[126.38844289468685,34.78558163127798],[126.3845234524066,34.78056412593463],[126.3793019650776,34.78036331697509],[126.37349709178288,34.77979654476048],[126.36870000311488,34.78107103083531],[126.36780149590902,34.78658238722521],[126.3652145906159,34.78928618425155],[126.35742957070494,34.79420810817981],[126.3496584858199,34.796469766596246],[126.3568186800046,34.80224856620938],[126.35995245078985,34.79960936399461],[126.36461134394246,34.803346137349905],[126.3623552234066,34.80671122546032],[126.36767074950777,34.81123568689745],[126.37011417807228,34.81339817879356],[126.3756182358503,34.821257521596266],[126.38213903804426,34.82813497221073],[126.38652853560883,34.82958308215677],[126.38818960107572,34.83385565428993],[126.38805215656622,34.836886030617386],[126.39272584521738,34.837098950983],[126.39662689488874,34.838160341300885],[126.40096246352734,34.84272842404937],[126.41241312339069,34.84270123987848],[126.4121102088339,34.84388873552401],[126.41984134317768,34.84406540469001],[126.42493400621215,34.839006493720355],[126.42775232457784,34.83788167043876],[126.43637229190162,34.837716405974376],[126.43824343383868,34.83663470861497],[126.43923082382616,34.83042755309766],[126.43813927660192,34.82546117993941],[126.438309013561,34.82113454571459],[126.44283208351193,34.819973220570034],[126.4531925698425,34.81833497886781],[126.454885723258,34.81440255502017],[126.45504694291182,34.81048475260376],[126.45790050167048,34.80813366090506],[126.45859269647477,34.80077266718552],[126.46193840912815,34.800058816732985],[126.4588293234814,34.79335229738201],[126.44796940721506,34.794483176028685],[126.44465729887744,34.79243947971336],[126.44497387814883,34.79316212079536],[126.441455015652,34.79941879056328],[126.43666636593703,34.79716974028015],[126.43012031016124,34.79413361826823],[126.4257066678222,34.79307850846123],[126.42015405527287,34.791065411816525],[126.4120701078812,34.791028626228],[126.4144281511292,34.7884450727285],[126.40410270429417,34.784297024477006],[126.40264205665618,34.78557507849499],[126.40036912284415,34.78315313081677],[126.39172568500739,34.781367396637116],[126.38893697053437,34.781316352696145],[126.38991579897363,34.7853381224399]]],[[[126.33742159425599,34.793265578515715],[126.3400158896705,34.794840010300696],[126.34056780870505,34.79307071470819],[126.33932001625035,34.78326181508357],[126.33727955960377,34.786540750416364],[126.33498702299758,34.788059665688515],[126.33742159425599,34.793265578515715]]],[[[126.31309544351673,34.793858296966945],[126.314188228989,34.79708780808978],[126.31407115267787,34.80506856815757],[126.31560095467019,34.81078914399495],[126.31835430308112,34.814014132599254],[126.32304908964826,34.81551446260778],[126.3275497893918,34.8160097975302],[126.33079971300684,34.813091053056205],[126.33196206513064,34.8084363037687],[126.33389280016348,34.80525021997666],[126.33314415691108,34.80356930360811],[126.33697605568386,34.7995500689203],[126.33576535252276,34.79717925950049],[126.33141898057787,34.79494898981596],[126.33125296214646,34.794890328195564],[126.32456858687239,34.79526164686207],[126.3181285125654,34.79473123351574],[126.31557391177667,34.792299056900276],[126.31309544351673,34.793858296966945]]]]}},{"type":"Feature","properties":{"regionCode":"12130","name":"여수시","parentCode":"12"},"geometry":{"type":"MultiPolygon","coordinates":[[[[127.37426751542947,34.02062205446529],[127.37046572268757,34.0212265623817],[127.37267817655464,34.02362116378327],[127.37426751542947,34.02062205446529]]],[[[127.31302940967261,34.02527947002161],[127.30932497992696,34.0238375458531],[127.30730767410915,34.02841696506628],[127.31115078434777,34.02974977616939],[127.31403019592999,34.02971840019979],[127.3218604168639,34.02795345287309],[127.3240837448702,34.026242121377116],[127.32331731284204,34.024164423944576],[127.31715829135698,34.02531869168502],[127.31302940967261,34.02527947002161]]],[[[127.29503448425909,34.04473928588961],[127.29432239592953,34.03977954855766],[127.29741894971079,34.0385257341296],[127.29653824396256,34.035770258554386],[127.29753705001073,34.031465803321886],[127.30243858524159,34.03027109182767],[127.30751580181094,34.02599626612342],[127.30865600537788,34.023532593559764],[127.30562844513408,34.018680715519544],[127.31092654489588,34.01847880229731],[127.31583556145677,34.01434517161348],[127.31936938073366,34.0161856218082],[127.32326664054511,34.01622335842743],[127.32548684103675,34.012504424670674],[127.32365090240148,34.009702331588045],[127.32296141013644,34.004877062935776],[127.3164371525024,34.01288780955299],[127.31339512375656,34.01130551796524],[127.30408191458923,34.01174842360175],[127.29459845985005,34.0140890031197],[127.29463058184119,34.01931883749271],[127.2910539263045,34.02265567498431],[127.28862904714353,34.029358170291346],[127.28872421522357,34.03248441848158],[127.28598128674439,34.03562193138041],[127.2813231773331,34.03429419462157],[127.27920027684831,34.04322715049293],[127.28111730730899,34.049513162076686],[127.28014764795195,34.05284522334258],[127.2776356370843,34.052898992814185],[127.27890626508692,34.056750500258325],[127.27802523593247,34.058242854043165],[127.28017350074917,34.0604260339306],[127.28283306664527,34.054802426266896],[127.28590931557034,34.05556311663889],[127.28617375750254,34.05887768932974],[127.29275672104406,34.054959598728786],[127.29505406693005,34.05644495068094],[127.29400738380113,34.05991936458359],[127.29109063013087,34.06276643240549],[127.29318818949247,34.06352188285413],[127.29621487830228,34.06212343614255],[127.29769875400575,34.058270573058046],[127.29732824613647,34.05499663670464],[127.29277374245875,34.05003040523448],[127.29255836668275,34.04717218686295],[127.29503448425909,34.04473928588961]]],[[[127.32686133221695,34.05185306494037],[127.3247232292674,34.045492665994416],[127.32844476040727,34.04446177252919],[127.33284958269172,34.04139356727431],[127.33492666973167,34.03786261211763],[127.33476016845877,34.03410037762918],[127.33148896930518,34.033098627656166],[127.3301560600548,34.035258447438736],[127.32552308593793,34.03740616017222],[127.31337641010742,34.04015923065001],[127.31343417020943,34.04603390774621],[127.30941997705679,34.052931205040565],[127.30560447119586,34.05470488582073],[127.30304650894814,34.05832804347083],[127.30512402105235,34.062694027213446],[127.30797091539385,34.0607843249128],[127.30938188919194,34.05826124147017],[127.31395349779548,34.05889874226905],[127.31776095682588,34.05631446691681],[127.32243937599232,34.05967268342552],[127.32366935685089,34.05886800402402],[127.32686133221695,34.05185306494037]]],[[[127.20036339671077,34.2223554009266],[127.20073467068067,34.21885129029039],[127.19712869772059,34.21546742233605],[127.19361314765324,34.21643292392639],[127.19244814468983,34.21906881212241],[127.19387917078467,34.221537085792555],[127.19774045687699,34.2243286515989],[127.20036339671077,34.2223554009266]]],[[[127.22517688006275,34.223654355687],[127.22253663519244,34.22098665846751],[127.21890293337768,34.2213766063791],[127.2175427952144,34.22297111447052],[127.22052973769998,34.22466975373889],[127.22517688006275,34.223654355687]]],[[[127.46481736119043,34.2271564968143],[127.45723848325048,34.228817047586354],[127.45725393314824,34.23301543089884],[127.45927469137057,34.233007110010334],[127.46436215601598,34.228844566795004],[127.46481736119043,34.2271564968143]]],[[[127.26154651210966,34.224388920163875],[127.2570390815932,34.222593116579006],[127.25189998735124,34.224089725810174],[127.24988724162363,34.221218400685046],[127.25846038450516,34.21891838642989],[127.25985792201023,34.21325751461844],[127.25657945513314,34.21087567227838],[127.24814029963301,34.214859958024135],[127.24461885711384,34.21416513131004],[127.24333448919242,34.2177580384865],[127.24120599738524,34.219009433441336],[127.23756945671883,34.21816462298187],[127.23863572511888,34.21621685676511],[127.23619592178501,34.21503132118124],[127.22931127186271,34.215712495231934],[127.22528828964573,34.210310908517926],[127.22286479307546,34.21193303030885],[127.22568971582676,34.213738953720835],[127.2248391176546,34.21598035448567],[127.22708723816788,34.21819507951053],[127.22815675288228,34.22160674152837],[127.23124285388117,34.22626301454565],[127.23039135380186,34.22799261047608],[127.23306553805953,34.23662417410153],[127.2375664605694,34.235209528012646],[127.24319950093415,34.23798637973098],[127.24252109020684,34.24720476232198],[127.24365749543671,34.24827045542456],[127.24720626861017,34.246640742980595],[127.25329926490276,34.25114498540329],[127.25811586700526,34.25083433120141],[127.26043987265773,34.2471741944098],[127.26232930558626,34.24440148573633],[127.25933778867511,34.24349905389013],[127.26204563247116,34.23833368263336],[127.25797908179567,34.237051041069115],[127.26024269348225,34.230413685132085],[127.26272351508098,34.22677674196986],[127.26154651210966,34.224388920163875]]],[[[127.26614700823394,34.23973419932753],[127.2626742235365,34.24132224410481],[127.26334897216748,34.242652416026644],[127.26742014083943,34.24143646846601],[127.27149876549424,34.23817015807249],[127.27005181384854,34.23662031549369],[127.26614700823394,34.23973419932753]]],[[[127.45563451366826,34.24638581604066],[127.45602426837736,34.24250080331745],[127.4480738168973,34.241213548908746],[127.44441617654955,34.2424240961197],[127.44448977163948,34.24466261553236],[127.44673956558323,34.24902294794811],[127.44928827984127,34.250458223700505],[127.45342716829028,34.248699676300724],[127.45563451366826,34.24638581604066]]],[[[127.45031592483302,34.252881317985064],[127.44690836004555,34.25618407414859],[127.45095304976002,34.25700860367633],[127.45031592483302,34.252881317985064]]],[[[127.52704371510616,34.265553263001664],[127.52788228732268,34.26894734103016],[127.5298312496339,34.26947164932094],[127.5334592224843,34.26783419943228],[127.54070375891865,34.26798195868762],[127.53970602375797,34.260401733750776],[127.53655177583765,34.25920313759072],[127.53403074208347,34.26164686500606],[127.5299366488967,34.260959800073245],[127.52704371510616,34.265553263001664]]],[[[127.3670143541044,34.28661027585395],[127.36538721492786,34.28299650830879],[127.35926144941568,34.277824032552786],[127.35415766653752,34.27623340239714],[127.35183746014708,34.273547813461384],[127.34764678098166,34.27470592568794],[127.34897240443935,34.27877291846281],[127.34890502779318,34.2819817831929],[127.34765151945889,34.284684268107114],[127.35000228360904,34.29428203228097],[127.35356542952431,34.295344417242795],[127.35250881921002,34.290164114519435],[127.3590597638213,34.28824639555129],[127.36155407977223,34.28905551346492],[127.36130467341918,34.29268493344692],[127.36303887820699,34.2945044828839],[127.36631193980786,34.295247754672424],[127.36955000913512,34.29275811360238],[127.3701904070077,34.28912893434719],[127.3670143541044,34.28661027585395]]],[[[127.38571347162573,34.28834674421245],[127.38551827301644,34.290188994902735],[127.38769213294775,34.29375704163163],[127.39075739064072,34.29594916361064],[127.39455296846018,34.29638258303081],[127.40054990579675,34.29419081379496],[127.40167461571619,34.2867886801768],[127.39848648986515,34.28336453629261],[127.3987847100259,34.27958574700228],[127.39576606888791,34.27889494246245],[127.39569579809395,34.28213759510257],[127.3936271707534,34.283253292750864],[127.38802863139082,34.28070473926405],[127.38811061636704,34.28467008718689],[127.38571347162573,34.28834674421245]]],[[[127.37891753543786,34.292918499885964],[127.3744432681936,34.29291906950227],[127.3742511056361,34.2950367090752],[127.37871465418633,34.295548361215566],[127.37891753543786,34.292918499885964]]],[[[127.55943955908549,34.58843653626679],[127.55453784840749,34.58963141542168],[127.55363933552559,34.592712236065324],[127.56085700233581,34.58842082172483],[127.56030389849573,34.58534364777673],[127.55943955908549,34.58843653626679]]],[[[127.56483254758867,34.60804916685145],[127.56673607307492,34.60515622451263],[127.56191730119214,34.60287441831491],[127.55373900899403,34.60300945336418],[127.55077115099157,34.60133255266143],[127.55168436403883,34.5996083442148],[127.55002394563058,34.59631238986969],[127.54403281216837,34.59737135504697],[127.54091490298633,34.5960258043989],[127.53444114385898,34.59723690686036],[127.53951737935405,34.59869633035317],[127.54057243176783,34.601581666773946],[127.53902226594117,34.60616260154107],[127.54055311177584,34.60754082933797],[127.53673407764464,34.6095782722373],[127.53503637006058,34.60750456062326],[127.53492867236544,34.60467353558484],[127.53031384876635,34.60334738131721],[127.52889234752367,34.60534759398237],[127.5252952239627,34.60396385575455],[127.52446830317585,34.608855130982526],[127.52220808913128,34.61322923755659],[127.522510784541,34.615407036980976],[127.5263483980656,34.61743620291849],[127.53110830069451,34.61720976886322],[127.53365829236816,34.61201843805521],[127.53786840599923,34.61394746417468],[127.54061527531893,34.611766825257355],[127.54207247411624,34.61418622661004],[127.54167225947022,34.61688751366236],[127.5444575882566,34.61904843911688],[127.54661503454666,34.617708413744296],[127.55130487431865,34.61766451037127],[127.55259983915182,34.61504156129833],[127.55764474634894,34.616734521735935],[127.56176815680928,34.61564932620779],[127.56455819443826,34.61364495062728],[127.56483254758867,34.60804916685145]]],[[[127.53486981191324,34.63168446484967],[127.53747493295569,34.62940621433758],[127.54090842996347,34.62982705751498],[127.5414146374261,34.632337063663115],[127.54542864224892,34.63168311929382],[127.54650887179982,34.629667523500004],[127.55111584300249,34.629401441938576],[127.55116314972034,34.626628805975514],[127.54841852608091,34.626739688816286],[127.54534068028879,34.62434773796692],[127.53245907057145,34.62542886442378],[127.53295219051385,34.62891690879882],[127.53486981191324,34.63168446484967]]],[[[127.51476540805261,34.62271139745013],[127.51211919965789,34.626957714509764],[127.50937236597426,34.63317114301924],[127.51313846643079,34.63855663390509],[127.51601358454042,34.63956805957235],[127.51725454334638,34.63492914411991],[127.51611271702424,34.62593512201648],[127.51660351754053,34.6247037982898],[127.52444921203342,34.62130509134958],[127.52058126998503,34.61921886838384],[127.51797965250512,34.621929144029245],[127.51476540805261,34.62271139745013]]],[[[127.5569545163307,34.63402235477997],[127.54978309519628,34.637489243424156],[127.54707821089109,34.637643562729686],[127.54753801443019,34.641113475413455],[127.55141574174937,34.642145618025275],[127.55481281411605,34.63911959307154],[127.55903196928028,34.63821003217629],[127.56793284036317,34.635178048353104],[127.56899672484327,34.63265280280581],[127.56955884040326,34.62768659924248],[127.56732928968859,34.62690104843324],[127.5569545163307,34.63402235477997]]],[[[127.56498360064491,34.73664330609203],[127.56575440292148,34.73439834488995],[127.56428672264894,34.73288333208743],[127.5613942877474,34.73586582635146],[127.56261347293513,34.7378340083193],[127.56498360064491,34.73664330609203]]],[[[127.5676799721705,34.74271406408615],[127.56533263866136,34.73925549696065],[127.55804831443317,34.74056680815816],[127.55731558577766,34.74287694449509],[127.55815464435491,34.74782225474616],[127.56170749142237,34.74965458804239],[127.56334718839871,34.74855803777342],[127.5676799721705,34.74271406408615]]],[[[127.51632914694139,34.75558085961898],[127.51581885317813,34.754572972585564],[127.50876587424996,34.758661579208756],[127.51156482212319,34.760789763371825],[127.51391788142323,34.75932867714104],[127.51632914694139,34.75558085961898]]],[[[127.49857572622338,34.753875821353056],[127.49704113351791,34.75918557561924],[127.49095475045996,34.763839399841586],[127.48987519559388,34.76600178384357],[127.49232522380021,34.766826461156036],[127.49559291588801,34.765365255357466],[127.49584419941425,34.76102621664184],[127.50054413959462,34.75796958701532],[127.50297738787867,34.75782943954543],[127.50362534265746,34.755058769455125],[127.50030792824191,34.7528128253912],[127.49857572622338,34.753875821353056]]],[[[127.56345248124741,34.761587060840725],[127.55913115384791,34.76384772682964],[127.55868934698535,34.769935170969696],[127.55943591089736,34.77049815142305],[127.56295369928108,34.76990473751807],[127.56406709555368,34.766746246915154],[127.56771342046726,34.767067454900456],[127.5699519267911,34.762923956623254],[127.56626095926804,34.7614781449959],[127.56345248124741,34.761587060840725]]],[[[127.56057932346535,34.78804593166487],[127.55992259134125,34.791769164492266],[127.56430162631614,34.79024574094273],[127.56057932346535,34.78804593166487]]],[[[127.55346689833324,34.809181730397],[127.54625253747379,34.810188122637825],[127.54440693120709,34.80904213260832],[127.54402232687457,34.80644685251853],[127.53823840621521,34.80531826270825],[127.53378528291276,34.80696094333919],[127.53176719136866,34.80617622666134],[127.5290770057584,34.80979489047131],[127.52504627578573,34.80909089383372],[127.52286270158758,34.80982167459158],[127.52336457141202,34.81498351534117],[127.52567909601453,34.82249634586257],[127.52737067651137,34.824420912369845],[127.53836143624874,34.83179466539117],[127.53939467783349,34.835717496634366],[127.5427686379905,34.8379665379706],[127.54338189634574,34.84183867170904],[127.54220160037357,34.84329370190932],[127.54351685808244,34.85029877301534],[127.54785869798451,34.85223222856907],[127.5509004436214,34.85574761314202],[127.54962390040825,34.85910403393201],[127.5507670466628,34.8628163195317],[127.5461482321418,34.86639592118885],[127.5420777854674,34.867445060752516],[127.54058596672718,34.87107001606002],[127.53576034669436,34.87814947586615],[127.53780618064356,34.88198677196445],[127.54100137655637,34.884946587954225],[127.54644842063516,34.88636960796216],[127.54777617535835,34.88885183741583],[127.55024708769821,34.88954454937739],[127.55569093499075,34.886843305157974],[127.56131680541661,34.887967457859475],[127.56779051464987,34.885015015303146],[127.57255053737157,34.88456064882345],[127.57454854667574,34.88527916259788],[127.5830148697691,34.88545163246837],[127.58553351930857,34.88651044378647],[127.58971170668491,34.88636778389676],[127.5938942597566,34.8890426367088],[127.58986108019663,34.89333573847991],[127.59294746236525,34.89523624748794],[127.60556754071239,34.90341731223056],[127.61424135325854,34.89234666955936],[127.59459202815897,34.87957226673433],[127.59171367701123,34.88068090105614],[127.58968216024677,34.874905487784105],[127.59479648207378,34.867722166961485],[127.60016484912728,34.86216240524318],[127.60422809076287,34.86103859907242],[127.60245385940387,34.85785459818423],[127.6063240248341,34.85169372031855],[127.61075214090253,34.84948111610699],[127.61200985144679,34.85269953125393],[127.61377498197538,34.853160452511105],[127.61731320910955,34.85038000403561],[127.6203914827339,34.846023234378144],[127.6238344261171,34.84424528545792],[127.63155525972655,34.845164825427396],[127.63637153197665,34.8466189890191],[127.63701478345759,34.84450400756996],[127.6353088088709,34.842346753545364],[127.63593379422137,34.83977315340989],[127.63379075397819,34.83826777359266],[127.6298675477342,34.838697689161776],[127.62687449183152,34.84049526981948],[127.6267228457293,34.829796739846635],[127.63186890592925,34.82868203393518],[127.63848918187679,34.8221199125364],[127.63899414859479,34.81989933446753],[127.63999209933455,34.82232397823881],[127.63874578580685,34.831118479621956],[127.64294023617407,34.8304594971774],[127.66159662254437,34.84449912493477],[127.66442393394081,34.84313095301799],[127.66639624788912,34.84023179015779],[127.67011225597318,34.83702677776662],[127.67968848893383,34.844619534312436],[127.69505135875134,34.864885622719825],[127.69864527965942,34.85937646044113],[127.72039722441211,34.85887524817225],[127.72564577140939,34.86188256510683],[127.72835460994874,34.86213237373273],[127.72873984251257,34.85977344745872],[127.733174462862,34.85799529853764],[127.73390873186838,34.85475695647552],[127.73646105889965,34.8548098942239],[127.74278417488051,34.85106474239139],[127.74404546859279,34.851598443609326],[127.74251147774537,34.85730182269542],[127.7393785786327,34.860494573827395],[127.73938327429103,34.8621152861697],[127.74858045807954,34.86212297425111],[127.75276634675508,34.86104927690475],[127.75394232080396,34.862379563928734],[127.76197455925602,34.86482952873936],[127.76231998619248,34.86372846878574],[127.7685125982655,34.86161162296517],[127.77414617492752,34.86080384447646],[127.77627348584318,34.85469350060067],[127.77279816286548,34.853086694113856],[127.77169906810475,34.85131026356328],[127.77412269244263,34.85002103613022],[127.77563049860389,34.845898527858914],[127.77488762796241,34.837469136943476],[127.76778007006608,34.83132512425438],[127.7687480059753,34.82757009297764],[127.76734516591348,34.824962595696476],[127.76927660768762,34.82190272431762],[127.77243137930739,34.82272311414455],[127.77331657235257,34.81999615365805],[127.76936167503415,34.8205914764626],[127.76725148579114,34.81822767777986],[127.76855653253267,34.81494192083242],[127.76839705534408,34.81214562554011],[127.76618616741563,34.80936520277437],[127.76930756679438,34.80495746709389],[127.76834504804033,34.80024653186558],[127.76564534306873,34.79963934068688],[127.76340928316434,34.80132218639072],[127.75927705832983,34.80022379202888],[127.7569932127518,34.7976574997364],[127.75828097820589,34.79547110598294],[127.75618579327168,34.7918519756248],[127.75689728055862,34.786911388096165],[127.75135748840523,34.781885939037586],[127.74738723400917,34.780663003102255],[127.7453625499609,34.77809355486166],[127.74547172480945,34.77529724605559],[127.75067213209688,34.76964072402917],[127.75435960959682,34.76358062721739],[127.75178397101988,34.754658681390666],[127.75275707239449,34.753583772016825],[127.75084149210586,34.7499259108445],[127.75188631341624,34.746618774015275],[127.7482072554834,34.747180650032725],[127.75589528908512,34.74140247050289],[127.76658381771884,34.74666300905156],[127.76887878200988,34.74580087054993],[127.76777473858583,34.74340335798911],[127.76571685876416,34.7429373366245],[127.76264378989926,34.74423371566572],[127.75604900244606,34.741076821507924],[127.75405089285748,34.73804703715821],[127.74991225957304,34.7359301995427],[127.74564558552996,34.7382445570124],[127.74233767383684,34.73699532349824],[127.74308731062975,34.735301676509096],[127.73804138421043,34.73382768675691],[127.73678149711463,34.73226556472533],[127.73437962548972,34.72433008817309],[127.7355830157961,34.72245225767492],[127.72475094084514,34.72632676124524],[127.71339461681966,34.723374878335584],[127.71238848273796,34.7246102639488],[127.70945585975258,34.72388437050662],[127.7029123347915,34.720394779492],[127.69826876499911,34.72099651558638],[127.70006866880038,34.72373408674396],[127.69581341243989,34.72741073921787],[127.6907410950935,34.72987898807249],[127.68438186468286,34.73397056375623],[127.68062197824662,34.733766768040034],[127.6781341339799,34.73569075486117],[127.68165666488241,34.738614350708495],[127.68181057646225,34.7406382313067],[127.67650282558671,34.74226152525492],[127.67548127744034,34.743820436409294],[127.66875250702168,34.74663212589615],[127.6664326944813,34.748460651401004],[127.66497608396125,34.74571545659584],[127.66574977965699,34.74233316971633],[127.66264355678733,34.7428680157979],[127.6658753235608,34.7480942375701],[127.66198105477345,34.75172838835976],[127.66130105315177,34.754054776778766],[127.66302283496356,34.756655674486815],[127.65764835823484,34.755454380248906],[127.65623492237779,34.751015234643276],[127.65846689448344,34.74720284063618],[127.65280790443676,34.74448861428602],[127.65039991308402,34.739606214548644],[127.65110799668594,34.73721201252035],[127.64817403207631,34.733690866981334],[127.64139097022591,34.727066942857725],[127.6403471438775,34.72183859721167],[127.63919511131571,34.71857224759922],[127.63926245327573,34.71511719853254],[127.64262149041159,34.71001997752071],[127.643047398012,34.70697908711786],[127.64023138807454,34.70597267839954],[127.63757556280501,34.70678130628858],[127.63540650008596,34.71016798765973],[127.63067654538584,34.710109837723174],[127.62608007681449,34.71200540541943],[127.62842691221368,34.71687301068425],[127.62519785074733,34.718220845216294],[127.62129562466367,34.713353439327825],[127.62250637103497,34.70897761013183],[127.61670911610001,34.70949501237632],[127.61373420265271,34.70623180390406],[127.6184703535429,34.70151164620495],[127.62528708210476,34.700084180785446],[127.6278263889026,34.69508334779777],[127.6239016810262,34.69123585846581],[127.62240329971304,34.69075818511318],[127.62353264772001,34.687229585553546],[127.62862816530041,34.6854370742301],[127.63202399386304,34.68324766615051],[127.63417578191104,34.68556445835981],[127.63573049790332,34.68296566065452],[127.63147455643143,34.67998251910633],[127.62496822884447,34.680481713862754],[127.61992324746008,34.684154530156526],[127.62094544739116,34.68035420220359],[127.62365852322344,34.67815664777806],[127.62938892818582,34.67500640677801],[127.63098285423355,34.67161955740682],[127.63320310082726,34.67004802605965],[127.63343750557753,34.668042294228506],[127.63197212412932,34.66483137219616],[127.63541352113873,34.66278788023468],[127.63539546182719,34.661454120723874],[127.63049842409136,34.653486946801934],[127.6298132497315,34.65052249586542],[127.63428021321266,34.650629829458296],[127.63571140344082,34.6488744877141],[127.64053806316349,34.652342336730996],[127.64256003185923,34.650636372732215],[127.64039676636212,34.64609866186994],[127.64014156409554,34.643339900740045],[127.63499761426206,34.64025925625597],[127.63331320187909,34.6362189022993],[127.63823245036683,34.6366404415581],[127.64342210500287,34.63364076168538],[127.64612484168048,34.629134539674105],[127.64438851735834,34.62729068118095],[127.63583537016923,34.62611916842397],[127.63429058594382,34.62783203012572],[127.63630874537778,34.63002468308897],[127.63396856997244,34.632646999085615],[127.63121995012591,34.63274456044727],[127.62606785288634,34.62946452277196],[127.62519476540047,34.63445055711952],[127.62150224805768,34.636515601374896],[127.61555481144029,34.64285020443322],[127.60959191603806,34.64493863931702],[127.6043653036862,34.645293686626495],[127.58924843431424,34.65184684927677],[127.58294863568022,34.651970235189964],[127.57772083788913,34.65029716716967],[127.57485398310084,34.64781408792231],[127.5762585212639,34.64040649871939],[127.57861580949678,34.638039762240574],[127.58233250870421,34.63226233608011],[127.57974100174128,34.630933217808],[127.57462954165408,34.63557205659255],[127.57427706855798,34.63995213087338],[127.57013123059038,34.64358996852275],[127.56771226866275,34.650097474577365],[127.5662285826391,34.6510533380991],[127.56011569085528,34.657627288620404],[127.55524601265941,34.657046415033015],[127.55343467972733,34.65852545611342],[127.55135901061634,34.66281234166268],[127.55106452100627,34.66540190439109],[127.55317075812322,34.66995539969202],[127.55745391498658,34.67170491764737],[127.56034320537444,34.670942774727095],[127.56346179980223,34.67517315473857],[127.5625698383843,34.67694522335737],[127.55732184766919,34.678970813584044],[127.55542779776488,34.67728291571319],[127.55043130373865,34.681724381846585],[127.55066551172332,34.6892060440829],[127.55324574119777,34.693837117608105],[127.55799021936124,34.69362034185949],[127.55622858524053,34.69614785752671],[127.55936099702888,34.700424827003445],[127.56330085642094,34.69866457461737],[127.56870868054796,34.699789382811346],[127.57485892467791,34.69839436154689],[127.5786371931714,34.69557849458602],[127.580027609331,34.69633187558379],[127.57584272521008,34.701744082185066],[127.57212722813568,34.703719670299414],[127.56963259230297,34.70393618873213],[127.56588624001249,34.70049672171666],[127.56224431282361,34.70413419005153],[127.56171502038724,34.708086330777824],[127.55916031132263,34.70744294254791],[127.55924613595846,34.70307464263723],[127.55610228469202,34.700484071727736],[127.55294004281383,34.700758851063966],[127.5535855641058,34.70395877191598],[127.55514794190555,34.70554104444928],[127.55605409653607,34.7093299509786],[127.5556793384735,34.71228628873355],[127.55411775810391,34.71294695230862],[127.54915392383599,34.71077062023705],[127.54820306991897,34.71279591203009],[127.55249860914381,34.719640565352584],[127.55486916066965,34.718675071769724],[127.56375550893658,34.72420090556956],[127.56300335317187,34.728071043342325],[127.5594106695926,34.728094580553424],[127.56203213126037,34.73206206350938],[127.56842161139336,34.7284613409424],[127.57851444715345,34.73295175045362],[127.5797001606839,34.73561991643177],[127.5774997619627,34.736989189702754],[127.5785019139982,34.73942757996262],[127.58277097559893,34.73979313187092],[127.58260614782246,34.74562685212328],[127.58495444349367,34.74641410261652],[127.59357213474466,34.74379873388056],[127.60386392262953,34.74335689388004],[127.60350177032058,34.74455896335312],[127.59382500122106,34.74868667093068],[127.59220574914062,34.75039783316047],[127.58852547899455,34.7506478079372],[127.58664640862547,34.74915087101302],[127.58421136359588,34.75087898918529],[127.58911366387457,34.753739703695516],[127.59003852218616,34.75771631089405],[127.58511135537066,34.767262870490555],[127.58163601429332,34.76898249764279],[127.57917761307266,34.76086257234897],[127.57201652042681,34.76031675863555],[127.57370181026896,34.76421329691918],[127.5750651230291,34.7698585192157],[127.5696602686484,34.776491617888226],[127.56446504108305,34.777115537219984],[127.56220046287109,34.776557383514636],[127.55925266077257,34.778510490642894],[127.5634482646423,34.7806069793803],[127.56996746579809,34.778838374918536],[127.572758937522,34.782268710658585],[127.56951416342564,34.7825754729848],[127.56748288041653,34.78643333417316],[127.56784840110659,34.788315414304584],[127.56531598056377,34.792563811293455],[127.56109951627931,34.793264888960046],[127.55861821363759,34.796196343452365],[127.5586574004985,34.799822132488416],[127.56065093108899,34.80246418600499],[127.55585922981993,34.807747950309405],[127.55346689833324,34.809181730397]]],[[[127.67537197031369,34.574596280067354],[127.68082872227212,34.57005916609358],[127.68439631971926,34.571308009819134],[127.68326001698128,34.57506093220109],[127.68968411395417,34.576730759617334],[127.69521425450155,34.575531989395664],[127.69730708815737,34.57284149935241],[127.69746645556805,34.56930891299892],[127.70376597030742,34.568043875559574],[127.70488757869585,34.565237369447466],[127.70345417313888,34.563471018836836],[127.70061539978943,34.56512251165934],[127.69836692129094,34.56330379560111],[127.69522709205431,34.56296572663096],[127.69082441705629,34.5642445992313],[127.6884126703762,34.56166750534764],[127.68642457993771,34.56317467922038],[127.6883573055216,34.5674274801782],[127.69049047048755,34.56843163050785],[127.68771697670401,34.571157933580295],[127.6854688266806,34.5686360544793],[127.6838255558445,34.56934726617477],[127.67848708392928,34.56693474746289],[127.67762406948755,34.56240582543934],[127.67450352011457,34.558870593695744],[127.67420895099447,34.55563904677433],[127.66987891905107,34.55549293105219],[127.67051505959583,34.558306305426825],[127.66908237394922,34.56089069043093],[127.66411993691044,34.55781362170085],[127.66331129987594,34.55472832255002],[127.65965113002794,34.552736795147176],[127.6558856015489,34.553178167077505],[127.65363174621596,34.554872093701334],[127.65013102248679,34.55583451052482],[127.64758422261886,34.558708959471794],[127.64689320393298,34.56292521449266],[127.64775794510649,34.56709891993149],[127.6420764021221,34.56989523830987],[127.63949308077287,34.568932769098154],[127.63839185384593,34.565780561518885],[127.64077725950389,34.561763389128544],[127.64053030076224,34.55643347693776],[127.63889756465369,34.555923519959784],[127.63709069829093,34.56014792126447],[127.6369205425776,34.56655140838065],[127.63835405142382,34.567548842437624],[127.63936402965794,34.57135649488181],[127.63909332303449,34.574881158424404],[127.64375882449214,34.57762104614923],[127.64761173246934,34.58125992933462],[127.64944588316607,34.581484951334524],[127.65351086381565,34.5798731418902],[127.65684767061504,34.585380091757216],[127.65792243910973,34.58554476136138],[127.6605179042991,34.585438750907734],[127.66354713171127,34.58306315546078],[127.66694855929738,34.58300872545036],[127.66935925862511,34.58037632917508],[127.66943856091399,34.574945159871916],[127.67149426200346,34.57235462251808],[127.67537197031369,34.574596280067354]]],[[[127.69351080748936,34.58930887523453],[127.6889540999122,34.590284425920366],[127.685021582132,34.58840410578963],[127.68039843401739,34.594025590146074],[127.68283175730302,34.59591589138869],[127.68969899725116,34.594350960576094],[127.69351080748936,34.58930887523453]]],[[[127.61561388188596,34.59269850732922],[127.62075270816256,34.59675829234281],[127.62565504364034,34.59604181366689],[127.62639133128746,34.593403239138944],[127.62645757269529,34.589599540616824],[127.6230251083053,34.59071205276916],[127.60832775128776,34.588308303751354],[127.60706847985301,34.590571735112235],[127.61199384489308,34.59135445979842],[127.61561388188596,34.59269850732922]]],[[[127.65724218975707,34.591797277830835],[127.65175233353582,34.58711728666337],[127.64544691284024,34.59086595246032],[127.64920331540813,34.59278653044576],[127.65085571422186,34.59508070849441],[127.65099642689803,34.60011711743314],[127.64966063783316,34.60341692511865],[127.65094031083605,34.60451046632266],[127.65528211060033,34.60391483839319],[127.66073769518822,34.60376132090084],[127.66063699842715,34.6006611458734],[127.65477849132711,34.598190737715285],[127.65403695885165,34.596624286006204],[127.65801618848732,34.59342902743807],[127.65724218975707,34.591797277830835]]],[[[127.60336108363381,34.596264057532565],[127.60144343363645,34.59483781660086],[127.59835698529461,34.594814947599076],[127.59464456781292,34.59833567944494],[127.59686090759752,34.60085217689554],[127.60452600947997,34.6050227558429],[127.60706638088647,34.60413414461228],[127.60336108363381,34.596264057532565]]],[[[127.71034177272814,34.604625699847425],[127.70795634102765,34.60323116870347],[127.70484181707326,34.60352448493521],[127.70386896796374,34.60590150268564],[127.70623801334435,34.61022198815021],[127.71455362001039,34.6114196372073],[127.72030546134826,34.61103376186309],[127.72580155550388,34.60830206086599],[127.7225014608109,34.60606836618222],[127.71951339726115,34.60702505696618],[127.71329170870338,34.60729960514203],[127.70957403585334,34.606408448601115],[127.71034177272814,34.604625699847425]]],[[[127.64734195480216,34.60832899542051],[127.64454902776258,34.61188944170383],[127.6401710692332,34.61035391428971],[127.63998022598088,34.607309633344066],[127.63500565248358,34.60806171704371],[127.63327370100708,34.60729324097607],[127.63075022908697,34.60886063026969],[127.62606247900288,34.613595886659695],[127.6251983756409,34.61578556556824],[127.62699328117401,34.621447944129955],[127.63087243529414,34.62421093063083],[127.6360224437631,34.624499182155354],[127.63841460429299,34.62391470191085],[127.64303864092172,34.61822006366349],[127.64692679700103,34.6189803367278],[127.65038333514117,34.61564785284603],[127.65519078077206,34.60948415792365],[127.65421620926796,34.60816741139144],[127.64734195480216,34.60832899542051]]],[[[127.6399534453826,34.654825503704714],[127.6350415850432,34.657150868759224],[127.63715291488316,34.65931300532681],[127.6399534453826,34.654825503704714]]],[[[127.6992297820244,34.678714086645925],[127.70298195346096,34.679100272297106],[127.70442129046754,34.67634009762674],[127.70110364144769,34.67611579384066],[127.6992297820244,34.678714086645925]]],[[[127.71217233980688,34.70246067970944],[127.71071185696772,34.702279280109835],[127.70098203172977,34.70844512872304],[127.70363922421095,34.71003436370337],[127.70927800041349,34.70909090438692],[127.71217233980688,34.70246067970944]]],[[[127.6436022513541,34.84335172106914],[127.6456715710999,34.844423314729035],[127.64763645025944,34.841220206732324],[127.64474263075915,34.841172108889815],[127.6436022513541,34.84335172106914]]],[[[127.61386431106806,34.85810742110779],[127.63368048821812,34.870933338343804],[127.64703698787764,34.85742847114707],[127.6335113065752,34.84881978204655],[127.63156237069623,34.847319645778136],[127.62762721942059,34.84857285838698],[127.62510448333897,34.847442268768745],[127.62157928063165,34.84846090116765],[127.61532023984361,34.854942995376945],[127.61386431106806,34.85810742110779]]],[[[127.62260643554225,34.87028410235676],[127.62290805137474,34.86718501027449],[127.61953348619774,34.86572850419567],[127.61916215267843,34.86811852508992],[127.62260643554225,34.87028410235676]]],[[[127.61193135341559,34.871177179997844],[127.61066628048471,34.8674132879809],[127.60843383902625,34.869278929864585],[127.6095760215828,34.87126816879607],[127.61193135341559,34.871177179997844]]],[[[127.6202018664879,34.88302418638809],[127.62411005840823,34.88282358012683],[127.6304189389944,34.88055812445399],[127.62913935266934,34.87401833699449],[127.62420119460256,34.879373951421314],[127.61992560677321,34.878336768913826],[127.6111620420124,34.87882445014854],[127.61118605443889,34.88194803757797],[127.6202018664879,34.88302418638809]]],[[[127.81479639152954,34.453307756609384],[127.81514616647536,34.450806161418456],[127.81097187354946,34.44547779781196],[127.80959102141134,34.441765187852525],[127.81054081381257,34.44052771133965],[127.81004251669961,34.434517019308764],[127.80796757711884,34.43130171250827],[127.8051213918133,34.429461363784796],[127.809569872681,34.424815304297084],[127.80809399830167,34.41699041280454],[127.80434649045624,34.41636318560125],[127.80325118890347,34.41348209984063],[127.8055302565687,34.40825286539434],[127.79871119346991,34.40974296366474],[127.7976817058976,34.41443201326202],[127.79608742424034,34.41649602763133],[127.78882591065387,34.41262650586161],[127.78629237933609,34.414622240954294],[127.7858460542907,34.41797332086453],[127.7886038774967,34.42554861486019],[127.79007005092751,34.42663801583043],[127.79332849162586,34.42604768343356],[127.79495567296567,34.4289641165658],[127.80145633774035,34.42909722467272],[127.80060637195123,34.43209102894027],[127.79759081693399,34.43096958829879],[127.79251807591037,34.43152924682292],[127.78877193269608,34.42999679573707],[127.78509037402146,34.43023677563983],[127.78595227881011,34.43477902957786],[127.79159319314181,34.43594566796952],[127.79534960264854,34.43968665946105],[127.79819641722507,34.44473308902771],[127.7971939983126,34.452305542315656],[127.7938166572621,34.453689347577914],[127.79503934085808,34.457344729355306],[127.80024406995278,34.460470779790235],[127.80516088989282,34.46124119142361],[127.80754103566726,34.45921116501667],[127.80598291031852,34.456597186331926],[127.80176247239116,34.45408137638489],[127.80228541350894,34.45135524566706],[127.80936139775086,34.44986973883445],[127.81479639152954,34.453307756609384]]],[[[127.78893272759171,34.4786739134449],[127.79141750228443,34.48147077579019],[127.7934960966469,34.48053792686455],[127.79343671029416,34.477312196368935],[127.79121245306686,34.47499897557829],[127.78893272759171,34.4786739134449]]],[[[127.81865830926394,34.488816786491874],[127.82453551883697,34.48588218409383],[127.82543104066504,34.48449983138203],[127.82000299224492,34.47525184524993],[127.81858204111516,34.477959983985535],[127.81648701443106,34.47914177092453],[127.8132094795061,34.477635130725695],[127.81282035383823,34.47528320119176],[127.8106006543626,34.47509032077323],[127.81069086275464,34.480008643055044],[127.80830027859204,34.48232476091803],[127.804987485888,34.4829293098049],[127.8019234831266,34.4794168868767],[127.80102031060468,34.47463422849178],[127.804146596864,34.47221745260687],[127.80163650847112,34.47104576227938],[127.7964001393575,34.4739180965458],[127.79611499623036,34.47637483667475],[127.79805311081037,34.480061156893036],[127.79620471781999,34.48301790818834],[127.797406154909,34.489889897687675],[127.80348929677888,34.48953617715208],[127.80677291630408,34.490301005002394],[127.80787959180788,34.4945095154256],[127.81132939491405,34.497715264750134],[127.81485177688438,34.498234101300575],[127.81825415931381,34.4974333607847],[127.8226000629807,34.49974469352009],[127.82606490899609,34.49855961749469],[127.82666128840205,34.495826660627586],[127.823706281676,34.4943111654345],[127.81623695684036,34.49375692619332],[127.81336577816379,34.49226208497271],[127.81459756281353,34.4889904219848],[127.81865830926394,34.488816786491874]]],[[[127.7623183878218,34.535115507857974],[127.7638090626942,34.533067430439814],[127.76948469679242,34.52858954171555],[127.7710770849861,34.52625794589514],[127.77541853790247,34.52384720885791],[127.78023715330028,34.51987610151666],[127.78243048649938,34.51180183411885],[127.78100072456203,34.511000341777475],[127.76750097296097,34.511056161493535],[127.7679027681504,34.509018306639526],[127.77239450805004,34.50680758856444],[127.77758695243172,34.50542912063842],[127.7814380955108,34.507625518022685],[127.78778139846906,34.506219169880026],[127.7928956405,34.50061884806291],[127.7910442473353,34.49828170253737],[127.796767630124,34.49320518539199],[127.79166468134245,34.49027423449149],[127.79066225637284,34.48765449347811],[127.78647079026491,34.48744179573852],[127.77384163958348,34.48806905576682],[127.77085751436222,34.487615511209604],[127.76908588866426,34.49133722770332],[127.76622042960744,34.489073072398334],[127.76307385837592,34.49136591278895],[127.76936812871831,34.492741716235145],[127.77265191308172,34.49684892022129],[127.77202561806924,34.498458990890555],[127.76752879771371,34.49666715052626],[127.76242653991255,34.49909234121376],[127.75933734226363,34.4981502779533],[127.75380645649913,34.49922923811743],[127.75288209114728,34.501367240037816],[127.75431885971219,34.50453370999407],[127.75163237877392,34.504973094918824],[127.74717931895806,34.501520950471004],[127.74058751238593,34.50157961559305],[127.73478081596504,34.50299548974893],[127.73389293417088,34.50597977344132],[127.74002800980865,34.507722315592325],[127.74051163022284,34.51058897917578],[127.7367759684649,34.51255300063968],[127.72682401769852,34.513624001356874],[127.72585487443429,34.51711209449793],[127.73322133926749,34.52586364072983],[127.72961214054101,34.527426056442096],[127.72177945051341,34.523060932444665],[127.71756623379282,34.52417157782896],[127.71346142480324,34.52690551754685],[127.71306807792396,34.529477230481156],[127.70912293422485,34.53074847661261],[127.70350478960778,34.5311499259137],[127.70057962441044,34.5325698643027],[127.69670916011313,34.537798106454304],[127.69727100086928,34.53934260524776],[127.70472966371872,34.53960319420831],[127.71004835985728,34.53775490858325],[127.71192182653208,34.537980970756436],[127.72513702051229,34.54700376711198],[127.7255709472522,34.548268944397655],[127.73959077005918,34.55290495746646],[127.74111830921527,34.552897581202764],[127.74798821924195,34.55266421407941],[127.75278720058124,34.550334749703666],[127.75768355346732,34.552374573762904],[127.75913633335107,34.54807768021002],[127.76171506738861,34.545134595571234],[127.76399706870237,34.540127342046006],[127.7623183878218,34.535115507857974]]],[[[127.77006274836944,34.53495336552176],[127.77245275799184,34.537858648338855],[127.77428707752368,34.53538757191048],[127.77006274836944,34.53495336552176]]],[[[127.76850207370863,34.567051518502545],[127.77042133386145,34.56648818197568],[127.76551827702296,34.56246391502831],[127.76575152180202,34.56520636322502],[127.76850207370863,34.567051518502545]]],[[[127.72439146915531,34.560709773291855],[127.72448307021403,34.56266905597541],[127.72898625888533,34.57057303565787],[127.73206082085859,34.57131944594915],[127.73604290571512,34.56895539916465],[127.73545574454805,34.565953511332665],[127.73682334602339,34.5643490502586],[127.74124078570294,34.56386924698836],[127.74035088515684,34.5619428774975],[127.73689940264046,34.55942785147174],[127.73227787870384,34.560338867579105],[127.73125548332175,34.56172992532569],[127.72439146915531,34.560709773291855]]],[[[127.74715009881308,34.56802472440386],[127.75059404097175,34.567821243184156],[127.7522163866125,34.56598263266003],[127.749033087233,34.56354234725202],[127.74626983456973,34.5640764272221],[127.74462421313788,34.56603767425978],[127.74715009881308,34.56802472440386]]],[[[127.71243660647787,34.57183757463134],[127.7098984670612,34.57326719855193],[127.70963155477693,34.57545750623246],[127.71658436359091,34.57906355082043],[127.72532235342592,34.579919261550955],[127.7275278543943,34.57691384582],[127.72378065288247,34.57338600078818],[127.72361443784659,34.56942939108573],[127.72112285496313,34.56770705828715],[127.71884150173155,34.568261688500264],[127.71567611886931,34.56728419023994],[127.71272419823963,34.56515875862811],[127.71045340888035,34.5688217164347],[127.71243660647787,34.57183757463134]]],[[[127.74232652350342,34.57197634094178],[127.74022573153457,34.56997443350577],[127.73759975983693,34.57203180801938],[127.73955095849091,34.57510990912128],[127.74232652350342,34.57197634094178]]],[[[127.75697593623867,34.575960025466266],[127.7558633464508,34.57872985482681],[127.7599567113754,34.58183623094707],[127.76450554663494,34.57633475214766],[127.76185157892729,34.574258299595684],[127.75697593623867,34.575960025466266]]],[[[127.73429559430609,34.57457575076485],[127.73277948098678,34.57497988597431],[127.72992391823824,34.578640477320974],[127.73011079514569,34.581046812566996],[127.72488260026859,34.58581910264319],[127.72032495954325,34.5877822243481],[127.71686086559701,34.5907046645083],[127.71272520299267,34.59128473066438],[127.71427286385509,34.59339140569025],[127.71792587327292,34.593724034321646],[127.71967889726062,34.592703222760576],[127.72039520409287,34.58982904471253],[127.72241763377006,34.58933237448902],[127.72795347660889,34.592404394928124],[127.73058605676883,34.5946833272546],[127.73372094047096,34.59407347913448],[127.73262662533557,34.5907547392183],[127.73747562278582,34.588208268208106],[127.73702659115786,34.586623376192016],[127.74406930126186,34.58242610715115],[127.74375425580668,34.57980398309705],[127.7364997869583,34.577370269651546],[127.73429559430609,34.57457575076485]]],[[[127.77165931259105,34.72521827282396],[127.77970891630713,34.72129937563485],[127.7873268898548,34.71600927630509],[127.78648416040049,34.712259163246685],[127.78705594644481,34.709631343564254],[127.79045215174722,34.705332272024094],[127.79114244355759,34.70161336066533],[127.78912359562953,34.69941879042644],[127.78579072211429,34.69924207661844],[127.77977780867523,34.69659240845896],[127.77936221279329,34.69335411705633],[127.78245426864804,34.68930829587204],[127.78062226624554,34.687121307044876],[127.7785664104106,34.6869911734729],[127.7768625178307,34.68435972366586],[127.77641468003006,34.68136251473865],[127.77829166282352,34.67851653878128],[127.78336785056815,34.67433320569224],[127.78296880698672,34.671955753038716],[127.7850846450724,34.67005674358089],[127.7893864351708,34.670874037353975],[127.79157704066097,34.6723797954086],[127.79499637311118,34.671328466541134],[127.79468536140247,34.668139300760004],[127.79977894109756,34.66588566915255],[127.79385064731214,34.6647940894235],[127.79503161610334,34.660740908878694],[127.79787660262258,34.66014590517838],[127.80121071761089,34.6614671763072],[127.80576841005166,34.66130695314548],[127.80653136208612,34.65802780766604],[127.8018662390602,34.65684788180992],[127.79808797538524,34.65498655436466],[127.79770878935393,34.6498766002949],[127.79641436440278,34.648549046858996],[127.7971516919774,34.64231932012056],[127.79844508263048,34.63726848750582],[127.79849532507492,34.6328437249756],[127.8003625203606,34.630378446184054],[127.79735024625775,34.62816659254821],[127.79413732228775,34.630134111104624],[127.79168752566179,34.6288022191001],[127.7921486072867,34.626029638045644],[127.79393066290208,34.62433850591921],[127.79187819091294,34.62232934074769],[127.79148510302184,34.61938339435455],[127.79221883215573,34.610875268170965],[127.79063997101863,34.60848154653505],[127.78837557744833,34.60811661688343],[127.78870076194222,34.60562979699255],[127.79370957320059,34.60355839789462],[127.79585544882988,34.605130921105896],[127.80235188542291,34.60177053796319],[127.80379710980775,34.599157958280465],[127.801282693148,34.59871970277935],[127.80229771488624,34.596001418900165],[127.80795685726785,34.59650405185443],[127.8059744709391,34.590277127738375],[127.80388164294857,34.587952522601874],[127.80058234515825,34.58636818477932],[127.79742624191042,34.58664362312219],[127.79232938978794,34.584782957653616],[127.785643099892,34.585279368821894],[127.780293297518,34.58833155645033],[127.77700462846572,34.588330979706775],[127.7755259493723,34.58705792238032],[127.77035625132707,34.58806764515314],[127.76548776748149,34.59287173805919],[127.75643487301869,34.59396248747246],[127.75014689054736,34.59262738713648],[127.74505019426378,34.59613719541652],[127.74455484423807,34.59939440474754],[127.74115060813553,34.602146747809094],[127.73915762753012,34.60237344568403],[127.73746407253844,34.604984867789106],[127.73761004858572,34.610297947415035],[127.73298253904736,34.61088914381762],[127.7276272716654,34.61295973054388],[127.71905538570086,34.61347073757805],[127.71701978724604,34.61728484407854],[127.7140222938011,34.620766989335046],[127.71216345816183,34.62147294098343],[127.71294172729534,34.624325762757294],[127.71694339726237,34.629191068168346],[127.71972494314703,34.62893133345728],[127.7238427718081,34.6335190907919],[127.72454130331758,34.63738648385802],[127.71798558205359,34.64301986763044],[127.71948184830138,34.64657803158227],[127.7207340027599,34.651918602612724],[127.7234175250872,34.65570576635858],[127.72907096078114,34.6561124098171],[127.73111285821142,34.6579421803703],[127.73720397665456,34.66058500319327],[127.74750550418364,34.668986868201564],[127.7469861175974,34.67441792886696],[127.74972045153905,34.675474094417574],[127.75214732902462,34.68038666180318],[127.7538709529768,34.68197478123686],[127.76024095348274,34.684735207509746],[127.76285936478283,34.68765438207919],[127.7582173076009,34.68939583739713],[127.7560857373959,34.69142802615737],[127.75789697616288,34.6929155149761],[127.75460778956361,34.698738075187855],[127.75506150717459,34.70554417657789],[127.75440586607245,34.70860930421108],[127.75735963107775,34.71005598737766],[127.75782256952148,34.71251356358043],[127.75486033857139,34.71400898581665],[127.75069652175063,34.714866208030145],[127.74680266677314,34.71448660816817],[127.74449878945,34.71949381489305],[127.74158629054266,34.7219706542253],[127.74163974657665,34.727164299952385],[127.73706884712685,34.72934430440139],[127.73648338119267,34.730710279750184],[127.73949534017537,34.73363153008402],[127.74862896618042,34.733787819840096],[127.75070859554052,34.732241182112666],[127.75618010564288,34.7315276894914],[127.76037857594366,34.72933639652017],[127.76540673114175,34.725655692428184],[127.76787306670204,34.72616981589186],[127.77165931259105,34.72521827282396]]],[[[127.74424878976978,34.67747922692317],[127.74364197357698,34.67663405077198],[127.7403776331471,34.67941677962651],[127.74226319811598,34.68213360350671],[127.74424878976978,34.67747922692317]]],[[[127.73354685106645,34.70865257478752],[127.7346090020672,34.70706371488969],[127.73987077241449,34.70728304687713],[127.7426331927342,34.704509026448655],[127.74192454828068,34.702647694057106],[127.73795651891434,34.70299985843262],[127.73671241205882,34.699238866774074],[127.73488490467157,34.698986685162815],[127.72884214790902,34.701089700362594],[127.72529422188737,34.70326684242746],[127.71983209491505,34.70548287137606],[127.7206742786736,34.70794691868487],[127.71681986829114,34.71303511552468],[127.72132466817344,34.71504077143784],[127.72047504703048,34.71795675933055],[127.71866936272482,34.71933829335792],[127.72139003316812,34.72186537900756],[127.72470768465743,34.72241570592818],[127.72638887744719,34.71992949848506],[127.72353202364604,34.718129675434824],[127.72735950323111,34.71772213975089],[127.73165614345012,34.71858143534035],[127.73226062065301,34.71529563422598],[127.72796316478752,34.71560124373722],[127.72556128526415,34.712109742881466],[127.7285199587528,34.70983773946865],[127.73354685106645,34.70865257478752]]],[[[127.746695743318,34.8873562680671],[127.75122791219938,34.87775385671683],[127.74639867113471,34.872695415511615],[127.72795408148802,34.87376991483577],[127.72325197679798,34.87099486954817],[127.72269719159875,34.867687806514965],[127.71787596200323,34.8676338085417],[127.71529547542762,34.87050784200321],[127.7092883737047,34.87189930666471],[127.7039003111931,34.8700252093255],[127.70266136116716,34.87188926813034],[127.6976923671374,34.87365246786415],[127.7010787977982,34.87513814055866],[127.70039902806671,34.876647159122015],[127.69280871502328,34.88083667269533],[127.69164658287663,34.88493456475687],[127.69721726764934,34.889351867039196],[127.69818838086263,34.89204897420554],[127.70219907002242,34.89324655547645],[127.70730745318826,34.89684965935985],[127.71562136249388,34.89941622407353],[127.72070796196756,34.89836943558371],[127.72502505827643,34.89522810545899],[127.72790839469299,34.893118549463864],[127.73207826534522,34.892718008674365],[127.73330670546656,34.89520533344528],[127.73596567040555,34.89355297640724],[127.74295255058237,34.892431676592125],[127.74563317228643,34.89097084952754],[127.746695743318,34.8873562680671]]]]}},{"type":"Feature","properties":{"regionCode":"12150","name":"순천시","parentCode":"12"},"geometry":{"type":"MultiPolygon","coordinates":[[[[127.49013995866088,34.87318692128538],[127.49014466236218,34.86732909330178],[127.49439577055385,34.86712878147847],[127.49502778547468,34.86087928235589],[127.49422525788064,34.85834364320971],[127.48990420507205,34.85729099935064],[127.49274620185166,34.851924349312746],[127.4924404404715,34.846841181704754],[127.48950439023808,34.84358448953601],[127.48584836906618,34.84168593720171],[127.48057006963255,34.84169062462679],[127.47245030163009,34.844867721915485],[127.4661863070103,34.84461619816074],[127.46430399541016,34.84236971129075],[127.46092274789346,34.84057802478353],[127.45741822182806,34.84102898581977],[127.45193933855563,34.84033120273796],[127.44916201984088,34.83734196263992],[127.44718677430625,34.8367169198402],[127.43989972366575,34.83638669924617],[127.43896338935427,34.83869236259833],[127.43489618526735,34.839939156347086],[127.43244948237985,34.83569510994372],[127.42608500314043,34.83526352117771],[127.42297608640641,34.831859894872636],[127.41694448822587,34.83248937858212],[127.41350088200474,34.83687427233214],[127.4054892331293,34.842011518990574],[127.40160611815834,34.842958749203525],[127.39737916504262,34.84247803604572],[127.39212002872347,34.84011100242242],[127.38663972446639,34.84177896102125],[127.38319856518476,34.84159422482348],[127.38006117599197,34.84297330455865],[127.3787373919194,34.84534919951068],[127.37942882980936,34.84737653451125],[127.37721782092788,34.850342019895926],[127.37868569099525,34.85351617883186],[127.37224428518236,34.85924157319807],[127.36710251829254,34.86255341656461],[127.36642977659768,34.86784108334557],[127.36305136884563,34.86821556899111],[127.35914137567971,34.86476616567522],[127.35691045390992,34.864113551115146],[127.3504574787489,34.86524824876973],[127.34391634016546,34.8673613936089],[127.33968376580377,34.87034765805657],[127.33880371130154,34.87358460996709],[127.3401662474232,34.87772699960406],[127.33624559276868,34.88219387624964],[127.33652517887485,34.88726220519975],[127.33551825901878,34.889706478193084],[127.33072690031311,34.88826629753943],[127.32570837709923,34.883460089747665],[127.3240638803992,34.88457300603295],[127.32326791963075,34.887475811510605],[127.31563214181793,34.89123544154541],[127.31148521600616,34.89408991367137],[127.31000280776934,34.89600616719715],[127.30361771244371,34.90095998205166],[127.29935523840953,34.90191948213754],[127.29118783344218,34.90131357506352],[127.28361998325269,34.89796148711232],[127.27980953523802,34.89347704930745],[127.27350418595277,34.89032046963435],[127.26959383787018,34.89068464988124],[127.26414312279027,34.88999984418087],[127.26224639024655,34.892286111567856],[127.25932075078161,34.89003150527774],[127.25795704819689,34.886053040426724],[127.25232016010067,34.88450493123426],[127.24797180643843,34.886679601098294],[127.2463740768173,34.88557824997947],[127.24313968650982,34.88686384795796],[127.23964243274277,34.88978114629136],[127.23608670405457,34.893897221483705],[127.22732673163615,34.8956606540669],[127.22595488191764,34.89871962624031],[127.2288031842733,34.902054788014695],[127.22873688558211,34.90602514995269],[127.23203604885288,34.914751225562505],[127.23230046912845,34.91801294189077],[127.23525407728776,34.92032204557656],[127.23965787058941,34.92149818642201],[127.23843911762101,34.92315938905287],[127.23658463138555,34.925220169135216],[127.23681857680938,34.928735489673755],[127.23525322820353,34.93212201066323],[127.2322498239758,34.936341823011134],[127.2264666471373,34.937747790653546],[127.22377955834529,34.94012100808022],[127.22376287397731,34.94783585011344],[127.22076798981317,34.95538502595314],[127.21879338268349,34.956844285329076],[127.2120059492642,34.95816366076901],[127.2073380825436,34.96449638521204],[127.20372356776093,34.96700208891705],[127.20891812365895,34.972790470666936],[127.20483346815136,34.976522335756556],[127.20131206434857,34.98820156753113],[127.1998109132134,34.988984148792866],[127.19489231491734,34.98773774573398],[127.18838436524902,34.981305744951456],[127.18799097979729,34.97881830511781],[127.19036196738217,34.974690897591536],[127.19002439194315,34.97097507437079],[127.18661622041783,34.96881761286098],[127.18301536370673,34.97002327276933],[127.17646375225786,34.97696298313059],[127.17493298556175,34.977896517798946],[127.17825997165471,34.98170015347479],[127.17912748419239,34.98537742263013],[127.1749431904716,34.98832885305625],[127.17577906085069,34.991598511101664],[127.17762500651429,34.993381397143395],[127.1757450904857,34.9972965191007],[127.17798007035434,35.00144585939533],[127.17859363738337,35.00702815114146],[127.18252547255214,35.0106825625342],[127.1876972067004,35.012511184782795],[127.18569069664034,35.0202318107952],[127.18689072924901,35.02823983711158],[127.18350336189174,35.03464757977255],[127.1843163495312,35.04138485913944],[127.18359716396186,35.04810264080942],[127.1851126427638,35.05191303266541],[127.1849673500327,35.05606274100365],[127.18837321005587,35.058376936053406],[127.19178795186612,35.064433785190246],[127.18527636725406,35.069794315868876],[127.18464414919048,35.08435971825535],[127.18517132808601,35.091895318583035],[127.18336370696582,35.092647868435456],[127.18222573856802,35.09553449220949],[127.1830989482586,35.09877396666752],[127.18675529007582,35.10166605279438],[127.18710548172479,35.10605010268297],[127.18985127681653,35.10961705116095],[127.19052280644605,35.11241197738893],[127.18734613134976,35.11667434779203],[127.18919229140594,35.1190226206691],[127.18767157370833,35.12373995980871],[127.18988665244363,35.12498200625751],[127.19301352354216,35.13014366102594],[127.19767845109041,35.132440680137655],[127.20587065922876,35.1302213111983],[127.21170530419107,35.132926047006336],[127.21434177566888,35.13274533439619],[127.21865255778582,35.128881174168455],[127.21773779576789,35.12383078401832],[127.21928811197368,35.119265535675744],[127.22254611311507,35.11704830414888],[127.23276602659521,35.115313562890705],[127.2386506934097,35.11227749450737],[127.24171303292566,35.10163416678813],[127.24568828962774,35.10181685951208],[127.24542860940899,35.108095552165],[127.24622316319638,35.110012989392445],[127.24986802473104,35.105535271773604],[127.25543052064967,35.10105245353738],[127.25981395409798,35.098434559967664],[127.26188380130013,35.094943958636584],[127.26244357128216,35.09109322050774],[127.26070806108186,35.08860963015791],[127.25962824351011,35.08332408687832],[127.26336665979095,35.08211988042179],[127.27206523793184,35.08627499630373],[127.27908252127312,35.09157617351287],[127.28076780253002,35.08995010386653],[127.28218748058873,35.084990246086676],[127.2845238902975,35.08438083023249],[127.29176542962217,35.08597271065736],[127.29789316130929,35.082089603130996],[127.29943467799774,35.07843211743885],[127.30253485368647,35.07682434841925],[127.30729464336709,35.075964500789176],[127.31274917823322,35.07578909358482],[127.31626955077724,35.07414970701614],[127.32139358368906,35.069389383817516],[127.32929515497335,35.07223964855379],[127.33377653992419,35.076951478224025],[127.3357500289502,35.07807441852111],[127.33794629617942,35.08113519459036],[127.33525186822656,35.08794539001265],[127.33748340182565,35.09336315660815],[127.3399049153961,35.094260492759446],[127.34468610403283,35.09847291669359],[127.34979612246403,35.09878170885289],[127.3513415017936,35.09792882716837],[127.35941989794232,35.09680205640117],[127.3620703691133,35.09818094377208],[127.36911143613047,35.09829338576905],[127.3757421664999,35.10084900009051],[127.38279522805284,35.11272827468571],[127.38246252894922,35.11643046483101],[127.38652677487525,35.12150508636185],[127.38610169835538,35.12583531463709],[127.39352273336937,35.12740709640329],[127.39523095269313,35.12849268794056],[127.40152940783214,35.135281970783176],[127.4001940126681,35.13874643815321],[127.40299482460738,35.14162245087115],[127.41144391457294,35.1462955078719],[127.41152113626227,35.15839433327965],[127.4099568294568,35.160756019065765],[127.41136862707452,35.16570595992847],[127.41124760618908,35.16881737495609],[127.40693814987374,35.17538086719752],[127.40762757625566,35.18255991426343],[127.40459691670574,35.18604661550416],[127.40642289002257,35.1890871812297],[127.41440400942841,35.188380110033066],[127.42266728039765,35.1861424405008],[127.43378665682019,35.17968281032134],[127.43867840844948,35.17518095567888],[127.44688542668769,35.16862871273821],[127.45515197374607,35.16444480094056],[127.46108007333545,35.16229934171928],[127.46625186318028,35.161561073904124],[127.46961982238058,35.15873582066668],[127.47168192521943,35.155691200345444],[127.47686732825517,35.15439889250288],[127.48179052281954,35.1524054459282],[127.48504931145592,35.148549778024076],[127.48695205718481,35.14471695483258],[127.48870338786169,35.143847327264936],[127.4940527331738,35.13709852403197],[127.49859714070011,35.1322017624977],[127.49676710330742,35.12781626106498],[127.50362337229963,35.124235119752406],[127.51087614839477,35.12385141285403],[127.51667054811155,35.124445469544156],[127.51857211010415,35.12557499747303],[127.52004157994496,35.124243300713495],[127.52111996829672,35.12057170628178],[127.52662780160209,35.11421909341022],[127.53155979354075,35.11241935342076],[127.53217373778713,35.10765621205833],[127.53374674997089,35.106597218658386],[127.5325869491686,35.10578907521095],[127.53302899626091,35.10048599517801],[127.53125760177083,35.09576492252596],[127.5290157399746,35.09478071309202],[127.53044639021856,35.08932275437905],[127.52994373117605,35.08809000418267],[127.5318756718398,35.08368403208498],[127.53094728381225,35.08177546503582],[127.52720760712641,35.07856887052509],[127.52559563050723,35.072868072237235],[127.52613796433812,35.0660133757264],[127.52824926308728,35.063910879116186],[127.52809724266412,35.06020673718369],[127.53549395288853,35.05413529546677],[127.53639880303747,35.049658432847295],[127.53895817723144,35.0489694243803],[127.54448163848741,35.045119551405],[127.55344015987151,35.037503856415654],[127.5576039600033,35.03595827216325],[127.55650475074364,35.033077250859954],[127.5567504544486,35.029596722586064],[127.56066028760536,35.02489555955012],[127.55785964071603,35.01956205509852],[127.55807168967769,35.01573578939677],[127.56048556121904,35.00998675314324],[127.56418767569993,35.0079816919412],[127.56718185026544,35.00420271065885],[127.56756603352426,35.001520212619326],[127.56522089587045,35.00116966727568],[127.55813383761091,34.997889112474596],[127.55397010210744,34.993796702126545],[127.55414185906344,34.99212422308296],[127.55090975925005,34.98771115494546],[127.54940311011919,34.986799293398825],[127.55252704192259,34.98377756059258],[127.55641048851167,34.981180093059066],[127.55752062993292,34.97757561199667],[127.5559734372869,34.975585070040154],[127.55392395090422,34.97365805070002],[127.54982347604896,34.973291863848836],[127.5460552370126,34.971327221151],[127.54993313544419,34.96450430680477],[127.54761904737141,34.961712726117874],[127.5480896858879,34.958694820851214],[127.55473266508035,34.95513585880214],[127.55935625949022,34.951469160914954],[127.55723089353685,34.947825126353706],[127.55743400901554,34.94635336781115],[127.56093144227584,34.945759517632595],[127.5633295570474,34.946846104279544],[127.56649580629347,34.9435519909771],[127.56599748458817,34.94091130812769],[127.57268767476383,34.94010229010803],[127.57479378378628,34.941276226399545],[127.57811739551136,34.9409376132831],[127.5771087541992,34.920017465819505],[127.57783158348902,34.91807623238838],[127.58829656387663,34.918228736982215],[127.58975496636594,34.91680925770417],[127.58679431971088,34.914894978623416],[127.59047319608982,34.90643617864165],[127.59294746236525,34.89523624748794],[127.58986108019663,34.89333573847991],[127.5938942597566,34.8890426367088],[127.58971170668491,34.88636778389676],[127.58553351930857,34.88651044378647],[127.5830148697691,34.88545163246837],[127.57454854667574,34.88527916259788],[127.57255053737157,34.88456064882345],[127.56779051464987,34.885015015303146],[127.56131680541661,34.887967457859475],[127.55569093499075,34.886843305157974],[127.55024708769821,34.88954454937739],[127.54777617535835,34.88885183741583],[127.54644842063516,34.88636960796216],[127.54100137655637,34.884946587954225],[127.53780618064356,34.88198677196445],[127.53576034669436,34.87814947586615],[127.54058596672718,34.87107001606002],[127.5420777854674,34.867445060752516],[127.5461482321418,34.86639592118885],[127.5507670466628,34.8628163195317],[127.54962390040825,34.85910403393201],[127.5509004436214,34.85574761314202],[127.54785869798451,34.85223222856907],[127.54351685808244,34.85029877301534],[127.54220160037357,34.84329370190932],[127.53868049799365,34.84152142588612],[127.53287633416845,34.841295300555544],[127.52601144040996,34.844753192583745],[127.52268465581929,34.849956798875326],[127.5232913456283,34.85534149452127],[127.52056127544178,34.85837240461839],[127.51875777387478,34.86305336529754],[127.51649914219189,34.86397500561249],[127.51477798946233,34.86967478458951],[127.51744480522329,34.87506535070536],[127.51809279228253,34.88066481764362],[127.51480305736844,34.881138888767],[127.51443251457911,34.878136199125485],[127.50471414873441,34.874468437319784],[127.50232929113463,34.8745724922732],[127.50077246522592,34.8770547328195],[127.49769779672381,34.87658291314801],[127.49747528390198,34.874901851823054],[127.49395545409733,34.87483541936921],[127.49090089509835,34.87673563980153],[127.49013995866088,34.87318692128538]]]]}},{"type":"Feature","properties":{"regionCode":"12170","name":"나주시","parentCode":"12"},"geometry":{"type":"MultiPolygon","coordinates":[[[[126.66484272209956,34.927611455930304],[126.66926189523282,34.92678955962889],[126.6725058599246,34.92111205982332],[126.67599263564598,34.916979042952306],[126.67578194147575,34.911789476594116],[126.67715846635821,34.9093461756876],[126.67607719413937,34.905958746352916],[126.67723269877234,34.901193185310824],[126.67893455477216,34.89739853194325],[126.6821414492539,34.894481509859446],[126.6802806964331,34.89233935037591],[126.67824164221511,34.893341316715976],[126.67492149332072,34.890888455777024],[126.67375873538066,34.88755931615943],[126.67664770342785,34.88301209366844],[126.67248268934131,34.88178973358641],[126.67055594286235,34.88319738668525],[126.6691344519857,34.88670848471661],[126.66589548134915,34.88691056868263],[126.66407686447707,34.88832825140955],[126.66393238734538,34.89231323745697],[126.6513557167671,34.89346486759419],[126.6500126664281,34.888712045060025],[126.64399971009428,34.89133996419839],[126.64011695979733,34.88863745035749],[126.63101685954366,34.88853785519338],[126.6303247708558,34.89371941562764],[126.62775279548087,34.89644323533958],[126.62822441618935,34.89900429039246],[126.63460372612961,34.89767939202326],[126.63552993473927,34.90086557248715],[126.63480477982137,34.90699875070905],[126.6320364960328,34.90897357675329],[126.63162676483616,34.91445575345268],[126.62872068385528,34.91752518737149],[126.6286445004124,34.92036883720588],[126.62619342383412,34.9210454045483],[126.61884142589254,34.92589527785522],[126.61460480484399,34.92505373620536],[126.61285347631897,34.92252772483762],[126.61114389584702,34.92659093153853],[126.60751878148625,34.925871115247965],[126.60489939445208,34.92814295003829],[126.60499130458817,34.93024360670333],[126.60069689346568,34.929281354892446],[126.59977598902448,34.926865922883536],[126.60206728274281,34.92616535972125],[126.60208181841442,34.92316492211865],[126.59813124350303,34.92348793058546],[126.59431812147369,34.92547954469563],[126.59274072634608,34.92326589559252],[126.59549426043108,34.92041864717619],[126.59689807105052,34.9164386902994],[126.59377301249937,34.91489199547503],[126.58784895841796,34.916576266011084],[126.58483868942979,34.91541378289239],[126.58287933280383,34.91677529798363],[126.58410666424561,34.9188518289491],[126.58273501592512,34.92035420285181],[126.57905492282569,34.91902391826127],[126.57917349652627,34.91721985496703],[126.57420549894924,34.91460426572998],[126.57317857294683,34.9088540488443],[126.5745933679593,34.906563497394345],[126.57887108528304,34.906533067250024],[126.58054796901381,34.90465935477039],[126.57966037685148,34.90058005534736],[126.58038872251421,34.896838475204085],[126.57960605891579,34.89488505145338],[126.57468115599292,34.89386201350547],[126.57199141740188,34.891358511839414],[126.5727009949825,34.88389178714204],[126.5710152683328,34.87734857161967],[126.56971352492045,34.87500212851214],[126.56321475041634,34.86897370512754],[126.55320348085341,34.863241891140184],[126.55239430580701,34.87088228709667],[126.55078817095942,34.87530441672485],[126.54783078409801,34.88062979863137],[126.53385384976092,34.89473224388851],[126.5266585005394,34.90309797899149],[126.5181709822131,34.910762116642005],[126.51541437751243,34.9142652235166],[126.51355276106536,34.91904746127593],[126.51362248392843,34.9221309270839],[126.51580920726587,34.926223885434986],[126.52069167589798,34.92908021933241],[126.52379203414259,34.92913861119668],[126.52883568095329,34.92649139228494],[126.53405156266547,34.91983336723324],[126.53643822784326,34.917657916220556],[126.54020367627705,34.91816615121819],[126.5418680896105,34.91990103439311],[126.54235155447923,34.92268048865686],[126.53946068151068,34.9280954842433],[126.533492126077,34.93541414551424],[126.5286064932939,34.94509186180372],[126.52810229852335,34.94740094565888],[126.52871444893844,34.95309251833173],[126.53046028096554,34.956474575875276],[126.53638973061922,34.96495872044315],[126.53798778197708,34.96789179970545],[126.54075147998907,34.975226161892905],[126.54185635723789,34.97808978503678],[126.54601692722247,34.98291148322444],[126.5504797255877,34.986147406280345],[126.55423906077743,34.98771266852248],[126.55986519019507,34.98837544774929],[126.56344634572403,34.98756200632923],[126.56628960675238,34.985565914889484],[126.56846251481116,34.9819806154211],[126.5698603100593,34.97635138416418],[126.5707591526426,34.97378839002201],[126.57398845122579,34.97284194817903],[126.58082887366533,34.976836951815926],[126.58274249770596,34.98193219641658],[126.58661413210038,34.98827132714754],[126.5912566784004,34.99125444211769],[126.59459823510721,34.994096183317886],[126.59227919362542,34.996504693598844],[126.59621019956532,34.99895140570878],[126.59453523109735,35.002587493045276],[126.59895868805302,35.00734851497255],[126.59961751536355,35.009887776198106],[126.59868040857549,35.01276694271208],[126.59458610125283,35.013495431508424],[126.58932448253451,35.0127182787493],[126.5857897079789,35.01479460349279],[126.58644739066565,35.017489249950515],[126.58987771221635,35.019537510245804],[126.5940421626417,35.02588563643896],[126.59454195066157,35.02792480620315],[126.59302517888446,35.032246258465584],[126.5935906459873,35.03365252803089],[126.59045655226743,35.03670740526303],[126.58962818929727,35.041740105153636],[126.58672037082214,35.04821127083508],[126.58970333679088,35.04996377292331],[126.58817377751826,35.05555323501424],[126.58813121997818,35.05839907501644],[126.59124295478182,35.065669028017986],[126.5911721464622,35.07051282306902],[126.59281603970454,35.07944058520255],[126.5948657236159,35.08177374376438],[126.59586232184645,35.08849770447759],[126.5977333226107,35.09304138798909],[126.59718574085709,35.09543283028519],[126.59381920931561,35.097920652673324],[126.5995972422675,35.099842686545166],[126.6048432689496,35.09922036037797],[126.60525227891276,35.09654122462568],[126.60849615557031,35.09291397134862],[126.61340835302376,35.09109174626825],[126.61756797513839,35.09075078224397],[126.61993350189888,35.08800116258331],[126.62331598590899,35.08692998906221],[126.62924394762949,35.09208911811801],[126.6354527599016,35.09452046289553],[126.63883459110937,35.093611592206265],[126.64722295584393,35.095809494418965],[126.64845572519624,35.09895308963049],[126.64674639973578,35.100958462093374],[126.64678187519276,35.10352417048116],[126.6491034838884,35.10542642622099],[126.65397578636339,35.107479570280994],[126.65569795555339,35.11070108103241],[126.65521609781,35.11503164984703],[126.65705802866746,35.113407190831076],[126.66337054748315,35.114819376796504],[126.66660309209358,35.11250525141223],[126.66919635118353,35.112098595332334],[126.66911764038471,35.10879259938169],[126.66771379657287,35.1051365477463],[126.66948652933537,35.10454791742682],[126.6764902779804,35.104779270305634],[126.68003708520133,35.10750685947354],[126.68510582508895,35.10834208954111],[126.68336840077087,35.1115012241444],[126.6851293690456,35.112097174183404],[126.69158679015624,35.11013778295061],[126.69579572320885,35.10756236028934],[126.70000537957198,35.10904212100877],[126.70171954535071,35.11235016946751],[126.70545078009494,35.112949687196135],[126.70877524988865,35.109400073959094],[126.71592608382093,35.11064638890493],[126.71976090327206,35.108335524640246],[126.72352917773854,35.10836899359331],[126.72842096211643,35.10729596723838],[126.7312491606788,35.10807607901924],[126.73064268088982,35.11210253434741],[126.73250337070755,35.112932071944414],[126.73639580233858,35.10824211631408],[126.74200302722228,35.10582407562005],[126.744639608605,35.10399643584819],[126.74918209071845,35.10137115527368],[126.75097485818637,35.096855439944335],[126.7528574914651,35.09526494163609],[126.75440369795699,35.091712517998324],[126.762036892662,35.09097820958766],[126.76173568760403,35.08853953596681],[126.76383509359917,35.08396945557718],[126.76582322838922,35.08305290193765],[126.76471843146197,35.078569448229494],[126.76858544346236,35.07375911321367],[126.77056197408503,35.07275706450019],[126.7708814562775,35.06996792902756],[126.76607131840967,35.0676643892333],[126.76147575311794,35.06885960055368],[126.75724899286702,35.06860757081004],[126.75344165063325,35.06632553750536],[126.75281484661281,35.06453618475677],[126.7556492910334,35.06249844363039],[126.75704468490069,35.059481632211316],[126.76089403873407,35.06297422063246],[126.76634491326773,35.06508316505756],[126.76868568793934,35.06492346783358],[126.76897073737405,35.0621871632089],[126.76723370799077,35.05680137036766],[126.77011230115254,35.05461739395849],[126.77828148934118,35.05316334851234],[126.78234543097678,35.05436643233923],[126.79225652816382,35.06007656000633],[126.79520398677207,35.06116723750484],[126.80110240886724,35.05744587378012],[126.80371678668523,35.05238609676156],[126.8089639442875,35.05242320566916],[126.81420956339981,35.0534162628709],[126.81908728129447,35.05298964620417],[126.82217875679862,35.05992457800879],[126.82682191667499,35.06242106747938],[126.830194237861,35.06214306912346],[126.8363239298411,35.064003491047956],[126.8370842141066,35.06581913399386],[126.84289445983748,35.06528408290328],[126.84789087020701,35.07069660381683],[126.8480327122637,35.07195573377574],[126.8532208672448,35.07369552395794],[126.8556866497815,35.07814132278509],[126.86063327829528,35.07873101335135],[126.86538706426046,35.075242409318705],[126.87175427738784,35.074324490362784],[126.88106737765547,35.0787530174433],[126.88505519869226,35.081534500095245],[126.89206178709185,35.078161321118365],[126.89115239035179,35.07589982064555],[126.8951190571585,35.07379937966637],[126.89572336865002,35.0722067558927],[126.89488581443659,35.06134282360994],[126.89955443587277,35.05688946723117],[126.89975776505983,35.055301334734786],[126.89675728055033,35.05201104409347],[126.89273089373515,35.05077911002288],[126.89021320446383,35.047252922628594],[126.89229210590888,35.04452925258522],[126.89260076885292,35.04170516201128],[126.889553986269,35.03668923601319],[126.88706615896386,35.03564700629153],[126.88288981784436,35.0319898383998],[126.8819973728634,35.02873546294024],[126.882642122953,35.022469900775626],[126.8800242795871,35.020506751120834],[126.87551761151292,35.02003569436529],[126.87379727353272,35.01847973337467],[126.86895359024001,35.011110673402804],[126.86863662614473,35.00962351270849],[126.87251222276224,35.007272128776364],[126.87811338224871,35.00648490593721],[126.88507850472352,35.001717766029444],[126.89022942047487,34.99424595591233],[126.89471849088171,34.989409488922206],[126.89272864108356,34.98407758223305],[126.8912261444141,34.98212362357448],[126.88749501743287,34.98096756589465],[126.88509949450717,34.97904119346703],[126.88415584769592,34.97311508391072],[126.87706901638649,34.96771948273486],[126.8764392913331,34.96597959351978],[126.87850507905547,34.9622230368789],[126.8817028840644,34.960171707809224],[126.88148656692802,34.95758716649871],[126.87928440993214,34.95548975104544],[126.87860498679075,34.952161013371324],[126.87816813589076,34.94989883093364],[126.8719966979411,34.947126972046405],[126.86641397787247,34.939370153616046],[126.86659282039322,34.93734085236661],[126.8693346481855,34.931803790182094],[126.87263604320218,34.92835863339538],[126.87293142401136,34.92631016282016],[126.87011556405712,34.92216294139596],[126.8684437464882,34.92108813390463],[126.86947652336333,34.91865722457889],[126.87244587555196,34.91705609302454],[126.87197698871368,34.90778035220553],[126.87588200316554,34.9032869228413],[126.87470822530553,34.897921831235564],[126.87114650162025,34.89502328041692],[126.86965986721907,34.89044812542395],[126.8638500663753,34.88953797206396],[126.86058293632902,34.88710131128971],[126.85010997570555,34.886495987944784],[126.84423504131999,34.884464285211045],[126.84176448720625,34.88220786602024],[126.83642357789732,34.88078509632067],[126.8337666371846,34.87763247641732],[126.82389167774454,34.87112085721252],[126.82151340146602,34.87101534140738],[126.81165393108962,34.874510930336974],[126.81010902034292,34.86956310850043],[126.8071389724269,34.86818992523297],[126.80262256750717,34.86867136492096],[126.80120804749858,34.87006442823417],[126.80088705139053,34.873285399287944],[126.79403785353496,34.87811634481006],[126.78572015558737,34.879222355501746],[126.78335422362845,34.88193422006376],[126.78419150656326,34.884878799056196],[126.78031984144856,34.88806579145695],[126.77643856444077,34.88927113358324],[126.77294036805365,34.89409206566939],[126.77044515243875,34.895320460740855],[126.76587293301814,34.89940218825764],[126.75958594633038,34.897598845101925],[126.75040404191337,34.8962529054614],[126.74483991611064,34.89800736099128],[126.74153062236478,34.894791937832565],[126.73342305563483,34.89043927429142],[126.72575963287046,34.88949810248914],[126.7208191273074,34.892182505452915],[126.71937741539503,34.89712750345571],[126.71787063800177,34.898782015801544],[126.71619939430067,34.905069281435615],[126.71171831587199,34.90859834550985],[126.71483540767507,34.91298555113339],[126.71593543331429,34.917618865799355],[126.71390142807203,34.918716746756225],[126.70772936638825,34.92398413378718],[126.70378054820114,34.92961400181072],[126.70197532939623,34.93321003422409],[126.70264855137401,34.93441792196097],[126.6989558557757,34.940473137892916],[126.69347727022205,34.942556308095625],[126.69115390211458,34.94195206767213],[126.6840377861083,34.944801186232496],[126.67756061157765,34.945059010384675],[126.67644003683237,34.94629701363768],[126.66850485545969,34.94508066100345],[126.66822353171007,34.94180166765765],[126.66250464011335,34.93510066481877],[126.66178110800037,34.92948620997093],[126.66484272209956,34.927611455930304]]]]}},{"type":"Feature","properties":{"regionCode":"12190","name":"광양시","parentCode":"12"},"geometry":{"type":"MultiPolygon","coordinates":[[[[127.69321491709928,34.917019954873275],[127.69070805896992,34.91512006485308],[127.67317239264479,34.90444201332735],[127.67013746481545,34.90766120395258],[127.66804995330884,34.90643671106204],[127.670979744671,34.90310592986696],[127.65074883824114,34.890774658188676],[127.64951120605028,34.89214971926288],[127.63998041799172,34.886359313495966],[127.62449975410946,34.901898588670676],[127.62237388851912,34.90519133122174],[127.62256138454329,34.907627156873666],[127.61996640032588,34.91122597796604],[127.61750725204898,34.91605274276114],[127.61490694366857,34.91331579664807],[127.61334602038771,34.92044824548298],[127.60764067293367,34.92257802094331],[127.60452207161966,34.92805740125695],[127.60452648978259,34.93828400635987],[127.60004588143508,34.938350736359375],[127.59926571464501,34.926765874319734],[127.59834981552271,34.92597722397568],[127.5802262638059,34.922099183924196],[127.57881170496566,34.91881476017373],[127.59072221872316,34.91907227612105],[127.60556754071239,34.90341731223056],[127.59294746236525,34.89523624748794],[127.59047319608982,34.90643617864165],[127.58679431971088,34.914894978623416],[127.58975496636594,34.91680925770417],[127.58829656387663,34.918228736982215],[127.57783158348902,34.91807623238838],[127.5771087541992,34.920017465819505],[127.57811739551136,34.9409376132831],[127.57479378378628,34.941276226399545],[127.57268767476383,34.94010229010803],[127.56599748458817,34.94091130812769],[127.56649580629347,34.9435519909771],[127.5633295570474,34.946846104279544],[127.56093144227584,34.945759517632595],[127.55743400901554,34.94635336781115],[127.55723089353685,34.947825126353706],[127.55935625949022,34.951469160914954],[127.55473266508035,34.95513585880214],[127.5480896858879,34.958694820851214],[127.54761904737141,34.961712726117874],[127.54993313544419,34.96450430680477],[127.5460552370126,34.971327221151],[127.54982347604896,34.973291863848836],[127.55392395090422,34.97365805070002],[127.5559734372869,34.975585070040154],[127.55752062993292,34.97757561199667],[127.55641048851167,34.981180093059066],[127.55252704192259,34.98377756059258],[127.54940311011919,34.986799293398825],[127.55090975925005,34.98771115494546],[127.55414185906344,34.99212422308296],[127.55397010210744,34.993796702126545],[127.55813383761091,34.997889112474596],[127.56522089587045,35.00116966727568],[127.56756603352426,35.001520212619326],[127.56718185026544,35.00420271065885],[127.56418767569993,35.0079816919412],[127.56048556121904,35.00998675314324],[127.55807168967769,35.01573578939677],[127.55785964071603,35.01956205509852],[127.56066028760536,35.02489555955012],[127.5567504544486,35.029596722586064],[127.55650475074364,35.033077250859954],[127.5576039600033,35.03595827216325],[127.55344015987151,35.037503856415654],[127.54448163848741,35.045119551405],[127.53895817723144,35.0489694243803],[127.53639880303747,35.049658432847295],[127.53549395288853,35.05413529546677],[127.52809724266412,35.06020673718369],[127.52824926308728,35.063910879116186],[127.52613796433812,35.0660133757264],[127.52559563050723,35.072868072237235],[127.52720760712641,35.07856887052509],[127.53094728381225,35.08177546503582],[127.5318756718398,35.08368403208498],[127.52994373117605,35.08809000418267],[127.53044639021856,35.08932275437905],[127.5290157399746,35.09478071309202],[127.53125760177083,35.09576492252596],[127.53302899626091,35.10048599517801],[127.5325869491686,35.10578907521095],[127.53374674997089,35.106597218658386],[127.53758960470351,35.10293575747728],[127.5453506661445,35.09883499678327],[127.55041235292542,35.09671885341352],[127.55197876451048,35.09531114916622],[127.55958429424506,35.09548723967478],[127.56380798330471,35.10216940123851],[127.56384987540662,35.10826850172189],[127.56887964183973,35.10946493801144],[127.57074473953102,35.11148928545837],[127.5767337558332,35.113646653206175],[127.5802119428523,35.11467648665473],[127.58323454137309,35.11845051334837],[127.59214828293604,35.12123493369389],[127.60280638311318,35.11814513654863],[127.60363130636694,35.12121548778687],[127.6040848068696,35.12808599555137],[127.60498905627918,35.13017621897685],[127.60422472195101,35.13322069145804],[127.60529521026072,35.13541186622426],[127.60764306531932,35.1436176843642],[127.60378283152019,35.14728916051109],[127.60618476012432,35.153556623686164],[127.60769862720885,35.16100856579113],[127.61572827683065,35.16889275638635],[127.61702985349639,35.17378735500184],[127.624741102571,35.184489949051276],[127.63013074049344,35.1794595743843],[127.63115105076152,35.17664279366361],[127.63447478726911,35.17404315511457],[127.64064144839077,35.171138904114144],[127.64360725409004,35.166259327212636],[127.64530121770899,35.16130369715633],[127.64977929427292,35.15887077035741],[127.65275482626788,35.15973235060553],[127.65938582267694,35.158349491035544],[127.66335068494318,35.15482889879315],[127.6680991002604,35.152347283610844],[127.67287147322023,35.149746040829804],[127.67923292756619,35.14432240577123],[127.6819700131689,35.139874655767734],[127.68913769593566,35.13456893844618],[127.69285656664975,35.1328318397745],[127.69510394134981,35.1297615780459],[127.69494391460786,35.12233222089855],[127.693072548387,35.11564254423725],[127.69325553280292,35.106986209418885],[127.69460008329773,35.10308139249992],[127.70251737295926,35.09841786701762],[127.70838565510365,35.0934871637844],[127.7164131231488,35.08342413637963],[127.71887247763622,35.081631892987936],[127.72766923696838,35.079427491576254],[127.7347639932667,35.07952909887016],[127.73746651769069,35.07808482798002],[127.73871300913493,35.0718435675709],[127.73929425145185,35.06563302425067],[127.74031884743532,35.06196094865809],[127.74504859234415,35.0587926716281],[127.75087943321972,35.057147884576274],[127.75414081425325,35.05644372286888],[127.76053872807653,35.05801369208603],[127.76277386385001,35.05772859273804],[127.76619822594937,35.05520727069611],[127.76869340905237,35.050442830217946],[127.76916818024061,35.04316216572528],[127.76882729605583,35.038176305146465],[127.76946826469988,35.034026687884015],[127.77196204417221,35.02948160071881],[127.7770639540832,35.02562623927713],[127.78274606634318,35.02252699808342],[127.7871539748351,35.017247759589964],[127.7864999520402,35.00878151054226],[127.7783024131398,34.98886080581013],[127.7777737977399,34.98810708768268],[127.77298236275415,34.983536802591985],[127.76862418434781,34.981300673015475],[127.76457331491851,34.978096029676884],[127.76088327164497,34.96954320974966],[127.76029552438621,34.9665437479859],[127.75346923017696,34.961822125225],[127.74574693506915,34.95990777178175],[127.73744993850337,34.95522959465154],[127.73334817833927,34.95543693122839],[127.7300091908224,34.96321230637111],[127.72877924690957,34.963203886921704],[127.73091777579633,34.958336983483385],[127.73130736749073,34.95516284467752],[127.72657266151917,34.95167337715214],[127.72471620563674,34.949260233633105],[127.72147733667241,34.94735577341251],[127.71830359839927,34.94444090354892],[127.709999444801,34.93545601331045],[127.70304572606125,34.93316120426969],[127.69992201948975,34.93040539703942],[127.69948439122145,34.92767196478817],[127.6964079117622,34.92304073311655],[127.69874759707689,34.9220208155599],[127.69647451901687,34.91823663040527],[127.69217043062291,34.92009585632349],[127.68776784425697,34.92428625364427],[127.69321491709928,34.917019954873275]]],[[[127.76200860674709,34.8917912136824],[127.76063058876575,34.89324568535939],[127.7591715969324,34.90606911496446],[127.75110119101599,34.90623447434713],[127.7349182640798,34.907034432044746],[127.7149633165089,34.91031899333721],[127.71308301566818,34.91161217346551],[127.70864170092162,34.91269131411245],[127.70427821239291,34.91255996666802],[127.7029565486529,34.931079614796154],[127.71231896378741,34.931400663987084],[127.71449598109905,34.932576673735426],[127.71482604385776,34.9379030204542],[127.72293298171337,34.94494752810792],[127.72442268456602,34.94799678690135],[127.72983049518645,34.95006295790841],[127.7329430542379,34.95018264260072],[127.7361683967253,34.94723422994655],[127.7400266819116,34.94550421805666],[127.73795407753968,34.93941464938423],[127.73561818369916,34.935194697778535],[127.73842024288561,34.93199511634151],[127.76528244228332,34.931879944915714],[127.78481953857715,34.91548769190833],[127.78439214923046,34.88639254230829],[127.77613866117748,34.886420506062095],[127.76200860674709,34.8917912136824]]],[[[127.74144935293707,34.940807318256695],[127.7403094130836,34.944143779174794],[127.73978973097633,34.94907437411869],[127.74192515637098,34.95234953498609],[127.74799686712826,34.95549464779775],[127.75992973201842,34.96049537953578],[127.76214486635526,34.9592340813411],[127.76787847327722,34.95370268147744],[127.76792195999981,34.94555419816334],[127.76633758418325,34.94109284042682],[127.76878763560684,34.94106162191159],[127.76876376621861,34.93370326905145],[127.74713578363347,34.93379475885727],[127.74470921655728,34.93452195685774],[127.74144935293707,34.940807318256695]]]]}},{"type":"Feature","properties":{"regionCode":"12210","name":"동구","parentCode":"12"},"geometry":{"type":"MultiPolygon","coordinates":[[[[126.92207751244506,35.135491506564584],[126.92029865525406,35.137942547758904],[126.91748786235644,35.14129253605657],[126.91595272454103,35.14292609857386],[126.91375047491458,35.14466523493372],[126.90997195600762,35.148970114785236],[126.90727075351943,35.15148714336995],[126.91247359321999,35.155736524497144],[126.91307295584193,35.15707076416613],[126.91300253759128,35.15711263270618],[126.91631000428421,35.165537637322075],[126.91969435851613,35.16467699324141],[126.91969746248157,35.16479929809703],[126.92814641769463,35.16250561382292],[126.93017596103344,35.16114427530601],[126.9314961344859,35.160494799967076],[126.93510423396326,35.1617321725536],[126.93916233456898,35.16173145450991],[126.93952096596456,35.15902491623716],[126.94349398661365,35.158916354896434],[126.94466591479087,35.15592554625694],[126.94754077333239,35.15452292671938],[126.95144096193485,35.15405957189225],[126.95536130743147,35.15196323277375],[126.95485549618485,35.14890866426416],[126.95687798671128,35.144041518758584],[126.95437573072701,35.14220947465866],[126.95547714806314,35.1405957635134],[126.9612683702211,35.14065387962178],[126.96772906365754,35.136741967690746],[126.97043864484827,35.136368807001666],[126.97369742360893,35.13781402294039],[126.97817563599273,35.138477200652424],[126.98235281350819,35.13671588650295],[126.9849027014248,35.13473748209907],[126.98787202528352,35.12871443366896],[126.99354140385621,35.12216401039351],[126.99433676184151,35.119316033254414],[126.99756784053758,35.11457102409324],[126.99786645112515,35.11202326956386],[126.98934655603261,35.11073925224045],[126.98635173598795,35.10594533004173],[126.98875411012526,35.101279807178834],[126.98838029846704,35.09525315585234],[126.98719474161402,35.094134792121864],[126.98023839498684,35.092157081481254],[126.97409728882842,35.09177268833495],[126.96668552019439,35.08957839049452],[126.96318026722274,35.08747715764891],[126.95853202012098,35.08266420279981],[126.95860130137513,35.07893778682066],[126.95514645703844,35.075348194225356],[126.95182149541388,35.073033355071225],[126.94673403575518,35.07261716196544],[126.94395849541962,35.073426035523795],[126.93237573320876,35.07446503446002],[126.93156976826666,35.07818324961616],[126.9275747647448,35.08042809634521],[126.92411560928538,35.08624774773473],[126.92450088835862,35.0874694340428],[126.92089089859878,35.09125885922471],[126.91922318090944,35.091531670377485],[126.92112526278568,35.09707446366032],[126.91753646320532,35.102309737724255],[126.9148330058614,35.10478536093503],[126.91416919102274,35.108740865843345],[126.91246626547164,35.11046651796314],[126.91313988852231,35.114761347378575],[126.9121023470959,35.11570300437242],[126.91886387644495,35.11768065812667],[126.92288098957067,35.120959156068245],[126.92430942861036,35.12466876660601],[126.92987199920745,35.12621048288016],[126.92757622163535,35.1293397553125],[126.92207751244506,35.135491506564584]]]]}},{"type":"Feature","properties":{"regionCode":"12240","name":"서구","parentCode":"12"},"geometry":{"type":"MultiPolygon","coordinates":[[[[126.86545677324375,35.10940207947863],[126.86057231149553,35.10925570377708],[126.86062876140913,35.106364503577936],[126.85593950797748,35.106947021062005],[126.84402002058427,35.10403732643993],[126.84115977877103,35.10083339120181],[126.83808384670233,35.102294614376646],[126.83566043577943,35.09815782422977],[126.83138433605224,35.098095827633436],[126.82954685939927,35.09542122419003],[126.82010981060617,35.09097698197021],[126.81632257782807,35.09360574957663],[126.81200908117754,35.09147171239287],[126.8103101805067,35.091998376994795],[126.80593975185265,35.0958276605528],[126.80296207997895,35.09248293038155],[126.80041086178436,35.09784335465132],[126.80083221086305,35.10081638148277],[126.80321153290659,35.10279935075576],[126.80646166497691,35.10268447720098],[126.80292776404686,35.11227691442874],[126.80391891172118,35.11274989384363],[126.80940614240173,35.11232233931823],[126.80993763931318,35.11673118631401],[126.81670231971003,35.116585932606],[126.81690786773525,35.12115979751201],[126.8209849048717,35.124286804965145],[126.82212317281531,35.1266462829274],[126.81935880450773,35.129300980049486],[126.81890805533227,35.13220227799458],[126.82162880120408,35.1348209713939],[126.82428583563537,35.13533647587017],[126.82948207647205,35.1408392222761],[126.82902978818292,35.1489140267657],[126.82820185142289,35.15076187799523],[126.82523145591027,35.15368257057163],[126.82502140869425,35.16181124270308],[126.82449047375526,35.16465954607481],[126.82761713886201,35.16792690461007],[126.8326577786738,35.16992834368545],[126.83736690709645,35.170671804796996],[126.83801964062503,35.17727570865383],[126.8387272957807,35.17832261942093],[126.8427891597159,35.17620050480847],[126.85998377844932,35.172262736534684],[126.87026888091265,35.17168727430657],[126.87574251709644,35.17136622732939],[126.87561746970026,35.17053383063738],[126.87801180503955,35.17099675114],[126.88433250318622,35.16968702862978],[126.88834249638563,35.16149852652283],[126.89053663609597,35.16078959824249],[126.89277949900497,35.160742086251894],[126.89953631937829,35.15756765912949],[126.90221456989586,35.155058498643754],[126.90727075351943,35.15148714336995],[126.90997195600762,35.148970114785236],[126.90550878270994,35.14826976191251],[126.9030611861838,35.149604532651324],[126.9009028016137,35.152419274808835],[126.89647989627917,35.15216465589112],[126.89434309204522,35.15133595901716],[126.8945888650783,35.15089256672375],[126.88652372414208,35.147139422117796],[126.88543387859733,35.14656013747826],[126.88789556092937,35.14198792133004],[126.88328248328787,35.13889612979481],[126.8835866464524,35.137573587049935],[126.88574639542922,35.13628978476714],[126.88756723338078,35.132096823854425],[126.88676889119185,35.13037190926976],[126.88842131784622,35.1216590553608],[126.88773580430376,35.11697858678756],[126.88274316235857,35.11555003626305],[126.87508997794188,35.11860629387609],[126.86960377926864,35.11577628977059],[126.86822671842982,35.112977566433],[126.87055164619656,35.11069504093786],[126.86598430777384,35.1105509480861],[126.86545677324375,35.10940207947863]]]]}},{"type":"Feature","properties":{"regionCode":"12270","name":"남구","parentCode":"12"},"geometry":{"type":"MultiPolygon","coordinates":[[[[126.88106737765547,35.0787530174433],[126.87175427738784,35.074324490362784],[126.86538706426046,35.075242409318705],[126.86063327829528,35.07873101335135],[126.8556866497815,35.07814132278509],[126.8532208672448,35.07369552395794],[126.8480327122637,35.07195573377574],[126.84789087020701,35.07069660381683],[126.84289445983748,35.06528408290328],[126.8370842141066,35.06581913399386],[126.8363239298411,35.064003491047956],[126.830194237861,35.06214306912346],[126.82682191667499,35.06242106747938],[126.82217875679862,35.05992457800879],[126.81908728129447,35.05298964620417],[126.81420956339981,35.0534162628709],[126.8089639442875,35.05242320566916],[126.80371678668523,35.05238609676156],[126.80110240886724,35.05744587378012],[126.79520398677207,35.06116723750484],[126.79225652816382,35.06007656000633],[126.78234543097678,35.05436643233923],[126.77828148934118,35.05316334851234],[126.77011230115254,35.05461739395849],[126.76723370799077,35.05680137036766],[126.76897073737405,35.0621871632089],[126.76868568793934,35.06492346783358],[126.76634491326773,35.06508316505756],[126.76089403873407,35.06297422063246],[126.75704468490069,35.059481632211316],[126.7556492910334,35.06249844363039],[126.75281484661281,35.06453618475677],[126.75344165063325,35.06632553750536],[126.75724899286702,35.06860757081004],[126.76147575311794,35.06885960055368],[126.76607131840967,35.0676643892333],[126.7708814562775,35.06996792902756],[126.77296752432355,35.071034635998814],[126.77879499387588,35.071453491333074],[126.78271627656322,35.07256134709283],[126.78651750959101,35.075471745248194],[126.79669343037605,35.088551244029325],[126.80296207997895,35.09248293038155],[126.80593975185265,35.0958276605528],[126.8103101805067,35.091998376994795],[126.81200908117754,35.09147171239287],[126.81632257782807,35.09360574957663],[126.82010981060617,35.09097698197021],[126.82954685939927,35.09542122419003],[126.83138433605224,35.098095827633436],[126.83566043577943,35.09815782422977],[126.83808384670233,35.102294614376646],[126.84115977877103,35.10083339120181],[126.84402002058427,35.10403732643993],[126.85593950797748,35.106947021062005],[126.86062876140913,35.106364503577936],[126.86057231149553,35.10925570377708],[126.86545677324375,35.10940207947863],[126.86598430777384,35.1105509480861],[126.87055164619656,35.11069504093786],[126.86822671842982,35.112977566433],[126.86960377926864,35.11577628977059],[126.87508997794188,35.11860629387609],[126.88274316235857,35.11555003626305],[126.88773580430376,35.11697858678756],[126.88842131784622,35.1216590553608],[126.88676889119185,35.13037190926976],[126.88756723338078,35.132096823854425],[126.88574639542922,35.13628978476714],[126.8835866464524,35.137573587049935],[126.88328248328787,35.13889612979481],[126.88789556092937,35.14198792133004],[126.88543387859733,35.14656013747826],[126.88652372414208,35.147139422117796],[126.8945888650783,35.15089256672375],[126.89434309204522,35.15133595901716],[126.89647989627917,35.15216465589112],[126.9009028016137,35.152419274808835],[126.9030611861838,35.149604532651324],[126.90550878270994,35.14826976191251],[126.90997195600762,35.148970114785236],[126.91375047491458,35.14466523493372],[126.91595272454103,35.14292609857386],[126.91748786235644,35.14129253605657],[126.92029865525406,35.137942547758904],[126.92207751244506,35.135491506564584],[126.92757622163535,35.1293397553125],[126.92987199920745,35.12621048288016],[126.92430942861036,35.12466876660601],[126.92288098957067,35.120959156068245],[126.91886387644495,35.11768065812667],[126.9121023470959,35.11570300437242],[126.91313988852231,35.114761347378575],[126.91246626547164,35.11046651796314],[126.91416919102274,35.108740865843345],[126.9148330058614,35.10478536093503],[126.91753646320532,35.102309737724255],[126.92112526278568,35.09707446366032],[126.91922318090944,35.091531670377485],[126.916655861463,35.09117934851841],[126.91077658104567,35.088455688469224],[126.90643916921758,35.08259557882148],[126.90204259193482,35.08101537906915],[126.89932428163272,35.081105197768395],[126.89540856166798,35.08080078805996],[126.89206178709185,35.078161321118365],[126.88505519869226,35.081534500095245],[126.88106737765547,35.0787530174433]]]]}},{"type":"Feature","properties":{"regionCode":"12300","name":"북구","parentCode":"12"},"geometry":{"type":"MultiPolygon","coordinates":[[[[126.89277949900497,35.160742086251894],[126.89053663609597,35.16078959824249],[126.88834249638563,35.16149852652283],[126.88433250318622,35.16968702862978],[126.87801180503955,35.17099675114],[126.87561746970026,35.17053383063738],[126.87574251709644,35.17136622732939],[126.87026888091265,35.17168727430657],[126.85998377844932,35.172262736534684],[126.8427891597159,35.17620050480847],[126.8387272957807,35.17832261942093],[126.84137721792376,35.18184164846786],[126.84501491053258,35.18206043448535],[126.84712864806882,35.17954011874606],[126.8502174611436,35.17953630874737],[126.85259430249512,35.18226927545298],[126.85605199601757,35.182004002732015],[126.85917737583455,35.18371654011477],[126.86045446775674,35.18568212914592],[126.85908937528676,35.19027986732307],[126.8593805433108,35.193427263821604],[126.85863618205148,35.19460089502542],[126.85223450653643,35.19686983955435],[126.85214152674259,35.198337933273415],[126.85513272293251,35.200590163156704],[126.85517927393475,35.205615241714405],[126.85326057317182,35.20977794849087],[126.8524501051922,35.21068908643857],[126.85372411121081,35.21454109843172],[126.85675829029401,35.2172608492167],[126.85574309054314,35.217911911141485],[126.85306321433289,35.21798940670467],[126.85286266556436,35.22185655359452],[126.84599242532373,35.221892273367644],[126.84469174032206,35.225721655595834],[126.83821859976206,35.2238219267376],[126.83515608798425,35.22874822422429],[126.84031580775644,35.231273134418046],[126.8409722776869,35.234341872813395],[126.84435360012053,35.23438689101049],[126.84430955452362,35.23671586515291],[126.84661357073709,35.23739855222109],[126.84835111493933,35.2356659019113],[126.85042531857927,35.2373146331103],[126.85882891367244,35.239736441332475],[126.86113947980347,35.24158126769166],[126.8624188223935,35.245153396400944],[126.86637237391461,35.24626151419271],[126.87002126922721,35.246257414587994],[126.87345762217342,35.2493610763822],[126.87955462752348,35.25149396726709],[126.8790340402462,35.24811494388067],[126.88639226608781,35.246260478605194],[126.88966488079954,35.246985810798485],[126.89253662199444,35.250555754097164],[126.89861930600725,35.25321234077377],[126.90138476849926,35.25641204651877],[126.90571861370394,35.258873029166224],[126.9094651314703,35.2588142787947],[126.91663192127075,35.25682860534546],[126.92064530779886,35.25355495734474],[126.92595917142363,35.25304750368937],[126.9308768071399,35.25139452735717],[126.93369270115772,35.2470360787049],[126.93260477697146,35.241486451931266],[126.9341784703029,35.239587285817265],[126.93917893495224,35.237829228788904],[126.9428425922483,35.23460507558664],[126.94362809190606,35.23182365569332],[126.94787393242753,35.23073857951254],[126.95189457206092,35.22500133925996],[126.94946018605135,35.22283796753549],[126.94889279752998,35.21878776644477],[126.95089021478171,35.2153357729641],[126.9564341039285,35.20757500531067],[126.96293276600935,35.20339481060612],[126.96512937213456,35.20373502662896],[126.96526226294698,35.20041689669424],[126.95860096259862,35.19319193417984],[126.95935293637791,35.19117042817552],[126.96619310262324,35.184121679448545],[126.96866835711168,35.180940972189255],[126.97175290557256,35.17974390103459],[126.97214050957096,35.18515944788212],[126.97544698701118,35.18657551561402],[126.97989844968157,35.18423927735248],[126.98352242009858,35.18433296595067],[126.9848579676631,35.18835559930866],[126.99353335387764,35.18801196182334],[126.99746329597947,35.18843116727656],[127.00177832489376,35.1878632418482],[127.0072370020059,35.18495800523323],[127.01066812686622,35.18163369010841],[127.01661312734679,35.179379777335754],[127.01841271705594,35.17467737452807],[127.0214698068767,35.17345714734088],[127.02084554700423,35.16729320638824],[127.01345150597604,35.16485462506496],[127.01370008813886,35.16139081691393],[127.01128830064668,35.15937981174933],[127.00795939610911,35.15491064050678],[127.01014378322122,35.14968687796006],[127.00799276607941,35.14749887125081],[127.00751704728593,35.14361610103001],[127.01112734469677,35.13871813028356],[127.01045898595657,35.1337739043137],[127.00907732690398,35.12440683052922],[127.00396210297558,35.12208853893417],[127.00262671711174,35.11839196792736],[126.99999014032961,35.117190799286995],[126.99756784053758,35.11457102409324],[126.99433676184151,35.119316033254414],[126.99354140385621,35.12216401039351],[126.98787202528352,35.12871443366896],[126.9849027014248,35.13473748209907],[126.98235281350819,35.13671588650295],[126.97817563599273,35.138477200652424],[126.97369742360893,35.13781402294039],[126.97043864484827,35.136368807001666],[126.96772906365754,35.136741967690746],[126.9612683702211,35.14065387962178],[126.95547714806314,35.1405957635134],[126.95437573072701,35.14220947465866],[126.95687798671128,35.144041518758584],[126.95485549618485,35.14890866426416],[126.95536130743147,35.15196323277375],[126.95144096193485,35.15405957189225],[126.94754077333239,35.15452292671938],[126.94466591479087,35.15592554625694],[126.94349398661365,35.158916354896434],[126.93952096596456,35.15902491623716],[126.93916233456898,35.16173145450991],[126.93510423396326,35.1617321725536],[126.9314961344859,35.160494799967076],[126.93017596103344,35.16114427530601],[126.92814641769463,35.16250561382292],[126.91969746248157,35.16479929809703],[126.91969435851613,35.16467699324141],[126.91631000428421,35.165537637322075],[126.91300253759128,35.15711263270618],[126.91307295584193,35.15707076416613],[126.91247359321999,35.155736524497144],[126.90727075351943,35.15148714336995],[126.90221456989586,35.155058498643754],[126.89953631937829,35.15756765912949],[126.89277949900497,35.160742086251894]]]]}},{"type":"Feature","properties":{"regionCode":"12330","name":"광산구","parentCode":"12"},"geometry":{"type":"MultiPolygon","coordinates":[[[[126.80041086178436,35.09784335465132],[126.80296207997895,35.09248293038155],[126.79669343037605,35.088551244029325],[126.78651750959101,35.075471745248194],[126.78271627656322,35.07256134709283],[126.77879499387588,35.071453491333074],[126.77296752432355,35.071034635998814],[126.7708814562775,35.06996792902756],[126.77056197408503,35.07275706450019],[126.76858544346236,35.07375911321367],[126.76471843146197,35.078569448229494],[126.76582322838922,35.08305290193765],[126.76383509359917,35.08396945557718],[126.76173568760403,35.08853953596681],[126.762036892662,35.09097820958766],[126.75440369795699,35.091712517998324],[126.7528574914651,35.09526494163609],[126.75097485818637,35.096855439944335],[126.74918209071845,35.10137115527368],[126.744639608605,35.10399643584819],[126.74200302722228,35.10582407562005],[126.73639580233858,35.10824211631408],[126.73250337070755,35.112932071944414],[126.73064268088982,35.11210253434741],[126.7312491606788,35.10807607901924],[126.72842096211643,35.10729596723838],[126.72352917773854,35.10836899359331],[126.71976090327206,35.108335524640246],[126.71592608382093,35.11064638890493],[126.70877524988865,35.109400073959094],[126.70545078009494,35.112949687196135],[126.70171954535071,35.11235016946751],[126.70000537957198,35.10904212100877],[126.69579572320885,35.10756236028934],[126.69158679015624,35.11013778295061],[126.6851293690456,35.112097174183404],[126.68336840077087,35.1115012241444],[126.68510582508895,35.10834208954111],[126.68003708520133,35.10750685947354],[126.6764902779804,35.104779270305634],[126.66948652933537,35.10454791742682],[126.66771379657287,35.1051365477463],[126.66911764038471,35.10879259938169],[126.66919635118353,35.112098595332334],[126.66660309209358,35.11250525141223],[126.66337054748315,35.114819376796504],[126.65705802866746,35.113407190831076],[126.65521609781,35.11503164984703],[126.65498295761104,35.11786666914579],[126.65150715899047,35.12049524047308],[126.65255023652131,35.12222695361321],[126.65165409415621,35.12492358485685],[126.65320113061495,35.12712490890003],[126.65484784570037,35.13671524108572],[126.6528024119787,35.140894649669924],[126.6535214579116,35.14365124631525],[126.6478709234375,35.14387865536243],[126.64467304244594,35.14659302299763],[126.64897664386483,35.14709805994294],[126.6511837739217,35.15069173035669],[126.65363555203308,35.15304343647087],[126.65166219857629,35.15542025906706],[126.65548737789395,35.158868103890256],[126.65371536041684,35.161225488514944],[126.65397371140273,35.164569043930726],[126.6572656461298,35.166625573974784],[126.66075100631672,35.166731534441084],[126.6642665255013,35.1684147995346],[126.67104930599182,35.16943936754929],[126.6713674183212,35.17452202388042],[126.66781987106172,35.17540686514073],[126.66371373661927,35.1822677484182],[126.65551588121619,35.18877003726626],[126.65312064077364,35.19240305704587],[126.65616110853047,35.19405690129419],[126.65971732075727,35.19262884055959],[126.66358284955547,35.192484111011204],[126.66966222932801,35.19445451746089],[126.67210594940065,35.19416300429432],[126.67568903723782,35.19084127740086],[126.67786980598345,35.19365415029071],[126.67648266743134,35.19599477659338],[126.67807696082873,35.198462250575716],[126.67735648204075,35.201361123606],[126.68001356126858,35.20401589867147],[126.68055820648156,35.20757307630333],[126.6838011934904,35.20996691767435],[126.6872602176824,35.21541172299447],[126.69055365092812,35.2153280992887],[126.6917967172687,35.21318152687252],[126.69517435428102,35.21057971774661],[126.70263101012037,35.207803655850476],[126.71073552412923,35.212393604877114],[126.71775169226505,35.21189081430055],[126.71815611559545,35.21469841288756],[126.72033821474463,35.216041707401786],[126.72089261967736,35.21880439501385],[126.71856745847343,35.22188867693714],[126.71980727933897,35.22690264019532],[126.72314871246431,35.229015211234234],[126.7248954097093,35.23367305036763],[126.72710661172405,35.23654567839075],[126.72937087328323,35.23765148708478],[126.73041560518382,35.24399429462132],[126.73718572562056,35.25205511056627],[126.73979780965678,35.25158694938144],[126.74156067688253,35.25086651584077],[126.74826317663121,35.25315540012962],[126.74933572068483,35.2559823737575],[126.75498712025212,35.2564845721074],[126.76022627921488,35.258610833606035],[126.76333116636313,35.25642114109329],[126.76387089712469,35.25431182221878],[126.76166978382484,35.251401253340674],[126.7596170568565,35.246067487326236],[126.75561624573233,35.2433047043998],[126.75395661766375,35.23693184971181],[126.75552470429545,35.234388558253386],[126.76053420023374,35.23399059845693],[126.76667247680787,35.232457809240444],[126.77041749533251,35.232774683956755],[126.77183792865117,35.23092051947923],[126.77546046557839,35.23067524395817],[126.77702776384935,35.228248114772036],[126.78138488287824,35.22483208303527],[126.7876680182656,35.22322124114415],[126.7898740853527,35.22386418927999],[126.79433160237228,35.220266840261715],[126.80475708629928,35.21955735636373],[126.81036610624945,35.22120821617779],[126.81571012649222,35.224681085698364],[126.81777752493326,35.223795195689334],[126.81986270983117,35.226159997027366],[126.82392437424896,35.225648720296206],[126.82506775469933,35.22756592548503],[126.82525713077845,35.23178276016167],[126.83001671930508,35.230455483314934],[126.8333898466239,35.22835467641919],[126.83515608798425,35.22874822422429],[126.83821859976206,35.2238219267376],[126.84469174032206,35.225721655595834],[126.84599242532373,35.221892273367644],[126.85286266556436,35.22185655359452],[126.85306321433289,35.21798940670467],[126.85574309054314,35.217911911141485],[126.85675829029401,35.2172608492167],[126.85372411121081,35.21454109843172],[126.8524501051922,35.21068908643857],[126.85326057317182,35.20977794849087],[126.85517927393475,35.205615241714405],[126.85513272293251,35.200590163156704],[126.85214152674259,35.198337933273415],[126.85223450653643,35.19686983955435],[126.85863618205148,35.19460089502542],[126.8593805433108,35.193427263821604],[126.85908937528676,35.19027986732307],[126.86045446775674,35.18568212914592],[126.85917737583455,35.18371654011477],[126.85605199601757,35.182004002732015],[126.85259430249512,35.18226927545298],[126.8502174611436,35.17953630874737],[126.84712864806882,35.17954011874606],[126.84501491053258,35.18206043448535],[126.84137721792376,35.18184164846786],[126.8387272957807,35.17832261942093],[126.83801964062503,35.17727570865383],[126.83736690709645,35.170671804796996],[126.8326577786738,35.16992834368545],[126.82761713886201,35.16792690461007],[126.82449047375526,35.16465954607481],[126.82502140869425,35.16181124270308],[126.82523145591027,35.15368257057163],[126.82820185142289,35.15076187799523],[126.82902978818292,35.1489140267657],[126.82948207647205,35.1408392222761],[126.82428583563537,35.13533647587017],[126.82162880120408,35.1348209713939],[126.81890805533227,35.13220227799458],[126.81935880450773,35.129300980049486],[126.82212317281531,35.1266462829274],[126.8209849048717,35.124286804965145],[126.81690786773525,35.12115979751201],[126.81670231971003,35.116585932606],[126.80993763931318,35.11673118631401],[126.80940614240173,35.11232233931823],[126.80391891172118,35.11274989384363],[126.80292776404686,35.11227691442874],[126.80646166497691,35.10268447720098],[126.80321153290659,35.10279935075576],[126.80083221086305,35.10081638148277],[126.80041086178436,35.09784335465132]]]]}},{"type":"Feature","properties":{"regionCode":"12710","name":"담양군","parentCode":"12"},"geometry":{"type":"MultiPolygon","coordinates":[[[[126.95935293637791,35.19117042817552],[126.95860096259862,35.19319193417984],[126.96526226294698,35.20041689669424],[126.96512937213456,35.20373502662896],[126.96293276600935,35.20339481060612],[126.9564341039285,35.20757500531067],[126.95089021478171,35.2153357729641],[126.94889279752998,35.21878776644477],[126.94946018605135,35.22283796753549],[126.95189457206092,35.22500133925996],[126.94787393242753,35.23073857951254],[126.94362809190606,35.23182365569332],[126.9428425922483,35.23460507558664],[126.93917893495224,35.237829228788904],[126.9341784703029,35.239587285817265],[126.93260477697146,35.241486451931266],[126.93369270115772,35.2470360787049],[126.9308768071399,35.25139452735717],[126.92595917142363,35.25304750368937],[126.92064530779886,35.25355495734474],[126.91663192127075,35.25682860534546],[126.9094651314703,35.2588142787947],[126.90571861370394,35.258873029166224],[126.90138476849926,35.25641204651877],[126.89861930600725,35.25321234077377],[126.89253662199444,35.250555754097164],[126.88966488079954,35.246985810798485],[126.88639226608781,35.246260478605194],[126.8790340402462,35.24811494388067],[126.87955462752348,35.25149396726709],[126.88155342692046,35.25306048220074],[126.88190543750707,35.25605371994802],[126.87791316073931,35.257145554381275],[126.8733851130337,35.26455207946966],[126.8691512921231,35.27067334244002],[126.86636001363952,35.27194345334531],[126.86384523114782,35.27806807575941],[126.86429740168687,35.27998674114365],[126.8598211113922,35.28997491073866],[126.85467285466646,35.29420792859016],[126.86221416840668,35.29967426806703],[126.86336307227153,35.3026686288254],[126.86225577212095,35.30983593879567],[126.86235357796909,35.31937866543728],[126.86138301740114,35.32122642046832],[126.86317228117554,35.32247093408792],[126.86971908851456,35.32305473952365],[126.87758833948082,35.322665292825455],[126.88013289204089,35.321052285063],[126.88771985577608,35.325870637883504],[126.8854163801641,35.33059063340549],[126.88408048703009,35.33109505089046],[126.8793363294122,35.33836837133285],[126.87923577554729,35.3399984222893],[126.87624637704141,35.34151491758217],[126.87664907854347,35.34509657491509],[126.88284008836123,35.35286339811301],[126.88424648859332,35.36148922143204],[126.88700869060786,35.36496912614344],[126.89152982248761,35.3646494681864],[126.89573152871893,35.366075650444344],[126.89532806710135,35.36759878198044],[126.89792591134487,35.371854795515006],[126.900618355159,35.37284867983897],[126.90407432590945,35.37755658902188],[126.90990526170884,35.3814077731404],[126.9122210489958,35.3817060875501],[126.91762724904079,35.38598697377133],[126.92026746568688,35.382112938934696],[126.9245666294519,35.37944303794955],[126.92534087005896,35.38630921651619],[126.92406086947777,35.392646253775474],[126.9254999712222,35.39481280585339],[126.92490776031453,35.399219560295144],[126.91959960987842,35.4019725286734],[126.92095791747816,35.40297877021106],[126.9297247222143,35.405823938019594],[126.93356983689941,35.405804055193904],[126.93216731249096,35.40165978375174],[126.93007032233773,35.40027731170278],[126.93275771239794,35.395148326040285],[126.93552622428288,35.394364503916535],[126.94134225019394,35.394393511095295],[126.95441260596834,35.39665340114345],[126.95849001228466,35.396297311268725],[126.96147770358908,35.39491189347331],[126.96337194263192,35.39476465181727],[126.96858804156321,35.39638239026049],[126.97446175291553,35.399906467775374],[126.97653903929474,35.400103258742966],[126.97704929034757,35.4033914816918],[126.97623606316212,35.40746072666798],[126.97177350692355,35.413576984089765],[126.97054213025145,35.41764491895371],[126.96978154588612,35.424510054953316],[126.97039407062732,35.42743045158014],[126.97291888563593,35.42831931871287],[126.97676614391881,35.4280697254558],[126.98164306098619,35.42649874348448],[126.98403179941972,35.43497363422057],[126.98531051192106,35.4366806708628],[126.98973197462472,35.43917737580783],[126.99430772494131,35.43999067731282],[126.99791655547382,35.44610649208618],[126.99918282700241,35.453396455423665],[126.99804828526347,35.455852431004686],[126.99962130461299,35.46109234792672],[127.00240474449552,35.46311532584461],[127.00671598221483,35.46107986541298],[127.00999852953453,35.46043010687752],[127.0144303059035,35.45745403164557],[127.01818194794846,35.45868466595613],[127.01961945813942,35.46074453793212],[127.02370455320631,35.46347205230755],[127.03044652135064,35.46449461148673],[127.03462769738933,35.46580180010976],[127.0359105804121,35.45877366725574],[127.03462020332132,35.447527117311246],[127.03632831947506,35.44529334992423],[127.03756516455424,35.43779501654477],[127.0373212621203,35.43340889671514],[127.04042055995204,35.43191701037395],[127.04396004158362,35.43379029122451],[127.04906983273165,35.431258121452615],[127.05230311016003,35.426858238121554],[127.04910968708849,35.421885631863944],[127.04794208108505,35.4159903888754],[127.04559432616477,35.40806023971886],[127.04786051359737,35.40560334058354],[127.04763246543905,35.403320624500004],[127.04221854590287,35.398911621896005],[127.03446472998046,35.400138888429055],[127.03172917082408,35.40117273797108],[127.02726953576268,35.399942671707834],[127.02728304016286,35.394925436033525],[127.0302137462322,35.390464302825414],[127.03387069286556,35.38882395530935],[127.03532061742561,35.386447950806335],[127.0384333517189,35.385104568577205],[127.04033637529366,35.382586060732],[127.03913264125875,35.37995794236276],[127.04643477088855,35.37694224030909],[127.05164666656114,35.37923714087321],[127.05664458013037,35.3843741075126],[127.06185750674159,35.378047482110674],[127.06488496379069,35.37572538192847],[127.06389067488256,35.36972904275486],[127.07027850345123,35.36612182589624],[127.06727255828837,35.35905017055753],[127.06547340429631,35.35778000612005],[127.06693241762832,35.35408027284752],[127.06967967785779,35.351583160205074],[127.06944877549016,35.348029097192224],[127.0672696966297,35.345501011893546],[127.0700780716389,35.341850780297015],[127.07029384457157,35.33972705170782],[127.06495348910705,35.3364856357378],[127.06251528740717,35.33611087165369],[127.0584010222382,35.337457831333865],[127.05654603435252,35.339860912184825],[127.05212001801209,35.33991142317074],[127.05091809096768,35.33167640922571],[127.04941010360112,35.327294473012465],[127.0429125547165,35.323387477893704],[127.04332589097497,35.321763657911376],[127.04670638426806,35.31818605469023],[127.05150234467912,35.31666641704414],[127.05341722234816,35.31738243371231],[127.06131946281089,35.3172160034805],[127.06540741038047,35.31312285622737],[127.06557644419823,35.31056293828508],[127.07221620029611,35.31260080037142],[127.0785587194237,35.310861038230456],[127.08925638139844,35.30677873605936],[127.09667151335886,35.30173719833104],[127.09467175001403,35.29969326919552],[127.09589571033804,35.29500297440945],[127.09368921927307,35.29109675523058],[127.09097893564069,35.28852277770081],[127.09101775100591,35.283845083880365],[127.09194621725457,35.28062384853326],[127.09143708331484,35.27745503328891],[127.09327320730799,35.27414655095467],[127.09627756758036,35.27100488338527],[127.09898839410765,35.27007741942612],[127.09946152059827,35.26759970490981],[127.09744953886278,35.261444457786936],[127.09292038983833,35.25869148679776],[127.09020016322471,35.254440459870764],[127.0859766754979,35.250948270923956],[127.08092542447133,35.248134357141645],[127.08268384752728,35.247334333348256],[127.08740466766459,35.24251457684393],[127.08794204689968,35.237362924814825],[127.09339188555421,35.23091619918714],[127.09322683043503,35.227459140047486],[127.09496232825491,35.2226827648802],[127.09620321816898,35.22156962570326],[127.09731302991352,35.217544964625745],[127.10173090125551,35.21112822456175],[127.10204322684645,35.20630593662522],[127.1063184696917,35.204086255744905],[127.10542389205442,35.19915864655337],[127.10863309082411,35.197588500298394],[127.11094578327648,35.19786539899739],[127.11688051838027,35.194658105453904],[127.11690779724312,35.18933751782153],[127.11426589251744,35.18839502099953],[127.1128227660595,35.190176889124494],[127.10780008011518,35.19176417099103],[127.10469243490938,35.19123795977474],[127.09869138413511,35.1882476030497],[127.09663944482136,35.18866696901175],[127.09300539564855,35.18246738449416],[127.09037531627605,35.181527804489846],[127.08097751883771,35.180242880016664],[127.07225749036431,35.18252231512373],[127.06913559715285,35.18517074486264],[127.06547599532861,35.18438313598084],[127.0634792249258,35.18116383629227],[127.06757157604218,35.17493449825873],[127.06915475184084,35.162453497025155],[127.07232696881142,35.15808093182038],[127.0735211489931,35.153052193351996],[127.08127117458675,35.14776774854012],[127.08401236562904,35.1444956832478],[127.08412750770722,35.1386752935932],[127.08538070791914,35.13471098879843],[127.08808070985454,35.13136259726186],[127.08962230409493,35.12808751147138],[127.08927727043803,35.1256767068303],[127.08537445052006,35.12643322276187],[127.07908460638147,35.12292122564406],[127.07984801223263,35.11958555345005],[127.07369676752934,35.11749682683709],[127.07201079844693,35.115844041724365],[127.0647699991269,35.120944389862025],[127.06020925109306,35.12098042221512],[127.05718370884138,35.12286062532477],[127.05567912563382,35.12589884756996],[127.04996188777577,35.129522286562455],[127.04713447380408,35.1298480421685],[127.04426976032276,35.12874087516809],[127.03788753573065,35.131416119179235],[127.03482125881766,35.130644454418835],[127.02773345530102,35.13522663747885],[127.02291674027938,35.13654887232126],[127.02034452826479,35.13838492468372],[127.01690950421883,35.137192295043604],[127.01404443787752,35.134240206323604],[127.01045898595657,35.1337739043137],[127.01112734469677,35.13871813028356],[127.00751704728593,35.14361610103001],[127.00799276607941,35.14749887125081],[127.01014378322122,35.14968687796006],[127.00795939610911,35.15491064050678],[127.01128830064668,35.15937981174933],[127.01370008813886,35.16139081691393],[127.01345150597604,35.16485462506496],[127.02084554700423,35.16729320638824],[127.0214698068767,35.17345714734088],[127.01841271705594,35.17467737452807],[127.01661312734679,35.179379777335754],[127.01066812686622,35.18163369010841],[127.0072370020059,35.18495800523323],[127.00177832489376,35.1878632418482],[126.99746329597947,35.18843116727656],[126.99353335387764,35.18801196182334],[126.9848579676631,35.18835559930866],[126.98352242009858,35.18433296595067],[126.97989844968157,35.18423927735248],[126.97544698701118,35.18657551561402],[126.97214050957096,35.18515944788212],[126.97175290557256,35.17974390103459],[126.96866835711168,35.180940972189255],[126.96619310262324,35.184121679448545],[126.95935293637791,35.19117042817552]]]]}},{"type":"Feature","properties":{"regionCode":"12720","name":"곡성군","parentCode":"12"},"geometry":{"type":"MultiPolygon","coordinates":[[[[127.24542860940899,35.108095552165],[127.24568828962774,35.10181685951208],[127.24171303292566,35.10163416678813],[127.2386506934097,35.11227749450737],[127.23276602659521,35.115313562890705],[127.22254611311507,35.11704830414888],[127.21928811197368,35.119265535675744],[127.21773779576789,35.12383078401832],[127.21865255778582,35.128881174168455],[127.21434177566888,35.13274533439619],[127.21170530419107,35.132926047006336],[127.20587065922876,35.1302213111983],[127.19767845109041,35.132440680137655],[127.19587978208912,35.13996859959567],[127.19688467814562,35.141488764326446],[127.19765255853378,35.14656531594595],[127.19578201139157,35.15049700894677],[127.19722330297746,35.15665945982626],[127.1953307977892,35.15941102880391],[127.19265919020609,35.16036250567392],[127.18913353283648,35.163846379438695],[127.18918364051652,35.16508857915603],[127.19385718820509,35.171572087975115],[127.19377323316343,35.17604437851926],[127.1956447155991,35.18017193240873],[127.19964991756518,35.183302159919776],[127.20167907288516,35.186016253737655],[127.19790777720797,35.193771064921364],[127.19817753590043,35.199795590902035],[127.19606189758731,35.204519600979964],[127.19170729094917,35.2059861698577],[127.18835517568124,35.21181448860957],[127.18445589707815,35.21418850284825],[127.17793792674604,35.2124357314548],[127.17401813116336,35.20955419283353],[127.16969859539253,35.20543193503236],[127.16098143897635,35.20008528712643],[127.15153972856675,35.19588827789896],[127.14534553433226,35.19426495581906],[127.14008165613646,35.19486130939761],[127.1320645745296,35.193907262768604],[127.12708459131002,35.19476678583462],[127.1254999075412,35.19694286148231],[127.12066989137702,35.19741439068619],[127.11688051838027,35.194658105453904],[127.11094578327648,35.19786539899739],[127.10863309082411,35.197588500298394],[127.10542389205442,35.19915864655337],[127.1063184696917,35.204086255744905],[127.10204322684645,35.20630593662522],[127.10173090125551,35.21112822456175],[127.09731302991352,35.217544964625745],[127.09620321816898,35.22156962570326],[127.09496232825491,35.2226827648802],[127.09322683043503,35.227459140047486],[127.09339188555421,35.23091619918714],[127.08794204689968,35.237362924814825],[127.08740466766459,35.24251457684393],[127.08268384752728,35.247334333348256],[127.08092542447133,35.248134357141645],[127.0859766754979,35.250948270923956],[127.09020016322471,35.254440459870764],[127.09292038983833,35.25869148679776],[127.09744953886278,35.261444457786936],[127.09946152059827,35.26759970490981],[127.09898839410765,35.27007741942612],[127.09627756758036,35.27100488338527],[127.09327320730799,35.27414655095467],[127.09143708331484,35.27745503328891],[127.09194621725457,35.28062384853326],[127.09101775100591,35.283845083880365],[127.09097893564069,35.28852277770081],[127.09368921927307,35.29109675523058],[127.09589571033804,35.29500297440945],[127.09467175001403,35.29969326919552],[127.09667151335886,35.30173719833104],[127.10229577317521,35.301126484372986],[127.10550421129737,35.29919835400309],[127.10988494183331,35.29986229791821],[127.1156801534839,35.29955304603122],[127.12193953847498,35.30245510424481],[127.12622299776761,35.303649446315944],[127.1298592026166,35.30925463328332],[127.13433781953569,35.3084678957848],[127.14557821397256,35.309251445372446],[127.14657921413938,35.3108829022513],[127.14657202073901,35.315414800077015],[127.15138645465035,35.3179795198947],[127.15948131961242,35.32663044742756],[127.16259386327849,35.3280535853792],[127.16789823153442,35.33169948447017],[127.17133258874874,35.3329517000861],[127.17290211693648,35.33033077080424],[127.17962548372583,35.332390574450535],[127.18163227591702,35.338017920725115],[127.1860981696332,35.336194469449545],[127.18340299068188,35.332366022534124],[127.1834015714851,35.32805372273619],[127.18710717149794,35.32236451349771],[127.19625384925045,35.3191934629239],[127.20087804957903,35.31580161999343],[127.20993935978751,35.31535666951902],[127.21484546236402,35.316167570507865],[127.21726398459879,35.3189205616387],[127.21694436312586,35.324957325761346],[127.21602062897475,35.32910904053449],[127.21958540436334,35.33540229249732],[127.22265181685326,35.33670428125536],[127.23179172018718,35.33526961160718],[127.23404312439781,35.33283785004888],[127.23459552826608,35.33035921315436],[127.23741237845529,35.328136545688245],[127.24197281395597,35.32422340969654],[127.25037447485944,35.3185561627261],[127.25120203405989,35.31696010814238],[127.25187135480351,35.315505153562626],[127.2564015488236,35.31275626916214],[127.26043929001082,35.31163058390051],[127.26452378513528,35.31361863658367],[127.27105852821263,35.31301654997883],[127.28854181751454,35.314150279294495],[127.29246230895235,35.31299681660634],[127.30149637379043,35.308456914728204],[127.30419816559426,35.30573376284234],[127.3049425528857,35.30350147671492],[127.30855869827614,35.30312866467914],[127.32139608217365,35.305743397840835],[127.3241115725148,35.30646127830687],[127.3236491538305,35.30899670572052],[127.32713077201838,35.309886730815904],[127.33044631869954,35.31208329570257],[127.33113642879304,35.31513324116431],[127.33387435288897,35.31536123750781],[127.3478874379785,35.31879546200121],[127.35098522207225,35.320526617930085],[127.35618790088145,35.32125713866802],[127.3597134371376,35.320010488175235],[127.36233612446578,35.317134036240105],[127.36694651187541,35.31458872941735],[127.37168142228329,35.31431412134262],[127.37723767799045,35.31074810335593],[127.3802871281888,35.30453350452815],[127.3844510762062,35.30327636997462],[127.38655046986837,35.30061323057839],[127.38586302310132,35.296738916305344],[127.38208153128436,35.2905166497251],[127.38014685186637,35.28369777824246],[127.38165291194444,35.280077902487534],[127.38753117909789,35.27826916504378],[127.39072977190828,35.27297134069613],[127.39209824394136,35.269770007788225],[127.39272312435133,35.26505554813368],[127.39444025666205,35.259703643032346],[127.39574767765811,35.25896689145859],[127.39771946098112,35.2545524782428],[127.40163756061906,35.24907326353378],[127.40154596000173,35.247490284400854],[127.40353906676843,35.2367180438566],[127.40293093209706,35.23358450144272],[127.39777192703659,35.23710815950938],[127.39303796425234,35.2376084788883],[127.3889593268816,35.23604687304975],[127.38467781988103,35.230062480610734],[127.37768092793526,35.225569710506775],[127.37064580236847,35.22587551178557],[127.36786673319374,35.2283689048064],[127.36687508813561,35.224241201977364],[127.37052403079474,35.21990801699441],[127.37439646831439,35.21759618481885],[127.37430984145402,35.21524872610885],[127.37198947180576,35.212271072487084],[127.37176230633715,35.20630835206284],[127.37604779372633,35.19755102573609],[127.37700921824744,35.19377233162135],[127.3834841297908,35.189864053381065],[127.3902875696072,35.188630889828424],[127.39516427753539,35.189877017611984],[127.40173839965654,35.190523370014425],[127.40642289002257,35.1890871812297],[127.40459691670574,35.18604661550416],[127.40762757625566,35.18255991426343],[127.40693814987374,35.17538086719752],[127.41124760618908,35.16881737495609],[127.41136862707452,35.16570595992847],[127.4099568294568,35.160756019065765],[127.41152113626227,35.15839433327965],[127.41144391457294,35.1462955078719],[127.40299482460738,35.14162245087115],[127.4001940126681,35.13874643815321],[127.40152940783214,35.135281970783176],[127.39523095269313,35.12849268794056],[127.39352273336937,35.12740709640329],[127.38610169835538,35.12583531463709],[127.38652677487525,35.12150508636185],[127.38246252894922,35.11643046483101],[127.38279522805284,35.11272827468571],[127.3757421664999,35.10084900009051],[127.36911143613047,35.09829338576905],[127.3620703691133,35.09818094377208],[127.35941989794232,35.09680205640117],[127.3513415017936,35.09792882716837],[127.34979612246403,35.09878170885289],[127.34468610403283,35.09847291669359],[127.3399049153961,35.094260492759446],[127.33748340182565,35.09336315660815],[127.33525186822656,35.08794539001265],[127.33794629617942,35.08113519459036],[127.3357500289502,35.07807441852111],[127.33377653992419,35.076951478224025],[127.32929515497335,35.07223964855379],[127.32139358368906,35.069389383817516],[127.31626955077724,35.07414970701614],[127.31274917823322,35.07578909358482],[127.30729464336709,35.075964500789176],[127.30253485368647,35.07682434841925],[127.29943467799774,35.07843211743885],[127.29789316130929,35.082089603130996],[127.29176542962217,35.08597271065736],[127.2845238902975,35.08438083023249],[127.28218748058873,35.084990246086676],[127.28076780253002,35.08995010386653],[127.27908252127312,35.09157617351287],[127.27206523793184,35.08627499630373],[127.26336665979095,35.08211988042179],[127.25962824351011,35.08332408687832],[127.26070806108186,35.08860963015791],[127.26244357128216,35.09109322050774],[127.26188380130013,35.094943958636584],[127.25981395409798,35.098434559967664],[127.25543052064967,35.10105245353738],[127.24986802473104,35.105535271773604],[127.24622316319638,35.110012989392445],[127.24542860940899,35.108095552165]]]]}},{"type":"Feature","properties":{"regionCode":"12730","name":"구례군","parentCode":"12"},"geometry":{"type":"MultiPolygon","coordinates":[[[[127.624741102571,35.184489949051276],[127.61702985349639,35.17378735500184],[127.61572827683065,35.16889275638635],[127.60769862720885,35.16100856579113],[127.60618476012432,35.153556623686164],[127.60378283152019,35.14728916051109],[127.60764306531932,35.1436176843642],[127.60529521026072,35.13541186622426],[127.60422472195101,35.13322069145804],[127.60498905627918,35.13017621897685],[127.6040848068696,35.12808599555137],[127.60363130636694,35.12121548778687],[127.60280638311318,35.11814513654863],[127.59214828293604,35.12123493369389],[127.58323454137309,35.11845051334837],[127.5802119428523,35.11467648665473],[127.5767337558332,35.113646653206175],[127.57074473953102,35.11148928545837],[127.56887964183973,35.10946493801144],[127.56384987540662,35.10826850172189],[127.56380798330471,35.10216940123851],[127.55958429424506,35.09548723967478],[127.55197876451048,35.09531114916622],[127.55041235292542,35.09671885341352],[127.5453506661445,35.09883499678327],[127.53758960470351,35.10293575747728],[127.53374674997089,35.106597218658386],[127.53217373778713,35.10765621205833],[127.53155979354075,35.11241935342076],[127.52662780160209,35.11421909341022],[127.52111996829672,35.12057170628178],[127.52004157994496,35.124243300713495],[127.51857211010415,35.12557499747303],[127.51667054811155,35.124445469544156],[127.51087614839477,35.12385141285403],[127.50362337229963,35.124235119752406],[127.49676710330742,35.12781626106498],[127.49859714070011,35.1322017624977],[127.4940527331738,35.13709852403197],[127.48870338786169,35.143847327264936],[127.48695205718481,35.14471695483258],[127.48504931145592,35.148549778024076],[127.48179052281954,35.1524054459282],[127.47686732825517,35.15439889250288],[127.47168192521943,35.155691200345444],[127.46961982238058,35.15873582066668],[127.46625186318028,35.161561073904124],[127.46108007333545,35.16229934171928],[127.45515197374607,35.16444480094056],[127.44688542668769,35.16862871273821],[127.43867840844948,35.17518095567888],[127.43378665682019,35.17968281032134],[127.42266728039765,35.1861424405008],[127.41440400942841,35.188380110033066],[127.40642289002257,35.1890871812297],[127.40173839965654,35.190523370014425],[127.39516427753539,35.189877017611984],[127.3902875696072,35.188630889828424],[127.3834841297908,35.189864053381065],[127.37700921824744,35.19377233162135],[127.37604779372633,35.19755102573609],[127.37176230633715,35.20630835206284],[127.37198947180576,35.212271072487084],[127.37430984145402,35.21524872610885],[127.37439646831439,35.21759618481885],[127.37052403079474,35.21990801699441],[127.36687508813561,35.224241201977364],[127.36786673319374,35.2283689048064],[127.37064580236847,35.22587551178557],[127.37768092793526,35.225569710506775],[127.38467781988103,35.230062480610734],[127.3889593268816,35.23604687304975],[127.39303796425234,35.2376084788883],[127.39777192703659,35.23710815950938],[127.40293093209706,35.23358450144272],[127.40353906676843,35.2367180438566],[127.40154596000173,35.247490284400854],[127.40163756061906,35.24907326353378],[127.39771946098112,35.2545524782428],[127.39574767765811,35.25896689145859],[127.39444025666205,35.259703643032346],[127.39272312435133,35.26505554813368],[127.39209824394136,35.269770007788225],[127.39072977190828,35.27297134069613],[127.38753117909789,35.27826916504378],[127.38165291194444,35.280077902487534],[127.38014685186637,35.28369777824246],[127.38208153128436,35.2905166497251],[127.38586302310132,35.296738916305344],[127.38655046986837,35.30061323057839],[127.3844510762062,35.30327636997462],[127.38715007240293,35.30442924835911],[127.39052721104322,35.307944773466076],[127.39403949178102,35.310489408510655],[127.39643155573282,35.31051461023544],[127.39932327795846,35.31290220185338],[127.4010961466841,35.319932807682996],[127.40010003257214,35.322228863256605],[127.40154740974971,35.32510247162462],[127.40851512255801,35.32945215753001],[127.40987134694873,35.333234665960966],[127.4154956133895,35.33728147773582],[127.41598091257602,35.34085460335577],[127.42015942634652,35.34521928272485],[127.42275651869997,35.350838807898576],[127.4313225302281,35.35953188461291],[127.43724755334938,35.36319174265396],[127.44133952188912,35.364427719036236],[127.44289122409167,35.36127692985325],[127.44676751250522,35.36047924640444],[127.45016395230226,35.36126141773108],[127.45421364589076,35.36072776566614],[127.45861287778948,35.36361959890279],[127.46444253682839,35.36390177024862],[127.47057638504084,35.36593969069998],[127.47333505889574,35.366143535628055],[127.47759144267194,35.36501178750771],[127.48158634312274,35.361033583784305],[127.48610471803408,35.35836643900431],[127.49258215166901,35.35886445845008],[127.49562139198262,35.36081356387662],[127.50141328196517,35.358826027756535],[127.50822528141768,35.35333738993975],[127.51422209020194,35.35134092699875],[127.51642520659361,35.34771599094917],[127.5223212934209,35.346162278458316],[127.52474499306221,35.34489741266081],[127.53053683497689,35.33728267828973],[127.53406350932562,35.335548982340576],[127.54065583477708,35.33441296376966],[127.54212584407009,35.32912532367609],[127.54464839217029,35.3273747439823],[127.5520686692805,35.32514863171458],[127.55460942652003,35.32234366448942],[127.5601719860383,35.321295624963035],[127.56815175001621,35.31828588909182],[127.5726507058658,35.31204568476985],[127.57744981030764,35.308958991688115],[127.57610675034829,35.306361729562525],[127.57713567164717,35.295478454147464],[127.58248128795309,35.29136295356272],[127.58652149036261,35.28637860504945],[127.58766739949188,35.2830315247696],[127.59052012019922,35.27930776203215],[127.59055908565954,35.2757757474002],[127.5946839097582,35.27199240380754],[127.59580003887946,35.26816049999527],[127.5989433342567,35.26733336495031],[127.61002187302579,35.26191271130411],[127.61364602408544,35.25189090581259],[127.61493138861951,35.24972683334978],[127.61260466089412,35.24743788715389],[127.61305542752031,35.241206557741386],[127.61839474352459,35.237206412460374],[127.61835638679716,35.23214020956074],[127.62086790351998,35.22296475984351],[127.62100684451374,35.21407856921561],[127.61706941024819,35.20963280844643],[127.61802639544186,35.20091955881872],[127.6211804223517,35.19245683713257],[127.6213662541375,35.18851362765889],[127.624741102571,35.184489949051276]]]]}},{"type":"Feature","properties":{"regionCode":"12740","name":"고흥군","parentCode":"12"},"geometry":{"type":"MultiPolygon","coordinates":[[[[127.25706325157454,34.40717861687709],[127.25982209237972,34.403664236677685],[127.26032844445224,34.401180121996845],[127.25866286399672,34.397291044966394],[127.25932139584607,34.39549726786415],[127.26259148449661,34.39361625036413],[127.26574428176593,34.394089174437475],[127.26968316680055,34.38925867139336],[127.27108169976513,34.38637491473955],[127.27005051528931,34.38458848186909],[127.27163820201332,34.3805745659892],[127.2613291287951,34.381335536054856],[127.25713366735656,34.382416189086925],[127.25523960426229,34.38462839664145],[127.25247763943283,34.38590244734525],[127.25012783909482,34.38513464784898],[127.2477055208284,34.38736743485221],[127.24767682916179,34.39037976730503],[127.24636850594182,34.39368109914599],[127.25396320227567,34.39687787024877],[127.25362899740189,34.402500884167964],[127.25038675128454,34.404548228725595],[127.24451957052365,34.40466169318952],[127.24033784835612,34.40652986562243],[127.24513425760566,34.40828281194012],[127.24487962390599,34.4104710603868],[127.2367669842796,34.4104641009591],[127.23644506245964,34.412023287058794],[127.24317536595835,34.41246699152932],[127.2404755472069,34.41516619043462],[127.2412392395271,34.41698908844431],[127.24595538513324,34.41407402092635],[127.25022136660573,34.414781899538],[127.25118148458988,34.41261164121639],[127.24801431287067,34.41131273183882],[127.24965273115697,34.40824460671914],[127.25706325157454,34.40717861687709]]],[[[127.12227419130659,34.42109832173423],[127.12228699446786,34.4245092221692],[127.12414105793937,34.42450031088823],[127.12408689031072,34.42077105608394],[127.12227419130659,34.42109832173423]]],[[[127.22401244199098,34.44001833995581],[127.22399792622363,34.44207082807003],[127.22637487255511,34.44314516055352],[127.22736736521662,34.43954633840338],[127.22401244199098,34.44001833995581]]],[[[127.29583273709831,34.44669870330706],[127.29082140615758,34.44114099214483],[127.28862863360116,34.44263736894151],[127.28990697108709,34.447131940276265],[127.29310278141696,34.449051815768755],[127.29583273709831,34.44669870330706]]],[[[127.23593131390257,34.474403809164585],[127.23098470285161,34.47288454445299],[127.22929223679276,34.468789813117105],[127.23046408421106,34.46402814160028],[127.22758731113899,34.46195652986222],[127.22224410227653,34.45502545697761],[127.21998168812515,34.446570097691946],[127.2202741303151,34.44300752168245],[127.2184967114121,34.439165836368275],[127.21168033900636,34.43111479043792],[127.2084976080179,34.429512533245635],[127.20673101160783,34.43014521152957],[127.19972026694172,34.43023139821553],[127.1962338086986,34.43105061025852],[127.18843023415236,34.43052681557173],[127.17767083507509,34.43264015173009],[127.1692130097574,34.435138460658266],[127.16530797283099,34.43502675369714],[127.1624124917454,34.43328218430729],[127.16322313795175,34.42891003922895],[127.15822466418575,34.428162422436976],[127.15468439282097,34.43104673729333],[127.14944240558788,34.430480379042415],[127.14534780492374,34.42923366838825],[127.14268638129877,34.42727678903824],[127.14409237939074,34.422680312074846],[127.141133353814,34.42066360433425],[127.1398296823482,34.42424189579913],[127.1369182541176,34.42851622542539],[127.13529380358784,34.42934741183869],[127.12478970464794,34.43145294103258],[127.12466490450507,34.435553056721446],[127.11998948393337,34.43817003286076],[127.11646611717283,34.438574373318104],[127.11492724838747,34.440954695448184],[127.11682595976977,34.44707167070004],[127.11394879967735,34.44831960753915],[127.10993114393176,34.44805819222417],[127.10820775706229,34.44624337343918],[127.10823894230994,34.442462823925695],[127.10162765694986,34.44154522843075],[127.09904761425759,34.4434099238438],[127.10076862148001,34.4493364730345],[127.10252933115675,34.45198787323942],[127.10540177992549,34.453915232799545],[127.10540566911298,34.45652145468622],[127.10020763936835,34.462670206633796],[127.09753520144542,34.46396851187463],[127.09820330410423,34.466287679225005],[127.09635546292662,34.468623486015794],[127.09313990287694,34.46952346323043],[127.09275730357686,34.471362229699935],[127.09621541201308,34.47422756762313],[127.10148362427059,34.46956056993804],[127.10494922098515,34.470765046330264],[127.10734577603678,34.47319110129543],[127.10667227113842,34.47565935542112],[127.1119683797782,34.47598721902156],[127.11588718846636,34.47953914661714],[127.11655572955875,34.48317811666601],[127.11039334456117,34.4855453207464],[127.11336884158726,34.48940660151476],[127.11601982047895,34.490129633135496],[127.118467669977,34.487749896321326],[127.12056999797721,34.49037674744769],[127.12385562215015,34.490788428308484],[127.12435068444165,34.485104017693075],[127.12873520612754,34.478863838537194],[127.132604905281,34.47796041220731],[127.13494221817196,34.48001670983298],[127.13745038711836,34.47891440985352],[127.13573241602978,34.475332609859095],[127.13679102285039,34.4735405088365],[127.14043880172143,34.473407171388445],[127.14605567922443,34.475486146831194],[127.14798981115716,34.481199489851114],[127.15200750789467,34.48058873623412],[127.15724989057685,34.478827412603074],[127.16190808450519,34.47958941025847],[127.16482411184097,34.48323633086844],[127.17271433957555,34.48817981031304],[127.17608312812219,34.48972081800991],[127.1783980543091,34.492024229097616],[127.18226865229268,34.49067884246985],[127.18746049458758,34.4941209812545],[127.19586172478745,34.49267689407549],[127.19589132910231,34.48913364786806],[127.19930892982293,34.48818554573279],[127.20780880461442,34.492199218300506],[127.2112394820919,34.494904136229074],[127.21559827509907,34.496254991786515],[127.22098275559166,34.495322934773434],[127.22543312290351,34.48982486628553],[127.22794430561389,34.48927421004389],[127.23153567309573,34.48535764869127],[127.23130481562069,34.48360765953749],[127.23473719484312,34.4779643916695],[127.23893894478293,34.47655073023723],[127.2390788597619,34.47428937259046],[127.23593131390257,34.474403809164585]]],[[[127.08810108750332,34.45656719802557],[127.09008236945425,34.45981998606722],[127.08848177943248,34.46213543390722],[127.08374350991691,34.46275537404343],[127.0856427979109,34.465552201259726],[127.0893215269288,34.46376070862648],[127.09356101704616,34.463439504470685],[127.09284613031278,34.4571717699602],[127.0912038375021,34.45186794560222],[127.08803120759606,34.452668568149996],[127.08810108750332,34.45656719802557]]],[[[127.23146340751657,34.49464219494064],[127.23422977082934,34.496242326486936],[127.23644557742381,34.494319524826835],[127.23500786675433,34.49210169544542],[127.23146340751657,34.49464219494064]]],[[[127.14839039827132,34.49464727211146],[127.14550412261167,34.49491757485954],[127.14714926652924,34.498017247703295],[127.14964079507453,34.496742443787184],[127.14839039827132,34.49464727211146]]],[[[127.12660947795865,34.505475661276336],[127.12484835832339,34.50728807795384],[127.120534669679,34.507345169080025],[127.11959047948655,34.503872160380105],[127.1162503927247,34.502467833331494],[127.11273497173534,34.502449191286125],[127.11249801303963,34.50537606616445],[127.10937719109438,34.50882464670367],[127.10659204008691,34.508226803805016],[127.0976261935773,34.508970280379586],[127.09767637482723,34.51102231686794],[127.0996832081479,34.513854390194766],[127.10593939033306,34.51816193783309],[127.10747859802149,34.515248835068675],[127.1099615029774,34.51572403478869],[127.11085154720539,34.51797654251996],[127.10751920642008,34.52037536389565],[127.11144465049597,34.52242892275293],[127.1141276605723,34.522045507886446],[127.11577511638356,34.52001143755146],[127.11862213692034,34.51930148685754],[127.11806000853976,34.51713794241464],[127.11903244335367,34.51400451130916],[127.12233241776157,34.513058744571204],[127.12565372410138,34.51616282954624],[127.12294101061748,34.51977748638052],[127.12456008491407,34.52244168951319],[127.12881119900007,34.524370117000956],[127.13149492559305,34.523448942633074],[127.13583219167509,34.52026009772209],[127.13766799985746,34.516829166581395],[127.13396147564009,34.51475312972741],[127.13259358305616,34.508233931583625],[127.13065353628792,34.50569983969392],[127.12660947795865,34.505475661276336]]],[[[127.38567186469106,34.505015254348514],[127.38081494108661,34.50378600493387],[127.37941259493614,34.50231706123113],[127.38503978037832,34.49786465547534],[127.38711796838561,34.49330537342012],[127.3901816576024,34.491043070259515],[127.39139126053314,34.48816784106023],[127.38764679769777,34.4839590907094],[127.38439265395901,34.48614554455791],[127.38105176599439,34.48250746560441],[127.38010386691032,34.485783195818826],[127.37807490445572,34.48723523001385],[127.37583593317005,34.48492393141628],[127.37302988489424,34.47999965254672],[127.36821392884532,34.480923965080265],[127.36530374156263,34.483772725228384],[127.36617600867167,34.486800209114655],[127.36212832536019,34.49041659619101],[127.35839962154925,34.49151943930343],[127.35434834249074,34.49007196167478],[127.3548065304047,34.48650610936773],[127.35270199389264,34.48160798004898],[127.35115734304537,34.4809283665208],[127.34589886246542,34.48213362464627],[127.34357563274713,34.48375501629351],[127.33885729155135,34.4842270170838],[127.3403872210785,34.480351714164264],[127.33658294715525,34.48011832328142],[127.33400517048402,34.47896135391546],[127.3304978984313,34.47359783114758],[127.33611363180135,34.470910647318576],[127.33759699097305,34.4678391922475],[127.33383431272571,34.46389936496534],[127.33097804900447,34.465001750407914],[127.33091449702759,34.467511181288195],[127.32342659051955,34.47016683374059],[127.31910646501129,34.46773250711986],[127.32198593555599,34.4631485289417],[127.32690436826408,34.46207688466007],[127.32868913811544,34.460356283612015],[127.33353297891233,34.45792444694884],[127.33733769242222,34.457300355535395],[127.339384459511,34.45429647650902],[127.3382037935614,34.45040438479549],[127.34073792709093,34.44896482704388],[127.33893747328426,34.44552953700775],[127.32764310639656,34.44133662117661],[127.32180518303805,34.44143176103368],[127.31887311339872,34.44212427093989],[127.31817652442548,34.44492493248092],[127.31429772295661,34.44538901062644],[127.31403763445522,34.44779145642127],[127.3106783879163,34.44987557149584],[127.30925598009057,34.44833751376254],[127.30648639686943,34.44833794320238],[127.30430186981222,34.45036750293216],[127.30464938007438,34.45407922291441],[127.30988253901074,34.45530549497496],[127.31546822031576,34.453383300062114],[127.31590612101346,34.45495427108824],[127.31192111135644,34.458288115159135],[127.30941638462491,34.45776612451463],[127.30840566842244,34.46211520940331],[127.30615276544519,34.458467866167354],[127.30338389897875,34.45720429165243],[127.30174183785302,34.45905026422416],[127.30454155532792,34.46243499712049],[127.30357075798767,34.46430039984452],[127.2983953326355,34.462950377135826],[127.29775466478053,34.464903582604094],[127.3012294228834,34.46730546934142],[127.30075915278586,34.47019395511155],[127.29695222964682,34.4710676284629],[127.2928735504298,34.47061086314846],[127.2910460262325,34.474294261283276],[127.28719950785714,34.476955866764385],[127.28020056895907,34.4786373396055],[127.2766571361121,34.47821179620354],[127.27371706575347,34.478900961043976],[127.26709967350031,34.48293128395717],[127.26902792311914,34.48807921718133],[127.27303848890314,34.4921570178894],[127.27643822323212,34.49270169144461],[127.28043560661558,34.490075548341125],[127.28267973145188,34.49130242243893],[127.28113488606107,34.49339444482073],[127.27828379568723,34.49458573084407],[127.28292261673775,34.49752145024932],[127.2805668517788,34.502143672844106],[127.27607058997684,34.502730573404655],[127.27368790906299,34.50448231786595],[127.27259209269477,34.50686198090656],[127.26716720674587,34.51103675487238],[127.25933410958196,34.51317725139522],[127.25854509103984,34.51691082899501],[127.25706002833951,34.51914995793638],[127.25400931879419,34.52111256756483],[127.24818978641224,34.52205742544352],[127.24440271636185,34.52119225305511],[127.24551988870572,34.51535025938083],[127.24270245789926,34.51457447101289],[127.2391811799212,34.51747059584723],[127.23637072138771,34.51699450755044],[127.23040546376396,34.51784851196999],[127.23336492699843,34.524804039173326],[127.22900243183918,34.5264374384084],[127.22514427896715,34.52620378936634],[127.22024441331386,34.533956268913165],[127.21742044508565,34.53094748826717],[127.21734313028799,34.52875215237644],[127.21466136461345,34.52407238160226],[127.21253722607374,34.52698469296499],[127.20907014603954,34.52566852887155],[127.2094836295408,34.52051162810771],[127.21108140504211,34.52020041146275],[127.21229773391782,34.51654050087373],[127.2078761616765,34.516900621159486],[127.20714038732427,34.52104444984354],[127.19829980363703,34.52760749626868],[127.19436736019725,34.532373314386135],[127.18374765305175,34.53132919905518],[127.17869966625209,34.530909683773324],[127.1737489169518,34.526356907745715],[127.17623609998445,34.52416112699215],[127.1738377393721,34.52056926598972],[127.17229406791893,34.52009117999345],[127.16906966556756,34.52211047329578],[127.16775156169386,34.52575139971539],[127.16175780337397,34.52422483509321],[127.15341795637934,34.52388476020723],[127.15193746565758,34.526078820793394],[127.14838214806672,34.52424166189865],[127.14806129349351,34.521047194577015],[127.14581871189336,34.52101585245087],[127.14286536834,34.52330207069069],[127.13835999630336,34.52285028677745],[127.1358163718143,34.523510779952325],[127.13406126917086,34.526638676921195],[127.12860287966426,34.52817903209885],[127.12287800259898,34.52888637210721],[127.12113017452283,34.530128763219224],[127.12065931982323,34.53455752050531],[127.12183311828595,34.53964235302985],[127.12125166875009,34.54091442138071],[127.11213818599857,34.546166528275364],[127.11346790270721,34.54914673730097],[127.1147504791506,34.55639289269499],[127.11321637511858,34.55933189329375],[127.11932334670936,34.564762877658545],[127.1227744187709,34.56710922935912],[127.12836379052834,34.57325474782517],[127.13568466001338,34.57355384602226],[127.13308912469115,34.57592426615281],[127.13368815773755,34.57904522835763],[127.13777324271973,34.57917227158507],[127.14233996121769,34.58179774890058],[127.14430663772934,34.583987657261346],[127.144099057274,34.586706266119286],[127.14230061488672,34.58992196909342],[127.14469721112425,34.5951804886851],[127.1479424271881,34.60004335748928],[127.15064590051634,34.598505531199905],[127.1503198651376,34.594209185223825],[127.15757931993792,34.59224121655763],[127.1627489522591,34.590431323364754],[127.16941995602036,34.592802087878944],[127.17155885579734,34.595575497313895],[127.16730596403005,34.60249536201407],[127.16933695336822,34.604563847724755],[127.17211201940037,34.60526511836421],[127.17115919612216,34.608849118765505],[127.1723905613938,34.61105088752848],[127.17101020092363,34.614269870471944],[127.17129990488473,34.61771992498194],[127.17333581597012,34.62194773294955],[127.17104500230322,34.623537434640305],[127.17243935473813,34.62706105501662],[127.17852583753688,34.63009773542485],[127.1823792055248,34.63449440991059],[127.18538902757194,34.639539901846504],[127.1895994785723,34.6436573209739],[127.19387962688221,34.64383465232657],[127.19583934765372,34.64614185152481],[127.19582658488106,34.6512736246626],[127.20293868950367,34.638304028096634],[127.2018408405824,34.61749733399384],[127.19769675395598,34.597959825133366],[127.19954746882253,34.59534212689959],[127.20576818289081,34.59237052586897],[127.21170655695505,34.592665593753594],[127.21619763821371,34.59107650660292],[127.22536592426702,34.58470264223337],[127.22486813743845,34.586783507593715],[127.22145047941926,34.58816024775501],[127.21745363388405,34.59114401521463],[127.21226878466082,34.59382232546729],[127.20671834706846,34.59381766493959],[127.2043122471766,34.594612575940495],[127.20181208909509,34.59702018831363],[127.20220844050904,34.600483084626696],[127.20755397388558,34.628729327924056],[127.20944518373533,34.62979050068371],[127.22207424967294,34.63352912721044],[127.22557064334053,34.63903611570658],[127.22759569165859,34.64352419578113],[127.22716218435325,34.650551998324495],[127.22736702266147,34.656838855412175],[127.23047168976423,34.67051357238701],[127.23264372572949,34.67855222845658],[127.23428908677094,34.680553240338654],[127.24101247836836,34.68146344278233],[127.24367631812173,34.68514255029035],[127.24124855037913,34.68882563364945],[127.23861546259882,34.688676115230265],[127.2365468914878,34.69200822743601],[127.24049543342159,34.692356699454066],[127.24195216473139,34.69452919674556],[127.23954912134124,34.69672232734824],[127.24046096844593,34.70038731162402],[127.24406947109128,34.70020127963024],[127.24764393441077,34.70220008741703],[127.24607960875304,34.705668457634005],[127.25027377221548,34.70623109529089],[127.25225604310513,34.70398823973938],[127.25388758508146,34.707507480853295],[127.25123512549945,34.708619495810275],[127.25287690395953,34.711287998687325],[127.25864418343252,34.71242294238399],[127.26238586864899,34.7158583830672],[127.26485123452119,34.71372051153616],[127.26863860464447,34.71237396402222],[127.27143116828915,34.71361619768897],[127.27481943616861,34.71725972620576],[127.27498060515978,34.719742827002435],[127.2811732248494,34.71844182269315],[127.27834949245458,34.714671853491225],[127.2771601114104,34.711684049096945],[127.28042616104102,34.710763685119844],[127.28212656719697,34.70601701331633],[127.2818704360196,34.70080946289808],[127.28631070487393,34.69825002112735],[127.28689025292454,34.69545913954057],[127.28538313857733,34.69449823043551],[127.28642592148042,34.69108809130802],[127.2825010099905,34.68924011599503],[127.28055918538551,34.686823408696114],[127.28118480144921,34.677534263118964],[127.27813468320271,34.67729421959104],[127.27948304744686,34.67299172620115],[127.28449561385654,34.67172651265221],[127.28622245661666,34.670492768649126],[127.2866309883738,34.66751404049891],[127.29149169900947,34.66807943298076],[127.29441319763482,34.66752517928118],[127.29738824996224,34.66914194698272],[127.30395646778122,34.66712201465319],[127.31100476894729,34.66672870732738],[127.31464909922371,34.66520597753273],[127.31796332760207,34.66949581927104],[127.31951196441943,34.67141377951928],[127.31846587381682,34.67305577507732],[127.32016128427858,34.67864488426213],[127.31752969450874,34.68207912990491],[127.32156668205846,34.686065138255984],[127.32697446549508,34.68946587851709],[127.32598541634378,34.69245076860029],[127.3307770196006,34.70089619208358],[127.33190935306895,34.707057283876956],[127.33464229485467,34.70880700939938],[127.34240273458813,34.70877872428447],[127.34398383715254,34.70949805054161],[127.34395606916705,34.714532347644266],[127.34034147910778,34.715506206363976],[127.33859270002074,34.71315523294884],[127.3344664584052,34.71342358544195],[127.33255104892773,34.714799460552555],[127.33134878156699,34.72057642259519],[127.32867222212133,34.7264945941205],[127.32731790567465,34.735934817930065],[127.32619315568368,34.7479273119403],[127.32653072246967,34.7515394875388],[127.31533914382958,34.752948149696536],[127.3100301835433,34.75219085592465],[127.30357122893929,34.749590338225346],[127.30168114022015,34.74415745640048],[127.29723978782428,34.74239681561638],[127.2952998534448,34.73808622583134],[127.29471382382097,34.73258381723941],[127.29269121863372,34.73063862079166],[127.28920275874833,34.731025080570916],[127.2887293000775,34.73293433162894],[127.2858496537248,34.735931697698256],[127.28003898810404,34.7341325899377],[127.27735507513225,34.734371562672784],[127.27883691194256,34.737960154630294],[127.27613991197802,34.740066167849854],[127.27200099147812,34.74159218495069],[127.26943040545892,34.737162025764775],[127.26577962261297,34.73547020214102],[127.264264276333,34.7318595811955],[127.25971022376059,34.73299965307706],[127.25564310748115,34.73734507586102],[127.2524124966192,34.74175996341156],[127.2530235045856,34.74415163805634],[127.25182746306942,34.74835007520815],[127.24593266863205,34.75591375353344],[127.24326278782685,34.760752763553135],[127.24487037601048,34.76618477000386],[127.24344799782037,34.770431318559666],[127.24397605463882,34.77496545713138],[127.24609598426585,34.77651037992517],[127.24743283477866,34.779686529769144],[127.2478374662172,34.78849713888535],[127.24876140268546,34.78964122810019],[127.25432151474688,34.789247052090204],[127.26272408645143,34.787514659820054],[127.2716377599682,34.79263202316037],[127.27642926587984,34.7922682068945],[127.28267544216813,34.798813642449176],[127.28739977161243,34.80715178675505],[127.2910192743825,34.810797958856064],[127.29771450521687,34.80906760671827],[127.30341682065567,34.8091011076881],[127.30589962463331,34.81075763736364],[127.31062136876899,34.8103894311177],[127.31362059571885,34.81147442794707],[127.31926300357246,34.81086597651419],[127.3256357770142,34.820279124691616],[127.32982655743533,34.82390208238121],[127.33734636468549,34.824380359656814],[127.34067302572181,34.82783906440466],[127.34312166586896,34.82787971494185],[127.34717176194144,34.82513669064705],[127.35273155428554,34.82526329060495],[127.35480656185894,34.81877270969834],[127.35790672962754,34.816340862867385],[127.36274863499112,34.817086686815124],[127.36616708398041,34.815057480755655],[127.3722640307173,34.80665426426905],[127.37802859116219,34.806155223844755],[127.38367660937305,34.80227214590679],[127.38366838729173,34.80049069803585],[127.38711494877239,34.79692404066596],[127.38602079859079,34.79238351465709],[127.38741932922683,34.78999847087253],[127.39108077206235,34.789991846681616],[127.3899141795223,34.78642194664562],[127.3868827356105,34.783731021520104],[127.38667178605647,34.779046133065876],[127.37431509793412,34.77981735971989],[127.36956327721138,34.77873334264297],[127.36883806578012,34.776996104725804],[127.37406605120417,34.77798577330917],[127.38329937817414,34.77621575028322],[127.38778117220568,34.77475044539201],[127.39298297072531,34.77669289345825],[127.39543178005408,34.773419865413196],[127.39973125547147,34.77072120393286],[127.40228766553697,34.76662094872986],[127.4000966402475,34.761031798062106],[127.39728840854097,34.75675511078338],[127.38916957112227,34.751702116874654],[127.38670261162352,34.750984359704404],[127.38283331645964,34.751431891787114],[127.3806297234632,34.75056806896975],[127.37328641094123,34.74152084861342],[127.3753766810166,34.7368278710347],[127.37949835760713,34.73398534260112],[127.38044377985867,34.72912094737307],[127.3790284909084,34.72738393188499],[127.38301019742634,34.72299790759557],[127.39123676829949,34.720339653257554],[127.39254488296802,34.71811928844417],[127.38795906177691,34.716594717382335],[127.38764987254103,34.71473080033265],[127.3964255614195,34.707134694781715],[127.4011838183421,34.70854148893772],[127.40268432587693,34.70618231370283],[127.40647855733967,34.7045752000149],[127.41084396280053,34.70536045095711],[127.41474629898356,34.70695287399812],[127.41917453098058,34.70326253831347],[127.4227063743768,34.70143075324089],[127.42545926641198,34.703433823700365],[127.42942671749057,34.70276076480269],[127.4353076772733,34.70072634889966],[127.44026366073786,34.69761037837682],[127.44269292001012,34.694781874900364],[127.44345370733006,34.691290021146926],[127.44599078573063,34.69268394827825],[127.44397943286262,34.69470250237725],[127.44556924353968,34.69712149856798],[127.45204737700118,34.6949934190135],[127.45322714874166,34.691271260997254],[127.44792255417637,34.687753852440125],[127.44868048697741,34.68278705976902],[127.44357992839507,34.68225793138348],[127.43452021956425,34.689321162760464],[127.43018372356853,34.690327186135804],[127.42804349178938,34.69270360468403],[127.42725955189955,34.69547824814978],[127.42508612720445,34.698017999623325],[127.42026841209415,34.70138318681056],[127.4168223574854,34.70092623604882],[127.40756203220153,34.70261708034738],[127.40253084955417,34.70292590727377],[127.40414138773234,34.700111853901284],[127.4080511886605,34.698825308339366],[127.41067970982922,34.69650697536626],[127.41380163322107,34.69618432788597],[127.42425293506562,34.69143712133852],[127.425359552644,34.68774901132872],[127.4287515548791,34.68261559774096],[127.43293717083945,34.68065240213861],[127.43338405657366,34.679184696562196],[127.428919152453,34.6764951977904],[127.4324113263346,34.675727739915594],[127.43805959013734,34.679526613538826],[127.44297874092676,34.67554972185588],[127.4469732255196,34.67431480599462],[127.44947378498819,34.671490274010424],[127.44591980843406,34.66787195566699],[127.44817523504037,34.666045890837495],[127.4452425429028,34.662659210722985],[127.44840893331957,34.66222420896993],[127.45331878618006,34.66583679482841],[127.45354623950212,34.667963937604085],[127.45762987778708,34.66916034192851],[127.45727855030933,34.66637109851889],[127.45987472764571,34.66472194512061],[127.46681844174378,34.662238881111],[127.467480427105,34.66514044930703],[127.4639028345895,34.66634142992325],[127.46241420834467,34.66967931105609],[127.46296266671447,34.67108631125035],[127.4671741588806,34.67112473138365],[127.47215722575665,34.673654776830276],[127.47760103077857,34.67189858772974],[127.47840166452758,34.670499020545755],[127.47716799561637,34.66623971030099],[127.47496899259802,34.664557373640186],[127.47470625738528,34.659408671644755],[127.47532539879552,34.6567801961959],[127.4794104403965,34.65429907217381],[127.48132716708285,34.65171998810003],[127.48623516163855,34.65226234875088],[127.49039358154454,34.649602256972436],[127.49234140834635,34.64424042862913],[127.49053201526851,34.642218481402494],[127.48705955847406,34.642279646021315],[127.47831411446361,34.64652901629993],[127.47494543461275,34.64523577588699],[127.47335775749083,34.64301763743252],[127.47379784900906,34.640942827959314],[127.46907181647943,34.641214846601336],[127.46751889481062,34.64246107576181],[127.46363111997049,34.64920175723463],[127.45869280042992,34.64732017989244],[127.459995840896,34.64449097835539],[127.46198462551823,34.64314218805391],[127.46199238478569,34.640678785135435],[127.4684740564413,34.63803781469728],[127.47210632512329,34.63806126700173],[127.47455164742102,34.635585705948984],[127.47682967258729,34.63505422704915],[127.48170768234466,34.6355897125592],[127.48319754218537,34.636891131482734],[127.49155218405508,34.632611808608715],[127.49253873743396,34.636395602755506],[127.49677072098848,34.63209517802446],[127.49465107329443,34.6265011582268],[127.49884616073889,34.619035845334444],[127.49763799134982,34.61487017896921],[127.50300913603859,34.61066498152869],[127.50624811910521,34.603804258338045],[127.50616931335908,34.59189448228152],[127.50225520652948,34.59328109242683],[127.49927140457892,34.59070005665996],[127.49713456800956,34.5901701588663],[127.4955786066704,34.587458288573345],[127.49619683736303,34.58536469925944],[127.49204302513748,34.58256443864608],[127.48922128386538,34.58226484407087],[127.48665044187713,34.578375156437666],[127.4877176405384,34.57364406743745],[127.48182168671589,34.57593239277914],[127.48228721634908,34.577610893536686],[127.47802982413309,34.57860826709289],[127.47570900667081,34.57783603762744],[127.47691803572349,34.574016377950585],[127.47360777121983,34.57350573682908],[127.47119199072104,34.57669355879574],[127.46863076168657,34.57803484850045],[127.46489841501848,34.57823898423063],[127.46051186946558,34.58106692469595],[127.4611470220966,34.58415321524831],[127.45931786719076,34.58842124072355],[127.46167873527286,34.590801535540635],[127.45808166747607,34.59142628128017],[127.4564194847139,34.59037597388123],[127.45785109699031,34.58549823698302],[127.45652491707516,34.583622269245126],[127.45335063964927,34.58280497913246],[127.45188377989578,34.58045541204907],[127.44585155735422,34.577010851686495],[127.44149973937243,34.57789402095725],[127.43283765190131,34.5828178465467],[127.43451829570274,34.585249845808484],[127.43365742618707,34.58824219130134],[127.42900740402142,34.58765537839901],[127.42601037542408,34.58469091702701],[127.42186484829574,34.584306323224645],[127.41882402682322,34.5823209188968],[127.41409186581681,34.58490245130291],[127.41077032231479,34.58992055913913],[127.40866201445202,34.58976147490118],[127.40130933198817,34.589603246280184],[127.39878206316577,34.5886436672457],[127.39542759201642,34.58680267763134],[127.39405961759941,34.58130310219213],[127.39586277374791,34.5784757372849],[127.39913412933336,34.57621614442204],[127.40375413120032,34.57847486520418],[127.40619532693154,34.580559645754256],[127.40873512122226,34.57993170303202],[127.40713113205665,34.575988692010604],[127.40394273764613,34.57311140132849],[127.40426599326018,34.56914884314871],[127.40842310084865,34.568538649943065],[127.41489280560108,34.56892767519488],[127.41722390617092,34.57180999970064],[127.41993808092506,34.573125970541305],[127.42662597227996,34.570853366185986],[127.42959738895357,34.565809022404665],[127.42887927378435,34.564670278605746],[127.42097605468476,34.56712335298451],[127.41915961393684,34.56322139147149],[127.41494091097827,34.56363432735223],[127.41075277815673,34.5626399666477],[127.40972026137689,34.561305010249825],[127.40621511407979,34.56074472360411],[127.40267692793574,34.56342267629219],[127.4066945265609,34.56630570900021],[127.40419902317561,34.568757149958095],[127.39630107413198,34.56380529841473],[127.39703180422555,34.5592933129991],[127.40525648541782,34.55791610661227],[127.4097088637741,34.55556242809912],[127.41361949641616,34.558665236720465],[127.41751338608898,34.558611662121876],[127.41531769573476,34.55573096424586],[127.41878682675578,34.554886105004236],[127.41719761630972,34.55216249817418],[127.42625896370794,34.55285799518883],[127.42752709464061,34.555205572765956],[127.43118479659023,34.55433588591701],[127.42799358263356,34.55138380216525],[127.42872472712354,34.54965502551533],[127.43257078415535,34.552277160904076],[127.4373018318576,34.55031932974778],[127.43824589361026,34.54868398552349],[127.43414453799559,34.54576228113535],[127.43266301792733,34.5432347595416],[127.42808698386246,34.544188851760495],[127.42657620497327,34.54309203695582],[127.42790182558119,34.54007302657107],[127.43067002115647,34.54154329359342],[127.43545040979944,34.539862026968386],[127.43595248285882,34.53630470589676],[127.4324522942911,34.537051995592314],[127.42828958155022,34.53675317297518],[127.42696261859864,34.53091100420127],[127.42341416255276,34.52929701198518],[127.42505028318595,34.523533235839245],[127.42745550304572,34.52035367504338],[127.430318062012,34.52073324173455],[127.43100305369228,34.51858840880094],[127.42528021333217,34.51729764127286],[127.42971915903442,34.51530017304596],[127.42934145559728,34.51182679084484],[127.42537042825373,34.51138703597297],[127.4250884619629,34.51394240668443],[127.42176778124619,34.51383521500431],[127.4178726324646,34.51513146811537],[127.41821982180329,34.51823165229921],[127.4148579831475,34.520861953831925],[127.41313911577802,34.51961856926739],[127.4056891521242,34.51809577487872],[127.40431550579993,34.513847274515456],[127.40730642310145,34.511802467204575],[127.40525371400888,34.50983388501231],[127.40400408820807,34.50498912343918],[127.40091925073875,34.50427995888136],[127.39463902020012,34.50530333869861],[127.39176641216653,34.506710724576244],[127.3925795470275,34.50901944885057],[127.3894432275255,34.509718047610804],[127.38791591737737,34.50658399424451],[127.38567186469106,34.505015254348514]]],[[[127.08953478785217,34.59800088956127],[127.08884498074869,34.60452806657949],[127.0922274252419,34.60860920674199],[127.09700766896569,34.61251086402424],[127.10044938581979,34.6093966920523],[127.10701201718639,34.60472534953203],[127.10984495326427,34.59852755721571],[127.10941761650922,34.59604871721148],[127.10475606635289,34.5978648429449],[127.10165995428495,34.5982189475196],[127.09770202242917,34.594837520036926],[127.09127327813758,34.59585130872776],[127.08953478785217,34.59800088956127]]],[[[127.31964978349696,34.436344395112584],[127.3211544663629,34.43693537205431],[127.32289253611651,34.43573492141138],[127.32774869888893,34.43457806540817],[127.3274819533668,34.43246494124274],[127.32187495340824,34.4331965353061],[127.31955055063378,34.43220279209082],[127.31964978349696,34.436344395112584]]],[[[127.30933831029989,34.43056021167563],[127.30600253174484,34.43015234245109],[127.30224772318034,34.433167547548045],[127.30345920823105,34.43600835708668],[127.29695759504975,34.43757938920395],[127.30138891923738,34.442807358963286],[127.30286568406284,34.44240827700273],[127.30975621255801,34.44236178053201],[127.315661168659,34.44054236341017],[127.31513738388529,34.43785985440002],[127.31245324972475,34.43320888634119],[127.30933831029989,34.43056021167563]]],[[[127.2959561251313,34.43957145430349],[127.29628954556225,34.43710899700768],[127.29389139743571,34.43607024912039],[127.29177694390805,34.43816390190526],[127.2959561251313,34.43957145430349]]],[[[127.4052094231238,34.47470450529779],[127.39964911488889,34.475789153148575],[127.39713537087154,34.47955935861699],[127.400983779502,34.481921763129726],[127.4051195609844,34.481101240677326],[127.40755589266884,34.47794056603276],[127.4052094231238,34.47470450529779]]],[[[127.34721750171279,34.477694148736006],[127.34723912027587,34.48049766895925],[127.3503745402592,34.479941314544405],[127.34983426775479,34.47769849564647],[127.34721750171279,34.477694148736006]]],[[[127.39677158768669,34.49360685854669],[127.39953514374909,34.49085838581381],[127.39792875181757,34.489536859696194],[127.39373948343794,34.4929888574222],[127.39677158768669,34.49360685854669]]],[[[127.42508201689931,34.58098089602646],[127.42384235381614,34.575561556039965],[127.41667882855555,34.57914854823032],[127.41721149153923,34.58178276887824],[127.42508201689931,34.58098089602646]]],[[[127.41212299016355,34.710179377484835],[127.41305900273284,34.712347091068416],[127.41634776270513,34.71433902635817],[127.41895419380374,34.71421199936202],[127.42047373675489,34.71133769126933],[127.41212299016355,34.710179377484835]]],[[[127.39681125451287,34.72418367838479],[127.39988082215147,34.72274198811305],[127.39892907173335,34.720665857646],[127.39539839628686,34.72056699784243],[127.39444473619152,34.7236445137073],[127.39681125451287,34.72418367838479]]],[[[127.30662229651364,34.72723817816961],[127.31045121386734,34.72778942478695],[127.31372216531696,34.72720469172357],[127.31563105308,34.725516764862405],[127.31571888593311,34.72252124685395],[127.31242633566274,34.71859690466477],[127.30643368063548,34.71992725755532],[127.30522417502378,34.7212394922596],[127.30662229651364,34.72723817816961]]],[[[127.54035010886048,34.44092401353473],[127.54142558132989,34.44390714488776],[127.54430706838077,34.44382757841961],[127.54628003958707,34.44220059168846],[127.54035010886048,34.44092401353473]]],[[[127.48148807913832,34.46443515188616],[127.48473969379863,34.46720578335399],[127.48829856862818,34.46664819977134],[127.49099893995236,34.46501137909503],[127.49010574485241,34.462755178081196],[127.48408716410044,34.460836103460096],[127.48376700775984,34.45911635557039],[127.49246254162162,34.45862766449617],[127.49353833069337,34.45902453876014],[127.49541004637734,34.46431599819242],[127.49761477377037,34.467366115294524],[127.5005725492674,34.46569833047648],[127.4998083052653,34.46285738162594],[127.50235556439645,34.4621280793521],[127.50655294237939,34.46760274831266],[127.50524368628673,34.46890236914808],[127.50382607388815,34.473668551426506],[127.50510666634732,34.47395365360221],[127.51450508597243,34.46223243204718],[127.51785116004672,34.459614670212126],[127.52189211303346,34.45776704807301],[127.5201191487009,34.4552105469466],[127.520927463457,34.45353833739533],[127.53590621774345,34.448835997859334],[127.53753189856842,34.44580349646848],[127.53460402422739,34.443485328695395],[127.53655056106659,34.43529657052506],[127.53832491157722,34.43329360486501],[127.53738047528901,34.42997063976467],[127.53505767206958,34.42921358414574],[127.52989726361685,34.42215680385362],[127.52730001806002,34.42256906396487],[127.52566211294399,34.424485408806554],[127.52040420760257,34.42646487998239],[127.51584705898196,34.422200167779145],[127.50961666461092,34.41962896301472],[127.5045998184589,34.41821793789709],[127.50160325550117,34.415217408656815],[127.49761220470445,34.41450286890086],[127.49270542912501,34.41183189266142],[127.48778208285492,34.41317655609025],[127.48589901169032,34.415054768347524],[127.48681971539557,34.41802839251905],[127.48891987007339,34.41956033166713],[127.49017453543148,34.42323774793844],[127.49418906318458,34.42579323653509],[127.49402407430298,34.42934491185085],[127.49122102095792,34.432967406856974],[127.48606993532226,34.43326670171138],[127.48500383700426,34.43640526611951],[127.48121003716034,34.43639563718742],[127.47944124481418,34.43253786987336],[127.47459596740389,34.43284040112196],[127.46525766100362,34.43986184365299],[127.46631737057803,34.44230332630356],[127.46124371920635,34.444480229904805],[127.46349430665042,34.44685195828081],[127.47040132631925,34.44545717155097],[127.47395429404675,34.44255772462294],[127.4822618270636,34.44248896054139],[127.4846215167343,34.44564775099308],[127.48368787708426,34.44720678027566],[127.47913779985663,34.4506660373403],[127.47259320686733,34.45245904087331],[127.46765527139407,34.45038922246686],[127.46464942011667,34.45265218143966],[127.46071275297352,34.45134900913221],[127.45994184858424,34.44982169864941],[127.45575103559337,34.44856327913008],[127.45214320625712,34.446415393096814],[127.44946348929717,34.45047583547051],[127.4524529655045,34.45199643278525],[127.45382724730699,34.45014252316265],[127.45790205727613,34.45176371597866],[127.45781510584598,34.45326456495838],[127.45432588312732,34.455949120910574],[127.45334583678661,34.467165111007766],[127.45195072654381,34.46878890975687],[127.45349930953266,34.47403814518036],[127.45516839133968,34.47620602722614],[127.45726975339272,34.476492933394546],[127.4616325952573,34.47375050546294],[127.46471936987331,34.47255925166126],[127.46886246557155,34.47258457591668],[127.46827819842724,34.46996786603147],[127.4723368654754,34.464941631751266],[127.47778468005872,34.46424924989301],[127.48148807913832,34.46443515188616]]],[[[127.442858729254,34.46526777321423],[127.44332011857315,34.466849599240355],[127.44850325736229,34.465485975004526],[127.45084949957236,34.462496717658446],[127.45181865589637,34.45656754434804],[127.44885755733021,34.45761389189859],[127.44911182929722,34.46159405567093],[127.442858729254,34.46526777321423]]],[[[127.44766989677785,34.47880407321833],[127.44622406977966,34.47678958264412],[127.44598972902682,34.470931589475704],[127.44216292697193,34.468990096637945],[127.43727659300603,34.47186238872498],[127.43680664177833,34.47494577665932],[127.44070128005953,34.47824858207086],[127.44222776010776,34.481739489017116],[127.44602656350605,34.48353587339446],[127.44766989677785,34.47880407321833]]],[[[127.4720475166272,34.5290522297802],[127.46551463210629,34.52981627031916],[127.46051760905125,34.52928482969211],[127.45942370127335,34.524997356249266],[127.46393994243117,34.52378290141484],[127.47045443339344,34.523444715418314],[127.4715240817034,34.520905945333446],[127.47401425489772,34.519828483077234],[127.47510830498838,34.51382922782214],[127.46892138427418,34.51549051596698],[127.46744127324827,34.51737440074346],[127.46418807756453,34.51711896187048],[127.45882676524225,34.515078766380874],[127.46158897262121,34.51312824231861],[127.46179337874831,34.509900932168286],[127.46486084755296,34.50815374393754],[127.46744921954078,34.51003027270821],[127.47294872102555,34.50910534726714],[127.4793672409144,34.5099494866565],[127.48206714420458,34.50853363992319],[127.48264351772538,34.50588678488328],[127.48514354854468,34.50513701511654],[127.4857162447409,34.508869652913646],[127.49034517484476,34.508737564565344],[127.49426997689937,34.503743887695215],[127.49607918514182,34.50254268903443],[127.49923157399577,34.504749622152254],[127.50228542706866,34.50423967038551],[127.50026268212588,34.49885974038938],[127.50248175907423,34.49468343758898],[127.50675992325738,34.49213086921485],[127.50561050172884,34.49035151820538],[127.5003229844028,34.48846440263273],[127.496697744011,34.48480798205767],[127.49074782723712,34.48367738130899],[127.48913386521221,34.48451934157162],[127.4882735144345,34.489639189597106],[127.48521186801246,34.485841007829826],[127.4851598263954,34.48415585422468],[127.48141223751936,34.48355206150825],[127.47659964920072,34.484300496272496],[127.47581063093821,34.48572717062883],[127.46933282844691,34.486377316237196],[127.46131741768492,34.48418431627387],[127.46298794419367,34.48248974790492],[127.46240957911353,34.47939877437604],[127.45881392431932,34.4784787804391],[127.45673243432341,34.48084451602605],[127.4533509327191,34.47878315351171],[127.45061574832404,34.48079830586863],[127.44986615477468,34.48606115237056],[127.44756664585853,34.48845491293813],[127.44555575024643,34.487744555593274],[127.44083378149732,34.49184629852736],[127.4442281921145,34.49668365600564],[127.45055681832737,34.500253593941686],[127.45800178362066,34.50213056699991],[127.45767772485081,34.50566289667917],[127.45417625532626,34.505339700988245],[127.45205983478758,34.50797111665702],[127.45475305879232,34.511232491174304],[127.4518352507864,34.51451458950421],[127.4483873851282,34.51678017708361],[127.4459746050292,34.51726773216273],[127.44161005764488,34.515694347865946],[127.43893928957606,34.51618220141366],[127.43408661589807,34.519034652436005],[127.4350357219638,34.521897379552264],[127.4395998621707,34.5240349665525],[127.44116025835065,34.52627327414022],[127.44241336850475,34.53043497638828],[127.45268727879017,34.54171274223391],[127.45361329662555,34.54393282814226],[127.45857131883884,34.54569301369108],[127.46544654408778,34.543802966054834],[127.47076044907156,34.544605343271684],[127.47560412717267,34.54230387023724],[127.4787243310487,34.53762304988971],[127.47824302950413,34.5349833603817],[127.47406624023061,34.53004091709022],[127.4720475166272,34.5290522297802]]],[[[127.45220787606713,34.54778335294297],[127.4527947375784,34.546277035143405],[127.45066121977239,34.542304248782976],[127.44551227267863,34.53815507987858],[127.44243829118524,34.538637869035554],[127.44087209303868,34.54111209045343],[127.44433791963043,34.54333350603681],[127.447419428724,34.54752510277797],[127.45220787606713,34.54778335294297]]],[[[127.46587579721869,34.56381705897853],[127.46618438898055,34.568440642209985],[127.46888313531852,34.570207116334785],[127.4710162555538,34.564493085797004],[127.4671884918947,34.563224889818834],[127.46587579721869,34.56381705897853]]],[[[127.45478405724506,34.57085930812022],[127.45761879457515,34.56979089292831],[127.45992827326351,34.563967974781306],[127.4567335742786,34.563377806596776],[127.45441770558618,34.56623619692138],[127.45317999810723,34.57056646539861],[127.45478405724506,34.57085930812022]]],[[[127.44384925186586,34.56808981232409],[127.44315120366294,34.57220897076415],[127.44567651650237,34.575992330931946],[127.449503970734,34.57484504868126],[127.44916329506913,34.5718137451268],[127.45122311713196,34.56918750763874],[127.45319919706319,34.561618290936856],[127.44876093694265,34.56275444035168],[127.44797433183851,34.568180341890034],[127.44560325035731,34.56655044068096],[127.44384925186586,34.56808981232409]]],[[[127.45372579449013,34.68307791154726],[127.45032979914323,34.68557685078442],[127.4531777159304,34.68633856638858],[127.45372579449013,34.68307791154726]]],[[[127.46225488562315,34.68822489211405],[127.45914195112424,34.68553115243504],[127.45814394451352,34.68289115254711],[127.45469273094649,34.685081800076695],[127.45485022876021,34.687666192136945],[127.46147940187454,34.69293460968148],[127.46376463541458,34.69097624691671],[127.46225488562315,34.68822489211405]]],[[[127.42625639344759,34.70746837733402],[127.42744668743569,34.70471089612594],[127.42439764694171,34.702937857224335],[127.4214279378007,34.70332797141002],[127.42182481347383,34.707590587194396],[127.42625639344759,34.70746837733402]]],[[[127.44190811417477,34.71105203561683],[127.44161457673154,34.72079186808842],[127.44628824752526,34.72201864101404],[127.44824430116623,34.719908445726425],[127.4460797933708,34.710142974172136],[127.44159721882686,34.70811070461343],[127.4391301833214,34.70557499085908],[127.43562732980597,34.70847824773893],[127.43571602914591,34.71100963075718],[127.43924588024554,34.71000634349481],[127.44190811417477,34.71105203561683]]]]}},{"type":"Feature","properties":{"regionCode":"12750","name":"보성군","parentCode":"12"},"geometry":{"type":"MultiPolygon","coordinates":[[[[127.22990558119983,34.75841956271422],[127.22467516489783,34.75252569042143],[127.20938584389877,34.73756130205351],[127.21123048673451,34.734155067734676],[127.21148200131067,34.730421591566135],[127.20639357357267,34.7223819427401],[127.20580853744941,34.7181552268793],[127.1995555816457,34.7124917059948],[127.19723906567602,34.70597513537298],[127.1935361988386,34.70510110469516],[127.19060946346035,34.70293591592178],[127.18960482784807,34.69910092925219],[127.18762279947441,34.696289742854795],[127.1851307468835,34.69550150054157],[127.18072530723735,34.69253093527255],[127.17591123662059,34.69135299475268],[127.17128643654353,34.69245525083429],[127.16369763693626,34.69130983191525],[127.15626557556452,34.69174614877113],[127.15125742362224,34.69361907333782],[127.14391743014109,34.692628985014665],[127.14078174598474,34.69403353960733],[127.13574828189577,34.700091355680286],[127.13274855730079,34.7014992486167],[127.1279690175271,34.70244250057157],[127.12443092713484,34.70122276057908],[127.11918559756197,34.696477976092346],[127.11471772397844,34.693444553138576],[127.11051634565781,34.684114553911705],[127.11105162538722,34.680393742221725],[127.10723275575529,34.67683326206263],[127.10079670247985,34.67560319879244],[127.09834827187242,34.671742170651825],[127.09564382067445,34.6696127997774],[127.08757380749964,34.66917099697729],[127.08302233692044,34.665970061466034],[127.07666179416161,34.66453558314324],[127.07322793107681,34.66299919935978],[127.07229219063284,34.66109121243347],[127.0674255577005,34.66271004748174],[127.06464742142353,34.66051767302647],[127.06177554669776,34.65504209864588],[127.06288459361177,34.651068076320556],[127.06027895982284,34.650218304309334],[127.05625269304917,34.646715470894996],[127.05383407278777,34.641969633289655],[127.04662891144277,34.634706146683484],[127.0447069372417,34.64174745109457],[127.04640162608183,34.64420049759716],[127.04494498957796,34.64836756330052],[127.04197007822093,34.654419092722826],[127.03683296140892,34.65897866774302],[127.0298317616066,34.66284889954663],[127.02678705920002,34.67179607526979],[127.0242779948667,34.675876722384714],[127.01964034692907,34.68139173778973],[127.01766259979891,34.6824521708659],[127.00498461364612,34.680471957996275],[126.99088937789278,34.6832042766852],[126.98810281556368,34.68265821534246],[126.9817054171304,34.68271800332965],[126.97958773493843,34.68456471823982],[126.98183084008738,34.687972515885214],[126.9815989651614,34.690653927466926],[126.977792572152,34.695175685399136],[126.97472064417425,34.697260740848996],[126.97563717976955,34.6998400903993],[126.97483486182034,34.70272289827868],[126.97206745761667,34.70606518959064],[126.9730797716841,34.70847950319243],[126.97575874096108,34.71003191997169],[126.98022270380348,34.709366868534964],[126.98432533284003,34.71170102992931],[126.9881969386622,34.71895783335998],[126.98875631857831,34.72176271842727],[126.99763824497934,34.7253205896783],[127.00143832537466,34.72768421795655],[127.00914457196954,34.73527080857097],[127.01339351814904,34.73449774150153],[127.01535804772473,34.73632146048312],[127.01469936908407,34.74007634983656],[127.01752158215307,34.740603305127834],[127.01616472197632,34.74130274612748],[127.01748664213699,34.74567857394649],[127.02044492158684,34.74841188228842],[127.01745030029831,34.75316818976817],[127.01636705637301,34.75856936255297],[127.01404972338639,34.76282341755495],[127.01449169628256,34.76496969007606],[127.01157734653066,34.769958578548696],[127.01322492269404,34.77142269715145],[127.02120181868493,34.77216974055498],[127.02388509123116,34.77316696165588],[127.0246772824786,34.7761194898973],[127.0240017072057,34.7788059876975],[127.01786824176791,34.78219411013883],[127.01805734834922,34.78399796007265],[127.01588827389999,34.78770756590985],[127.01832564030327,34.79614447219006],[127.01892256574486,34.804707174022916],[127.02058377430045,34.80564312163838],[127.02273060945218,34.81094026612577],[127.02286976497778,34.81370316754756],[127.0215695219538,34.81785918198398],[127.02270533242549,34.82026798668398],[127.02619381554692,34.81939963317366],[127.02843688319273,34.82036960736875],[127.03105468734753,34.82382834660286],[127.03148459257403,34.82580337666531],[127.03048961442545,34.8311125232054],[127.03101681528358,34.83405798293093],[127.03327472539112,34.83647781286443],[127.03744334243704,34.83802935894775],[127.04358139348903,34.83844252220154],[127.05421853445405,34.84365378301815],[127.05491035378492,34.84647315047712],[127.06093937634301,34.84717042114886],[127.06226118155928,34.85002177223201],[127.06276232766393,34.854039722711164],[127.06218197330658,34.85748262660353],[127.06317520818274,34.86094915747163],[127.07182556595873,34.86707530402364],[127.07475120269748,34.866827939064464],[127.07919485159277,34.868835910080236],[127.08448997380432,34.869288880012625],[127.08493784211059,34.87071502056735],[127.08907975297926,34.8740779181523],[127.08585720222993,34.88302590880458],[127.0884301921418,34.885220524346174],[127.08234887251878,34.889912808504164],[127.08193187540112,34.89234531016589],[127.084571823678,34.893795078807855],[127.08546155382835,34.89583112239621],[127.08441507455714,34.89832859213972],[127.08056220423816,34.90346828319768],[127.08001802120795,34.905350967652616],[127.08096717619476,34.91059929744876],[127.07920762052139,34.91484828682016],[127.08028473374502,34.923016625717885],[127.08121453344151,34.92665232668853],[127.08295180072935,34.92654670714133],[127.0863705975286,34.92866672417389],[127.08896988828218,34.93603354486949],[127.09160673551636,34.93758165648659],[127.09647120727112,34.93713679354024],[127.1002083545706,34.93843344679344],[127.10557265726834,34.94396142328892],[127.10624062429294,34.94543935905495],[127.10850070845139,34.9453499643179],[127.115937045284,34.95280309867047],[127.11481987404112,34.957281319836014],[127.12207442283618,34.96070735839311],[127.12771630932508,34.96868755261538],[127.13422321522827,34.96569602674718],[127.13897409980855,34.96558079102805],[127.14457663160329,34.96403085460211],[127.1516375999544,34.9650686865631],[127.15597831760358,34.967976857682956],[127.15999784284362,34.96927567399421],[127.16299587315021,34.96924170724435],[127.1732231474631,34.97382622863295],[127.17493298556175,34.977896517798946],[127.17646375225786,34.97696298313059],[127.18301536370673,34.97002327276933],[127.18661622041783,34.96881761286098],[127.19002439194315,34.97097507437079],[127.19036196738217,34.974690897591536],[127.18799097979729,34.97881830511781],[127.18838436524902,34.981305744951456],[127.19489231491734,34.98773774573398],[127.1998109132134,34.988984148792866],[127.20131206434857,34.98820156753113],[127.20483346815136,34.976522335756556],[127.20891812365895,34.972790470666936],[127.20372356776093,34.96700208891705],[127.2073380825436,34.96449638521204],[127.2120059492642,34.95816366076901],[127.21879338268349,34.956844285329076],[127.22076798981317,34.95538502595314],[127.22376287397731,34.94783585011344],[127.22377955834529,34.94012100808022],[127.2264666471373,34.937747790653546],[127.2322498239758,34.936341823011134],[127.23525322820353,34.93212201066323],[127.23681857680938,34.928735489673755],[127.23658463138555,34.925220169135216],[127.23843911762101,34.92315938905287],[127.23965787058941,34.92149818642201],[127.23525407728776,34.92032204557656],[127.23230046912845,34.91801294189077],[127.23203604885288,34.914751225562505],[127.22873688558211,34.90602514995269],[127.2288031842733,34.902054788014695],[127.22595488191764,34.89871962624031],[127.22732673163615,34.8956606540669],[127.23608670405457,34.893897221483705],[127.23964243274277,34.88978114629136],[127.24313968650982,34.88686384795796],[127.2463740768173,34.88557824997947],[127.24797180643843,34.886679601098294],[127.25232016010067,34.88450493123426],[127.25795704819689,34.886053040426724],[127.25932075078161,34.89003150527774],[127.26224639024655,34.892286111567856],[127.26414312279027,34.88999984418087],[127.26959383787018,34.89068464988124],[127.27350418595277,34.89032046963435],[127.27980953523802,34.89347704930745],[127.28361998325269,34.89796148711232],[127.29118783344218,34.90131357506352],[127.29935523840953,34.90191948213754],[127.30361771244371,34.90095998205166],[127.31000280776934,34.89600616719715],[127.31148521600616,34.89408991367137],[127.31563214181793,34.89123544154541],[127.32326791963075,34.887475811510605],[127.3240638803992,34.88457300603295],[127.32570837709923,34.883460089747665],[127.33072690031311,34.88826629753943],[127.33551825901878,34.889706478193084],[127.33652517887485,34.88726220519975],[127.33624559276868,34.88219387624964],[127.3401662474232,34.87772699960406],[127.33880371130154,34.87358460996709],[127.33968376580377,34.87034765805657],[127.34391634016546,34.8673613936089],[127.3504574787489,34.86524824876973],[127.35691045390992,34.864113551115146],[127.35914137567971,34.86476616567522],[127.36305136884563,34.86821556899111],[127.36642977659768,34.86784108334557],[127.36710251829254,34.86255341656461],[127.37224428518236,34.85924157319807],[127.37868569099525,34.85351617883186],[127.37721782092788,34.850342019895926],[127.37942882980936,34.84737653451125],[127.3787373919194,34.84534919951068],[127.38006117599197,34.84297330455865],[127.38319856518476,34.84159422482348],[127.38663972446639,34.84177896102125],[127.39212002872347,34.84011100242242],[127.39737916504262,34.84247803604572],[127.40160611815834,34.842958749203525],[127.4054892331293,34.842011518990574],[127.41350088200474,34.83687427233214],[127.41694448822587,34.83248937858212],[127.4170324847057,34.83035284510876],[127.41078513584104,34.828976201251216],[127.41053544674278,34.82767435538516],[127.40085135019214,34.82505460107572],[127.3959692877313,34.82528525077358],[127.38925702116782,34.82879457090284],[127.38510632271564,34.83464260101998],[127.37939950206517,34.83680001366496],[127.37379781372391,34.83635830313979],[127.36875464879252,34.83509059642862],[127.35908802360711,34.83759441267648],[127.35561820217399,34.8399905188365],[127.3535485947669,34.83906488063969],[127.35416595672926,34.83680526338724],[127.35956762186166,34.83523792367748],[127.3659492433179,34.8313594937442],[127.38307115097487,34.82666822051749],[127.39063627680747,34.8178928042141],[127.39196597954077,34.814548403007485],[127.39553031025642,34.81396202113802],[127.39760779551844,34.81654597253657],[127.40055108959093,34.81665643952591],[127.40435269042908,34.81498421739755],[127.41051335519545,34.81553887801111],[127.41110796525444,34.81391243450034],[127.42000276918168,34.81134499128484],[127.42325838206614,34.81335467721546],[127.42443673024907,34.8152368824207],[127.4276577099961,34.81334713704476],[127.42573668159999,34.811335107168226],[127.42231078951157,34.80966524992568],[127.41795157195615,34.80935482594466],[127.41273097067653,34.80253050138131],[127.40674395403445,34.802251395345664],[127.40246602443246,34.79937453696585],[127.39502546247358,34.796314481192184],[127.39108077206235,34.789991846681616],[127.38741932922683,34.78999847087253],[127.38602079859079,34.79238351465709],[127.38711494877239,34.79692404066596],[127.38366838729173,34.80049069803585],[127.38367660937305,34.80227214590679],[127.37802859116219,34.806155223844755],[127.3722640307173,34.80665426426905],[127.36616708398041,34.815057480755655],[127.36274863499112,34.817086686815124],[127.35790672962754,34.816340862867385],[127.35480656185894,34.81877270969834],[127.35273155428554,34.82526329060495],[127.34717176194144,34.82513669064705],[127.34312166586896,34.82787971494185],[127.34067302572181,34.82783906440466],[127.33734636468549,34.824380359656814],[127.32982655743533,34.82390208238121],[127.3256357770142,34.820279124691616],[127.31926300357246,34.81086597651419],[127.31362059571885,34.81147442794707],[127.31062136876899,34.8103894311177],[127.30589962463331,34.81075763736364],[127.30341682065567,34.8091011076881],[127.29771450521687,34.80906760671827],[127.2910192743825,34.810797958856064],[127.28739977161243,34.80715178675505],[127.28267544216813,34.798813642449176],[127.27642926587984,34.7922682068945],[127.2716377599682,34.79263202316037],[127.26272408645143,34.787514659820054],[127.25432151474688,34.789247052090204],[127.24876140268546,34.78964122810019],[127.2478374662172,34.78849713888535],[127.24743283477866,34.779686529769144],[127.24609598426585,34.77651037992517],[127.24397605463882,34.77496545713138],[127.24041935818728,34.775121920480515],[127.23899819803108,34.773470418555554],[127.23835033328297,34.76744069475058],[127.23375451381625,34.76264334013025],[127.22878205645675,34.76353668029533],[127.22990558119983,34.75841956271422]]],[[[127.43036353575026,34.77928986430047],[127.42413158248479,34.77919853511505],[127.41865608354144,34.7811356299012],[127.41584978167924,34.78484528393278],[127.41842176038767,34.785106488257576],[127.42331427069817,34.78452250439789],[127.42687000858635,34.78561052346138],[127.42958277866352,34.78386207257999],[127.43036353575026,34.77928986430047]]],[[[127.46629509278303,34.78896373058894],[127.46861892836064,34.7898049788048],[127.47002931938661,34.786947565954115],[127.46560082280628,34.78598656196711],[127.46252240365543,34.78877250525105],[127.46221457852306,34.79105276361762],[127.45843171803874,34.790065822586094],[127.45576436491378,34.790514652776196],[127.45255838386421,34.788606562137495],[127.45489291670117,34.784968118025205],[127.45402475753951,34.779945665202504],[127.45288482834319,34.77885843405789],[127.4472765776885,34.78070587151575],[127.44242506871242,34.78113766808423],[127.444985640639,34.78578018428955],[127.44895776300093,34.78754569153199],[127.44936412762293,34.79016681561945],[127.44652820216501,34.794632505972565],[127.45113913195443,34.79530575232318],[127.45333899134272,34.792033040721684],[127.4600552442266,34.792766948140695],[127.46134209491196,34.79679436888142],[127.45972537988796,34.798939358290596],[127.46120278874983,34.803177912033604],[127.46523591964115,34.8031526539606],[127.46581256961842,34.80153018142233],[127.4691032123089,34.7973623624052],[127.46936286035124,34.79339997391363],[127.46460405562543,34.793325091915094],[127.46629509278303,34.78896373058894]]],[[[127.44362575758257,34.81070716923617],[127.44419079264368,34.80725840991565],[127.44102426761127,34.80739520519102],[127.43652177626001,34.80937962668479],[127.43912659305242,34.81121436773337],[127.44362575758257,34.81070716923617]]]]}},{"type":"Feature","properties":{"regionCode":"12760","name":"화순군","parentCode":"12"},"geometry":{"type":"MultiPolygon","coordinates":[[[[126.97601130555947,34.84970646674565],[126.96959674237714,34.850335029262865],[126.96836629206479,34.84670832569129],[126.9643166110854,34.84077056941825],[126.95791100080109,34.841664524697904],[126.95655221530357,34.84089397112029],[126.94898408185121,34.839630805664285],[126.9470764390285,34.83401540543348],[126.94992485126168,34.82941015471808],[126.94366963986698,34.82463477512209],[126.94074356813951,34.824405444584045],[126.93879178360383,34.82898125426835],[126.93725410157394,34.828752531512556],[126.93275798497234,34.83120172001717],[126.93086317828009,34.82952515774362],[126.9264413832537,34.83207269689582],[126.9239742437937,34.835804062872235],[126.92112858373109,34.83699723279003],[126.92361235091843,34.83956134558125],[126.92327353304927,34.842579471045674],[126.9211876065716,34.845411663713136],[126.91845510950326,34.84507720244283],[126.908746659791,34.84658554380185],[126.90592846852074,34.84658492846169],[126.90577884667138,34.85602015823755],[126.90730389223033,34.859253382602844],[126.90414570542805,34.866755496277214],[126.89877553783606,34.87291709124618],[126.8928578338623,34.87448888761685],[126.8876670274702,34.87416998311315],[126.88460777992553,34.877197740424194],[126.88157691041792,34.87595051600053],[126.87839427094434,34.876366193549096],[126.87639805029421,34.872655969672124],[126.87038756732271,34.874406766651866],[126.86711284774815,34.872476330411025],[126.86270941436024,34.87275355389652],[126.86056802549541,34.87192875182446],[126.85873152496644,34.86922635509446],[126.85404446012602,34.86981841676485],[126.84992715924555,34.86785526032885],[126.8433635353382,34.869926309199236],[126.84113818544063,34.868225224866634],[126.83523206868617,34.86733355509371],[126.83083633392617,34.86812456049165],[126.82389167774454,34.87112085721252],[126.8337666371846,34.87763247641732],[126.83642357789732,34.88078509632067],[126.84176448720625,34.88220786602024],[126.84423504131999,34.884464285211045],[126.85010997570555,34.886495987944784],[126.86058293632902,34.88710131128971],[126.8638500663753,34.88953797206396],[126.86965986721907,34.89044812542395],[126.87114650162025,34.89502328041692],[126.87470822530553,34.897921831235564],[126.87588200316554,34.9032869228413],[126.87197698871368,34.90778035220553],[126.87244587555196,34.91705609302454],[126.86947652336333,34.91865722457889],[126.8684437464882,34.92108813390463],[126.87011556405712,34.92216294139596],[126.87293142401136,34.92631016282016],[126.87263604320218,34.92835863339538],[126.8693346481855,34.931803790182094],[126.86659282039322,34.93734085236661],[126.86641397787247,34.939370153616046],[126.8719966979411,34.947126972046405],[126.87816813589076,34.94989883093364],[126.87860498679075,34.952161013371324],[126.87928440993214,34.95548975104544],[126.88148656692802,34.95758716649871],[126.8817028840644,34.960171707809224],[126.87850507905547,34.9622230368789],[126.8764392913331,34.96597959351978],[126.87706901638649,34.96771948273486],[126.88415584769592,34.97311508391072],[126.88509949450717,34.97904119346703],[126.88749501743287,34.98096756589465],[126.8912261444141,34.98212362357448],[126.89272864108356,34.98407758223305],[126.89471849088171,34.989409488922206],[126.89022942047487,34.99424595591233],[126.88507850472352,35.001717766029444],[126.87811338224871,35.00648490593721],[126.87251222276224,35.007272128776364],[126.86863662614473,35.00962351270849],[126.86895359024001,35.011110673402804],[126.87379727353272,35.01847973337467],[126.87551761151292,35.02003569436529],[126.8800242795871,35.020506751120834],[126.882642122953,35.022469900775626],[126.8819973728634,35.02873546294024],[126.88288981784436,35.0319898383998],[126.88706615896386,35.03564700629153],[126.889553986269,35.03668923601319],[126.89260076885292,35.04170516201128],[126.89229210590888,35.04452925258522],[126.89021320446383,35.047252922628594],[126.89273089373515,35.05077911002288],[126.89675728055033,35.05201104409347],[126.89975776505983,35.055301334734786],[126.89955443587277,35.05688946723117],[126.89488581443659,35.06134282360994],[126.89572336865002,35.0722067558927],[126.8951190571585,35.07379937966637],[126.89115239035179,35.07589982064555],[126.89206178709185,35.078161321118365],[126.89540856166798,35.08080078805996],[126.89932428163272,35.081105197768395],[126.90204259193482,35.08101537906915],[126.90643916921758,35.08259557882148],[126.91077658104567,35.088455688469224],[126.916655861463,35.09117934851841],[126.91922318090944,35.091531670377485],[126.92089089859878,35.09125885922471],[126.92450088835862,35.0874694340428],[126.92411560928538,35.08624774773473],[126.9275747647448,35.08042809634521],[126.93156976826666,35.07818324961616],[126.93237573320876,35.07446503446002],[126.94395849541962,35.073426035523795],[126.94673403575518,35.07261716196544],[126.95182149541388,35.073033355071225],[126.95514645703844,35.075348194225356],[126.95860130137513,35.07893778682066],[126.95853202012098,35.08266420279981],[126.96318026722274,35.08747715764891],[126.96668552019439,35.08957839049452],[126.97409728882842,35.09177268833495],[126.98023839498684,35.092157081481254],[126.98719474161402,35.094134792121864],[126.98838029846704,35.09525315585234],[126.98875411012526,35.101279807178834],[126.98635173598795,35.10594533004173],[126.98934655603261,35.11073925224045],[126.99786645112515,35.11202326956386],[126.99756784053758,35.11457102409324],[126.99999014032961,35.117190799286995],[127.00262671711174,35.11839196792736],[127.00396210297558,35.12208853893417],[127.00907732690398,35.12440683052922],[127.01045898595657,35.1337739043137],[127.01404443787752,35.134240206323604],[127.01690950421883,35.137192295043604],[127.02034452826479,35.13838492468372],[127.02291674027938,35.13654887232126],[127.02773345530102,35.13522663747885],[127.03482125881766,35.130644454418835],[127.03788753573065,35.131416119179235],[127.04426976032276,35.12874087516809],[127.04713447380408,35.1298480421685],[127.04996188777577,35.129522286562455],[127.05567912563382,35.12589884756996],[127.05718370884138,35.12286062532477],[127.06020925109306,35.12098042221512],[127.0647699991269,35.120944389862025],[127.07201079844693,35.115844041724365],[127.07369676752934,35.11749682683709],[127.07984801223263,35.11958555345005],[127.07908460638147,35.12292122564406],[127.08537445052006,35.12643322276187],[127.08927727043803,35.1256767068303],[127.08962230409493,35.12808751147138],[127.08808070985454,35.13136259726186],[127.08538070791914,35.13471098879843],[127.08412750770722,35.1386752935932],[127.08401236562904,35.1444956832478],[127.08127117458675,35.14776774854012],[127.0735211489931,35.153052193351996],[127.07232696881142,35.15808093182038],[127.06915475184084,35.162453497025155],[127.06757157604218,35.17493449825873],[127.0634792249258,35.18116383629227],[127.06547599532861,35.18438313598084],[127.06913559715285,35.18517074486264],[127.07225749036431,35.18252231512373],[127.08097751883771,35.180242880016664],[127.09037531627605,35.181527804489846],[127.09300539564855,35.18246738449416],[127.09663944482136,35.18866696901175],[127.09869138413511,35.1882476030497],[127.10469243490938,35.19123795977474],[127.10780008011518,35.19176417099103],[127.1128227660595,35.190176889124494],[127.11426589251744,35.18839502099953],[127.11690779724312,35.18933751782153],[127.11688051838027,35.194658105453904],[127.12066989137702,35.19741439068619],[127.1254999075412,35.19694286148231],[127.12708459131002,35.19476678583462],[127.1320645745296,35.193907262768604],[127.14008165613646,35.19486130939761],[127.14534553433226,35.19426495581906],[127.15153972856675,35.19588827789896],[127.16098143897635,35.20008528712643],[127.16969859539253,35.20543193503236],[127.17401813116336,35.20955419283353],[127.17793792674604,35.2124357314548],[127.18445589707815,35.21418850284825],[127.18835517568124,35.21181448860957],[127.19170729094917,35.2059861698577],[127.19606189758731,35.204519600979964],[127.19817753590043,35.199795590902035],[127.19790777720797,35.193771064921364],[127.20167907288516,35.186016253737655],[127.19964991756518,35.183302159919776],[127.1956447155991,35.18017193240873],[127.19377323316343,35.17604437851926],[127.19385718820509,35.171572087975115],[127.18918364051652,35.16508857915603],[127.18913353283648,35.163846379438695],[127.19265919020609,35.16036250567392],[127.1953307977892,35.15941102880391],[127.19722330297746,35.15665945982626],[127.19578201139157,35.15049700894677],[127.19765255853378,35.14656531594595],[127.19688467814562,35.141488764326446],[127.19587978208912,35.13996859959567],[127.19767845109041,35.132440680137655],[127.19301352354216,35.13014366102594],[127.18988665244363,35.12498200625751],[127.18767157370833,35.12373995980871],[127.18919229140594,35.1190226206691],[127.18734613134976,35.11667434779203],[127.19052280644605,35.11241197738893],[127.18985127681653,35.10961705116095],[127.18710548172479,35.10605010268297],[127.18675529007582,35.10166605279438],[127.1830989482586,35.09877396666752],[127.18222573856802,35.09553449220949],[127.18336370696582,35.092647868435456],[127.18517132808601,35.091895318583035],[127.18464414919048,35.08435971825535],[127.18527636725406,35.069794315868876],[127.19178795186612,35.064433785190246],[127.18837321005587,35.058376936053406],[127.1849673500327,35.05606274100365],[127.1851126427638,35.05191303266541],[127.18359716396186,35.04810264080942],[127.1843163495312,35.04138485913944],[127.18350336189174,35.03464757977255],[127.18689072924901,35.02823983711158],[127.18569069664034,35.0202318107952],[127.1876972067004,35.012511184782795],[127.18252547255214,35.0106825625342],[127.17859363738337,35.00702815114146],[127.17798007035434,35.00144585939533],[127.1757450904857,34.9972965191007],[127.17762500651429,34.993381397143395],[127.17577906085069,34.991598511101664],[127.1749431904716,34.98832885305625],[127.17912748419239,34.98537742263013],[127.17825997165471,34.98170015347479],[127.17493298556175,34.977896517798946],[127.1732231474631,34.97382622863295],[127.16299587315021,34.96924170724435],[127.15999784284362,34.96927567399421],[127.15597831760358,34.967976857682956],[127.1516375999544,34.9650686865631],[127.14457663160329,34.96403085460211],[127.13897409980855,34.96558079102805],[127.13422321522827,34.96569602674718],[127.12771630932508,34.96868755261538],[127.12207442283618,34.96070735839311],[127.11481987404112,34.957281319836014],[127.115937045284,34.95280309867047],[127.10850070845139,34.9453499643179],[127.10624062429294,34.94543935905495],[127.10557265726834,34.94396142328892],[127.1002083545706,34.93843344679344],[127.09647120727112,34.93713679354024],[127.09160673551636,34.93758165648659],[127.08896988828218,34.93603354486949],[127.0863705975286,34.92866672417389],[127.08295180072935,34.92654670714133],[127.08121453344151,34.92665232668853],[127.08028473374502,34.923016625717885],[127.07920762052139,34.91484828682016],[127.08096717619476,34.91059929744876],[127.08001802120795,34.905350967652616],[127.08056220423816,34.90346828319768],[127.08441507455714,34.89832859213972],[127.08546155382835,34.89583112239621],[127.084571823678,34.893795078807855],[127.08193187540112,34.89234531016589],[127.08234887251878,34.889912808504164],[127.0884301921418,34.885220524346174],[127.08585720222993,34.88302590880458],[127.08907975297926,34.8740779181523],[127.08493784211059,34.87071502056735],[127.08448997380432,34.869288880012625],[127.07919485159277,34.868835910080236],[127.07475120269748,34.866827939064464],[127.07182556595873,34.86707530402364],[127.06317520818274,34.86094915747163],[127.06218197330658,34.85748262660353],[127.06276232766393,34.854039722711164],[127.06226118155928,34.85002177223201],[127.06093937634301,34.84717042114886],[127.05491035378492,34.84647315047712],[127.05421853445405,34.84365378301815],[127.04358139348903,34.83844252220154],[127.03744334243704,34.83802935894775],[127.03331755048855,34.83980014650909],[127.02808289379847,34.838876635317156],[127.0159667681748,34.84059123639597],[127.01422187083682,34.84000917176486],[127.01010928249336,34.841288211000155],[127.00272839117325,34.83886812153276],[127.00048511364595,34.83978148724357],[126.9976879907623,34.83796613580059],[126.99702343134562,34.83605947218033],[126.99227399262979,34.83557970279759],[126.98955966680869,34.83805694999546],[126.98597237059947,34.842680425014755],[126.9810837108486,34.84400408709161],[126.97868953453099,34.85081574045423],[126.97601130555947,34.84970646674565]]]]}},{"type":"Feature","properties":{"regionCode":"12770","name":"장흥군","parentCode":"12"},"geometry":{"type":"MultiPolygon","coordinates":[[[[126.89393788192561,34.45585021673185],[126.88311227371334,34.45616397405245],[126.87666674631369,34.456715369999436],[126.87306222977257,34.456096744331234],[126.87304417863672,34.45255656917114],[126.87814036091514,34.44953036148573],[126.88093959745432,34.445315691104334],[126.88257498020008,34.43914354996159],[126.8870070662101,34.43355296146964],[126.88711455714014,34.428590433467335],[126.8849405597623,34.42809343911166],[126.88560055915912,34.422468125178845],[126.88341106448796,34.42192074848778],[126.88081134233295,34.42576472845437],[126.88002994802507,34.430022265779584],[126.87493733188566,34.4355556610132],[126.86787242697477,34.439227722760464],[126.86566283038664,34.43396253380408],[126.86346515571014,34.436001923201765],[126.86100185699411,34.441214579734044],[126.85450663000789,34.44321586370503],[126.85028798125416,34.446827712887796],[126.84714026659849,34.44758792093871],[126.84682307100299,34.450327716420425],[126.84511598090641,34.45133857905553],[126.84550011947886,34.45339782063245],[126.85025261244748,34.45689901366844],[126.85146784258278,34.45911845551714],[126.85139729541575,34.464586167499],[126.85438593403035,34.46933083012003],[126.85429002768822,34.474197592034926],[126.85020631837054,34.47836736526178],[126.85192856671812,34.481441908214286],[126.85030497761784,34.48685540344103],[126.85104093573796,34.491726338562195],[126.85028981612946,34.49526152412713],[126.84491308168559,34.504184205301385],[126.84396418151177,34.50602259526021],[126.84556142475721,34.50852529784184],[126.84933724024498,34.51187793662194],[126.85169875224415,34.51661226918484],[126.85494904394376,34.518590768779355],[126.85677540751513,34.522644550898015],[126.85687764283266,34.525616759334234],[126.8586080340793,34.52797596976102],[126.86291480602286,34.528273019775845],[126.86528739644348,34.529486713203816],[126.86640584975167,34.532487364589734],[126.87345866979693,34.53626288296571],[126.8770588875439,34.53979278824308],[126.88159358110192,34.540170798773154],[126.88581160099643,34.544447212351095],[126.88455174521279,34.54733586380544],[126.87765470793094,34.54998744830211],[126.87621065386662,34.55196326331141],[126.8765827562116,34.560718656079466],[126.87896867363368,34.56423623327143],[126.87850569778725,34.56742139114701],[126.87666864271247,34.569935085795564],[126.87604868107374,34.57335031110646],[126.87808383261209,34.57578182116392],[126.87645066453771,34.57798677727062],[126.86971671393101,34.58296708806464],[126.86585226086503,34.59100447679068],[126.86816463513757,34.59452536791382],[126.86378411783416,34.59707951396134],[126.8567958875079,34.598974217705205],[126.85351212296199,34.60477432270839],[126.8538486704078,34.61548089609463],[126.84973301511324,34.61845432508353],[126.85396130266714,34.62192387857827],[126.85838152919446,34.62396855734335],[126.86374176161907,34.62274835432422],[126.86694551606932,34.6204255181102],[126.8699728888152,34.619731926983405],[126.87462609941922,34.62002461961671],[126.87634710524382,34.623629557111414],[126.87912212344362,34.62629372203559],[126.87403406396797,34.62999629925763],[126.87142069758438,34.63372105242841],[126.8705994301216,34.640055480568634],[126.87144534957635,34.64367151291466],[126.87388003261417,34.64715567039785],[126.87058116875502,34.647990975247495],[126.87399197514364,34.65279395445184],[126.86967959499705,34.656771984315085],[126.86648037187801,34.658458099754846],[126.86555572543129,34.660415227872754],[126.86760356449656,34.664130388387385],[126.8683668533991,34.6682720588125],[126.86749272607423,34.670351745788324],[126.86368524689887,34.67209636149613],[126.86058545852661,34.677854987974804],[126.85587311052949,34.67884075244818],[126.85566246256865,34.68164722227165],[126.85681029969662,34.68435467154606],[126.85425697057347,34.68710857898272],[126.85347169937208,34.69656740614039],[126.854660763287,34.69991822719124],[126.84839385043188,34.70760948480446],[126.84872983816952,34.71401065068052],[126.84768235927723,34.71618168048498],[126.84684298257037,34.717113789520425],[126.85101120953298,34.72259377640779],[126.84211554631672,34.72565020241828],[126.84074627540404,34.727299921406875],[126.84017751896504,34.73373656638489],[126.83539458173335,34.73637010207997],[126.83147542800448,34.737180445384986],[126.82551160012238,34.743697010730024],[126.82216171434736,34.7532427550968],[126.8188110374336,34.75700799704006],[126.81997141259032,34.759578773226266],[126.81799649952681,34.76493589408668],[126.81415688884157,34.767967375736916],[126.81703709866648,34.771585781394606],[126.81701588715158,34.77670160704419],[126.81326706466118,34.78035818311978],[126.81084945173146,34.77862477372286],[126.8054950648097,34.77837267142109],[126.80239727005582,34.7771414481795],[126.7958725288643,34.78050058357262],[126.79556253700514,34.787605059628554],[126.79322315725234,34.794223675633134],[126.79740830303453,34.79997227607645],[126.80074492258255,34.80297618751418],[126.79981852350095,34.80831359627732],[126.80105429414724,34.81376431392436],[126.80517627634615,34.818647067528026],[126.80724790786043,34.82872819501949],[126.81241808577795,34.82940079349941],[126.8188216387504,34.83122679065773],[126.82293480350688,34.83627179866662],[126.83008198103104,34.83619345986874],[126.84063409627375,34.83988459553611],[126.8438582055473,34.84001063255474],[126.84780000363718,34.84377837025867],[126.84922346041888,34.84415670456616],[126.85431660827015,34.85036129728581],[126.85448640997258,34.853096887325684],[126.85702527664975,34.8535096881691],[126.85771769571797,34.857131863693645],[126.85661001773543,34.86044180802742],[126.85890432841109,34.86253758451451],[126.85873152496644,34.86922635509446],[126.86056802549541,34.87192875182446],[126.86270941436024,34.87275355389652],[126.86711284774815,34.872476330411025],[126.87038756732271,34.874406766651866],[126.87639805029421,34.872655969672124],[126.87839427094434,34.876366193549096],[126.88157691041792,34.87595051600053],[126.88460777992553,34.877197740424194],[126.8876670274702,34.87416998311315],[126.8928578338623,34.87448888761685],[126.89877553783606,34.87291709124618],[126.90414570542805,34.866755496277214],[126.90730389223033,34.859253382602844],[126.90577884667138,34.85602015823755],[126.90592846852074,34.84658492846169],[126.908746659791,34.84658554380185],[126.91845510950326,34.84507720244283],[126.9211876065716,34.845411663713136],[126.92327353304927,34.842579471045674],[126.92361235091843,34.83956134558125],[126.92112858373109,34.83699723279003],[126.9239742437937,34.835804062872235],[126.9264413832537,34.83207269689582],[126.93086317828009,34.82952515774362],[126.93275798497234,34.83120172001717],[126.93725410157394,34.828752531512556],[126.93879178360383,34.82898125426835],[126.94074356813951,34.824405444584045],[126.94366963986698,34.82463477512209],[126.94992485126168,34.82941015471808],[126.9470764390285,34.83401540543348],[126.94898408185121,34.839630805664285],[126.95655221530357,34.84089397112029],[126.95791100080109,34.841664524697904],[126.9643166110854,34.84077056941825],[126.96836629206479,34.84670832569129],[126.96959674237714,34.850335029262865],[126.97601130555947,34.84970646674565],[126.97868953453099,34.85081574045423],[126.9810837108486,34.84400408709161],[126.98597237059947,34.842680425014755],[126.98955966680869,34.83805694999546],[126.99227399262979,34.83557970279759],[126.99702343134562,34.83605947218033],[126.9976879907623,34.83796613580059],[127.00048511364595,34.83978148724357],[127.00272839117325,34.83886812153276],[127.01010928249336,34.841288211000155],[127.01422187083682,34.84000917176486],[127.0159667681748,34.84059123639597],[127.02808289379847,34.838876635317156],[127.03331755048855,34.83980014650909],[127.03744334243704,34.83802935894775],[127.03327472539112,34.83647781286443],[127.03101681528358,34.83405798293093],[127.03048961442545,34.8311125232054],[127.03148459257403,34.82580337666531],[127.03105468734753,34.82382834660286],[127.02843688319273,34.82036960736875],[127.02619381554692,34.81939963317366],[127.02270533242549,34.82026798668398],[127.0215695219538,34.81785918198398],[127.02286976497778,34.81370316754756],[127.02273060945218,34.81094026612577],[127.02058377430045,34.80564312163838],[127.01892256574486,34.804707174022916],[127.01832564030327,34.79614447219006],[127.01588827389999,34.78770756590985],[127.01805734834922,34.78399796007265],[127.01786824176791,34.78219411013883],[127.0240017072057,34.7788059876975],[127.0246772824786,34.7761194898973],[127.02388509123116,34.77316696165588],[127.02120181868493,34.77216974055498],[127.01322492269404,34.77142269715145],[127.01157734653066,34.769958578548696],[127.01449169628256,34.76496969007606],[127.01404972338639,34.76282341755495],[127.01636705637301,34.75856936255297],[127.01745030029831,34.75316818976817],[127.02044492158684,34.74841188228842],[127.01748664213699,34.74567857394649],[127.01616472197632,34.74130274612748],[127.01752158215307,34.740603305127834],[127.01469936908407,34.74007634983656],[127.01535804772473,34.73632146048312],[127.01339351814904,34.73449774150153],[127.00914457196954,34.73527080857097],[127.00143832537466,34.72768421795655],[126.99763824497934,34.7253205896783],[126.98875631857831,34.72176271842727],[126.9881969386622,34.71895783335998],[126.98432533284003,34.71170102992931],[126.98022270380348,34.709366868534964],[126.97575874096108,34.71003191997169],[126.9730797716841,34.70847950319243],[126.97206745761667,34.70606518959064],[126.97483486182034,34.70272289827868],[126.97563717976955,34.6998400903993],[126.97472064417425,34.697260740848996],[126.977792572152,34.695175685399136],[126.9815989651614,34.690653927466926],[126.98183084008738,34.687972515885214],[126.97958773493843,34.68456471823982],[126.9817054171304,34.68271800332965],[126.98810281556368,34.68265821534246],[126.99088937789278,34.6832042766852],[127.00498461364612,34.680471957996275],[127.01766259979891,34.6824521708659],[127.01964034692907,34.68139173778973],[127.0242779948667,34.675876722384714],[127.02678705920002,34.67179607526979],[127.0298317616066,34.66284889954663],[127.03683296140892,34.65897866774302],[127.04197007822093,34.654419092722826],[127.04494498957796,34.64836756330052],[127.04640162608183,34.64420049759716],[127.0447069372417,34.64174745109457],[127.04662891144277,34.634706146683484],[127.04080276319702,34.63651256501544],[127.03239260060217,34.63274948970867],[127.03207788356748,34.63019060503032],[127.02842957090118,34.6278916257141],[127.0241546296111,34.62815162900636],[127.01972233377752,34.62630600898695],[127.01200142864731,34.62461587676726],[127.00692423970177,34.62492119136938],[126.99375738799529,34.62721470355173],[126.99088972255774,34.62644803112001],[126.98463306265056,34.627873634710916],[126.97059199502166,34.62646663400723],[126.96743748798855,34.62515314458808],[126.96381552102861,34.626126706607316],[126.96669121316945,34.623365494873674],[126.97867199725928,34.62485727304854],[126.98524604479526,34.62389488349226],[126.98800297098309,34.622844191828186],[126.99500078892966,34.622757183668824],[126.99584930826357,34.618202726708496],[126.99447134023221,34.614611628310655],[126.9975458738501,34.613560735410054],[127.00210453595582,34.61067044232144],[127.00475484952563,34.61102075967274],[127.00846516720794,34.60961921453457],[127.00910084220632,34.605327462409996],[127.0035885185293,34.60357595341303],[126.99987840212894,34.60418906748937],[126.99987851862802,34.597707686986325],[126.99701668505588,34.59674416969175],[126.99330713962445,34.594028793768615],[126.99426170862667,34.58649640330646],[126.99319294614506,34.58320551988313],[126.98898705683311,34.57920558386057],[126.98418876126719,34.575825982044094],[126.98009699408564,34.57499919165532],[126.97984258504624,34.57266095509693],[126.98547288657122,34.5688775908125],[126.99349277451853,34.56775883852074],[126.99714028947537,34.56653171711111],[127.00250049868558,34.569633952646036],[127.00554944526226,34.568196875745215],[127.00540521148207,34.56430928531956],[127.00368484127145,34.561716607166694],[127.00521229183815,34.55735566652737],[127.00325172986307,34.55466375729241],[126.99930273266246,34.56091452792958],[126.99769401102037,34.56228148947133],[126.98898349078206,34.56182771534594],[126.98657826153836,34.55576835566268],[126.98989454924961,34.55375174050355],[126.9897234569215,34.55174735196958],[126.98714584181565,34.549539310080355],[126.9861810571163,34.54628661337755],[126.98842677944367,34.54372368874453],[126.98904710585653,34.54039774778896],[126.9818594796705,34.539616740481115],[126.97744069172491,34.54338232803069],[126.97209257773638,34.542899326105434],[126.96819823593809,34.5401765456864],[126.96234608613828,34.53472026328832],[126.96026340943934,34.53088969307142],[126.9628744775827,34.5290049956279],[126.96495752557254,34.52313129582666],[126.96868677203135,34.523523226083284],[126.97157253869915,34.52565780765827],[126.97377053916993,34.52376063938473],[126.97231955712957,34.52203498644775],[126.97320644102385,34.516567761161085],[126.97489644096147,34.513807833425126],[126.97821092953185,34.51156991822895],[126.97713652516723,34.509747364920266],[126.97407870913506,34.510202735992905],[126.96800063550548,34.50973112098987],[126.96730509214896,34.5048289919608],[126.96506751580037,34.50450612988072],[126.96232900877285,34.50170949365857],[126.96232948183192,34.49955226267334],[126.96446803909586,34.498374250966066],[126.96345896101421,34.49599301012357],[126.96712122112993,34.49159004168736],[126.9719343881918,34.4888325482429],[126.9766142227169,34.48731171091587],[126.97882681630853,34.481208758917624],[126.97859124855087,34.47877982513744],[126.97628830610414,34.476233619896895],[126.97653890520442,34.473814346112434],[126.97863573363806,34.47138670022162],[126.97554846008525,34.47073049276012],[126.97520407667349,34.474647592458005],[126.97201457817478,34.475250265207976],[126.96813218524167,34.478309586453186],[126.96238234424466,34.471778948873904],[126.96209689520931,34.46926157298015],[126.95731940972803,34.46849304293888],[126.9544001484307,34.470140734974606],[126.95420742984129,34.4720518044919],[126.94877748707029,34.47710336576647],[126.94863681993401,34.47908046497206],[126.94500367498821,34.48323166270441],[126.94133110695199,34.48240578316275],[126.93936345632285,34.4805112405806],[126.93780402691597,34.47585782529643],[126.940944399486,34.46995815962399],[126.94146219741909,34.462438289096276],[126.94474981421594,34.46112687180313],[126.946577683848,34.45907088553799],[126.94700336780835,34.45642770045646],[126.94304607351114,34.45382652960937],[126.93938544517957,34.45022926907033],[126.93791356376215,34.447679952131736],[126.93017485711749,34.446714651263534],[126.92727215748529,34.44814492774974],[126.9255528694509,34.45265739083359],[126.89961654046382,34.45526711274383],[126.89393788192561,34.45585021673185]]],[[[126.96789306184795,34.455713494348466],[126.96592496297644,34.44932509453437],[126.967132518998,34.44702530621536],[126.96564702141262,34.44519043970199],[126.96245189562103,34.44835369869321],[126.96442233589079,34.45254966627675],[126.96164100298424,34.455124063653855],[126.95851377783174,34.46027635949991],[126.96213042423645,34.46537074303217],[126.96369237546345,34.46551775790598],[126.96940763088914,34.462712358321646],[126.96737960109247,34.45999521152887],[126.96789306184795,34.455713494348466]]],[[[127.01146398478464,34.61113165350085],[127.01129625395818,34.613476234503544],[127.00877743081314,34.61661168830063],[127.01086568790967,34.620809389565984],[127.01323521586549,34.6207283226875],[127.01534138336072,34.61908338488619],[127.01560224461633,34.61272530687105],[127.01473389910538,34.61098917434704],[127.01146398478464,34.61113165350085]]]]}},{"type":"Feature","properties":{"regionCode":"12780","name":"강진군","parentCode":"12"},"geometry":{"type":"MultiPolygon","coordinates":[[[[126.76607838566375,34.49835275423588],[126.76071382453951,34.497291854186],[126.75806397028256,34.49376150720564],[126.76066781234921,34.491187500518265],[126.75733564030718,34.49062096436153],[126.75483336101581,34.49211616985349],[126.7493220272155,34.49125403512473],[126.74071577432294,34.48811715708214],[126.73846041740148,34.486000146539276],[126.74119402931524,34.480359612964726],[126.74720068100783,34.4780924249615],[126.74944418565518,34.472987434839496],[126.75398204308947,34.475065673397914],[126.75358015898266,34.47157367688636],[126.7481921871046,34.471886888851486],[126.73485039066526,34.45461948400507],[126.72849654251287,34.4578928738244],[126.72104470008742,34.46391063332621],[126.71693001296352,34.470483549908224],[126.69794983141001,34.47114832188554],[126.69182998371143,34.470328599305084],[126.68997877021116,34.46807784891687],[126.68413502595301,34.4696202417178],[126.68239953491269,34.47377027337847],[126.68389790086538,34.4826176403578],[126.68289901879534,34.49036330423896],[126.68576724573255,34.49301968488352],[126.68643330161937,34.499894013828836],[126.68527054792541,34.50245328741449],[126.6863658550928,34.5091714380753],[126.68144704255214,34.51113968929955],[126.68044330930587,34.516226148742675],[126.68403133834835,34.5198688828336],[126.6861536620987,34.52310801526427],[126.68493444745708,34.52800302361812],[126.68284480327411,34.53036611866507],[126.67954367406193,34.529838435343244],[126.67492648865746,34.53113872432238],[126.67131281369532,34.533974828989855],[126.66890808248593,34.534731980240196],[126.66757210873732,34.53876139278333],[126.67226288672163,34.539060500350814],[126.67963314306517,34.54220041538752],[126.68425338729982,34.54594130227203],[126.69032665317155,34.55285371548794],[126.69315665992539,34.5571743601192],[126.69316520554837,34.5597457595347],[126.69508023888852,34.56380751247349],[126.69197174779964,34.56641280160823],[126.68729399894278,34.57277262622609],[126.6829919465822,34.57599506255126],[126.6801311377074,34.58153003334996],[126.67992180219973,34.586230733610556],[126.6764025340304,34.58742058539182],[126.6718269356087,34.59199023672268],[126.67270933745226,34.59401560553869],[126.67571319709786,34.59852984934138],[126.68149524217941,34.6013915691401],[126.68840042859019,34.60711966202419],[126.69001092214897,34.614309220057855],[126.69045697837569,34.61854527902455],[126.69283238249008,34.623393660254514],[126.69593579852898,34.62446019566853],[126.69875778451198,34.627886390476135],[126.6980543300956,34.63014819815354],[126.69360840948568,34.62845471828271],[126.68814996470029,34.6316143244811],[126.6823299106409,34.6326981262972],[126.68363492264866,34.63595190057901],[126.68829621243542,34.638860253837265],[126.69018145733423,34.64502091051933],[126.69307432090511,34.647790746975694],[126.69724192037735,34.649961491580434],[126.69630182903846,34.65398337689657],[126.69211097747086,34.658025711029396],[126.69437907370657,34.66095641440041],[126.69831199289877,34.661042731260686],[126.70171204384798,34.66205212675508],[126.70189748479129,34.66519382057743],[126.69843638372886,34.67159384533942],[126.70236149637141,34.6747894868028],[126.70565773120818,34.68170038449709],[126.70141721641792,34.68414586278058],[126.69606396116922,34.683203337436225],[126.69209011260662,34.68587038947166],[126.6872160182677,34.685703063149695],[126.68150510544407,34.6870338916267],[126.67782176309903,34.685360485074185],[126.67432123678441,34.686402603447554],[126.67311896660057,34.68891487289679],[126.67006206434786,34.69100774403872],[126.67189113934528,34.69393165842831],[126.67335486412036,34.699659837576135],[126.67533473477101,34.70164933965311],[126.67452853816026,34.704473591909895],[126.6721352522154,34.706479905547965],[126.6744050546745,34.70949799683884],[126.67841141407953,34.7105364750876],[126.68139230638549,34.713042416546585],[126.67935745366805,34.72067408719404],[126.67801984850948,34.72231214757754],[126.67421320234074,34.72310134331749],[126.66498357341916,34.72243384850452],[126.66262754234882,34.72783745529978],[126.65637442244929,34.730589206431276],[126.65615565745912,34.731693194496245],[126.65783654286427,34.73412561730689],[126.65985017337783,34.734419163096746],[126.66706178883959,34.73966373925801],[126.67082583763467,34.74156125659249],[126.6763051321902,34.747493637497826],[126.68053219765056,34.7534011343446],[126.68433397643601,34.75243014596033],[126.68686034747601,34.75391878441931],[126.69235112557503,34.755398141580876],[126.69606805738901,34.76044498292181],[126.69957922099452,34.762086606746706],[126.70242014437167,34.765647441760855],[126.70485851627481,34.76688999020332],[126.70982745615994,34.76567749814134],[126.71035074054483,34.76339176645184],[126.71399033416252,34.76049038901241],[126.7178448099951,34.76108278867132],[126.72203889682433,34.758979552224964],[126.72643782225116,34.7594106246705],[126.72914184707908,34.76111156073067],[126.73227297744126,34.76031671146484],[126.73465062721111,34.75701188743245],[126.73794346992712,34.75623267107494],[126.74325128995075,34.756728175669615],[126.74651548803537,34.757442458294754],[126.7480488802037,34.75945163864774],[126.74883457775628,34.7632130196171],[126.75103357665682,34.765060904800215],[126.75388630942211,34.76555395520628],[126.75576674048499,34.768676024970716],[126.75884263362532,34.77032251740823],[126.76190327515673,34.77047473830563],[126.76339766167601,34.774497264032505],[126.76274099941428,34.77727241670009],[126.76490276793194,34.781703001840015],[126.7699857849974,34.78397837865744],[126.77009246753636,34.78581081608759],[126.77646608801335,34.785638975426366],[126.78053621451791,34.787709007496915],[126.78271517271769,34.78647051312564],[126.78406872753942,34.7808698849626],[126.7883763289484,34.781062124135445],[126.7958725288643,34.78050058357262],[126.80239727005582,34.7771414481795],[126.8054950648097,34.77837267142109],[126.81084945173146,34.77862477372286],[126.81326706466118,34.78035818311978],[126.81701588715158,34.77670160704419],[126.81703709866648,34.771585781394606],[126.81415688884157,34.767967375736916],[126.81799649952681,34.76493589408668],[126.81997141259032,34.759578773226266],[126.8188110374336,34.75700799704006],[126.82216171434736,34.7532427550968],[126.82551160012238,34.743697010730024],[126.83147542800448,34.737180445384986],[126.83539458173335,34.73637010207997],[126.84017751896504,34.73373656638489],[126.84074627540404,34.727299921406875],[126.84211554631672,34.72565020241828],[126.85101120953298,34.72259377640779],[126.84684298257037,34.717113789520425],[126.84768235927723,34.71618168048498],[126.84872983816952,34.71401065068052],[126.84839385043188,34.70760948480446],[126.854660763287,34.69991822719124],[126.85347169937208,34.69656740614039],[126.85425697057347,34.68710857898272],[126.85681029969662,34.68435467154606],[126.85566246256865,34.68164722227165],[126.85587311052949,34.67884075244818],[126.86058545852661,34.677854987974804],[126.86368524689887,34.67209636149613],[126.86749272607423,34.670351745788324],[126.8683668533991,34.6682720588125],[126.86760356449656,34.664130388387385],[126.86555572543129,34.660415227872754],[126.86648037187801,34.658458099754846],[126.86967959499705,34.656771984315085],[126.87399197514364,34.65279395445184],[126.87058116875502,34.647990975247495],[126.87388003261417,34.64715567039785],[126.87144534957635,34.64367151291466],[126.8705994301216,34.640055480568634],[126.87142069758438,34.63372105242841],[126.87403406396797,34.62999629925763],[126.87912212344362,34.62629372203559],[126.87634710524382,34.623629557111414],[126.87462609941922,34.62002461961671],[126.8699728888152,34.619731926983405],[126.86694551606932,34.6204255181102],[126.86374176161907,34.62274835432422],[126.85838152919446,34.62396855734335],[126.85396130266714,34.62192387857827],[126.84973301511324,34.61845432508353],[126.8538486704078,34.61548089609463],[126.85351212296199,34.60477432270839],[126.8567958875079,34.598974217705205],[126.86378411783416,34.59707951396134],[126.86816463513757,34.59452536791382],[126.86585226086503,34.59100447679068],[126.86971671393101,34.58296708806464],[126.87645066453771,34.57798677727062],[126.87808383261209,34.57578182116392],[126.87604868107374,34.57335031110646],[126.87666864271247,34.569935085795564],[126.87850569778725,34.56742139114701],[126.87896867363368,34.56423623327143],[126.8765827562116,34.560718656079466],[126.87621065386662,34.55196326331141],[126.87765470793094,34.54998744830211],[126.88455174521279,34.54733586380544],[126.88581160099643,34.544447212351095],[126.88159358110192,34.540170798773154],[126.8770588875439,34.53979278824308],[126.87345866979693,34.53626288296571],[126.86640584975167,34.532487364589734],[126.86528739644348,34.529486713203816],[126.86291480602286,34.528273019775845],[126.8586080340793,34.52797596976102],[126.85687764283266,34.525616759334234],[126.85677540751513,34.522644550898015],[126.85494904394376,34.518590768779355],[126.85169875224415,34.51661226918484],[126.84933724024498,34.51187793662194],[126.84556142475721,34.50852529784184],[126.84396418151177,34.50602259526021],[126.84491308168559,34.504184205301385],[126.85028981612946,34.49526152412713],[126.85104093573796,34.491726338562195],[126.85030497761784,34.48685540344103],[126.85192856671812,34.481441908214286],[126.85020631837054,34.47836736526178],[126.85429002768822,34.474197592034926],[126.85438593403035,34.46933083012003],[126.85139729541575,34.464586167499],[126.85146784258278,34.45911845551714],[126.85025261244748,34.45689901366844],[126.84550011947886,34.45339782063245],[126.84511598090641,34.45133857905553],[126.84347537369186,34.44824246576778],[126.83876320967813,34.44986636239648],[126.83911055454521,34.45305960127647],[126.83258427291402,34.44962941154446],[126.82989919516467,34.447592209021565],[126.8241057106116,34.44876443387998],[126.81951828471409,34.44865810663493],[126.81567409748865,34.449979412728645],[126.81555309365812,34.452247970943006],[126.81135966660464,34.45475622310113],[126.80700912316182,34.45285626796542],[126.80690916241204,34.45507023017482],[126.80475957038199,34.456007293378356],[126.80431805779696,34.458763627573944],[126.80671502188268,34.46142433709183],[126.80682456231135,34.46456930903026],[126.80869860134698,34.468109211739666],[126.80116164829036,34.46880351077838],[126.79675319150887,34.46769167458193],[126.79170926354271,34.46639546105826],[126.78959257665662,34.46670924328152],[126.78501684783343,34.46920056769992],[126.78570206687651,34.47414427784998],[126.78727537399435,34.47742266309222],[126.79241318144265,34.47989226849663],[126.79692948970191,34.48039117652013],[126.79637239372528,34.484623702185],[126.79503704345431,34.488371650447206],[126.7918178739556,34.48885644559819],[126.79080199536318,34.497496446122625],[126.79271583842437,34.50044474403152],[126.79071834490125,34.50257511779371],[126.79044991064076,34.507929396358975],[126.7915188210518,34.5099543608816],[126.78656940791761,34.51284809655025],[126.78907187035357,34.517926541836005],[126.78976153810365,34.52108615495217],[126.78929394866734,34.52439356700763],[126.79132570432549,34.52878395033445],[126.79137748702458,34.53204149818652],[126.78964384680194,34.53523449610085],[126.79015590398181,34.53790164029115],[126.79132755634113,34.542675766760055],[126.79523063497916,34.54713013502737],[126.79132860957785,34.54750049842553],[126.78879436219167,34.5537249096728],[126.79132837243543,34.55755078754455],[126.7886749304246,34.5583961368566],[126.78950798240048,34.560825846922334],[126.79371625879509,34.56486126970599],[126.79284073417192,34.56994729665761],[126.78856944474785,34.57199866632329],[126.78565268281116,34.57705749437121],[126.78853037903237,34.579137826723176],[126.78983530751883,34.58159924463435],[126.78854492569046,34.58643782457257],[126.78541388661061,34.588880218972456],[126.78038476471193,34.59018111102459],[126.77762385421535,34.5949557197389],[126.77857382839102,34.59683168981301],[126.78183815086986,34.597851200258724],[126.77914096978515,34.60390823778434],[126.77834742240856,34.61757822425225],[126.78064129240495,34.62165170897465],[126.78250903428992,34.633074016454906],[126.78041939796385,34.630196028265914],[126.77896321995163,34.62372213788113],[126.77337197129359,34.61836565238425],[126.77003669502396,34.616029127292485],[126.77168945251712,34.60302452850564],[126.7716349373329,34.59673126986114],[126.76992734449416,34.59190837605901],[126.77011633796141,34.58888389465446],[126.76575624157121,34.56304985722332],[126.7684837440221,34.554883748543446],[126.76786840291722,34.55229967388616],[126.76463578469358,34.54560094447928],[126.76588113450303,34.54331075098865],[126.76457066188489,34.540534586167645],[126.7657332591561,34.53717569172247],[126.76410789891099,34.53380247595184],[126.76551983187372,34.53049516496663],[126.77132965146491,34.52816528475836],[126.7718952865753,34.52503955425445],[126.7683747878148,34.526325636722525],[126.76172832895524,34.526823128702475],[126.75905177063244,34.526043631317805],[126.76055406450361,34.511767810747116],[126.76167651820886,34.50286079412929],[126.76607115987584,34.500923865836654],[126.76607838566375,34.49835275423588]]],[[[126.7809456688521,34.53632781117063],[126.78486957654299,34.53500744309716],[126.78513793252581,34.53298832012062],[126.78240666307866,34.53051747232764],[126.77821550507979,34.53253710773626],[126.77649355455259,34.53659664509001],[126.7792837688774,34.53834553124674],[126.7809456688521,34.53632781117063]]]]}},{"type":"Feature","properties":{"regionCode":"12790","name":"해남군","parentCode":"12"},"geometry":{"type":"MultiPolygon","coordinates":[[[[126.47345636752709,34.33744303129404],[126.4755470161038,34.33284183769264],[126.47231512236198,34.331925052851716],[126.46843968085071,34.33837076579609],[126.46613419109491,34.3399989887877],[126.46368531554391,34.345352231866904],[126.47402105436903,34.34270312624155],[126.47674053472483,34.34518859035266],[126.4779102777065,34.342221860685974],[126.47517301455785,34.34051166474776],[126.47345636752709,34.33744303129404]]],[[[126.46007703854208,34.426782895528376],[126.46274090492864,34.42991323666981],[126.46494572997076,34.42716856781996],[126.46138857596671,34.42572992306272],[126.46007703854208,34.426782895528376]]],[[[126.4359303490354,34.431612292997045],[126.43687375677762,34.43426545309052],[126.44024538365868,34.434209791807824],[126.44120740540109,34.43248557954336],[126.4359303490354,34.431612292997045]]],[[[126.4283211969068,34.44332140275721],[126.42386782110637,34.44520188503722],[126.4247594843056,34.44695210054415],[126.42841897360957,34.44453275345038],[126.4283211969068,34.44332140275721]]],[[[126.41362527762246,34.45579598240475],[126.41809118884964,34.45770277280126],[126.42012129160821,34.455855470143085],[126.41852514265904,34.4519790956106],[126.41362527762246,34.45579598240475]]],[[[126.41332682450604,34.45935240258711],[126.41174143205257,34.460996007874265],[126.41425870071816,34.46346419894433],[126.41692010481188,34.45966811921916],[126.41332682450604,34.45935240258711]]],[[[126.32031413880738,34.564404581451136],[126.32339812344328,34.56700073498571],[126.33103038915715,34.56835222655235],[126.33147338621865,34.563662378833016],[126.32851474290736,34.563496702725196],[126.32308686260085,34.560676082073364],[126.31965226237536,34.55980357396614],[126.32031413880738,34.564404581451136]]],[[[126.46233801559933,34.51994181727059],[126.45704131154322,34.519247719620466],[126.45786328432484,34.522332151794714],[126.45623656084318,34.5235623211232],[126.45348416541654,34.52207011701821],[126.44596537198866,34.52132107183176],[126.44162686741952,34.52167212360952],[126.44011871196273,34.5256950796104],[126.4446529587832,34.528607864007164],[126.4510902505269,34.52794570583641],[126.45461979845066,34.529747749073024],[126.45777292864402,34.52996616286745],[126.46011557703963,34.53207803293437],[126.45685645943902,34.53474934044612],[126.44700329599588,34.536958334762474],[126.44293606516479,34.5390593457883],[126.43417696212433,34.534168419815686],[126.43427160734785,34.53656572616279],[126.43797084292751,34.5379727018581],[126.43817537596404,34.53970814957073],[126.43517784769097,34.54062385171786],[126.43352580001763,34.5438719269363],[126.43598725271363,34.549937888176075],[126.43235350729645,34.55172713660329],[126.43015137977666,34.555269996273836],[126.42401719993977,34.55506886372374],[126.41993496538042,34.55422541918288],[126.4180143959525,34.55220987463371],[126.41847647139872,34.5489597639258],[126.4152278751739,34.54634164596035],[126.4132486204781,34.54771718480807],[126.4090619970086,34.54812823516354],[126.40488067426085,34.54676798572574],[126.40159594170791,34.544054912216644],[126.40422393138397,34.54023009548511],[126.40251525230347,34.537802024813985],[126.39110846021387,34.53280001879149],[126.3862344028058,34.532274624192596],[126.38464796926603,34.53425181894374],[126.3781960493165,34.538975937735486],[126.38115609281174,34.54269668200952],[126.38514310942325,34.5444433751012],[126.38764583811125,34.54716386725949],[126.38877999262662,34.55232394833405],[126.38496556871095,34.55262809032222],[126.38409802973943,34.55473168269855],[126.3853946133456,34.559091544490464],[126.38325959741901,34.56170196862846],[126.37984313794868,34.56274307575276],[126.37698241486629,34.561950630523135],[126.37314673518081,34.55925671502066],[126.372147296412,34.56082874119848],[126.36248585805681,34.56077952495821],[126.36044661642838,34.56373706911526],[126.35487134728426,34.566970024214505],[126.35066591245861,34.56723220299763],[126.34539060250896,34.56919411490327],[126.33407683778648,34.57307695141508],[126.32958716039802,34.56957939110543],[126.32742958781733,34.5689311435276],[126.32154313771346,34.56965570253169],[126.3161294023383,34.56685575629114],[126.31373926046227,34.5667439366486],[126.31089916622042,34.57067790897331],[126.30733918940734,34.572330261929494],[126.30914978634196,34.57648668355411],[126.30365023521094,34.57762863400846],[126.30463598344824,34.579439845038095],[126.30937592182238,34.58128091046592],[126.31319693840851,34.585772090022274],[126.3121490062806,34.587952396265784],[126.30679516404628,34.5896977925254],[126.29923551731379,34.59005136959768],[126.29696636192767,34.59273747102271],[126.29867985019847,34.59861678749379],[126.29543319769887,34.60057942661723],[126.29486093966533,34.59653178363162],[126.29209413234605,34.591823466556995],[126.27900851722664,34.59639707834671],[126.28015263912887,34.59960014219134],[126.28315152971523,34.60070036591498],[126.28278080255548,34.604306591805546],[126.28744070337441,34.605661524549724],[126.28046751009298,34.61089108223388],[126.27593705293845,34.610992696938936],[126.26979429891942,34.61018520194039],[126.26394052583568,34.60871111036744],[126.26159839579628,34.609287888448755],[126.25891457922502,34.61208503850683],[126.26470536559462,34.611375024599],[126.26722309366804,34.61423038603327],[126.26945616077337,34.6153024499475],[126.27390678293614,34.613123561635305],[126.27861379203935,34.61213700484815],[126.28116422477014,34.61356360611763],[126.28316300840946,34.617060103549605],[126.28087445207407,34.622383921356885],[126.28716029562767,34.62414118429703],[126.28985812754973,34.62837354830553],[126.29326628782256,34.62949613095805],[126.29174293473928,34.63279552933914],[126.2888351138704,34.635601627810395],[126.28525296321718,34.629846337872074],[126.27729184099401,34.630328670511076],[126.27123369464647,34.63302737219091],[126.26606901518497,34.637319123102856],[126.26199779143998,34.63870602232502],[126.2595717849921,34.64124965735304],[126.25969547164637,34.64535262240022],[126.2629557888229,34.64510775854256],[126.26701126571773,34.64336705325877],[126.26792238481977,34.64809577350358],[126.26298545241308,34.65159368834436],[126.2595678710976,34.65308876071655],[126.26231353889527,34.65585023049899],[126.2626464294789,34.65971070458839],[126.25884639276843,34.6628846141501],[126.25729314684106,34.66113883699511],[126.25503005920862,34.66411785735756],[126.25562991939358,34.66795239215502],[126.25958590587932,34.66979551590405],[126.25999587916463,34.67623588239836],[126.2559829963818,34.676983088708184],[126.2552834298812,34.68053406989827],[126.25772690681906,34.68356939324715],[126.26090322761583,34.68306510437298],[126.26217393589826,34.68660052477794],[126.25894285853147,34.68948285468686],[126.26032503084056,34.69175119659731],[126.25789955495043,34.694134176605445],[126.25958018468445,34.6966411461208],[126.25877747256598,34.70052223872351],[126.26121649997387,34.70788437971148],[126.2657595734602,34.7039983805805],[126.26735836460314,34.70447653040146],[126.27291100458658,34.71108548375086],[126.27475546873436,34.71404544004188],[126.27441942511525,34.718094754109785],[126.27817802907569,34.71990853264592],[126.27502476209932,34.72220481256644],[126.27433281601269,34.72874876118808],[126.27763435023728,34.733230061892904],[126.28026459446912,34.74195462367899],[126.28392669354922,34.74811089516127],[126.28515301630999,34.75700876025367],[126.28876834208941,34.7601717932791],[126.2961778364119,34.76253084551169],[126.29998644269726,34.76216057286386],[126.30830858340788,34.75599821259665],[126.31348122925334,34.75053460117936],[126.3165650246819,34.751467294760054],[126.31910800442157,34.750696993108406],[126.32521732194259,34.74319301832406],[126.33316320017326,34.740752431211334],[126.33524327317573,34.73834476876061],[126.33471318219152,34.735269003215315],[126.33538285635098,34.73082682843333],[126.3315253764831,34.7276286810543],[126.33219094776386,34.723709544868186],[126.3311813897961,34.72115415954643],[126.3341273813998,34.719405073879905],[126.33975628084644,34.71904348868649],[126.34503285101613,34.71312242177654],[126.34821696479702,34.71124350980476],[126.34966066131264,34.70900894138865],[126.35065645168243,34.7032607683675],[126.34799170484206,34.69958520799018],[126.3401853754551,34.69499310427016],[126.33800288589646,34.69053537549629],[126.33773144107725,34.68484578898332],[126.33919666870463,34.67988483561368],[126.34171628025928,34.67509026339732],[126.35311100058155,34.66279110270057],[126.35543469001212,34.65927286341329],[126.36049775548165,34.64958446776603],[126.36004992462176,34.64605151975767],[126.36103561308805,34.64141465177393],[126.3606618410297,34.638546917399566],[126.36861057076011,34.640019113955596],[126.37198311112472,34.63314300595422],[126.37350787781699,34.62575661324653],[126.3726370225673,34.6138459163854],[126.37007386531113,34.60468807682683],[126.3723292038634,34.605635071151866],[126.3734979321536,34.60983952588629],[126.37365646209855,34.61536106467415],[126.37659680499219,34.618153057326296],[126.38048165463358,34.6177431311067],[126.3878834381152,34.61252430625391],[126.38891341461823,34.6084963415976],[126.39345237577209,34.60966659021128],[126.4018024457098,34.60590620077361],[126.40927423495786,34.60739725236325],[126.41108508088992,34.60595146347829],[126.41001831199902,34.60091153145934],[126.4191878146739,34.59658368473877],[126.42829315072098,34.59315986474953],[126.43222258615916,34.59289954670447],[126.43486647365125,34.58973707621115],[126.4372373585157,34.59065114544863],[126.44156403731488,34.589891574134235],[126.44648610234874,34.586625621744176],[126.45093755658039,34.58231355738852],[126.45243362127057,34.58270462603116],[126.44919262483702,34.5883584556778],[126.45369406075956,34.59065167559832],[126.45686578214261,34.59037373726263],[126.4620706905835,34.594073605274254],[126.46512910948225,34.594580531896],[126.45937899010477,34.597650989989155],[126.44636238132695,34.59631456241371],[126.43608464547977,34.59809298024484],[126.42669039245085,34.60395885191689],[126.42846979665978,34.613656449504234],[126.41989406292439,34.618093901311944],[126.40924962062707,34.62437369234019],[126.40534661066332,34.6255222431017],[126.40598334560146,34.62785788677919],[126.40866141472077,34.63086363521495],[126.41065753389097,34.63152961249491],[126.41754668586806,34.63644561613975],[126.41480401540275,34.63803381585257],[126.41115838026987,34.6370449124315],[126.4062211659848,34.63457950495952],[126.40427658066291,34.636391268681216],[126.40509146513938,34.64679878853434],[126.40184263709097,34.64540485993458],[126.4012814377461,34.63708624999466],[126.403505915486,34.630013294941335],[126.4010446579682,34.627642674585836],[126.39379405657183,34.62654538614164],[126.39110818277055,34.628329838936885],[126.38883884603145,34.63403695218293],[126.38306917715028,34.638145073752355],[126.3780709554836,34.64065395601423],[126.37388097562915,34.64368665416289],[126.36897174880342,34.65165414990191],[126.36788574733538,34.65658718159432],[126.3665490803427,34.6565585687398],[126.36250895609798,34.66381549591611],[126.36113818704094,34.66820544120918],[126.36292357382526,34.6735577928899],[126.37314298224992,34.68114548649863],[126.37388953418328,34.68283677317207],[126.38146703507688,34.68818062059106],[126.38265281880152,34.68959401765991],[126.38821555066721,34.692662830101426],[126.38369281222776,34.69990723782777],[126.38200223215327,34.70372818473825],[126.3782454656982,34.708890608440356],[126.37478596728809,34.70856131957612],[126.37337410041539,34.70620580831774],[126.37742770057002,34.69966612642934],[126.37918097070013,34.69513115834442],[126.37520559566673,34.694072382913866],[126.37431228922595,34.69005309866486],[126.37500841061942,34.68765903782538],[126.37036004645223,34.685469785454885],[126.36360707346594,34.679256689512364],[126.35836883577218,34.67658461421979],[126.35503301916036,34.67678045192108],[126.34926040188321,34.679444557760945],[126.34461322998533,34.68571589025223],[126.34493621605417,34.691225235831716],[126.34730574960234,34.69472696203396],[126.35223245865728,34.696846792385884],[126.35502441581383,34.694005373298054],[126.36102075224964,34.69453159698706],[126.36343181945928,34.69550302385352],[126.36326738861408,34.69755152140626],[126.3682396808256,34.698862628549634],[126.37062161373183,34.704288734429454],[126.36968413156576,34.70628188746307],[126.37546042992086,34.71458789868952],[126.3786098342701,34.71537543729698],[126.38435242197231,34.720133579145035],[126.38845631140214,34.73098509192969],[126.39081511153682,34.730184583559286],[126.38830389940173,34.71987131883456],[126.3955705862025,34.7180576313752],[126.41348147237916,34.71460207691353],[126.42188216946327,34.71338805629193],[126.41879704185048,34.709296979282726],[126.4210082911717,34.70802190825954],[126.41916975035147,34.704877469000614],[126.42556404919584,34.702650171089886],[126.43978973432418,34.710116746574464],[126.45268729139305,34.706318630388346],[126.45712270901552,34.701603650296555],[126.45738839044105,34.69530217991389],[126.45120760319841,34.68738067738208],[126.45362597457512,34.68476244808369],[126.45595853388963,34.67817703924628],[126.45888046666364,34.675330328878545],[126.4612531991621,34.67105123492781],[126.46984521331932,34.66320160893828],[126.47143408525275,34.65914951140069],[126.48089704442243,34.654485502228255],[126.4917463908446,34.651118059545134],[126.4938552580631,34.653110242933806],[126.49814555812843,34.65437340564526],[126.50233707112237,34.653514252528694],[126.51068360108059,34.648474339765],[126.51327289178879,34.644748575378735],[126.51866143742386,34.63946560242326],[126.5244240827147,34.63695137253638],[126.52560995553459,34.63451135483867],[126.5253159151043,34.63713936069917],[126.52021710938772,34.640671010028655],[126.51015951641112,34.652162256255394],[126.50388036039584,34.656795454149005],[126.49751063564497,34.65783017928628],[126.48864591593647,34.65608658939551],[126.48299654059416,34.65795383546828],[126.47951465546862,34.66130612130386],[126.47617812488356,34.66811831605494],[126.47749413651084,34.671906238173584],[126.47923085537901,34.679847198426266],[126.48074211906213,34.67925403822405],[126.4877164333451,34.67102723688092],[126.49423797703963,34.66562421438926],[126.50236565959891,34.66143177779203],[126.51002595307149,34.65907793111874],[126.5172729547286,34.6580608834557],[126.5279572325908,34.658060994414036],[126.54270963953509,34.65493743070564],[126.55138945518823,34.65099482843522],[126.55642094770594,34.64745675891435],[126.56200272364035,34.64509202701771],[126.5695016967719,34.64394724964516],[126.57356711563978,34.64099082482024],[126.57535804130559,34.63727318430406],[126.57875848371881,34.635569506722135],[126.58761858072045,34.63534883656751],[126.6138612094199,34.63104165291186],[126.61969107283036,34.62917715484088],[126.62261276236303,34.63248294660631],[126.6140177935029,34.63353249286903],[126.59414392474636,34.63672585008233],[126.58758004669144,34.63803169826818],[126.5808335015161,34.63847185607478],[126.57832374867695,34.63971391156559],[126.57617827547439,34.642779243354354],[126.57237066478515,34.64566884624252],[126.56873688593168,34.64741630070156],[126.56181872698501,34.648348910293926],[126.54994439003723,34.65701432371499],[126.54716400910822,34.65972163066388],[126.53836934021112,34.665185577797295],[126.54131555195961,34.66975184972303],[126.54312090406324,34.671117463142906],[126.55290879419238,34.67214209329206],[126.55943505155075,34.67852764825354],[126.56141911701368,34.6827036321717],[126.5647925903036,34.68154461667988],[126.56424013145147,34.679898091575595],[126.55961958561514,34.67449149989542],[126.55743433497818,34.668455850965614],[126.55775574714862,34.664957927883826],[126.56291106753727,34.66721997749089],[126.56426838034744,34.672288654490885],[126.57112813193444,34.678102663612336],[126.57855195192346,34.68035660127408],[126.58681855670363,34.678911266446576],[126.5950131506432,34.68035469210212],[126.59713571624563,34.682690804684114],[126.60188538116509,34.68295955204056],[126.60559830267147,34.68180504120609],[126.60854411285449,34.67992180151416],[126.61410815270669,34.68180175904861],[126.616898815847,34.681976927404236],[126.62288340522393,34.67983631362342],[126.62463117019234,34.68081461292404],[126.63093545820948,34.67777288180973],[126.6350877263981,34.674131147823864],[126.63902205098891,34.674285296757105],[126.64006727111827,34.67832233717065],[126.64312178586553,34.68272122539871],[126.64759262163965,34.685154675354525],[126.6481794406923,34.68902420783391],[126.65116309365993,34.68998197964842],[126.65771488141397,34.689549780718735],[126.66109784217286,34.69124405875513],[126.66807528025578,34.692141301998966],[126.67006206434786,34.69100774403872],[126.67311896660057,34.68891487289679],[126.67432123678441,34.686402603447554],[126.67782176309903,34.685360485074185],[126.68150510544407,34.6870338916267],[126.6872160182677,34.685703063149695],[126.69209011260662,34.68587038947166],[126.69606396116922,34.683203337436225],[126.70141721641792,34.68414586278058],[126.70565773120818,34.68170038449709],[126.70236149637141,34.6747894868028],[126.69843638372886,34.67159384533942],[126.70189748479129,34.66519382057743],[126.70171204384798,34.66205212675508],[126.69831199289877,34.661042731260686],[126.69437907370657,34.66095641440041],[126.69211097747086,34.658025711029396],[126.69630182903846,34.65398337689657],[126.69724192037735,34.649961491580434],[126.69307432090511,34.647790746975694],[126.69018145733423,34.64502091051933],[126.68829621243542,34.638860253837265],[126.68363492264866,34.63595190057901],[126.6823299106409,34.6326981262972],[126.68814996470029,34.6316143244811],[126.69360840948568,34.62845471828271],[126.6980543300956,34.63014819815354],[126.69875778451198,34.627886390476135],[126.69593579852898,34.62446019566853],[126.69283238249008,34.623393660254514],[126.69045697837569,34.61854527902455],[126.69001092214897,34.614309220057855],[126.68840042859019,34.60711966202419],[126.68149524217941,34.6013915691401],[126.67571319709786,34.59852984934138],[126.67270933745226,34.59401560553869],[126.6718269356087,34.59199023672268],[126.6764025340304,34.58742058539182],[126.67992180219973,34.586230733610556],[126.6801311377074,34.58153003334996],[126.6829919465822,34.57599506255126],[126.68729399894278,34.57277262622609],[126.69197174779964,34.56641280160823],[126.69508023888852,34.56380751247349],[126.69316520554837,34.5597457595347],[126.69315665992539,34.5571743601192],[126.69032665317155,34.55285371548794],[126.68425338729982,34.54594130227203],[126.67963314306517,34.54220041538752],[126.67226288672163,34.539060500350814],[126.66757210873732,34.53876139278333],[126.66890808248593,34.534731980240196],[126.67131281369532,34.533974828989855],[126.67492648865746,34.53113872432238],[126.67954367406193,34.529838435343244],[126.68284480327411,34.53036611866507],[126.68493444745708,34.52800302361812],[126.6861536620987,34.52310801526427],[126.68403133834835,34.5198688828336],[126.68044330930587,34.516226148742675],[126.68144704255214,34.51113968929955],[126.6863658550928,34.5091714380753],[126.68527054792541,34.50245328741449],[126.68643330161937,34.499894013828836],[126.68576724573255,34.49301968488352],[126.68289901879534,34.49036330423896],[126.68389790086538,34.4826176403578],[126.68239953491269,34.47377027337847],[126.68413502595301,34.4696202417178],[126.68997877021116,34.46807784891687],[126.69182998371143,34.470328599305084],[126.69794983141001,34.47114832188554],[126.71693001296352,34.470483549908224],[126.72104470008742,34.46391063332621],[126.72849654251287,34.4578928738244],[126.73485039066526,34.45461948400507],[126.73130860519252,34.44955005124538],[126.72510596173214,34.44224184134796],[126.71796716992864,34.444632333625535],[126.71357974963324,34.442969256653846],[126.71248010011362,34.44055385697356],[126.71379271323339,34.43912304234826],[126.70690657503432,34.438790648624604],[126.70425889486377,34.439609512605],[126.69783889426061,34.439853920137736],[126.68896212935206,34.434064659443045],[126.69046486966465,34.432136418581415],[126.68718782827813,34.43010519183839],[126.68397952959451,34.42953370150489],[126.68123849821804,34.426187159941165],[126.67932426780986,34.42587876051329],[126.67456944507012,34.42726150069939],[126.67581353564835,34.42418961809015],[126.6783781234426,34.42217795765181],[126.67759733436151,34.4160842147658],[126.67374750203874,34.41562286347011],[126.67336073909247,34.41864849338657],[126.67065683585886,34.42117849783932],[126.66677392767978,34.423292886871614],[126.66562537781479,34.42612752958018],[126.66091912773406,34.42549599262192],[126.66004732975372,34.42212780861464],[126.65758220793776,34.420493961537105],[126.65208108501314,34.42146766812757],[126.65171358089724,34.41754549081126],[126.64707820202133,34.417568799311574],[126.6484738094068,34.41204633070532],[126.64610994733602,34.40828109308524],[126.64084452021612,34.40931659936276],[126.6386046409948,34.41113069780149],[126.63488418582723,34.41153937120256],[126.63014026942841,34.403546685501325],[126.62799358870008,34.401671577263286],[126.62622532709486,34.403467173793196],[126.62433554832414,34.40765257424055],[126.62275677319968,34.406968753565714],[126.61789843755302,34.40197576850541],[126.621400275287,34.39940106469944],[126.62238087123515,34.39640792361142],[126.62145477326595,34.39320472489647],[126.61827289809243,34.3913002037689],[126.61271021767087,34.386257756922696],[126.61463226112458,34.38001416543353],[126.6209788881238,34.37942700544776],[126.61964234219028,34.3724847983383],[126.62086492545313,34.37003772059717],[126.61879930084396,34.365700063715764],[126.61977996158753,34.36485710400371],[126.6214283375242,34.35930620529126],[126.62079027887378,34.35820294614291],[126.6157514595227,34.3561406409168],[126.61516097283591,34.353807532244716],[126.61187085902685,34.35335420773814],[126.60800472215477,34.350158340414495],[126.60431456002131,34.349800290314505],[126.60338655417765,34.34666607347112],[126.609621311369,34.34525930842622],[126.61105654613341,34.34187031000223],[126.60446080099375,34.33888091304546],[126.60563665177825,34.33721180980366],[126.6045327516986,34.33042746055327],[126.60163578245509,34.31992066774919],[126.60654209171247,34.31637401994621],[126.60494130958355,34.31433934837981],[126.60278231394511,34.31514394732944],[126.59945757681884,34.312503800305656],[126.59666960927598,34.31244251050961],[126.5915424287586,34.31531338576585],[126.58829206703992,34.31888605309219],[126.58624481393102,34.31970696183682],[126.57809233056126,34.32064336397424],[126.56634919689428,34.32047859846463],[126.56225607360244,34.32206869069085],[126.55760063630548,34.321291220629426],[126.55231055045311,34.31643087382022],[126.54982137936427,34.30931339955055],[126.54553214927824,34.30521616523499],[126.54462297102283,34.30301330896383],[126.5356588916882,34.30334597304033],[126.52916091019702,34.30059109108762],[126.52966962468636,34.298511450634585],[126.52863655546695,34.29404831205874],[126.52394046698807,34.29213665466351],[126.5217655556495,34.29268211103207],[126.52174274991832,34.2953539742462],[126.518835710348,34.29578113589387],[126.5174577103047,34.2987795625945],[126.51656998323872,34.30395630531313],[126.51500625097634,34.306500973624594],[126.51597011541747,34.308942757760434],[126.51958591265439,34.310506517354874],[126.519012180517,34.31384880435018],[126.51536270095104,34.315706913461646],[126.51231937891971,34.31881553356849],[126.51322028774295,34.32063859237721],[126.5158120654695,34.32126817851679],[126.52092996897008,34.32420249153824],[126.52478628114231,34.32916135140293],[126.52689762149582,34.33414262939261],[126.52466739118444,34.339423463405225],[126.52018271361564,34.34474789043052],[126.52206018845827,34.34772142120057],[126.51972386958877,34.35152376287227],[126.52130998838206,34.35304047691783],[126.52148997132504,34.356713666760456],[126.51970588918537,34.36092277635431],[126.5156034623932,34.36327725234526],[126.51073560801412,34.36502223371685],[126.50642845265058,34.36559624590768],[126.50197399602135,34.36459751816411],[126.50122843751363,34.35924973674684],[126.49887889250299,34.35770199604074],[126.49337501298392,34.359547608151324],[126.49029766387376,34.359157060061236],[126.48874299464228,34.35645329771458],[126.48402010491809,34.35405629953438],[126.48186270406016,34.35405130808562],[126.47941439940034,34.352138148113376],[126.4782913649091,34.34913857945762],[126.47448444288976,34.35062426595283],[126.47111848507923,34.348932699853506],[126.47024877363795,34.354622512486756],[126.46582895184304,34.357457392646175],[126.4646802289362,34.36195910672991],[126.46881645404474,34.363323125322005],[126.4752703041214,34.3561542094343],[126.47625793490667,34.35562126775544],[126.48110382154563,34.358556141843565],[126.47595464832312,34.36443184607479],[126.47751863206136,34.36480396406102],[126.48177877181821,34.3620450534687],[126.48387268948176,34.364468647003996],[126.48388832131332,34.36666378061228],[126.4778442535098,34.37007987786485],[126.47561275909777,34.37314089387613],[126.47928719628203,34.37411333871187],[126.47947670638233,34.37638342843592],[126.47407902392858,34.377466288607074],[126.47350477709547,34.37888157273113],[126.47840998649002,34.38128625618057],[126.47724420557499,34.38612279025124],[126.48178628096947,34.38533289619472],[126.48571722297409,34.38761700927311],[126.49552368716591,34.38484772251235],[126.49703980802973,34.3889824817465],[126.49422227562835,34.389995903534775],[126.48862771921256,34.396754726190196],[126.48979615474185,34.39966080530819],[126.48796448023026,34.40246325969969],[126.4893193299943,34.40471381491189],[126.48691844048761,34.408009027498196],[126.48849156828882,34.40910040445585],[126.49386004293962,34.40818449620183],[126.49802596787116,34.40540119479655],[126.50509615280875,34.405425301649935],[126.5110257146483,34.410744608415264],[126.51672985701248,34.41430936068548],[126.5119282333952,34.42224886331508],[126.50804108744414,34.42674581118176],[126.51030628666024,34.43145796811203],[126.51337348853782,34.43272152942703],[126.51283581440694,34.43556707723216],[126.5107206434964,34.43793280539503],[126.50641035331685,34.44019955816091],[126.4988163462334,34.43531992690547],[126.49820177647241,34.43172126097247],[126.49530338997285,34.43132918486057],[126.49208355507024,34.433925632546874],[126.48926175892036,34.434656805311946],[126.48442625515045,34.43365161730681],[126.48167083872241,34.430391668173144],[126.4835441697565,34.42667695661874],[126.48242525907919,34.42539362551484],[126.47648020364154,34.4266250635431],[126.47579817088774,34.428389180200845],[126.4690776854153,34.4376983840626],[126.46261747643545,34.44424754896191],[126.4542654989443,34.44857258744117],[126.45804351604565,34.44963878054329],[126.46537228827822,34.45416455539489],[126.4683675151958,34.44927070381299],[126.47067178631329,34.44796760592304],[126.47382325555463,34.44801580093813],[126.47678365123215,34.45018124571202],[126.47531890532966,34.45219577951637],[126.46737596250973,34.45674890081268],[126.46736295785458,34.462070426061494],[126.46901162173236,34.46281505701487],[126.47165030767358,34.46827876825786],[126.46887062042366,34.47054180491837],[126.46252023512267,34.46781862351777],[126.45862503096372,34.47165220837468],[126.458232763425,34.47379416419811],[126.45547812151486,34.4766482092816],[126.45563154656644,34.48206222454078],[126.46379669539749,34.482020731840116],[126.46499969230601,34.4850850239767],[126.46165441603688,34.48869597653754],[126.45643189645871,34.490455209461366],[126.46146292719864,34.49232175493777],[126.46222618323242,34.49586585168732],[126.4586045679917,34.49668127598024],[126.45583757100295,34.50131765235447],[126.46075527377602,34.50426131582117],[126.46599507675029,34.504477067380975],[126.47138921485964,34.50697391204507],[126.46364522122484,34.518216056841254],[126.46233801559933,34.51994181727059]]],[[[126.2970558579085,34.58233055783749],[126.29943598739044,34.587165471470854],[126.30383727180215,34.58881265179948],[126.30690385786446,34.58720012195359],[126.30667536065792,34.58533718178654],[126.3032317503175,34.58393199628866],[126.29885528248847,34.580883536172344],[126.2970558579085,34.58233055783749]]],[[[126.24103510203867,34.700603310348946],[126.24397962935548,34.70033879383587],[126.24393374831739,34.69790349386674],[126.24082405612035,34.69812766528362],[126.24103510203867,34.700603310348946]]],[[[126.50458153014836,34.3190276944191],[126.50334345218194,34.314928083848685],[126.50081633432247,34.316995800073634],[126.50458153014836,34.3190276944191]]],[[[126.49633593779686,34.670613672264494],[126.49466802350067,34.67411084070094],[126.4966517040355,34.676139071908224],[126.50069183362919,34.67644430520682],[126.50434215674314,34.67518128083649],[126.5125069565003,34.66989632501459],[126.51762174885961,34.66554691561202],[126.52437248048297,34.6629351361112],[126.52527878852307,34.661495810828306],[126.52228651337992,34.66127796729161],[126.51350089713446,34.66206762122518],[126.50935431645291,34.6629991252589],[126.50135256597255,34.66614087016535],[126.49633593779686,34.670613672264494]]]]}},{"type":"Feature","properties":{"regionCode":"12800","name":"영암군","parentCode":"12"},"geometry":{"type":"MultiPolygon","coordinates":[[[[126.60188538116509,34.68295955204056],[126.59713571624563,34.682690804684114],[126.5950131506432,34.68035469210212],[126.58681855670363,34.678911266446576],[126.57855195192346,34.68035660127408],[126.57112813193444,34.678102663612336],[126.56426838034744,34.672288654490885],[126.56291106753727,34.66721997749089],[126.55775574714862,34.664957927883826],[126.55743433497818,34.668455850965614],[126.55961958561514,34.67449149989542],[126.56424013145147,34.679898091575595],[126.5647925903036,34.68154461667988],[126.56141911701368,34.6827036321717],[126.55970378142803,34.6820090550666],[126.55587100020567,34.68405472576965],[126.55137570838447,34.67885970680819],[126.55382283300939,34.67552027242512],[126.55188691986332,34.6736394216354],[126.54586927078824,34.673219303730946],[126.54167113893648,34.67169372533702],[126.5359965685059,34.66766859234575],[126.5314688825135,34.668627800239015],[126.52434983680415,34.672302639958495],[126.52131114433844,34.674641632006875],[126.51840668998905,34.67834988075452],[126.51293208982165,34.682907973879196],[126.50986603459876,34.6874854059723],[126.51346204605801,34.68900720549403],[126.52552261216046,34.68786037376141],[126.52503443443359,34.69096613507104],[126.5150874283439,34.691632468577346],[126.51010350686553,34.69283595059651],[126.50751096110152,34.69555136258557],[126.49532179352533,34.708652366122955],[126.50190329516556,34.71010374727052],[126.5078032595402,34.711968412072466],[126.50676971930528,34.71349700442842],[126.5013806137008,34.711357021671795],[126.49325938962988,34.71129018462355],[126.48999888283426,34.715035866528936],[126.4770778246651,34.719958271114024],[126.47337250589388,34.71852982177681],[126.4703146832543,34.719482109164765],[126.47450519446916,34.72273120296616],[126.4768751456361,34.7272385137595],[126.47541238245884,34.732319550785675],[126.47577234693146,34.734721735775075],[126.47352213484797,34.73673355445419],[126.4704390460526,34.73771463180947],[126.46390745685267,34.73595079860109],[126.4593290700419,34.72919000158169],[126.4563432267253,34.72794817918218],[126.45058664694078,34.730775309679075],[126.4484873754199,34.73363843662375],[126.45154538404712,34.734938170159886],[126.44958177671343,34.737142193333725],[126.4419927183686,34.73231688798311],[126.44303618376308,34.73008063494525],[126.44062777099641,34.728024943776376],[126.43528857350654,34.727526797119694],[126.43182177952492,34.726026371411876],[126.426379711557,34.72528174623827],[126.42361468859593,34.72645709039252],[126.42344237745291,34.72816569178425],[126.4271545653261,34.73358606540704],[126.43122692445907,34.73392678994492],[126.4353989956666,34.73085077726694],[126.436541884485,34.73301435717477],[126.43986487810409,34.73310298989329],[126.44169811659276,34.73771307644418],[126.44549848501366,34.7386438435342],[126.44638815340883,34.741310880806545],[126.43985577232657,34.737448183510445],[126.4317321592393,34.7381567339982],[126.42942342845095,34.739116527029275],[126.43008538210678,34.74268780008711],[126.4255419457771,34.74364457090887],[126.42328372313376,34.73979726860689],[126.41885508148546,34.737623994678444],[126.41224891980495,34.73731794015247],[126.40117036090102,34.7388424178625],[126.39856591352746,34.7375298514072],[126.39771992302805,34.73372743456239],[126.39081511153682,34.730184583559286],[126.38845631140214,34.73098509192969],[126.38602305175144,34.73098108009245],[126.37663536796079,34.73571734432231],[126.37151123079352,34.73737713935689],[126.36985189071027,34.73679792808421],[126.36621273259185,34.73833764649938],[126.36359552508337,34.74096937457723],[126.36249913571194,34.744915164637895],[126.3652844404795,34.74913398407329],[126.36907097757168,34.74775371242081],[126.37446909941296,34.74947236111564],[126.38040858728763,34.75281552004331],[126.3795005136215,34.75684366141513],[126.37611791550704,34.75457735085252],[126.3746725003239,34.75597584234206],[126.38021962581526,34.760182829466075],[126.3817711464627,34.76374812686033],[126.37942034199862,34.76388072977177],[126.37919943536737,34.76698343462404],[126.38192730881302,34.769177189419544],[126.40199515783662,34.774170779704754],[126.4075588379608,34.77318091314223],[126.4216886310177,34.7768577231461],[126.42560155410658,34.77899967749439],[126.43352470507367,34.7776192791822],[126.44191008721769,34.77988625420651],[126.44360927058835,34.782826714924184],[126.44917864049245,34.78320911649983],[126.44795145674702,34.78660595245376],[126.44465729887744,34.79243947971336],[126.44796940721506,34.794483176028685],[126.4588293234814,34.79335229738201],[126.46230998175064,34.79257006912647],[126.46661485006624,34.79129171784174],[126.47434875262756,34.787839008181244],[126.48868084142032,34.773463998977654],[126.4923989351951,34.77012953473559],[126.49461210728198,34.76936332309406],[126.50085456995038,34.76986517569511],[126.50566925290653,34.771384551163464],[126.51085433971132,34.77412116387607],[126.514454138251,34.77690559540787],[126.51791037820021,34.78092949429118],[126.51998096558611,34.78589697545193],[126.520537572725,34.789102540954715],[126.51883900580472,34.79431610140858],[126.51937597424399,34.79595550223368],[126.52266723289488,34.79883963975842],[126.52714085100504,34.8012537378694],[126.532739709723,34.803126245981474],[126.53463857341208,34.80308609085141],[126.54366942289242,34.81412537768287],[126.54706781006307,34.82353221987651],[126.54814050146523,34.828106168249995],[126.55265076406975,34.85444487097959],[126.55320348085341,34.863241891140184],[126.56321475041634,34.86897370512754],[126.56971352492045,34.87500212851214],[126.5710152683328,34.87734857161967],[126.5727009949825,34.88389178714204],[126.57199141740188,34.891358511839414],[126.57468115599292,34.89386201350547],[126.57960605891579,34.89488505145338],[126.58038872251421,34.896838475204085],[126.57966037685148,34.90058005534736],[126.58054796901381,34.90465935477039],[126.57887108528304,34.906533067250024],[126.5745933679593,34.906563497394345],[126.57317857294683,34.9088540488443],[126.57420549894924,34.91460426572998],[126.57917349652627,34.91721985496703],[126.57905492282569,34.91902391826127],[126.58273501592512,34.92035420285181],[126.58410666424561,34.9188518289491],[126.58287933280383,34.91677529798363],[126.58483868942979,34.91541378289239],[126.58784895841796,34.916576266011084],[126.59377301249937,34.91489199547503],[126.59689807105052,34.9164386902994],[126.59549426043108,34.92041864717619],[126.59274072634608,34.92326589559252],[126.59431812147369,34.92547954469563],[126.59813124350303,34.92348793058546],[126.60208181841442,34.92316492211865],[126.60206728274281,34.92616535972125],[126.59977598902448,34.926865922883536],[126.60069689346568,34.929281354892446],[126.60499130458817,34.93024360670333],[126.60489939445208,34.92814295003829],[126.60751878148625,34.925871115247965],[126.61114389584702,34.92659093153853],[126.61285347631897,34.92252772483762],[126.61460480484399,34.92505373620536],[126.61884142589254,34.92589527785522],[126.62619342383412,34.9210454045483],[126.6286445004124,34.92036883720588],[126.62872068385528,34.91752518737149],[126.63162676483616,34.91445575345268],[126.6320364960328,34.90897357675329],[126.63480477982137,34.90699875070905],[126.63552993473927,34.90086557248715],[126.63460372612961,34.89767939202326],[126.62822441618935,34.89900429039246],[126.62775279548087,34.89644323533958],[126.6303247708558,34.89371941562764],[126.63101685954366,34.88853785519338],[126.64011695979733,34.88863745035749],[126.64399971009428,34.89133996419839],[126.6500126664281,34.888712045060025],[126.6513557167671,34.89346486759419],[126.66393238734538,34.89231323745697],[126.66407686447707,34.88832825140955],[126.66589548134915,34.88691056868263],[126.6691344519857,34.88670848471661],[126.67055594286235,34.88319738668525],[126.67248268934131,34.88178973358641],[126.67664770342785,34.88301209366844],[126.67375873538066,34.88755931615943],[126.67492149332072,34.890888455777024],[126.67824164221511,34.893341316715976],[126.6802806964331,34.89233935037591],[126.6821414492539,34.894481509859446],[126.67893455477216,34.89739853194325],[126.67723269877234,34.901193185310824],[126.67607719413937,34.905958746352916],[126.67715846635821,34.9093461756876],[126.67578194147575,34.911789476594116],[126.67599263564598,34.916979042952306],[126.6725058599246,34.92111205982332],[126.66926189523282,34.92678955962889],[126.66484272209956,34.927611455930304],[126.66178110800037,34.92948620997093],[126.66250464011335,34.93510066481877],[126.66822353171007,34.94180166765765],[126.66850485545969,34.94508066100345],[126.67644003683237,34.94629701363768],[126.67756061157765,34.945059010384675],[126.6840377861083,34.944801186232496],[126.69115390211458,34.94195206767213],[126.69347727022205,34.942556308095625],[126.6989558557757,34.940473137892916],[126.70264855137401,34.93441792196097],[126.70197532939623,34.93321003422409],[126.70378054820114,34.92961400181072],[126.70772936638825,34.92398413378718],[126.71390142807203,34.918716746756225],[126.71593543331429,34.917618865799355],[126.71483540767507,34.91298555113339],[126.71171831587199,34.90859834550985],[126.71619939430067,34.905069281435615],[126.71787063800177,34.898782015801544],[126.71937741539503,34.89712750345571],[126.7208191273074,34.892182505452915],[126.72575963287046,34.88949810248914],[126.73342305563483,34.89043927429142],[126.74153062236478,34.894791937832565],[126.74483991611064,34.89800736099128],[126.75040404191337,34.8962529054614],[126.75958594633038,34.897598845101925],[126.76587293301814,34.89940218825764],[126.77044515243875,34.895320460740855],[126.77294036805365,34.89409206566939],[126.77643856444077,34.88927113358324],[126.78031984144856,34.88806579145695],[126.78419150656326,34.884878799056196],[126.78335422362845,34.88193422006376],[126.78572015558737,34.879222355501746],[126.79403785353496,34.87811634481006],[126.80088705139053,34.873285399287944],[126.80120804749858,34.87006442823417],[126.80262256750717,34.86867136492096],[126.8071389724269,34.86818992523297],[126.81010902034292,34.86956310850043],[126.81165393108962,34.874510930336974],[126.82151340146602,34.87101534140738],[126.82389167774454,34.87112085721252],[126.83083633392617,34.86812456049165],[126.83523206868617,34.86733355509371],[126.84113818544063,34.868225224866634],[126.8433635353382,34.869926309199236],[126.84992715924555,34.86785526032885],[126.85404446012602,34.86981841676485],[126.85873152496644,34.86922635509446],[126.85890432841109,34.86253758451451],[126.85661001773543,34.86044180802742],[126.85771769571797,34.857131863693645],[126.85702527664975,34.8535096881691],[126.85448640997258,34.853096887325684],[126.85431660827015,34.85036129728581],[126.84922346041888,34.84415670456616],[126.84780000363718,34.84377837025867],[126.8438582055473,34.84001063255474],[126.84063409627375,34.83988459553611],[126.83008198103104,34.83619345986874],[126.82293480350688,34.83627179866662],[126.8188216387504,34.83122679065773],[126.81241808577795,34.82940079349941],[126.80724790786043,34.82872819501949],[126.80517627634615,34.818647067528026],[126.80105429414724,34.81376431392436],[126.79981852350095,34.80831359627732],[126.80074492258255,34.80297618751418],[126.79740830303453,34.79997227607645],[126.79322315725234,34.794223675633134],[126.79556253700514,34.787605059628554],[126.7958725288643,34.78050058357262],[126.7883763289484,34.781062124135445],[126.78406872753942,34.7808698849626],[126.78271517271769,34.78647051312564],[126.78053621451791,34.787709007496915],[126.77646608801335,34.785638975426366],[126.77009246753636,34.78581081608759],[126.7699857849974,34.78397837865744],[126.76490276793194,34.781703001840015],[126.76274099941428,34.77727241670009],[126.76339766167601,34.774497264032505],[126.76190327515673,34.77047473830563],[126.75884263362532,34.77032251740823],[126.75576674048499,34.768676024970716],[126.75388630942211,34.76555395520628],[126.75103357665682,34.765060904800215],[126.74883457775628,34.7632130196171],[126.7480488802037,34.75945163864774],[126.74651548803537,34.757442458294754],[126.74325128995075,34.756728175669615],[126.73794346992712,34.75623267107494],[126.73465062721111,34.75701188743245],[126.73227297744126,34.76031671146484],[126.72914184707908,34.76111156073067],[126.72643782225116,34.7594106246705],[126.72203889682433,34.758979552224964],[126.7178448099951,34.76108278867132],[126.71399033416252,34.76049038901241],[126.71035074054483,34.76339176645184],[126.70982745615994,34.76567749814134],[126.70485851627481,34.76688999020332],[126.70242014437167,34.765647441760855],[126.69957922099452,34.762086606746706],[126.69606805738901,34.76044498292181],[126.69235112557503,34.755398141580876],[126.68686034747601,34.75391878441931],[126.68433397643601,34.75243014596033],[126.68053219765056,34.7534011343446],[126.6763051321902,34.747493637497826],[126.67082583763467,34.74156125659249],[126.66706178883959,34.73966373925801],[126.65985017337783,34.734419163096746],[126.65783654286427,34.73412561730689],[126.65615565745912,34.731693194496245],[126.65637442244929,34.730589206431276],[126.66262754234882,34.72783745529978],[126.66498357341916,34.72243384850452],[126.67421320234074,34.72310134331749],[126.67801984850948,34.72231214757754],[126.67935745366805,34.72067408719404],[126.68139230638549,34.713042416546585],[126.67841141407953,34.7105364750876],[126.6744050546745,34.70949799683884],[126.6721352522154,34.706479905547965],[126.67452853816026,34.704473591909895],[126.67533473477101,34.70164933965311],[126.67335486412036,34.699659837576135],[126.67189113934528,34.69393165842831],[126.67006206434786,34.69100774403872],[126.66807528025578,34.692141301998966],[126.66109784217286,34.69124405875513],[126.65771488141397,34.689549780718735],[126.65116309365993,34.68998197964842],[126.6481794406923,34.68902420783391],[126.64759262163965,34.685154675354525],[126.64312178586553,34.68272122539871],[126.64006727111827,34.67832233717065],[126.63902205098891,34.674285296757105],[126.6350877263981,34.674131147823864],[126.63093545820948,34.67777288180973],[126.62463117019234,34.68081461292404],[126.62288340522393,34.67983631362342],[126.616898815847,34.681976927404236],[126.61410815270669,34.68180175904861],[126.60854411285449,34.67992180151416],[126.60559830267147,34.68180504120609],[126.60188538116509,34.68295955204056]]]]}},{"type":"Feature","properties":{"regionCode":"12810","name":"무안군","parentCode":"12"},"geometry":{"type":"MultiPolygon","coordinates":[[[[126.32496295436117,34.92535027037131],[126.32544256675678,34.922397335300914],[126.32205891261285,34.92251660245526],[126.32182234406785,34.92449417671493],[126.32496295436117,34.92535027037131]]],[[[126.36639647626181,34.98181679023623],[126.37095775454306,34.97559362703938],[126.37100453926573,34.973028791935555],[126.36426843218749,34.971575375962075],[126.36142913681569,34.97187341093587],[126.3597331465237,34.968503431167434],[126.36183701048844,34.96639144562029],[126.36060494694675,34.96339130805951],[126.36757657711784,34.963298495542844],[126.36954258384824,34.96218710856656],[126.37459645567637,34.95591631572876],[126.37173590612392,34.95361852593416],[126.37076501235994,34.947085502454634],[126.36632862131144,34.94484228106637],[126.36583374702847,34.94288268643146],[126.37286026701572,34.941711452272905],[126.37444695359216,34.93924552372403],[126.36930821599978,34.93645031659152],[126.36667286988595,34.93262789423389],[126.36652733514627,34.92799051303103],[126.37037327621464,34.92363112911963],[126.3691145429152,34.919565100453376],[126.36404055441966,34.91925956883829],[126.35911111895923,34.921894263163054],[126.35324647077098,34.92210213599838],[126.35158697978811,34.9210157881676],[126.35130364119448,34.91705692540381],[126.34952607731788,34.91700383275543],[126.34311330829603,34.914601366523435],[126.33637578336807,34.916492456858286],[126.32870747565578,34.9168471041797],[126.32979560643939,34.91978196337729],[126.327769584893,34.92476333528914],[126.32990085991827,34.92605590110826],[126.32946996915702,34.9282300504684],[126.32635651230306,34.93050647575786],[126.32234737473915,34.93049700322232],[126.32060992138628,34.929518717932936],[126.3176932970338,34.93167709686142],[126.31122786971092,34.92643146408657],[126.30661119388273,34.927993747195465],[126.30558195206328,34.93310509990206],[126.31019965956055,34.93356896768608],[126.31058707215138,34.93567077840614],[126.31584154061711,34.93701857913458],[126.31714538073722,34.941251972203005],[126.3204567443788,34.944388327282525],[126.31450985836852,34.94670329586356],[126.31235671374098,34.94669110166899],[126.30845768923479,34.949450088860154],[126.30853179899576,34.952611845454136],[126.30667324436352,34.95594924853378],[126.30220370947512,34.956868485556676],[126.29709161502251,34.961132004236255],[126.2947922891741,34.96529785541895],[126.2980776005338,34.974011425096634],[126.29976973134418,34.97675477192425],[126.30378334721289,34.977293270286964],[126.30528543295111,34.98262365131701],[126.30497067288961,34.98450330216422],[126.30763591698475,34.98630862529485],[126.31378833199477,34.98854113257886],[126.31527303947004,34.9858281696644],[126.31221868283384,34.98322629618101],[126.30998647262595,34.975864375520906],[126.31572621884956,34.975086134057875],[126.31781153320036,34.979277542813755],[126.32062881421648,34.97916681904197],[126.32253577340833,34.97234399663128],[126.32540044963793,34.97317320850899],[126.32777024223604,34.9701702890183],[126.32796870175885,34.96702874651915],[126.33044750824965,34.9674730764011],[126.33302393734867,34.97081194420097],[126.3374217981203,34.97258859092648],[126.34178443883587,34.97244406129303],[126.34802340911955,34.97579411944477],[126.35051045028831,34.9821612928525],[126.35387452718345,34.984125614284665],[126.35683963673998,34.983633385760136],[126.35889281040558,34.98669390927169],[126.3579953701368,34.99127623921561],[126.34954018705612,34.99486316161032],[126.34500115127398,34.99520382354219],[126.34082905567114,34.99714711710043],[126.33914435190901,34.99700382880845],[126.33471416312449,34.99340298356126],[126.33370663274248,34.99482481472591],[126.34382651155414,35.000744906816536],[126.34859679991317,35.00406655278502],[126.36211744314643,35.00947660098474],[126.3655543490871,35.01242272818829],[126.37552786725745,35.018637178206646],[126.38101952554462,35.020604904760106],[126.38358102474682,35.023405101869095],[126.38926346303595,35.02510401390172],[126.38982640788306,35.03078535422909],[126.38805360558523,35.03638906791488],[126.38459500867299,35.041428731356525],[126.38075386462967,35.04821350961108],[126.37729783224555,35.04735004258338],[126.37573249632138,35.04399746953118],[126.37334455409078,35.04421578079022],[126.37098330754345,35.0470483043178],[126.36150146987784,35.042415339003675],[126.35930460471712,35.042134648159426],[126.35849015388379,35.038593601532384],[126.35648445919634,35.03781409863969],[126.35156423398105,35.03878735828167],[126.34743648311462,35.045087656830624],[126.34742996019527,35.051776627842116],[126.35214863429371,35.052724594854446],[126.34779914360546,35.05737827587755],[126.34235331790259,35.059540029285564],[126.33743196040078,35.060474268353865],[126.3329058239551,35.05883481325038],[126.33105942882008,35.0614387163066],[126.33361543498258,35.06364402902983],[126.33573259431088,35.0622717496074],[126.33797142597665,35.06320662602126],[126.3432219789464,35.06792520933252],[126.34404527438772,35.07045519722033],[126.33899020822668,35.07627093371521],[126.33734743559795,35.081510634354046],[126.33245199905484,35.087530581377194],[126.32232481897749,35.08882955608853],[126.316747124286,35.086666257866995],[126.3161135275845,35.08351794585763],[126.31826356078764,35.078052088540915],[126.31181356603001,35.07564474282354],[126.31200587326057,35.07394223355984],[126.31673485278962,35.071768428481306],[126.31788682843656,35.070090509254406],[126.31166829609097,35.066820730263274],[126.30562796014894,35.06592208604776],[126.30079917147938,35.06123475807034],[126.30424772067838,35.0597522911693],[126.31149616726252,35.05963105619533],[126.31437734947373,35.05770629505505],[126.31452018929762,35.05326204135718],[126.31017566618922,35.05047489468808],[126.30435966135799,35.04502876524899],[126.30087402359116,35.047725942891],[126.29457308986771,35.04981542453124],[126.2908068457786,35.050091290812226],[126.29543193098841,35.05316541180537],[126.2953865097588,35.054665233068924],[126.29143810034772,35.05812897016925],[126.29076062690311,35.05971317586702],[126.2849121121809,35.06162939256141],[126.28123789987313,35.06027856632549],[126.28161081073475,35.05730184332992],[126.27809201263224,35.054476778892976],[126.2733217618524,35.053312576199566],[126.27031848191723,35.054543015242736],[126.26723277444331,35.052567305002015],[126.26214681407836,35.053694542021],[126.26216095805164,35.060131422203916],[126.2591004716581,35.067603160530034],[126.2529937010508,35.07207958184386],[126.24611096719151,35.07549566240076],[126.24422999565137,35.07823917557284],[126.24502527488576,35.084868481972144],[126.24788596666806,35.08878376725764],[126.24913215762781,35.09333759959807],[126.24767630607303,35.09710753932218],[126.24736194005581,35.10005534252102],[126.24182084193802,35.10606486604995],[126.24536851860256,35.109937424701535],[126.24181229462613,35.111515351761696],[126.24520639958197,35.11562684324924],[126.24447679677047,35.11719954616912],[126.2477111126273,35.12394403818613],[126.2508346490366,35.12905179782834],[126.25319795608556,35.13156349121352],[126.25165991775246,35.132904350032405],[126.25428833390856,35.13485808626489],[126.25896407892708,35.13531737855147],[126.25623794200588,35.13884074709392],[126.25735308852877,35.14205718503706],[126.26133715194123,35.14522447342043],[126.26469152612644,35.14606688500475],[126.267989371595,35.1452453583577],[126.27196409272784,35.14605216897318],[126.27046466872761,35.14841117986887],[126.27097909001108,35.15047145945106],[126.2745260727806,35.15021652829196],[126.2742809062205,35.14561017172873],[126.27864295364678,35.14198454371633],[126.27840374360859,35.1366794565552],[126.28176345463538,35.13499680867277],[126.28646054852584,35.13494632011501],[126.29156228252168,35.13826419499362],[126.29242249341885,35.14079383320057],[126.29660111602956,35.13813702002636],[126.30131843139849,35.1390841994772],[126.30827845328456,35.13733167868788],[126.31031154649702,35.135873999016205],[126.31033827647933,35.13271062495164],[126.31826233931369,35.13139384251538],[126.32480894702353,35.134143962307924],[126.32776188287298,35.136667180151974],[126.33034129766405,35.141119210325066],[126.32928228048789,35.14522898623656],[126.32507201940338,35.14688864603753],[126.32633256867736,35.150163982794616],[126.32958910110113,35.15141503211032],[126.33034835742242,35.14897289294496],[126.33418436072358,35.14934636396959],[126.3399095719011,35.153921197495436],[126.34591750563918,35.159757868184656],[126.34755321062109,35.15865801769288],[126.34576573423205,35.15535848533518],[126.34489934828174,35.15111501688769],[126.34599181232342,35.1475950973886],[126.34519845455134,35.1415725747445],[126.3469370982335,35.13847398103647],[126.34482752561705,35.13314764400242],[126.34269567056789,35.131161104584685],[126.34211233890599,35.1213997214071],[126.3447307923431,35.11822104291293],[126.34444839206553,35.11540223164447],[126.34059024560742,35.11156230436213],[126.34039940167348,35.10686579385568],[126.33758895879127,35.105535708460934],[126.33543663599305,35.10270602806166],[126.33568981594597,35.09885047478575],[126.33159708566548,35.094724429511196],[126.33505781538524,35.09167174370809],[126.34355134250902,35.09201706827642],[126.34548967957434,35.09401971189847],[126.34938779215554,35.09536882473843],[126.34990902573178,35.09979288644803],[126.35319074574579,35.09958899194924],[126.3538712671918,35.09813153754606],[126.35100684040705,35.09510611808598],[126.35125108159653,35.09232537584264],[126.35305510474194,35.08896004489595],[126.350477043931,35.08488714795618],[126.3487866178211,35.08793378762783],[126.34285872945499,35.086077430229516],[126.346106663622,35.08297111622596],[126.34481951239377,35.07726319816527],[126.34616427479708,35.0757654080159],[126.34915888822415,35.07628323384323],[126.35007426620965,35.079891185540006],[126.35341236150195,35.07913372923684],[126.35849581732977,35.07532971362671],[126.36199062697189,35.0758042609599],[126.36114273317112,35.07771532171784],[126.36473630642395,35.07978659089929],[126.36830907304015,35.07738809269818],[126.36427621267882,35.074676094101825],[126.3680331907214,35.07133743909178],[126.36773070132746,35.067367982201084],[126.36569291608981,35.065213744223634],[126.36799014799672,35.062534891547095],[126.37043727531304,35.062000345665474],[126.37375141238454,35.06425234277942],[126.37460072267609,35.0693648120527],[126.37989519397942,35.07557143555746],[126.38147901222779,35.079091349353824],[126.37990507245495,35.081591726444614],[126.38875233836252,35.08674482112828],[126.39175374218652,35.086440685054335],[126.39216319415073,35.083660663977476],[126.39771775151954,35.08355161366715],[126.39828291463972,35.08231667674318],[126.39006920070098,35.08208277604135],[126.38679105253028,35.07508055631413],[126.38712467560929,35.07231931395546],[126.38412975706926,35.070055213854644],[126.38454651778666,35.06665184723728],[126.39030750897004,35.065138900971554],[126.391745812074,35.06633485550339],[126.39213545378846,35.071798419531696],[126.3966369680704,35.07667215464844],[126.40057928849211,35.07251521883676],[126.40426921409086,35.070734321623256],[126.404110155225,35.06572168378309],[126.40699028054259,35.06366056479632],[126.40764257279125,35.0600012507389],[126.4062938027276,35.05723169108947],[126.40071712850602,35.05505168784088],[126.39916765645454,35.0528428839437],[126.40301103625295,35.05135190357567],[126.40165644745123,35.04941757308442],[126.39411959171213,35.04799861339046],[126.39094823048572,35.04324743272083],[126.39323712340766,35.04173021402339],[126.40015016873635,35.043925984039525],[126.40166578214034,35.042852809390126],[126.40151640360929,35.0369956790576],[126.3990532211905,35.03292179155079],[126.40113877976275,35.03086705547056],[126.40236847748668,35.02727057964425],[126.40669690402864,35.028987184997646],[126.41128896390191,35.02992790222683],[126.416768621171,35.02695229370723],[126.42630213716087,35.028057422493575],[126.42242232784668,35.0358091746117],[126.41775664642253,35.03966027797863],[126.41786977739397,35.04188591717899],[126.42295026769496,35.04824738798009],[126.43095790805573,35.05277078725268],[126.43182287229322,35.05203315747754],[126.43950999875256,35.05558127369194],[126.44131501222651,35.055795119328856],[126.44507599844391,35.05899752320803],[126.44515101768417,35.0608178707827],[126.44800142877637,35.06531641927038],[126.45204946899933,35.073194481102085],[126.4570420976651,35.07428678523835],[126.46429524459445,35.071443864153956],[126.47082670076635,35.066447480991265],[126.47412709628318,35.066566874163435],[126.47740752093705,35.06490764535726],[126.47540664173884,35.05756788690066],[126.47244340340994,35.0527834949609],[126.47022290632482,35.051816018645866],[126.46565009505787,35.04614349888388],[126.46316795869134,35.04145824971983],[126.46488178709684,35.0378402489083],[126.46404092989708,35.03130778165305],[126.46650153325167,35.02753590919929],[126.46632950520815,35.025111294229895],[126.46954396207481,35.021069841835924],[126.471159189018,35.021228960689136],[126.4780067625593,35.02598553583649],[126.48047350076254,35.026662596607544],[126.48218734000177,35.01940901498377],[126.4855242234051,35.01875831950672],[126.49185491953041,35.016114334503946],[126.49323496251455,35.01742915391066],[126.49702891879625,35.01788126034295],[126.4984552761027,35.01619751889383],[126.50055388807388,35.005782659481014],[126.50011070031559,35.004106059214216],[126.49010378962254,35.00128339918977],[126.49448560668965,34.99445540689967],[126.49827150560704,34.99164193850827],[126.49978722014305,34.98606853653295],[126.50506060053584,34.98577855592607],[126.50762636116096,34.98686112453286],[126.50803559579907,34.98883225996783],[126.51224389160953,34.99005082150345],[126.51687055395001,34.98428385739377],[126.52089066375197,34.98297566992735],[126.5258049761896,34.98266405638805],[126.53096459675284,34.978438534206376],[126.54075147998907,34.975226161892905],[126.53798778197708,34.96789179970545],[126.53638973061922,34.96495872044315],[126.53046028096554,34.956474575875276],[126.52871444893844,34.95309251833173],[126.52810229852335,34.94740094565888],[126.5286064932939,34.94509186180372],[126.533492126077,34.93541414551424],[126.53946068151068,34.9280954842433],[126.54235155447923,34.92268048865686],[126.5418680896105,34.91990103439311],[126.54020367627705,34.91816615121819],[126.53643822784326,34.917657916220556],[126.53405156266547,34.91983336723324],[126.52883568095329,34.92649139228494],[126.52379203414259,34.92913861119668],[126.52069167589798,34.92908021933241],[126.51580920726587,34.926223885434986],[126.51362248392843,34.9221309270839],[126.51355276106536,34.91904746127593],[126.51541437751243,34.9142652235166],[126.5181709822131,34.910762116642005],[126.5266585005394,34.90309797899149],[126.53385384976092,34.89473224388851],[126.54783078409801,34.88062979863137],[126.55078817095942,34.87530441672485],[126.55239430580701,34.87088228709667],[126.55320348085341,34.863241891140184],[126.55265076406975,34.85444487097959],[126.54814050146523,34.828106168249995],[126.54706781006307,34.82353221987651],[126.54366942289242,34.81412537768287],[126.53463857341208,34.80308609085141],[126.532739709723,34.803126245981474],[126.52714085100504,34.8012537378694],[126.52266723289488,34.79883963975842],[126.51937597424399,34.79595550223368],[126.51883900580472,34.79431610140858],[126.520537572725,34.789102540954715],[126.51998096558611,34.78589697545193],[126.51791037820021,34.78092949429118],[126.514454138251,34.77690559540787],[126.51085433971132,34.77412116387607],[126.50566925290653,34.771384551163464],[126.50085456995038,34.76986517569511],[126.49461210728198,34.76936332309406],[126.4923989351951,34.77012953473559],[126.48868084142032,34.773463998977654],[126.47434875262756,34.787839008181244],[126.46661485006624,34.79129171784174],[126.46230998175064,34.79257006912647],[126.4588293234814,34.79335229738201],[126.46193840912815,34.800058816732985],[126.45859269647477,34.80077266718552],[126.45790050167048,34.80813366090506],[126.45504694291182,34.81048475260376],[126.454885723258,34.81440255502017],[126.4531925698425,34.81833497886781],[126.44283208351193,34.819973220570034],[126.438309013561,34.82113454571459],[126.43813927660192,34.82546117993941],[126.43923082382616,34.83042755309766],[126.43824343383868,34.83663470861497],[126.43637229190162,34.837716405974376],[126.42775232457784,34.83788167043876],[126.42493400621215,34.839006493720355],[126.41984134317768,34.84406540469001],[126.4121102088339,34.84388873552401],[126.41199902197977,34.84529467779508],[126.40684268399798,34.84714738245332],[126.40537421645939,34.849456063603974],[126.40691572896887,34.8519535579383],[126.40497178195358,34.85699542788492],[126.40333131624254,34.857653586140295],[126.40054010836798,34.86372979524708],[126.39795432957419,34.86508480386054],[126.39470182708087,34.86926020045338],[126.39538599534896,34.87338677263983],[126.40184696500435,34.87906374209773],[126.40153466170561,34.880210840558696],[126.39292509887575,34.88234508224801],[126.39016796124832,34.88115608146986],[126.38902217261446,34.87792802386164],[126.38632343448735,34.87785884112569],[126.38646388024958,34.88027586317764],[126.39023141363182,34.88477808941491],[126.38895720114728,34.8893554756382],[126.39355923108752,34.894683792701024],[126.39122627569257,34.89905389273715],[126.39192461032249,34.900163253948634],[126.39751176364902,34.89827283299618],[126.4007918345761,34.900552426345705],[126.40456738232511,34.910239473691036],[126.40311959548733,34.91479228592924],[126.39162385430173,34.919968499545455],[126.39033862630006,34.926818576778146],[126.39035739971825,34.929543654954344],[126.3955175673759,34.932024309632],[126.3984453718169,34.93497334739862],[126.39640370895115,34.93675895952148],[126.39210900458778,34.93778149347583],[126.38893550617702,34.94022032415342],[126.38710218220896,34.94689827285008],[126.38895709856239,34.94972788024904],[126.38915665895503,34.95415542556001],[126.39163532402956,34.955469040354025],[126.39402041978624,34.96174310065639],[126.3921688008255,34.96593901042274],[126.39019106897378,34.967302773503675],[126.38220419546077,34.96836109289734],[126.37886650186422,34.97116716764134],[126.37861540553222,34.97664886144152],[126.37992051588054,34.98771662389716],[126.37327875748669,34.98988930099342],[126.37423071566835,34.995974448131726],[126.37210582970881,34.99918083280612],[126.36784480871857,34.995560407381916],[126.36764704040982,34.98869821216748],[126.36632701734284,34.98592310488832],[126.36639647626181,34.98181679023623]]],[[[126.31124842528571,35.00738900740343],[126.31391299364722,35.01054371546259],[126.31092835278021,35.01448691916119],[126.31621567752995,35.01548016656996],[126.31935832016218,35.0133929128332],[126.31737238822137,35.00688851556455],[126.31573388281062,35.00559488254925],[126.31343328736787,35.000444365492896],[126.31124842528571,35.00738900740343]]]]}},{"type":"Feature","properties":{"regionCode":"12820","name":"함평군","parentCode":"12"},"geometry":{"type":"MultiPolygon","coordinates":[[[[126.53096459675284,34.978438534206376],[126.5258049761896,34.98266405638805],[126.52089066375197,34.98297566992735],[126.51687055395001,34.98428385739377],[126.51224389160953,34.99005082150345],[126.50803559579907,34.98883225996783],[126.50762636116096,34.98686112453286],[126.50506060053584,34.98577855592607],[126.49978722014305,34.98606853653295],[126.49827150560704,34.99164193850827],[126.49448560668965,34.99445540689967],[126.49010378962254,35.00128339918977],[126.50011070031559,35.004106059214216],[126.50055388807388,35.005782659481014],[126.4984552761027,35.01619751889383],[126.49702891879625,35.01788126034295],[126.49323496251455,35.01742915391066],[126.49185491953041,35.016114334503946],[126.4855242234051,35.01875831950672],[126.48218734000177,35.01940901498377],[126.48047350076254,35.026662596607544],[126.4780067625593,35.02598553583649],[126.471159189018,35.021228960689136],[126.46954396207481,35.021069841835924],[126.46632950520815,35.025111294229895],[126.46650153325167,35.02753590919929],[126.46404092989708,35.03130778165305],[126.46488178709684,35.0378402489083],[126.46316795869134,35.04145824971983],[126.46565009505787,35.04614349888388],[126.47022290632482,35.051816018645866],[126.47244340340994,35.0527834949609],[126.47540664173884,35.05756788690066],[126.47740752093705,35.06490764535726],[126.47412709628318,35.066566874163435],[126.47082670076635,35.066447480991265],[126.46429524459445,35.071443864153956],[126.4570420976651,35.07428678523835],[126.45589168905693,35.076314216750745],[126.44721658392885,35.07951174493656],[126.44019312716524,35.08430850096057],[126.43630492899442,35.08403596858839],[126.43606619335904,35.08661252513503],[126.44276883539747,35.08715729229175],[126.44646801382379,35.088259081008815],[126.45016491909894,35.08807280996765],[126.45502356490084,35.08995434642312],[126.45759292401685,35.089890913041174],[126.46005752222142,35.09186345658833],[126.46186480850882,35.09605220812107],[126.46466277405499,35.09972927618484],[126.46179795633132,35.10183340418956],[126.45805332639425,35.101434059026964],[126.45349676889212,35.101919161251345],[126.45023285715718,35.10498538006492],[126.44787649640547,35.104299007530784],[126.44563499236935,35.10592446431908],[126.43763846320911,35.105039459741256],[126.43025443079027,35.107213395313195],[126.42711160834403,35.107092314390556],[126.42202630327222,35.1057429421041],[126.41963125890872,35.10754136435075],[126.40719782287279,35.1286610413755],[126.4030119798273,35.135399568169326],[126.401360524038,35.13580602345995],[126.3964697434458,35.13404910029923],[126.3933672305933,35.13685381593754],[126.39067337028877,35.13804891657699],[126.38664093365351,35.14291695765866],[126.3863619073015,35.1464431203117],[126.38313239030967,35.14903172590951],[126.3826851009575,35.15258861137963],[126.37229004164033,35.15848978797351],[126.37160640231771,35.16121983133273],[126.36864543804008,35.16502758119218],[126.3777163453412,35.17140929979672],[126.38563362578313,35.17468072197947],[126.38774152297177,35.17806656453281],[126.39103437141026,35.17949145742037],[126.39575752652972,35.17941453233744],[126.39700795555707,35.17674035039405],[126.39978124999692,35.17613085320627],[126.40724645235218,35.1813700924805],[126.40838470391142,35.18306042080383],[126.40775116764593,35.186058308659426],[126.41279080855581,35.186656903023625],[126.41519073369236,35.18521536643759],[126.41972592089827,35.185484623350405],[126.42467344315915,35.18207631839149],[126.42715374791722,35.179039908848274],[126.43068184351108,35.17757745476557],[126.43530681785553,35.17291084423512],[126.43850109960418,35.17514548143067],[126.44220014923539,35.178880440382294],[126.44760569490813,35.182333274729636],[126.45149857307361,35.18631866256082],[126.45638420493222,35.18525619805301],[126.45982949906575,35.18794043581777],[126.46184771989432,35.18833412952516],[126.46498176307303,35.18605793716143],[126.46978693640747,35.18797253410635],[126.47348697713154,35.192893537327244],[126.47710147259352,35.193875845684396],[126.48144751428383,35.1909464215345],[126.48405814148718,35.192407518771525],[126.4877102548981,35.19210891318411],[126.48917811986693,35.1880553839582],[126.4930667088693,35.1875642976367],[126.49319633723509,35.18565579875675],[126.50050967340937,35.18346307078073],[126.5044747651652,35.18486132861881],[126.51006970452497,35.1844733662065],[126.51440789399628,35.187511518301214],[126.51904004573794,35.18569349591911],[126.52527658926186,35.18632231367315],[126.52819286294844,35.185947104204864],[126.53076896513281,35.18263337665934],[126.53348268686474,35.182294547058255],[126.53697149138644,35.1847244925514],[126.5411447259847,35.185876189983475],[126.54365912875059,35.18817734612235],[126.54696267736377,35.18771056595346],[126.54918395476528,35.18525401154741],[126.56088435007776,35.187979492600455],[126.56496126033936,35.19072491882613],[126.56477080908863,35.19330990701324],[126.56229583739659,35.1966917866745],[126.56519396121779,35.198681762252775],[126.56812630046812,35.19893718805759],[126.57758073578324,35.19760334761289],[126.58097003894753,35.19602338641644],[126.58329021284074,35.19929660411375],[126.58359886880156,35.20131596285716],[126.5845999368294,35.20221369508154],[126.58778399478366,35.21033206256732],[126.5905533482434,35.213423027377765],[126.59105889123475,35.21673072081003],[126.58978521815222,35.21780798667291],[126.59131377318131,35.225384321202675],[126.58947911916151,35.22917386599259],[126.59187772664419,35.23193699764912],[126.59705349788145,35.234906181584755],[126.60150179755263,35.23561320597981],[126.60381381707738,35.2339043481143],[126.61384161242984,35.228691644852525],[126.61839888337163,35.22127425518964],[126.62604585413014,35.21943431783891],[126.62901059107152,35.215031523308916],[126.633812244123,35.21092425106607],[126.6391969587097,35.20764710925878],[126.64263240355925,35.20728069873817],[126.64713530232544,35.20043304014029],[126.65194150919795,35.195964814039165],[126.65099359794145,35.193155630595214],[126.65312064077364,35.19240305704587],[126.65551588121619,35.18877003726626],[126.66371373661927,35.1822677484182],[126.66781987106172,35.17540686514073],[126.6713674183212,35.17452202388042],[126.67104930599182,35.16943936754929],[126.6642665255013,35.1684147995346],[126.66075100631672,35.166731534441084],[126.6572656461298,35.166625573974784],[126.65397371140273,35.164569043930726],[126.65371536041684,35.161225488514944],[126.65548737789395,35.158868103890256],[126.65166219857629,35.15542025906706],[126.65363555203308,35.15304343647087],[126.6511837739217,35.15069173035669],[126.64897664386483,35.14709805994294],[126.64467304244594,35.14659302299763],[126.6478709234375,35.14387865536243],[126.6535214579116,35.14365124631525],[126.6528024119787,35.140894649669924],[126.65484784570037,35.13671524108572],[126.65320113061495,35.12712490890003],[126.65165409415621,35.12492358485685],[126.65255023652131,35.12222695361321],[126.65150715899047,35.12049524047308],[126.65498295761104,35.11786666914579],[126.65521609781,35.11503164984703],[126.65569795555339,35.11070108103241],[126.65397578636339,35.107479570280994],[126.6491034838884,35.10542642622099],[126.64678187519276,35.10352417048116],[126.64674639973578,35.100958462093374],[126.64845572519624,35.09895308963049],[126.64722295584393,35.095809494418965],[126.63883459110937,35.093611592206265],[126.6354527599016,35.09452046289553],[126.62924394762949,35.09208911811801],[126.62331598590899,35.08692998906221],[126.61993350189888,35.08800116258331],[126.61756797513839,35.09075078224397],[126.61340835302376,35.09109174626825],[126.60849615557031,35.09291397134862],[126.60525227891276,35.09654122462568],[126.6048432689496,35.09922036037797],[126.5995972422675,35.099842686545166],[126.59381920931561,35.097920652673324],[126.59718574085709,35.09543283028519],[126.5977333226107,35.09304138798909],[126.59586232184645,35.08849770447759],[126.5948657236159,35.08177374376438],[126.59281603970454,35.07944058520255],[126.5911721464622,35.07051282306902],[126.59124295478182,35.065669028017986],[126.58813121997818,35.05839907501644],[126.58817377751826,35.05555323501424],[126.58970333679088,35.04996377292331],[126.58672037082214,35.04821127083508],[126.58962818929727,35.041740105153636],[126.59045655226743,35.03670740526303],[126.5935906459873,35.03365252803089],[126.59302517888446,35.032246258465584],[126.59454195066157,35.02792480620315],[126.5940421626417,35.02588563643896],[126.58987771221635,35.019537510245804],[126.58644739066565,35.017489249950515],[126.5857897079789,35.01479460349279],[126.58932448253451,35.0127182787493],[126.59458610125283,35.013495431508424],[126.59868040857549,35.01276694271208],[126.59961751536355,35.009887776198106],[126.59895868805302,35.00734851497255],[126.59453523109735,35.002587493045276],[126.59621019956532,34.99895140570878],[126.59227919362542,34.996504693598844],[126.59459823510721,34.994096183317886],[126.5912566784004,34.99125444211769],[126.58661413210038,34.98827132714754],[126.58274249770596,34.98193219641658],[126.58082887366533,34.976836951815926],[126.57398845122579,34.97284194817903],[126.5707591526426,34.97378839002201],[126.5698603100593,34.97635138416418],[126.56846251481116,34.9819806154211],[126.56628960675238,34.985565914889484],[126.56344634572403,34.98756200632923],[126.55986519019507,34.98837544774929],[126.55423906077743,34.98771266852248],[126.5504797255877,34.986147406280345],[126.54601692722247,34.98291148322444],[126.54185635723789,34.97808978503678],[126.54075147998907,34.975226161892905],[126.53096459675284,34.978438534206376]]]]}},{"type":"Feature","properties":{"regionCode":"12830","name":"영광군","parentCode":"12"},"geometry":{"type":"MultiPolygon","coordinates":[[[[126.21323904315683,35.18724211053644],[126.2138639392428,35.183759820696345],[126.20890220302076,35.18285480388617],[126.20598664508128,35.18298481390432],[126.20517307650667,35.185099250601525],[126.20842799648786,35.187788982055686],[126.21323904315683,35.18724211053644]]],[[[126.2191890052871,35.19273809103645],[126.22230293042863,35.19554592414942],[126.22373331677755,35.193478344313256],[126.22336751652001,35.19103917183459],[126.2191890052871,35.19273809103645]]],[[[126.12955809096826,35.199996696179255],[126.12753437357252,35.196162348311866],[126.13092603861203,35.19173186593573],[126.1276409968799,35.191810859941164],[126.12159505641026,35.190271713154715],[126.12163867152545,35.19342305779312],[126.12400493769952,35.19562607774472],[126.12195145912091,35.19891403064852],[126.12474870757224,35.202540855340835],[126.12864309746804,35.203367204203694],[126.1295986147425,35.20035643703145],[126.13645670613535,35.2049000195527],[126.14224578004082,35.20634969066748],[126.14728846492923,35.20597417980226],[126.1482323958471,35.208706668198566],[126.15132070872035,35.211397295460905],[126.15674394503596,35.21107939892843],[126.15647582286415,35.208186213467215],[126.15072418039844,35.206233220191955],[126.14672857020153,35.20152222198213],[126.14380418763417,35.2007519595008],[126.14032144197323,35.20214199021548],[126.13252149604739,35.201072408154545],[126.12955809096826,35.199996696179255]]],[[[126.09223534482558,35.24284968762703],[126.08943642536644,35.24600274661621],[126.09232444740051,35.25021651923362],[126.09957243795947,35.252130487390815],[126.10035412143563,35.25621771979729],[126.10321193961553,35.253566011286935],[126.10317521564161,35.24901576448416],[126.09800442001757,35.24347102916179],[126.09223534482558,35.24284968762703]]],[[[126.11468924559827,35.255524813073],[126.11198263689263,35.25758422800212],[126.11400722396635,35.2589050995303],[126.11977826048924,35.26049903276634],[126.120933590177,35.25910485318557],[126.11468924559827,35.255524813073]]],[[[126.08358997154227,35.25844840455072],[126.08949942001614,35.25984276127348],[126.08895058262064,35.257748369274466],[126.08350445024543,35.25644188309478],[126.08358997154227,35.25844840455072]]],[[[126.15275823710245,35.27474085924811],[126.148399497155,35.2710975620501],[126.14609198347566,35.270668451399196],[126.13776900025694,35.27068258767611],[126.13996957126449,35.27493156142236],[126.14290127465593,35.27672533176256],[126.13921505579758,35.27888594952551],[126.13240029612604,35.2817332311773],[126.13091420230428,35.28540187744766],[126.13188959139397,35.2896280545452],[126.13592047717653,35.289783404156694],[126.14000371870274,35.29377270597846],[126.13988016633652,35.29910230158477],[126.14283508945734,35.299564651094926],[126.14599862602435,35.29469533842389],[126.15136614405809,35.291907033460994],[126.15252615127912,35.29019776152804],[126.15184909005659,35.28783301130092],[126.1526331974735,35.282232768300815],[126.15444070027131,35.27862471980855],[126.15275823710245,35.27474085924811]]],[[[126.00557297204514,35.3284435205169],[126.00237456050994,35.329744228093055],[125.99924849344573,35.327117344703375],[125.99575236240227,35.31994187875248],[125.99305867343922,35.32109587346612],[125.99646817808095,35.32321430841123],[125.99791113008871,35.33178665804657],[126.00092820958876,35.33149731950141],[126.00346413251168,35.33270186984613],[126.00774264936716,35.33273206381026],[126.01025805328445,35.33068705677195],[126.01002523087477,35.327794793584864],[126.00557297204514,35.3284435205169]]],[[[125.98983783894963,35.339160786331156],[125.99160968362665,35.33719631442575],[125.99742840383888,35.337665903430796],[125.99722123896683,35.33502514333218],[125.98606271215067,35.3355495782105],[125.98622058678538,35.33799342526849],[125.98983783894963,35.339160786331156]]],[[[126.03516906736454,35.3528161135301],[126.03719214512753,35.35149906843099],[126.03660219469022,35.348458683366054],[126.04144494153864,35.346343862055086],[126.03932636869153,35.34309175811102],[126.0313422199973,35.33493275827721],[126.02633565276997,35.336384749183125],[126.0204130551892,35.33434660434782],[126.01917962253039,35.33263925717654],[126.01421384815029,35.331627212190234],[126.01483457844616,35.33491059968781],[126.01988748411272,35.33687286969398],[126.0196361711722,35.33950260921943],[126.0169150948672,35.34164224639155],[126.01227641987107,35.33968160906972],[126.00891821273058,35.34373748143073],[126.01119548732666,35.344566112819116],[126.02242339195854,35.34456917638213],[126.02331077453911,35.3471341479619],[126.01883948750012,35.34857234596719],[126.01791041750333,35.35227149867045],[126.01276173510679,35.352174941091704],[126.0093633798039,35.35403859155856],[126.0057920247294,35.3548670561215],[126.00310283245253,35.35208861640949],[125.9986999085048,35.35274490325951],[125.99580326114028,35.35651435058411],[126.0010874090439,35.35478952152573],[126.00610899580343,35.35586373739746],[126.00718256613256,35.359095345606754],[126.01314844912736,35.3580478158103],[126.0172442068577,35.356694565755795],[126.02162213670172,35.35698770219063],[126.02055487345031,35.363912632411065],[126.02328753858055,35.36351387886267],[126.02588456569201,35.35964901835651],[126.02954751764926,35.358771271000265],[126.02824725059784,35.35663161340501],[126.02913380511572,35.354781084726625],[126.03516906736454,35.3528161135301]]],[[[126.06056898086825,35.36571027210221],[126.05965099742183,35.364912249924686],[126.05518980931797,35.366952923286505],[126.05516595994078,35.36892506222193],[126.05932495091002,35.369426640595975],[126.06056898086825,35.36571027210221]]],[[[126.04307495435178,35.36837578981273],[126.04092443729809,35.37061348912716],[126.04209959013852,35.37359816992461],[126.04466654508822,35.374776719248764],[126.05187707787725,35.37419981457773],[126.05353959496705,35.37565764879205],[126.05693847102432,35.37506543347067],[126.05783165678787,35.37276423515251],[126.05382737374974,35.37305379044758],[126.04795832762493,35.370927611589664],[126.04561569760473,35.36759335654843],[126.04307495435178,35.36837578981273]]],[[[126.24974082323156,35.201900647523324],[126.24704232310532,35.200764193330635],[126.24535992167114,35.20301717142603],[126.24838262028376,35.20371075978628],[126.24974082323156,35.201900647523324]]],[[[126.40724645235218,35.1813700924805],[126.39978124999692,35.17613085320627],[126.39700795555707,35.17674035039405],[126.39575752652972,35.17941453233744],[126.39103437141026,35.17949145742037],[126.38774152297177,35.17806656453281],[126.38563362578313,35.17468072197947],[126.3777163453412,35.17140929979672],[126.36864543804008,35.16502758119218],[126.366143342591,35.16756077733622],[126.3624967140718,35.16712057341541],[126.35912936822082,35.16998068391336],[126.35441564904887,35.178783896936864],[126.35234761640814,35.18153347367512],[126.3490840056592,35.18348784091159],[126.34173074501486,35.18504686204269],[126.3397391031666,35.18631507601537],[126.34198690564938,35.18952502332735],[126.34519573539146,35.190395161392075],[126.35416377418197,35.19007035923799],[126.3623176625155,35.19235640615262],[126.36652205454945,35.1955145350636],[126.36861257543252,35.19819444200413],[126.37216474538053,35.198889098069344],[126.3787731269359,35.20884680272851],[126.37646528825407,35.211760594613345],[126.37215240315147,35.20806196679579],[126.36725365023854,35.20110234969244],[126.36200892209705,35.1969454037606],[126.35663009334802,35.19505401196706],[126.34392816878763,35.193134404294085],[126.33545539298865,35.19122943752075],[126.33320793030585,35.18929573937463],[126.32580409737918,35.18527094504923],[126.32184178167654,35.182055836772456],[126.31748653056653,35.18027849186142],[126.30700863465101,35.17822699946984],[126.30369645909565,35.182291290264075],[126.30437983609303,35.18523845208192],[126.30193610246765,35.18738860214648],[126.30005348197905,35.18612105930201],[126.29812149868897,35.18812223230748],[126.29910793163677,35.1921649547658],[126.30133085395185,35.19594078422421],[126.299663484446,35.19683870971087],[126.31341501050797,35.20998851568038],[126.30613744438512,35.211171070205104],[126.30395367629461,35.20906982943037],[126.29963927030735,35.21019030585348],[126.29983444959869,35.21536013363078],[126.297544232405,35.21598560762028],[126.29877690090407,35.223589882614604],[126.29749784925546,35.22737250757243],[126.30015518048343,35.23441542844437],[126.30236710832305,35.237287480838404],[126.3047576939404,35.245439828036275],[126.30736558128662,35.25051001701503],[126.3111422694273,35.25458389837781],[126.31283572687508,35.25355218217896],[126.31766020076884,35.24832769461476],[126.3259445756348,35.2429218287384],[126.33154614577205,35.24529908410318],[126.33343287904415,35.24726874627575],[126.32882670174371,35.2465838612892],[126.32608195765395,35.2474726860165],[126.324033504416,35.252587667146464],[126.32514190691435,35.25552643361652],[126.32834517404633,35.25916753740762],[126.3251084152654,35.262399440039296],[126.3321004104727,35.267479489088004],[126.32939042172426,35.2697858715749],[126.3248537975889,35.27071604316609],[126.32336449040858,35.28806175913784],[126.32878409532972,35.29013103244874],[126.34387331457302,35.292989804526776],[126.35839907998424,35.28935174487805],[126.36144902533668,35.290256565331354],[126.36407289643854,35.29519835073321],[126.3732050282059,35.300335630470805],[126.37777728067738,35.30575518163249],[126.3764893905104,35.30738258776727],[126.3754757510814,35.311609789985326],[126.37765763752718,35.3183526967581],[126.37895540452462,35.31972554254406],[126.3777143567822,35.32374522856053],[126.37832837447777,35.32897992820049],[126.38188389631841,35.33457794753834],[126.38292680349419,35.335092247663034],[126.38475024984002,35.34052057606743],[126.38751199796184,35.34390689147423],[126.38683050155714,35.34749296217749],[126.38724575306534,35.35314723747822],[126.39017899031951,35.35599067002886],[126.39174859762429,35.35613252587202],[126.39431052766685,35.36359233045621],[126.39653795925953,35.36841600166206],[126.40222515470879,35.36940868070328],[126.40386798544878,35.368532806699335],[126.40396956127978,35.363631214200076],[126.40739047599898,35.365710717499915],[126.41359277560773,35.36335695824149],[126.4180496358069,35.365189992774425],[126.42224720346726,35.36397794763713],[126.42380890097739,35.36066378020956],[126.4275891063647,35.358270892106276],[126.43665121329472,35.35623876745959],[126.44086984751492,35.35660663746661],[126.44411644143403,35.35557694732874],[126.44839450684465,35.350338789052934],[126.44626976671154,35.357112690207764],[126.43923185587524,35.35897757937005],[126.43979374337567,35.36126838606698],[126.43482727841716,35.359892228159936],[126.4308037037124,35.360150142900295],[126.42840415609042,35.364770839759586],[126.42926327641474,35.3675895679804],[126.4247820565626,35.36890368443416],[126.42132491085447,35.3685036416297],[126.41909414975657,35.3694258945107],[126.41419601389198,35.37395334889415],[126.41059778575641,35.375542208934476],[126.41021029534085,35.37911296691221],[126.41461309048537,35.377791842511286],[126.41978792026016,35.38123022464065],[126.41880090126018,35.38315042384354],[126.41565787892206,35.383271769394284],[126.41322500735097,35.38132571399113],[126.40762488660263,35.381707920572104],[126.40651860926248,35.384683491666564],[126.40768469792384,35.38872598690035],[126.40355942357591,35.388883139978375],[126.40202881742987,35.3901771664624],[126.40347375801113,35.39409831986715],[126.40187407648881,35.39605636553487],[126.40341580424831,35.398180284481604],[126.40561588385377,35.39778156159072],[126.40801398935538,35.40071507674531],[126.40741759368329,35.402396068446976],[126.41162112814625,35.40570247188414],[126.40301075793762,35.40406723513813],[126.4054766607226,35.40914015795248],[126.40827443295125,35.41072405808384],[126.4099434603825,35.414520922986576],[126.4143734693689,35.41738699819818],[126.41481344806901,35.42193098963189],[126.41766221662418,35.42424310606962],[126.42332526837117,35.4306464140009],[126.42744755422191,35.42609218909881],[126.43744569812073,35.43059940380874],[126.4416589672141,35.42886682918364],[126.4439411750397,35.43076608568291],[126.447567236087,35.4298060953062],[126.45203465866601,35.426905425250226],[126.45770705182929,35.426868236548074],[126.46228862040367,35.42541997305822],[126.46946796285904,35.42524135883354],[126.47246594266292,35.42647579950112],[126.47871146451979,35.42422587704254],[126.48754877785127,35.41304113927028],[126.48990563013827,35.41274090120272],[126.49281284806108,35.40914252282909],[126.49088030349236,35.40439294051796],[126.49050615497305,35.39521002206704],[126.48838451284945,35.392792012941],[126.48184501180094,35.389213018701504],[126.47758367090441,35.386099224945525],[126.48158109388177,35.38562512793295],[126.48316926722126,35.38397145995848],[126.48339687423804,35.38039001204164],[126.48619561740557,35.37758637750142],[126.49260782127331,35.37406527421839],[126.49632770896714,35.37403788207929],[126.49750259989645,35.37234742657206],[126.49528748619477,35.36263238429949],[126.4959939663323,35.35834105732125],[126.4923531158548,35.35432133786604],[126.49352232235866,35.35071180471899],[126.49732256929576,35.350502465192406],[126.49920506309812,35.35404544516129],[126.50354829342757,35.35840576258629],[126.50776275950116,35.361402249018646],[126.51282107275992,35.36201649543824],[126.51410254816146,35.35629799413376],[126.51726692790952,35.35103727462217],[126.52023500607018,35.34978945262154],[126.51968943068749,35.34327094045855],[126.5170405516309,35.33800389244632],[126.51761976168574,35.33409449514658],[126.51573497347728,35.33166653453454],[126.51406856243092,35.327068065399466],[126.51711838751012,35.325580987955966],[126.52075210093388,35.325039092184156],[126.52314336392864,35.320479887015885],[126.52325638145211,35.315442759391125],[126.52696479857987,35.312474987939964],[126.53118546030142,35.3074719320713],[126.53822960535992,35.30952942280957],[126.54478654874904,35.31045036710012],[126.54795706400755,35.31323331871456],[126.55094840781462,35.313602234450016],[126.55793869500214,35.311778520203696],[126.56088944898694,35.311414940021194],[126.5643572169456,35.30974555936864],[126.56827581135236,35.31122160876157],[126.57321537713659,35.30964186665023],[126.57830113931665,35.303389356246036],[126.58493871738897,35.3008007158323],[126.5883763175089,35.30621342405915],[126.58964877683671,35.31197523358017],[126.5870174081501,35.31661409774747],[126.58337436694079,35.31801510329826],[126.58134316001374,35.32289438184351],[126.58395073851801,35.3295068205733],[126.58686413529355,35.3307093670883],[126.59209255496337,35.33052048908836],[126.59541077152404,35.329232242144315],[126.59901236648116,35.3304420430741],[126.6018134151166,35.33432278335977],[126.60399659705318,35.3355817878185],[126.60915558384539,35.331168868100804],[126.61331918375161,35.328787482765854],[126.61555187644011,35.32850457947794],[126.61885758626164,35.32531521643432],[126.62506672872489,35.32133705859936],[126.62954515090719,35.32038154774024],[126.64175421743191,35.320864640657064],[126.64473425322905,35.319865237484784],[126.64144046243194,35.315728034721644],[126.64006957514401,35.312821419048404],[126.64013685514779,35.3090439739299],[126.6339182175042,35.303724805389784],[126.62932089094043,35.30247557629474],[126.62192010829561,35.303624114930265],[126.61849963817615,35.304639966224585],[126.61102316251704,35.30032078485659],[126.61155271130252,35.297468438797324],[126.61542285861799,35.2965437470787],[126.61821661027182,35.29354201388133],[126.61472581511461,35.288249315324705],[126.61421071832021,35.28154665262518],[126.61577943358438,35.278777551262785],[126.61164470254407,35.275087313144326],[126.60982760394448,35.2712594234548],[126.60254183285683,35.26882005245447],[126.59838806402601,35.26796236329054],[126.596305108492,35.2669096110328],[126.59589533542714,35.26425529742966],[126.59260034939466,35.26140758962056],[126.58936805327114,35.260968082524045],[126.58500131326652,35.25856548338016],[126.58400543042431,35.253847978787334],[126.58638433906783,35.25081546310096],[126.58747667900681,35.24637041824833],[126.58430728745454,35.24348210843413],[126.5833081618128,35.239438010024635],[126.5843595457848,35.238135564248715],[126.58987286417509,35.234930072918544],[126.59187772664419,35.23193699764912],[126.58947911916151,35.22917386599259],[126.59131377318131,35.225384321202675],[126.58978521815222,35.21780798667291],[126.59105889123475,35.21673072081003],[126.5905533482434,35.213423027377765],[126.58778399478366,35.21033206256732],[126.5845999368294,35.20221369508154],[126.58359886880156,35.20131596285716],[126.58329021284074,35.19929660411375],[126.58097003894753,35.19602338641644],[126.57758073578324,35.19760334761289],[126.56812630046812,35.19893718805759],[126.56519396121779,35.198681762252775],[126.56229583739659,35.1966917866745],[126.56477080908863,35.19330990701324],[126.56496126033936,35.19072491882613],[126.56088435007776,35.187979492600455],[126.54918395476528,35.18525401154741],[126.54696267736377,35.18771056595346],[126.54365912875059,35.18817734612235],[126.5411447259847,35.185876189983475],[126.53697149138644,35.1847244925514],[126.53348268686474,35.182294547058255],[126.53076896513281,35.18263337665934],[126.52819286294844,35.185947104204864],[126.52527658926186,35.18632231367315],[126.51904004573794,35.18569349591911],[126.51440789399628,35.187511518301214],[126.51006970452497,35.1844733662065],[126.5044747651652,35.18486132861881],[126.50050967340937,35.18346307078073],[126.49319633723509,35.18565579875675],[126.4930667088693,35.1875642976367],[126.48917811986693,35.1880553839582],[126.4877102548981,35.19210891318411],[126.48405814148718,35.192407518771525],[126.48144751428383,35.1909464215345],[126.47710147259352,35.193875845684396],[126.47348697713154,35.192893537327244],[126.46978693640747,35.18797253410635],[126.46498176307303,35.18605793716143],[126.46184771989432,35.18833412952516],[126.45982949906575,35.18794043581777],[126.45638420493222,35.18525619805301],[126.45149857307361,35.18631866256082],[126.44760569490813,35.182333274729636],[126.44220014923539,35.178880440382294],[126.43850109960418,35.17514548143067],[126.43530681785553,35.17291084423512],[126.43068184351108,35.17757745476557],[126.42715374791722,35.179039908848274],[126.42467344315915,35.18207631839149],[126.41972592089827,35.185484623350405],[126.41519073369236,35.18521536643759],[126.41279080855581,35.186656903023625],[126.40775116764593,35.186058308659426],[126.40838470391142,35.18306042080383],[126.40724645235218,35.1813700924805]]],[[[126.3936532599968,35.37219084944943],[126.39375195793016,35.374821267069706],[126.39807422474982,35.376250402383064],[126.39731913905017,35.37212680672002],[126.3936532599968,35.37219084944943]]]]}},{"type":"Feature","properties":{"regionCode":"12840","name":"장성군","parentCode":"12"},"geometry":{"type":"MultiPolygon","coordinates":[[[[126.68055820648156,35.20757307630333],[126.68001356126858,35.20401589867147],[126.67735648204075,35.201361123606],[126.67807696082873,35.198462250575716],[126.67648266743134,35.19599477659338],[126.67786980598345,35.19365415029071],[126.67568903723782,35.19084127740086],[126.67210594940065,35.19416300429432],[126.66966222932801,35.19445451746089],[126.66358284955547,35.192484111011204],[126.65971732075727,35.19262884055959],[126.65616110853047,35.19405690129419],[126.65312064077364,35.19240305704587],[126.65099359794145,35.193155630595214],[126.65194150919795,35.195964814039165],[126.64713530232544,35.20043304014029],[126.64263240355925,35.20728069873817],[126.6391969587097,35.20764710925878],[126.633812244123,35.21092425106607],[126.62901059107152,35.215031523308916],[126.62604585413014,35.21943431783891],[126.61839888337163,35.22127425518964],[126.61384161242984,35.228691644852525],[126.60381381707738,35.2339043481143],[126.60150179755263,35.23561320597981],[126.59705349788145,35.234906181584755],[126.59187772664419,35.23193699764912],[126.58987286417509,35.234930072918544],[126.5843595457848,35.238135564248715],[126.5833081618128,35.239438010024635],[126.58430728745454,35.24348210843413],[126.58747667900681,35.24637041824833],[126.58638433906783,35.25081546310096],[126.58400543042431,35.253847978787334],[126.58500131326652,35.25856548338016],[126.58936805327114,35.260968082524045],[126.59260034939466,35.26140758962056],[126.59589533542714,35.26425529742966],[126.596305108492,35.2669096110328],[126.59838806402601,35.26796236329054],[126.60254183285683,35.26882005245447],[126.60982760394448,35.2712594234548],[126.61164470254407,35.275087313144326],[126.61577943358438,35.278777551262785],[126.61421071832021,35.28154665262518],[126.61472581511461,35.288249315324705],[126.61821661027182,35.29354201388133],[126.61542285861799,35.2965437470787],[126.61155271130252,35.297468438797324],[126.61102316251704,35.30032078485659],[126.61849963817615,35.304639966224585],[126.62192010829561,35.303624114930265],[126.62932089094043,35.30247557629474],[126.6339182175042,35.303724805389784],[126.64013685514779,35.3090439739299],[126.64006957514401,35.312821419048404],[126.64144046243194,35.315728034721644],[126.64473425322905,35.319865237484784],[126.64695652615009,35.3245845322902],[126.644216173596,35.32726762729234],[126.64657713719797,35.32870398670718],[126.6489612999327,35.327297593920136],[126.65260760836107,35.32768627354384],[126.65636917247713,35.333056602880454],[126.65952623508171,35.33456213390599],[126.66019086772616,35.34388818997839],[126.66321276009917,35.34595186904303],[126.66673476136123,35.35154762029113],[126.67269856438148,35.350059823371694],[126.67478418191871,35.34860050220061],[126.68198292526522,35.34715292591583],[126.6854783173378,35.34458576481346],[126.69066899550313,35.350857463988675],[126.69277762097768,35.35152210912015],[126.69612466939861,35.349749135442096],[126.69923583475841,35.34968241212998],[126.70113398947579,35.35345529422681],[126.70458172982374,35.36511310631844],[126.7091409493175,35.3651775728222],[126.71026392861833,35.36401812220525],[126.71943429137023,35.36492086852571],[126.72267812304341,35.367240170033554],[126.73119593700739,35.376780939515506],[126.73070637887243,35.380194937158684],[126.73204234354233,35.38316532527709],[126.72960652211347,35.39449248974887],[126.72705744064164,35.39634694460423],[126.72204484492546,35.39835061972323],[126.72235715059159,35.40016758692972],[126.72701063761932,35.400545342137136],[126.73608250286878,35.40324801579247],[126.7374424540332,35.40572104773062],[126.74443305657869,35.409294504816316],[126.74841306055148,35.415163109273294],[126.75396491777491,35.416243185399075],[126.75400703575824,35.420054971022104],[126.75182555555328,35.42297912535075],[126.75202559498554,35.42610398731426],[126.7511771173158,35.43707667896855],[126.7486372714588,35.439794535677564],[126.74437742069192,35.440745734104524],[126.73811794165826,35.449033582916684],[126.74090804790498,35.45232272600723],[126.74787370633258,35.45032792218097],[126.75426686531883,35.455270148747914],[126.75675628985728,35.46078360260346],[126.76153119246605,35.46475277749706],[126.7640497654522,35.46604363841164],[126.76976083865117,35.46635428731811],[126.77251960116996,35.46837906838677],[126.77555177495563,35.46829298652851],[126.78215705921143,35.47033980069305],[126.78790880778422,35.467606638318735],[126.79285194630216,35.46718209895823],[126.80202735205049,35.46824774244748],[126.80408290104019,35.46755539898786],[126.81357380788494,35.46884731730347],[126.81502800584238,35.4736373186275],[126.81293494549038,35.47662694456037],[126.81396336477084,35.48294246231824],[126.81857901079661,35.485758636637144],[126.82175819768315,35.48510709606906],[126.82612675025241,35.48630146133217],[126.83150123454661,35.480041587932924],[126.84026861543173,35.482900732927796],[126.84228006997716,35.48009286416566],[126.84313705222975,35.47598695575126],[126.84179244064299,35.47407474938905],[126.84045388642775,35.46914996098972],[126.84057554971594,35.4663922675951],[126.83846365821681,35.46495869491391],[126.83963609228417,35.46212860062145],[126.84229418203725,35.46389074903228],[126.85061670216128,35.46597918687715],[126.85732023734114,35.46424570670391],[126.85883975867179,35.462346777369625],[126.86156297309546,35.46165453567343],[126.86869217100137,35.461388959784685],[126.87625931338793,35.45623916016148],[126.88050448897764,35.45546601656459],[126.88400119243174,35.450989778185274],[126.8901143647411,35.450128148064685],[126.89484365559927,35.448481479946174],[126.89869270261887,35.445057497045326],[126.89971856716465,35.44263374491307],[126.90451441202899,35.44042856830125],[126.90078134709017,35.43726355316039],[126.89758399575211,35.43587368144826],[126.89792543777814,35.43267671283529],[126.90372354948853,35.429952266861],[126.9019591090789,35.42277276826108],[126.90327791431217,35.420706612984716],[126.90737123140022,35.4202773260949],[126.9086254664888,35.41659757094289],[126.91177774939585,35.41528584415037],[126.916284818391,35.415489460482846],[126.92066709070274,35.410892454189835],[126.91695510306232,35.40519265503665],[126.91746332920722,35.40211755215759],[126.91959960987842,35.4019725286734],[126.92490776031453,35.399219560295144],[126.9254999712222,35.39481280585339],[126.92406086947777,35.392646253775474],[126.92534087005896,35.38630921651619],[126.9245666294519,35.37944303794955],[126.92026746568688,35.382112938934696],[126.91762724904079,35.38598697377133],[126.9122210489958,35.3817060875501],[126.90990526170884,35.3814077731404],[126.90407432590945,35.37755658902188],[126.900618355159,35.37284867983897],[126.89792591134487,35.371854795515006],[126.89532806710135,35.36759878198044],[126.89573152871893,35.366075650444344],[126.89152982248761,35.3646494681864],[126.88700869060786,35.36496912614344],[126.88424648859332,35.36148922143204],[126.88284008836123,35.35286339811301],[126.87664907854347,35.34509657491509],[126.87624637704141,35.34151491758217],[126.87923577554729,35.3399984222893],[126.8793363294122,35.33836837133285],[126.88408048703009,35.33109505089046],[126.8854163801641,35.33059063340549],[126.88771985577608,35.325870637883504],[126.88013289204089,35.321052285063],[126.87758833948082,35.322665292825455],[126.86971908851456,35.32305473952365],[126.86317228117554,35.32247093408792],[126.86138301740114,35.32122642046832],[126.86235357796909,35.31937866543728],[126.86225577212095,35.30983593879567],[126.86336307227153,35.3026686288254],[126.86221416840668,35.29967426806703],[126.85467285466646,35.29420792859016],[126.8598211113922,35.28997491073866],[126.86429740168687,35.27998674114365],[126.86384523114782,35.27806807575941],[126.86636001363952,35.27194345334531],[126.8691512921231,35.27067334244002],[126.8733851130337,35.26455207946966],[126.87791316073931,35.257145554381275],[126.88190543750707,35.25605371994802],[126.88155342692046,35.25306048220074],[126.87955462752348,35.25149396726709],[126.87345762217342,35.2493610763822],[126.87002126922721,35.246257414587994],[126.86637237391461,35.24626151419271],[126.8624188223935,35.245153396400944],[126.86113947980347,35.24158126769166],[126.85882891367244,35.239736441332475],[126.85042531857927,35.2373146331103],[126.84835111493933,35.2356659019113],[126.84661357073709,35.23739855222109],[126.84430955452362,35.23671586515291],[126.84435360012053,35.23438689101049],[126.8409722776869,35.234341872813395],[126.84031580775644,35.231273134418046],[126.83515608798425,35.22874822422429],[126.8333898466239,35.22835467641919],[126.83001671930508,35.230455483314934],[126.82525713077845,35.23178276016167],[126.82506775469933,35.22756592548503],[126.82392437424896,35.225648720296206],[126.81986270983117,35.226159997027366],[126.81777752493326,35.223795195689334],[126.81571012649222,35.224681085698364],[126.81036610624945,35.22120821617779],[126.80475708629928,35.21955735636373],[126.79433160237228,35.220266840261715],[126.7898740853527,35.22386418927999],[126.7876680182656,35.22322124114415],[126.78138488287824,35.22483208303527],[126.77702776384935,35.228248114772036],[126.77546046557839,35.23067524395817],[126.77183792865117,35.23092051947923],[126.77041749533251,35.232774683956755],[126.76667247680787,35.232457809240444],[126.76053420023374,35.23399059845693],[126.75552470429545,35.234388558253386],[126.75395661766375,35.23693184971181],[126.75561624573233,35.2433047043998],[126.7596170568565,35.246067487326236],[126.76166978382484,35.251401253340674],[126.76387089712469,35.25431182221878],[126.76333116636313,35.25642114109329],[126.76022627921488,35.258610833606035],[126.75498712025212,35.2564845721074],[126.74933572068483,35.2559823737575],[126.74826317663121,35.25315540012962],[126.74156067688253,35.25086651584077],[126.73979780965678,35.25158694938144],[126.73718572562056,35.25205511056627],[126.73041560518382,35.24399429462132],[126.72937087328323,35.23765148708478],[126.72710661172405,35.23654567839075],[126.7248954097093,35.23367305036763],[126.72314871246431,35.229015211234234],[126.71980727933897,35.22690264019532],[126.71856745847343,35.22188867693714],[126.72089261967736,35.21880439501385],[126.72033821474463,35.216041707401786],[126.71815611559545,35.21469841288756],[126.71775169226505,35.21189081430055],[126.71073552412923,35.212393604877114],[126.70263101012037,35.207803655850476],[126.69517435428102,35.21057971774661],[126.6917967172687,35.21318152687252],[126.69055365092812,35.2153280992887],[126.6872602176824,35.21541172299447],[126.6838011934904,35.20996691767435],[126.68055820648156,35.20757307630333]]]]}},{"type":"Feature","properties":{"regionCode":"12850","name":"완도군","parentCode":"12"},"geometry":{"type":"MultiPolygon","coordinates":[[[[126.58582056616366,34.10284048175144],[126.59033322142737,34.10531884710546],[126.59119225452518,34.109922474903286],[126.58619919007823,34.11292106734909],[126.59204801129971,34.11430990779763],[126.59576551190597,34.111591027968885],[126.59382216591298,34.109304787909984],[126.59876375737328,34.105223843104085],[126.60191090084263,34.104595379486916],[126.60500930717008,34.100971566004276],[126.6053927854503,34.098665317858625],[126.60175471561686,34.096845865082436],[126.59984685589359,34.09816299549857],[126.58875175674694,34.10052605799679],[126.58362210296512,34.10078671329508],[126.58582056616366,34.10284048175144]]],[[[126.56520800794357,34.12920353842988],[126.56780816898949,34.136293239216315],[126.5700768201198,34.136301229098656],[126.57268676298166,34.12943361380452],[126.56772664648828,34.12824461692898],[126.56520800794357,34.12920353842988]]],[[[126.57041445580488,34.17037723169206],[126.57252234397995,34.16651152574634],[126.57640905019841,34.16877952622425],[126.58443782204375,34.17030953046962],[126.59196889908992,34.16836995961717],[126.5977436890104,34.16896715514584],[126.600674657439,34.16741596800596],[126.60401395245245,34.167831469719616],[126.60827320439321,34.165012639283525],[126.60960896424585,34.16215019646898],[126.61857456655193,34.16512666531342],[126.62143102132035,34.16455746097587],[126.6216608055209,34.159875797355866],[126.62432212808527,34.15618431776753],[126.622236989895,34.155542008894045],[126.61925701775375,34.15270021668765],[126.61698024491892,34.14829975298463],[126.61460804064478,34.14962185867534],[126.61320081527458,34.15297024380174],[126.61111373253539,34.15279019813844],[126.60907672397005,34.15683022782534],[126.60572598133827,34.158958336607526],[126.60280679225188,34.15808179106635],[126.60421747226489,34.15409765837963],[126.60353696454962,34.15080043745211],[126.60549450489138,34.14889912098828],[126.60467451143631,34.14565926887267],[126.60216627879974,34.14628701178035],[126.60166389366807,34.14952260505328],[126.59684155544227,34.1537845475839],[126.59675513592134,34.15731051224183],[126.5899860113609,34.16098766755459],[126.58881936380558,34.157573117762965],[126.58736001405417,34.15710575754343],[126.58184850893927,34.158032998856186],[126.57958870543244,34.15687535831618],[126.5811162687188,34.15340001597723],[126.58074907991593,34.1513080226941],[126.57446538823898,34.1495092192973],[126.57472812047041,34.1473148640636],[126.57738552525355,34.14439704096527],[126.56845233139222,34.14405227447881],[126.56456307792982,34.14173867811206],[126.56434637534548,34.134943033297375],[126.55893904995354,34.134296442494666],[126.5550559979375,34.13093722362802],[126.54927596847837,34.12945254979872],[126.5477812139321,34.12662454889391],[126.54187693926485,34.12493002132817],[126.53784693482947,34.12564662520677],[126.53458209872413,34.12448434897949],[126.52956646342388,34.12143362818123],[126.52466291051927,34.12089201346425],[126.51872921806026,34.12452761213889],[126.51635251752181,34.12211389812895],[126.51245788156278,34.121157627075846],[126.51029681596394,34.125016865265444],[126.5113977633573,34.13045715906233],[126.504563095164,34.13732911342936],[126.5037915743181,34.140148466564106],[126.50793257836864,34.142151378895896],[126.50854016232756,34.145874322684655],[126.50324063784277,34.148257269101386],[126.50687617401444,34.150676309125004],[126.50913905614442,34.151103546980366],[126.50873722969702,34.15528338386553],[126.50469633454271,34.15756688765213],[126.50430100148125,34.16059682853258],[126.50844603721015,34.162077051371995],[126.51120061729522,34.16459694892373],[126.51597355559372,34.16639301217271],[126.51545201136214,34.16989996735406],[126.51718630811787,34.17094735281241],[126.52254335478881,34.171488625314126],[126.52565671120817,34.17491134072712],[126.53191714598655,34.1758025622272],[126.53094286829189,34.17949846697169],[126.53748501430458,34.17987022041569],[126.54011602094963,34.18253923285649],[126.5492526017534,34.1795094744722],[126.55526496181481,34.174733502234126],[126.55632464741284,34.17178920119718],[126.5557379385425,34.16818596238015],[126.55928585373873,34.16860342259599],[126.56289683509429,34.17029278988852],[126.57041445580488,34.17037723169206]]],[[[126.47563383524358,34.17083592373382],[126.4772750502142,34.17188431452234],[126.47996910932714,34.171595229580156],[126.48166107175575,34.16955924226689],[126.48082762043725,34.164633359867615],[126.47728149421324,34.16383883402841],[126.47528955106824,34.165845907501236],[126.47563383524358,34.17083592373382]]],[[[126.56431370850507,34.17361214342681],[126.56539778418895,34.17077411532333],[126.55855036719868,34.17134166629272],[126.5573697550422,34.17441609776467],[126.55938141919005,34.176041661616544],[126.56199799347587,34.17561687465117],[126.56431370850507,34.17361214342681]]],[[[126.62076185543053,34.182083833835875],[126.61843749176323,34.182076603686816],[126.61756520976071,34.18501076734121],[126.61877150263281,34.18644101642897],[126.62493976436284,34.18570490622769],[126.62519707322535,34.18465679228405],[126.62076185543053,34.182083833835875]]],[[[126.47619920336261,34.185468933447545],[126.47212966564001,34.1870403788465],[126.47124879188065,34.19057346953933],[126.47531921953357,34.1903005047745],[126.48220640657944,34.19288711686079],[126.4866043566841,34.19061592117547],[126.48677589879497,34.187203291192745],[126.4844406175384,34.184420570411426],[126.48294670161158,34.18090313900624],[126.4802612723553,34.17710376511572],[126.47848190470974,34.17728996906802],[126.47619920336261,34.185468933447545]]],[[[126.49807012434141,34.18536694622144],[126.49492889612135,34.18040042246275],[126.49169015553069,34.17686439057724],[126.4891665211347,34.17903968161352],[126.48707485877338,34.178257287256315],[126.48438264801226,34.18047021934883],[126.48681376124043,34.182898126896475],[126.49228375986809,34.183597891602844],[126.49505247404473,34.188057850920465],[126.4956008133866,34.19376582892164],[126.50151013711866,34.19910892321489],[126.50264942782798,34.2034653747197],[126.50487678024955,34.20510621687247],[126.50904335605583,34.20300943809427],[126.51071520824938,34.19971598834223],[126.5163374995019,34.20073950827127],[126.51871439016202,34.199080259593536],[126.51040076668835,34.19231382905285],[126.51091846105146,34.18775503168094],[126.50588939977007,34.1847313179741],[126.50096178405668,34.187269858730446],[126.49807012434141,34.18536694622144]]],[[[126.62290385087636,34.19514578006369],[126.62005171684444,34.193654327399855],[126.61698087670038,34.195538243825496],[126.62258707546793,34.19675858415145],[126.62290385087636,34.19514578006369]]],[[[126.48730820925158,34.196809872460385],[126.48909595275195,34.19895667421539],[126.49497481266683,34.19967910754106],[126.49452018762867,34.19714500587585],[126.49027965447065,34.19588555369143],[126.48730820925158,34.196809872460385]]],[[[126.54716653839287,34.19937986093605],[126.5407644414852,34.197397924596096],[126.53791664560873,34.19922289903696],[126.53969434409129,34.20440016662275],[126.54352184530467,34.205454741545815],[126.54697372823372,34.20097009773574],[126.54716653839287,34.19937986093605]]],[[[126.58374130194855,34.226376715888186],[126.58688491541756,34.22397400231496],[126.59083294451001,34.22479172620342],[126.59350595906676,34.22715215006808],[126.59607046064271,34.22728442148368],[126.60279349364995,34.224769307575905],[126.60794112093154,34.224228989090356],[126.60758872062087,34.21983427153472],[126.61087340553166,34.21897844436983],[126.61543485723404,34.21608442991668],[126.61597243679134,34.21264606902427],[126.61815217454217,34.208754348784844],[126.62390200447578,34.20666820083835],[126.62511213659118,34.20277335910705],[126.62169965061449,34.19904994146794],[126.61737699275935,34.19885084177312],[126.61537900884659,34.19562670838383],[126.60986076829117,34.196104291171196],[126.61000326575446,34.197528026078345],[126.60641373676381,34.19999179043942],[126.60343402625153,34.19954898461648],[126.60509525458936,34.19500652140183],[126.60822820112067,34.19452154406064],[126.61151730823501,34.19248994787502],[126.61347029150465,34.18921640497008],[126.6169899650102,34.18557644151312],[126.61664023065266,34.18052635755455],[126.6117413798707,34.17617914636371],[126.60415224934691,34.17355575327855],[126.60050074440018,34.173543880799684],[126.58686959559476,34.172260959695414],[126.5817164381419,34.17453308880502],[126.57873930252404,34.173780290371404],[126.5631904523176,34.177376788782446],[126.56027598775238,34.178913401888586],[126.56031628444423,34.18549129802004],[126.56292196711186,34.18605756534454],[126.56178891668755,34.188961960174346],[126.55686678095486,34.189501170705086],[126.55374093904857,34.188623456423244],[126.54777629772434,34.18897285079688],[126.54685923087918,34.19319570680859],[126.55371370710742,34.19377782648783],[126.55257104633293,34.198414770173436],[126.55405468989802,34.199781587767866],[126.55297518690257,34.206559306441264],[126.55788958434488,34.20769103457382],[126.56188574155178,34.21339851904937],[126.5591249442772,34.21382178383949],[126.55683452170533,34.209853076096984],[126.55391228815593,34.21262711946192],[126.5568026756773,34.21591736126382],[126.55641589504776,34.21857685343106],[126.56528786985655,34.2187324845256],[126.56623308313166,34.223413507881986],[126.56130542151047,34.22463355203861],[126.55942546586013,34.227658975361514],[126.55328733505998,34.23209216294691],[126.55641058700495,34.23376825000481],[126.56430700660667,34.23540555702038],[126.56818994827337,34.23442922011409],[126.56657285962278,34.22984428518011],[126.56911201813666,34.229110686685864],[126.57361838766228,34.2227527108228],[126.57649932778381,34.22814640699516],[126.57925588963035,34.228650972858155],[126.58374130194855,34.226376715888186]]],[[[126.51435470847014,34.21215993497514],[126.51620254035261,34.20792919863928],[126.50963718483244,34.207885295729554],[126.50769027778608,34.21006374065513],[126.51184669594431,34.21214136735914],[126.51436274441087,34.2183766573306],[126.51707142392253,34.216797740515204],[126.51435470847014,34.21215993497514]]],[[[126.40656682739522,34.228790670365015],[126.4104179953125,34.228135433147855],[126.40514646080955,34.22413753610778],[126.40372589363714,34.22558480275461],[126.40656682739522,34.228790670365015]]],[[[126.41910769373219,34.238501291923406],[126.42180031232917,34.23230725347064],[126.42294914542394,34.22681521342176],[126.42198536748644,34.224008738254184],[126.41772252074193,34.2224279637815],[126.41855279751714,34.22597866023351],[126.42127217117009,34.228296945067164],[126.41799324993453,34.232750285428686],[126.41745097905444,34.23700380119549],[126.41910769373219,34.238501291923406]]],[[[126.60684859340783,34.2370457550882],[126.60222358307992,34.232791046111906],[126.59556545943686,34.23289767864547],[126.59300432095782,34.23423817567507],[126.59268069382627,34.23712782881013],[126.59381749212521,34.24220646837705],[126.59612812217217,34.24471940942898],[126.6042347013188,34.249628065780946],[126.6128227719331,34.25106881401694],[126.61754890193426,34.25044132800314],[126.6194921839636,34.248777187980046],[126.62689220278908,34.238778814018325],[126.6245762499082,34.23729423365611],[126.6203119119794,34.23869430164244],[126.6177606020883,34.23791548868172],[126.61444838720367,34.23424348108704],[126.61143336791189,34.23333458501781],[126.60684859340783,34.2370457550882]]],[[[126.5610755571018,34.247202698579535],[126.56292278421346,34.249036367867575],[126.56535508476261,34.24628655106254],[126.56985478760103,34.24451123083442],[126.56615810916719,34.241273957784635],[126.5610755571018,34.247202698579535]]],[[[126.44816098413666,34.26353689984016],[126.45430849460797,34.26458100803984],[126.4563218816051,34.26185432316634],[126.45080965261457,34.259605477566176],[126.44790117668373,34.260624068433565],[126.44816098413666,34.26353689984016]]],[[[126.4488890681543,34.272096725117095],[126.4504428504413,34.274573064694344],[126.4535017212584,34.27377441729654],[126.45469222656274,34.27168868761559],[126.45216904512813,34.26995210799898],[126.4488890681543,34.272096725117095]]],[[[126.54799676506808,34.275695221926824],[126.5397336264943,34.27549489935209],[126.53889596107187,34.278636800573445],[126.54112464809927,34.28271940632616],[126.550097067777,34.280802859596655],[126.55783871641998,34.28152735222594],[126.562344649467,34.28410712934387],[126.56642583009605,34.28202499810773],[126.56998147758654,34.283023519024105],[126.57226759996234,34.28075022734056],[126.57123980038334,34.27623357406296],[126.56868547078957,34.27507508595697],[126.55362465745586,34.27516572741108],[126.54799676506808,34.275695221926824]]],[[[126.46938668092703,34.283644724245775],[126.47023062536668,34.28839159090356],[126.478477320224,34.290864524818794],[126.47730204456391,34.28822439315444],[126.47922165786638,34.28612449975707],[126.47606051237389,34.28347587797854],[126.47256246124182,34.28392197507144],[126.46988691630453,34.27989185579343],[126.46796764536747,34.28192573613807],[126.46938668092703,34.283644724245775]]],[[[126.60859424523883,34.29199041205821],[126.6107163531179,34.29351213778422],[126.61351373672497,34.29317803423647],[126.61256264511421,34.28979012674809],[126.61168496839089,34.28898512212694],[126.61081206758703,34.283204916185746],[126.60909506112161,34.28141193514332],[126.60551540297047,34.28314772080163],[126.60628599517857,34.288344464369885],[126.60859424523883,34.29199041205821]]],[[[126.57545634634432,34.291417953984435],[126.58028010941123,34.29774335727707],[126.58312281451775,34.299639550384136],[126.59226429111318,34.30383303564412],[126.58997578537681,34.29774892747338],[126.592268328394,34.29501555871031],[126.5938903609638,34.29102233118011],[126.59062869026322,34.28928115815282],[126.58998990570946,34.292431478477546],[126.58560293214137,34.29423013326394],[126.57677951095387,34.28885781290266],[126.57545634634432,34.291417953984435]]],[[[126.57079286018521,34.30260117584343],[126.57266952763771,34.302542886407906],[126.56986653836665,34.297022988909596],[126.56826703744895,34.29949103951397],[126.57079286018521,34.30260117584343]]],[[[126.56675764505722,34.31331345795758],[126.56839145256811,34.31042919144104],[126.565635686329,34.30809417357992],[126.56417627353443,34.31075559723576],[126.56675764505722,34.31331345795758]]],[[[126.91723002348985,33.96869464315983],[126.91377383280661,33.97230695936714],[126.91335373278675,33.9758237253501],[126.9098295729619,33.97965552263921],[126.90961334381727,33.98229355701216],[126.91426479929152,33.987319025881035],[126.91768671405497,33.988819745939],[126.921990615035,33.98680575616353],[126.9237581553621,33.988958292722536],[126.92587022353487,33.9889681665147],[126.9307664833283,33.98717655410549],[126.93695604510435,33.97939776835611],[126.93545560706663,33.97675181635511],[126.93634725501214,33.971642687305874],[126.93517581286558,33.96916317790213],[126.92718107597037,33.97066568983509],[126.92448667967099,33.96900369487797],[126.91723002348985,33.96869464315983]]],[[[126.67034078693014,34.173760146099724],[126.65830172892714,34.17249448075658],[126.65666107293272,34.16882372727292],[126.6567818762846,34.16625777307128],[126.6587787709182,34.16369705233127],[126.66340986796429,34.164718085160885],[126.6687147539393,34.16280785709443],[126.66916193859166,34.161342594720786],[126.66729669551991,34.15858792913617],[126.66973235412873,34.15657812791415],[126.67063231550242,34.152181172949504],[126.66986906406876,34.14983361395946],[126.67218944426529,34.149014985037226],[126.67406029086898,34.15030314224321],[126.67924117271966,34.151691650893824],[126.68189392399985,34.15050708427478],[126.68345211882435,34.146936618078215],[126.68149297985799,34.13978249341336],[126.67542664037121,34.13930827226849],[126.67541467572306,34.14242448061804],[126.6712120597722,34.144979574804346],[126.66923211627815,34.14341612282391],[126.67233247256577,34.140583181971856],[126.6737950576928,34.13325475391535],[126.6725971497531,34.12921875061132],[126.66753391831035,34.12633675808285],[126.66996900262178,34.124235285632416],[126.67108955020201,34.11974723850687],[126.66800322940954,34.119188971312006],[126.66296094035155,34.11123876794311],[126.6592139760566,34.110495150315245],[126.65798892597167,34.11342466868104],[126.64750674841709,34.11440311118156],[126.64705831508188,34.116143249996014],[126.65014058491077,34.11761858402188],[126.6491235693347,34.123481553018664],[126.65065100018846,34.12757286339267],[126.64777066007112,34.130497544875595],[126.64512882934473,34.129115089506584],[126.64502889859051,34.12664013710116],[126.64007384965785,34.12451761467911],[126.63975266756809,34.122225311551595],[126.63755715416764,34.11974415165176],[126.63443779993736,34.1268839045202],[126.63607828896876,34.130188346501924],[126.63407436001786,34.13439846159667],[126.62954596796044,34.135576333802796],[126.62887719729757,34.13713243829642],[126.63294370609309,34.14071921096671],[126.63005710034028,34.14483494340631],[126.6272955057525,34.14555979231215],[126.62717707889587,34.147392512630155],[126.62937661433952,34.14904896517016],[126.62991667101606,34.15170857871077],[126.63178481072224,34.15348269600759],[126.63729742033435,34.15459901708337],[126.63883680949621,34.15588673850312],[126.64013524855362,34.16193970944931],[126.64750372043908,34.16806446518419],[126.65048661845313,34.167339793577696],[126.65079952501827,34.1717400733225],[126.64748650666755,34.172188835606605],[126.6461501597052,34.17502623198324],[126.64207172784282,34.17373122179985],[126.63885407382944,34.177662851600566],[126.63354718677537,34.179663442011325],[126.63717636196772,34.182790473019416],[126.63329658066037,34.18653669424514],[126.63361621224601,34.189195601477614],[126.63836506408572,34.188751463863774],[126.64002526404856,34.1877481890858],[126.64465086264943,34.19032801148411],[126.6462991086436,34.19216586021046],[126.64485754670334,34.1936822843869],[126.64506408502704,34.197074046768265],[126.64649125428352,34.19900292174926],[126.65022280409997,34.20046131473966],[126.65507246290504,34.19942578726936],[126.6574004325154,34.196809109417096],[126.66120000060577,34.194895987995174],[126.66878423892526,34.1947419002494],[126.6709078375415,34.190375576230565],[126.67554803047697,34.18881403617959],[126.68188039462413,34.18533301852025],[126.68505814812691,34.1804445283078],[126.68233785058216,34.17571562882804],[126.67034078693014,34.173760146099724]]],[[[126.91002431166521,34.20473922540084],[126.90426301355052,34.20330630278658],[126.90547179702855,34.20078981147618],[126.91178321785509,34.19465349145452],[126.91251277070532,34.192156732795844],[126.91046656793041,34.18991586111726],[126.91200163822263,34.187412751528925],[126.91458118940866,34.186207535031144],[126.91964789259877,34.18763548223514],[126.92339149920429,34.19059525461986],[126.92848592939563,34.18970071611928],[126.92837303129409,34.188409896150745],[126.92212816809932,34.18737043882651],[126.92136389016392,34.18527090445862],[126.92451531478554,34.17973246215866],[126.92520284646643,34.17462276297856],[126.92239304997156,34.17277110321312],[126.92000935599768,34.169536608741836],[126.91826694263327,34.1647690075058],[126.91788880982885,34.158183324864524],[126.91545395355467,34.15424323597747],[126.90617177862629,34.15206449652911],[126.90298126619594,34.15408690297626],[126.89408814198596,34.154235504018175],[126.89213068328515,34.1530476759038],[126.88238009556619,34.1497255951697],[126.87841091962461,34.15183881324146],[126.88115105922031,34.15386005467449],[126.87297614220765,34.159897164237194],[126.87191142307465,34.16363631099015],[126.86946108480588,34.16604441138636],[126.86497629992496,34.16581529534787],[126.86002656955874,34.16220920441253],[126.86072214607908,34.157691922232836],[126.85822961197698,34.15406226147296],[126.85802760050196,34.15167852696199],[126.8561779615147,34.15055936976235],[126.8534778464763,34.155547217440294],[126.8533513819883,34.158565650053],[126.85513531973284,34.1601028971856],[126.84838963992402,34.162635409448896],[126.85040122334121,34.16560500663538],[126.85435908034187,34.16597696605987],[126.85642125551644,34.16716423290951],[126.85943122755643,34.17069227031634],[126.8555510799343,34.17304754013995],[126.85220306579991,34.169392186919524],[126.8503302929439,34.16928270207803],[126.84693318108779,34.17421773906127],[126.84860227897364,34.17876017733521],[126.85025479164528,34.17989203999503],[126.85724856490782,34.17719724380161],[126.85744627691939,34.180028857606736],[126.85328329875787,34.182513008691636],[126.85282024183414,34.18565655298234],[126.85678370951122,34.187697298169944],[126.8567769356257,34.191130709046526],[126.86034603822652,34.19300635971832],[126.86156563461236,34.1966702439681],[126.8589617034238,34.20070989986827],[126.8630063452042,34.2009649965178],[126.8693261064696,34.203020490252484],[126.873114944944,34.20633363590219],[126.87193880632374,34.21000358247426],[126.87601807830768,34.213059157747324],[126.88105291981744,34.21220209043349],[126.88462560623104,34.21386720004983],[126.8845957393332,34.21688286894929],[126.89143978370285,34.21729646066657],[126.89204718048792,34.21360910773901],[126.8959638140542,34.212353181796445],[126.90073364399133,34.2117997116488],[126.90352928127986,34.2135779009372],[126.90703100339323,34.21434249946211],[126.91192790878254,34.21256159730384],[126.91219114460763,34.207442143691345],[126.91002431166521,34.20473922540084]]],[[[126.8438786264897,34.19168574753275],[126.84973035252136,34.19191357124247],[126.8487603575085,34.18852464412351],[126.84522963095789,34.1896050210725],[126.8438786264897,34.19168574753275]]],[[[126.75989518375863,34.177407539202804],[126.75828463578834,34.18059797134424],[126.74958914695387,34.18815310215409],[126.75232053045649,34.19259539069715],[126.75303151645153,34.19708128553817],[126.75152988356943,34.201784090259956],[126.75474279065631,34.20782394819603],[126.76348361984012,34.21167852245797],[126.76579133885666,34.20963335486181],[126.76934834889397,34.2041235084134],[126.77101871101955,34.19786956388666],[126.76984216739052,34.190379361228615],[126.76614186842397,34.19004534874711],[126.76414873090148,34.1888335705716],[126.7625757628507,34.18506465224342],[126.7629690834897,34.18272121324273],[126.76184039929582,34.177092190718206],[126.75989518375863,34.177407539202804]]],[[[126.63549733596524,34.20397387250767],[126.63267762729433,34.203861491055065],[126.63057875631512,34.20649748102275],[126.63229176988787,34.20858186165846],[126.63646511010495,34.20894087091217],[126.63908864777385,34.20561327473479],[126.63549733596524,34.20397387250767]]],[[[126.776332733435,34.222424089575874],[126.77382608194489,34.221699918915206],[126.76991169451158,34.224465416283905],[126.7687637569795,34.22952078115767],[126.7781802586275,34.227240306266026],[126.77804864358961,34.22383308438281],[126.776332733435,34.222424089575874]]],[[[126.89791120226661,34.28181488698358],[126.89437314548756,34.284897408408774],[126.89510751458111,34.28907398775007],[126.90109766709885,34.28820242985407],[126.90050282150506,34.28374710173933],[126.89791120226661,34.28181488698358]]],[[[126.86827498432233,34.281731351476466],[126.86432913942596,34.282292727331026],[126.86247387185246,34.28706910212782],[126.86353810261211,34.29046297597258],[126.86526486342235,34.290715524792446],[126.86649824124173,34.28457655222001],[126.86827498432233,34.281731351476466]]],[[[126.85986961809229,34.30394863718994],[126.86198806220722,34.30382098058506],[126.86756214461384,34.3013554645523],[126.86435347674602,34.29653858092924],[126.86333442935697,34.29608212304051],[126.85986961809229,34.30394863718994]]],[[[126.83304934488382,34.30132483915849],[126.83667633782741,34.302669560221425],[126.83802276963503,34.300351374482034],[126.83640958406093,34.29754324983152],[126.83234884105887,34.2990554993557],[126.83304934488382,34.30132483915849]]],[[[126.85045220733207,34.34819626690178],[126.8528678226371,34.350682021450815],[126.85770656637563,34.35149948489095],[126.85696093247361,34.34949325872919],[126.8573135040552,34.34548299730265],[126.85892711128932,34.34529390236755],[126.8649700916254,34.34950244387541],[126.86917453199914,34.35065297269674],[126.87236830456928,34.34960595006151],[126.87703960756548,34.346841502972545],[126.87537289860651,34.344022773646785],[126.87911932865984,34.343071647444475],[126.87912601958553,34.33845980283568],[126.88114428776309,34.33717265933765],[126.88523055128685,34.34018462140752],[126.88876160750864,34.34066537851023],[126.89037145447959,34.343197411249186],[126.89664911251299,34.34516053435145],[126.89964865920973,34.342298295263454],[126.89763631054296,34.33890660552792],[126.8975297380097,34.331887811603025],[126.89240517421977,34.32992576038301],[126.8890009714708,34.3339811043918],[126.88387681095315,34.33177996124352],[126.88134520279898,34.329581177858685],[126.88100349508163,34.326831087133414],[126.8836007597764,34.32320489784788],[126.88728837222946,34.32239668614654],[126.88637170547138,34.31876711215082],[126.8834554661799,34.31445257720301],[126.88264590848732,34.311754723292275],[126.88380969209558,34.31040733587773],[126.87649225297741,34.308762573511935],[126.87196084007651,34.30885418357281],[126.87091323108908,34.310105288476365],[126.87346541884565,34.31270871764231],[126.87148260175685,34.317619149407996],[126.86880412435856,34.32137290202863],[126.86729257105709,34.3219492034274],[126.86346018606801,34.32050009399187],[126.86718678557885,34.31539907044292],[126.86509962999972,34.31269969671988],[126.86057218064555,34.31028648997094],[126.85615902296313,34.309125445905764],[126.85651353641099,34.30565821369167],[126.85078747372296,34.304727484496695],[126.85044530448278,34.30116309129651],[126.84533892980551,34.29826694431973],[126.84162125872898,34.29835849115229],[126.83975993279411,34.29970459318671],[126.83602917026519,34.306442276642876],[126.8389241649942,34.31141557900466],[126.8384562397594,34.313052456877514],[126.83508440283674,34.314203813956134],[126.83461486898629,34.31661127138565],[126.83169598650858,34.32354256466134],[126.82541603595267,34.32584545135422],[126.8169319028691,34.326218269729154],[126.80868123203777,34.326109252257055],[126.80542960805302,34.32514084403141],[126.80345972431351,34.322729595755405],[126.79946277897116,34.32253041297427],[126.79877572984918,34.318291059711015],[126.79645175647138,34.31828719398457],[126.79506515698165,34.31510618422515],[126.79134621434632,34.31538882475013],[126.7888925396674,34.32077870232584],[126.78354076447306,34.323273727758604],[126.77992725822097,34.32750549227712],[126.77621132776098,34.326439141795234],[126.76830481199887,34.327965525317396],[126.76573871355751,34.331331934056344],[126.7620151419438,34.332962222164056],[126.75667522766705,34.33083254815756],[126.75143809928994,34.33332636885663],[126.75148229309403,34.33601566688346],[126.76051729132679,34.33909306172975],[126.76771860048042,34.33803627356108],[126.77270947986395,34.33529233671751],[126.77603205852579,34.33514552759613],[126.77824359443646,34.3363732837971],[126.78376677961029,34.341736993507844],[126.78486678055627,34.344645267125145],[126.78762857839294,34.34740349474921],[126.79446672648014,34.344050013328136],[126.79483965218114,34.34252100006482],[126.79835552984207,34.33885572406042],[126.8005725878026,34.33794158720836],[126.8026284994649,34.333641592452],[126.80493283967968,34.333645310745645],[126.81253121581166,34.336331061380776],[126.81650489089405,34.33700557792552],[126.81972574682183,34.3394931878925],[126.81724193363226,34.34244976142506],[126.8184966547838,34.34835262917652],[126.82016255757526,34.35069465635083],[126.82332967920112,34.35165423041168],[126.82505310435853,34.354139531758484],[126.83219028454123,34.35816027637385],[126.83501300018442,34.35864161366303],[126.83827937510605,34.35605876882298],[126.8394950807118,34.353147866922924],[126.8441053981525,34.352867387285826],[126.843360163172,34.35081335671165],[126.84422495731545,34.34810133289445],[126.84774925696658,34.34537586865563],[126.84959326737452,34.34523493035701],[126.85045220733207,34.34819626690178]]],[[[126.90298794932488,34.32774602306218],[126.90201450472215,34.33116661791912],[126.90503824487784,34.33189388922149],[126.90855010577833,34.327454370240694],[126.90687848381424,34.32517453832619],[126.90298794932488,34.32774602306218]]],[[[126.7309014303298,34.353906673978415],[126.73146892038956,34.35188578825513],[126.73838214998085,34.34836324380466],[126.73842446946273,34.346992108557636],[126.73581368521988,34.34292536031304],[126.74082415015715,34.33623515534279],[126.7437923805366,34.33587833383586],[126.74398425196281,34.33319662023759],[126.75068984679363,34.326015380338625],[126.74870748063186,34.32366329536166],[126.74851357433927,34.32150868343684],[126.75124691363177,34.31829619434449],[126.75463690414176,34.31563357043155],[126.75764967756216,34.315113176853025],[126.76389135265906,34.31812723282103],[126.76603293440617,34.318125384890024],[126.77221406914722,34.31234316339352],[126.76800412621444,34.307204623558],[126.76757699405688,34.30463958609737],[126.76262815389609,34.303732017789166],[126.76174771977763,34.300356272631845],[126.76338576844016,34.29787261078441],[126.77203832510175,34.29469886415729],[126.77299438014718,34.291453387407195],[126.77775840502574,34.28740743686546],[126.76862861143026,34.28735768919598],[126.76835805962337,34.29005235899677],[126.76643973854051,34.291080910592726],[126.76011346646398,34.29230162307439],[126.7586964111682,34.29096761992777],[126.75242704669857,34.290704066776875],[126.74829460362889,34.2911866169453],[126.74236617231347,34.29510127654969],[126.74303067935487,34.298268008798146],[126.73593263759206,34.30131959112203],[126.73603802134387,34.303426561624114],[126.73320135412987,34.30420982988594],[126.73199807018447,34.301667341095644],[126.73451944520944,34.29938321170586],[126.73585921917186,34.29487884405137],[126.7358235153614,34.29169827881439],[126.7382734161215,34.286549012875035],[126.73149623917948,34.28706499229156],[126.71754094198066,34.296846931696464],[126.71345867205858,34.296647849399],[126.70987480036821,34.29772924292981],[126.70223718248094,34.296971628272175],[126.69593155038687,34.29384475728438],[126.69380735361109,34.29351721564968],[126.68841807225219,34.29671629400097],[126.68647859927869,34.301082094698835],[126.67867259298887,34.30459291735387],[126.68157161751353,34.307826299599064],[126.67731519118475,34.31459027359326],[126.6709659296136,34.31518747545081],[126.66919678818853,34.317068555220615],[126.668774266792,34.32366552005145],[126.66519218014622,34.32379362250346],[126.65944142806504,34.3271715940735],[126.65508059211297,34.32876792554483],[126.65352939929143,34.33105911223432],[126.65104285288878,34.32734351480684],[126.64608889832695,34.32971132041104],[126.64895191680739,34.333697579534274],[126.64747036255451,34.33828233004225],[126.64098193612482,34.341134313680435],[126.64447697976394,34.343920215969035],[126.64501096269191,34.35174041377345],[126.64123610244094,34.36196370442936],[126.64178927962028,34.36524690235812],[126.6456162909306,34.36742889173589],[126.64207821772585,34.37239843499735],[126.64033565622455,34.37841711134831],[126.63867747961693,34.382114324692026],[126.64156384362269,34.38550704867955],[126.64594702843102,34.38772531134233],[126.64793272276376,34.392856727999344],[126.64323889001389,34.39420196880246],[126.64272816089596,34.39205154017411],[126.63982361782394,34.38889789201115],[126.63863015736248,34.39389187969636],[126.63513391761356,34.39461794821358],[126.63188884193264,34.39355962186616],[126.62700966377226,34.395194419441545],[126.62394357762626,34.40039815100289],[126.62570402875166,34.401775142149006],[126.63332402860273,34.400774324329724],[126.64313694155054,34.39646094445179],[126.64469394284293,34.39489389364083],[126.65422000768794,34.39332396894539],[126.6594652865355,34.39439405240926],[126.66643813180534,34.39829378547687],[126.666925907251,34.39567186970399],[126.6711926423026,34.39629569469949],[126.67309088285039,34.400285127044256],[126.67645958109104,34.39962686378628],[126.68096596416376,34.40045611912129],[126.68508496378828,34.40316669762034],[126.69003128253303,34.39866995268467],[126.69414830835925,34.397284075983784],[126.7015590237312,34.39855663223702],[126.7038229251811,34.39596981338611],[126.71023627549262,34.39363630372154],[126.71318225532174,34.388414065095446],[126.71546340636398,34.387146718660574],[126.71984989787224,34.387397833104814],[126.71972034360822,34.384438798248596],[126.72689553030011,34.383166952955094],[126.72960296831373,34.37910280354949],[126.7312310205466,34.37681499492255],[126.73340403523,34.36738995394392],[126.73081378576926,34.36516084829423],[126.72913322914134,34.362240862486075],[126.73196778252121,34.35964716776425],[126.7309014303298,34.353906673978415]]],[[[126.79220954891146,34.3536360877827],[126.7963060977204,34.35316666585492],[126.79432005824778,34.35077647059228],[126.79115495026818,34.35089048501835],[126.79220954891146,34.3536360877827]]],[[[126.73779857037083,34.3578393751464],[126.73445993848874,34.358672849155006],[126.73773184683321,34.361451876028156],[126.73779857037083,34.3578393751464]]],[[[126.94395132583337,34.39187367916357],[126.94223877225551,34.386681050561386],[126.94051679336924,34.385393473324264],[126.93600264881115,34.384549768494345],[126.93560889058529,34.38322451125209],[126.94228983322967,34.381316349606735],[126.94775253843494,34.37758018408278],[126.9501852325742,34.37229601773898],[126.94894088010739,34.36726321641117],[126.94513377214793,34.36606466181202],[126.93870020497728,34.3655447150088],[126.9371896606895,34.36625116159415],[126.93360812376997,34.370547061878675],[126.92976816174881,34.36945681466149],[126.92845623855727,34.36809597041226],[126.92152031689795,34.36582643466189],[126.92445936068847,34.36376886481525],[126.92444169654338,34.36060994440044],[126.91759500695893,34.3557717233883],[126.91237209260646,34.35609141938716],[126.91154718167206,34.35929060216623],[126.9098566953287,34.359510610439536],[126.90681943768028,34.35739780344131],[126.90604238771724,34.354418677217346],[126.90084281751753,34.35756325651707],[126.89985531009373,34.358975121593794],[126.89275469234474,34.36073452522966],[126.88879951218908,34.358587411143986],[126.88667394432412,34.36197002298251],[126.88850706627323,34.365141152724206],[126.88483350720004,34.366135488100745],[126.87018322245017,34.36813040124233],[126.86775843496768,34.36933271681804],[126.86377856029245,34.37457052224222],[126.86433417005043,34.37524484150524],[126.86512954639333,34.38398636862349],[126.8682391791314,34.390608745839074],[126.87219061183526,34.39396445126872],[126.8717661509445,34.39984254496362],[126.86704906208318,34.40436976278446],[126.86207880163153,34.40681869409457],[126.86451934987569,34.41092486714926],[126.86678215898687,34.41127664485712],[126.86897146378523,34.4090512434345],[126.87223972571051,34.4087523526647],[126.87298984954036,34.404765120628625],[126.87070409713587,34.403278767862915],[126.87169302272144,34.40153411626967],[126.87543331326255,34.39976456078027],[126.87918006431693,34.3997018361129],[126.88185365464736,34.40431759319634],[126.88985923077615,34.401917568129235],[126.89039195462011,34.39859450247374],[126.89200305219664,34.39649891247111],[126.89591421620388,34.396305191440746],[126.89397927543833,34.40111873890153],[126.89568609098428,34.4034970167263],[126.89923496311663,34.401979841605026],[126.89776355595482,34.39872432770215],[126.90281675229598,34.39797700792369],[126.90262810657741,34.40044140669514],[126.90467210809801,34.40258327542654],[126.90714950704773,34.401805607921986],[126.90684774189504,34.39931313265111],[126.91379079066968,34.39432688136524],[126.91264685060443,34.392168677332336],[126.91639219108501,34.391380170442346],[126.92087244655019,34.394766121982705],[126.92765300166288,34.39283657494893],[126.93083368944355,34.3905970362632],[126.93532322683158,34.3917129587842],[126.93532462425861,34.39473036395968],[126.93956569156447,34.401002970086175],[126.94311983371985,34.402874968142186],[126.9434386491421,34.40492236584401],[126.94124737947578,34.40737752346464],[126.94414225233267,34.40880947084634],[126.94257005528542,34.411771122295484],[126.94371153968744,34.412989188782944],[126.94821948973122,34.4104212678973],[126.95136633979112,34.40437945406042],[126.95064033699259,34.40194868001004],[126.94766610959154,34.399377316661],[126.94351939674002,34.39456988643268],[126.94395132583337,34.39187367916357]]],[[[126.74109770283754,34.39014526653535],[126.73667038542241,34.39266544804452],[126.73564641813566,34.39584939157503],[126.73228207974975,34.401159783035176],[126.73281644485596,34.40309507387198],[126.73545803651234,34.40338385382922],[126.73927203927293,34.399050384943415],[126.74172368257271,34.401428083961676],[126.74456313712878,34.40147859425237],[126.74552324715938,34.39811028992945],[126.74406351226148,34.39650056026697],[126.7402391197454,34.39648248740193],[126.74394468554092,34.391590130754864],[126.74109770283754,34.39014526653535]]],[[[126.8438668025988,34.420495368176226],[126.84139103657529,34.419612907774486],[126.83505710022413,34.419824904821326],[126.82792736728167,34.4223635487161],[126.82489897822417,34.42090271982967],[126.82554900133961,34.419119686637785],[126.82897414864881,34.4169162581135],[126.83496766753967,34.41523870296756],[126.84045820977671,34.41094793822938],[126.8456929779174,34.41400785421872],[126.84634783927885,34.41767860486042],[126.8503006444293,34.41863924570888],[126.85187377979949,34.416611286069745],[126.85123455878148,34.41266534852737],[126.84802682783841,34.40827406531147],[126.84895260058131,34.40682255430097],[126.85450908143395,34.40773798039659],[126.8574798005689,34.407167272768866],[126.85837132123999,34.404170277312204],[126.86105029622004,34.40195353987078],[126.86152166996904,34.39953802843919],[126.85900748914943,34.3965168021469],[126.86467960444391,34.396572126760226],[126.86628071681328,34.39089270622965],[126.86322890634668,34.38971888763214],[126.8606601553439,34.39129663352738],[126.85399236052993,34.392382823383066],[126.8486774231664,34.38866926565146],[126.84725325704584,34.39006526068706],[126.8373186443015,34.38426635291686],[126.833895065419,34.38429007967359],[126.8317761653265,34.382471944740864],[126.83290959375358,34.380629939465464],[126.83021119031709,34.37764812487275],[126.82523640055851,34.382944872451304],[126.82461386111554,34.385950427635784],[126.8218222821099,34.38618629049083],[126.81859390793942,34.38190971515361],[126.80896669148471,34.38290068366737],[126.80587671924319,34.38512649431208],[126.80329042175191,34.38529417488134],[126.79800589929702,34.383251989596204],[126.79353845978846,34.382237761895915],[126.79136458772051,34.38061153767925],[126.78476555632518,34.3702357853456],[126.78051480202134,34.36698087862046],[126.78191730920348,34.36227621617218],[126.77662831575567,34.356678585810656],[126.77892337134118,34.35409522440124],[126.77519042401063,34.35394543195971],[126.77150615731314,34.35733770040689],[126.76883545974361,34.35694439779381],[126.76541414085091,34.359916408590344],[126.76633979461006,34.363676479967765],[126.7698153472518,34.36888809762269],[126.77212139319225,34.375222346586426],[126.7749302581458,34.375256307997766],[126.77885389941147,34.37994124997435],[126.7776687573139,34.382194640062586],[126.77483888339084,34.38151418315729],[126.77122917731992,34.38255623013862],[126.76797239743392,34.38137198595498],[126.75664536286243,34.38324624137606],[126.75370613318805,34.380280829976634],[126.74918085743634,34.38009917973935],[126.75097612052592,34.384569401567425],[126.75527113160406,34.38648886029556],[126.75536526662829,34.38987379785088],[126.75840986244236,34.39431338871886],[126.76352755270594,34.39563508209827],[126.7680098899972,34.39910604940855],[126.7685777237882,34.40073914661568],[126.76409457097319,34.4050950907341],[126.76378674029635,34.40825079875674],[126.76563471356374,34.4111219116307],[126.77178969839876,34.41415056430853],[126.774792796993,34.421757430833765],[126.78167909522118,34.42617903173241],[126.78837538309004,34.43331088817161],[126.79458012586699,34.43332153693316],[126.80124066041981,34.431723791164885],[126.81519081056422,34.4360497821408],[126.81958423065076,34.43926010634242],[126.8258861779579,34.44030799733703],[126.83465910246524,34.44411300464251],[126.83340842096194,34.43322154776907],[126.83448904311474,34.4315537352266],[126.83756581729402,34.43215680943031],[126.84021365028738,34.43416092377057],[126.84557629262066,34.43049416736722],[126.84604112000268,34.428792349788296],[126.84348836614507,34.42534474627566],[126.8438668025988,34.420495368176226]]],[[[126.72348517251761,34.406033748678915],[126.71939780122634,34.408508741030246],[126.71605321514154,34.41290750922725],[126.70900774472459,34.413062969980025],[126.70490561840826,34.41119562248586],[126.70035509048805,34.41318829933927],[126.70271766656053,34.41584665782778],[126.71136657600366,34.41816801347394],[126.71302071967013,34.41654024050617],[126.71733688645983,34.416442102437536],[126.72571654942936,34.41243098402899],[126.72728513662312,34.409312422443655],[126.72711417445858,34.40639229838776],[126.72348517251761,34.406033748678915]]],[[[126.8747677024091,34.42562164642853],[126.87722048182746,34.41840266541697],[126.87762780157578,34.41438094672665],[126.87565697754455,34.414898286096964],[126.87267576488789,34.41967195721815],[126.86953442707896,34.42119289382916],[126.86959235841078,34.423673029089564],[126.87280724968632,34.427259955782496],[126.8747677024091,34.42562164642853]]],[[[126.69411345280758,34.42139472593244],[126.6936087740509,34.41983458937649],[126.68473820188154,34.41962465146334],[126.6840645258095,34.4210974159388],[126.68759232277365,34.42244548911547],[126.69411345280758,34.42139472593244]]],[[[126.85748855419506,34.42473933413796],[126.85996164851996,34.423110141319235],[126.86231995622818,34.422063843817],[126.86224381783235,34.42012444240649],[126.85871353629464,34.41879549728071],[126.85635936673414,34.4201615457099],[126.85545015945553,34.42336297419778],[126.85748855419506,34.42473933413796]]],[[[126.85134003418572,34.42955197778836],[126.85662896789675,34.42793698775912],[126.85743554143987,34.42531313808284],[126.85425659407038,34.42567265454366],[126.85134003418572,34.42955197778836]]],[[[127.08024654991047,34.19494462308324],[127.08548134290758,34.19010548876887],[127.08464718775062,34.18755007233878],[127.0758307147272,34.18596689774883],[127.07167365861393,34.18707464788768],[127.06776766373183,34.19032362831948],[127.06768607012529,34.19232701232098],[127.07076462646843,34.194052320088296],[127.08024654991047,34.19494462308324]]],[[[127.17619175718998,34.20967173700996],[127.18008699645691,34.20781673545469],[127.17515742349039,34.2032774005987],[127.16540911632069,34.202674363171916],[127.15584771949833,34.202686773202345],[127.15371361631453,34.20322884539093],[127.15130495683051,34.206005881647336],[127.15492851893245,34.207696683829745],[127.16477179952167,34.209148068522694],[127.17619175718998,34.20967173700996]]],[[[126.99943249329813,34.217315752493604],[126.9977980758154,34.219021516339055],[127.0006725713185,34.22328328722165],[127.0083240765818,34.22613099014468],[127.01191710445512,34.22590551675748],[127.01354458196782,34.22500469653239],[127.01881435427612,34.22506391625255],[127.01867990545024,34.22245291579473],[127.01494736496453,34.222947528326536],[127.01122810771473,34.22042495185259],[127.01163125702648,34.21824360862629],[126.99943249329813,34.217315752493604]]],[[[127.01111133206908,34.25827918933366],[127.0166475456193,34.256781111883534],[127.01933114482787,34.253437462862166],[127.0204626225429,34.24936265909708],[127.02037784690512,34.24535769026804],[127.01869956028214,34.241352951781835],[127.0170218920924,34.239820834547785],[127.01521865453356,34.23933348666002],[127.0121159238927,34.24215470138894],[127.01350025765682,34.24549786601155],[127.01102652257582,34.25016476129918],[127.00796524646569,34.253682381117365],[127.00893012110708,34.25632909254748],[127.01111133206908,34.25827918933366]]],[[[127.0142327326927,34.2685732254181],[127.01102776330781,34.269435716040505],[127.01128815889514,34.27389037041318],[127.00886294436863,34.27834521306853],[127.00903648234289,34.28136287706013],[127.01146261554513,34.2839492887749],[127.01544769830231,34.28208080241982],[127.01856628877965,34.28028417772384],[127.02064472172077,34.27669138542221],[127.02298348943933,34.27554140802731],[127.02124966946232,34.27044038508243],[127.01778433928,34.26878836001372],[127.0142327326927,34.2685732254181]]],[[[127.00422036381389,34.28664739760645],[127.00411725201741,34.28951128744194],[127.00585164517175,34.290598861086],[127.00628149136436,34.28660348807989],[127.00422036381389,34.28664739760645]]],[[[127.1253683637746,34.299422966541776],[127.1186425277386,34.30546752121867],[127.11965572654735,34.30979708539342],[127.12257362621659,34.308089324113325],[127.12656120576344,34.308315531942704],[127.12865313592144,34.31026878440669],[127.12586449061197,34.31313009867028],[127.12550403328778,34.31517004574315],[127.13227169900524,34.3144616050087],[127.13928464803155,34.30817305647327],[127.1416757373077,34.305182931927035],[127.13719453779211,34.30146119649537],[127.13328953321307,34.300955348344374],[127.13156888906286,34.30245744855932],[127.12766464763158,34.29944992456793],[127.1253683637746,34.299422966541776]]],[[[127.10445253087389,34.31121174730484],[127.10420864546398,34.30362891333093],[127.10015526796258,34.30179897889605],[127.09721598370463,34.301770669664],[127.09403031413203,34.30313787427893],[127.09401701385177,34.307288653230536],[127.09970776559932,34.31341158522758],[127.1021751308618,34.31429258106558],[127.10445253087389,34.31121174730484]]],[[[127.06174965617873,34.30828442034494],[127.06140195423353,34.31308762556227],[127.06482603583537,34.31374086900337],[127.0657011020541,34.31010173814848],[127.06517260501916,34.307700504212754],[127.06174965617873,34.30828442034494]]],[[[127.00979538817352,34.33182929537034],[127.01500275595774,34.33211655814417],[127.01673756581046,34.32679338441611],[127.01527143483263,34.32265684432012],[127.00693955558059,34.32169478751048],[127.00502047775183,34.31583496190875],[127.00305125848718,34.31370033098046],[126.99815368834321,34.31357471772755],[126.99451847731957,34.3123188710572],[126.99053118114338,34.30938627052265],[126.99261379557659,34.30708460798829],[126.99261403533359,34.30478276517634],[126.99001120789646,34.304782550855805],[126.98706096907416,34.30694022551195],[126.97803784328758,34.30607563916015],[126.97630376041202,34.30219095234378],[126.9716192219579,34.30103897919181],[126.96675999725086,34.3030518049735],[126.96623872067973,34.304778034693854],[126.96745209951874,34.30794340830022],[126.96554212954416,34.3106762824824],[126.96259218384336,34.310387661446086],[126.96224618684134,34.30808570955031],[126.95946987090188,34.3077970687751],[126.95686436131092,34.31268753553383],[126.95634059340176,34.31858579522301],[126.95755403303468,34.32131966146186],[126.95616395466894,34.324340292175314],[126.95737625877544,34.3293759791853],[126.96241589991752,34.33260258305839],[126.97073768683413,34.33945053551444],[126.98306235765654,34.34146709277904],[126.98584007212096,34.34060428905456],[126.98876840436387,34.337338199437156],[126.99191627523335,34.33743990452069],[126.99903337401265,34.33945435177975],[127.00163727214907,34.33931052033312],[127.00528263892986,34.3375840913849],[127.00823341951666,34.334706676382964],[127.00979538817352,34.33182929537034]]],[[[127.08945611673467,34.329330139476944],[127.08862557121422,34.32753437238627],[127.09123623592849,34.32489075966546],[127.09193500500571,34.32267119515472],[127.08951002813339,34.31992556757296],[127.08530334048267,34.31992852054978],[127.08078000523841,34.32209774871516],[127.07740639852537,34.32717198779064],[127.0774085424135,34.32954954527746],[127.08480415776953,34.33075991845445],[127.08945611673467,34.329330139476944]]],[[[127.04631412582411,34.35295080326162],[127.05301963263895,34.355494168320064],[127.05441793728379,34.358039587959176],[127.05441968601211,34.36081704226794],[127.05861129846889,34.36266680987479],[127.06671337643347,34.363357117047855],[127.0756530759374,34.36335202257037],[127.07956310956783,34.36219231935186],[127.08235428338236,34.359644489788494],[127.09101300320826,34.358481187576814],[127.09380496260214,34.35709036931473],[127.09408049038416,34.353618328615774],[127.09072260054023,34.34806588017699],[127.09267909425927,34.34522420999109],[127.09618334315229,34.343209845987445],[127.1029189527761,34.336945787338806],[127.09684829122644,34.33493897350251],[127.09428616165982,34.33494094386149],[127.08943308631108,34.33639742749999],[127.08674204202984,34.34232269728162],[127.08215749669452,34.3431081385698],[127.07743679597955,34.342552349464],[127.07231288342271,34.343561278640344],[127.07191035613755,34.34602027356241],[127.06813441519898,34.34646943789428],[127.06421932723394,34.341218705483996],[127.06637570321205,34.339429398654346],[127.07204006859429,34.339873309444734],[127.07689444493906,34.33931160344427],[127.08255562699051,34.336402178619636],[127.08322815424705,34.33461354640442],[127.08106834680929,34.332267974940905],[127.0757491276069,34.33068888667556],[127.06924151260208,34.33350286537887],[127.06327331307958,34.33266295665487],[127.05594716507083,34.32901320009346],[127.05662795499317,34.322492141085284],[127.05339176064368,34.32204651205962],[127.05042655811765,34.32383592309501],[127.048131878123,34.31925458436098],[127.04395068139866,34.316014995264105],[127.0447580450478,34.3129971282656],[127.0436769967269,34.307968235227904],[127.04017202702026,34.30796939376518],[127.03774642697313,34.31009360578595],[127.03734484239907,34.316799446676875],[127.03545875930422,34.32026460782313],[127.0349206935789,34.32339410054569],[127.03613519715681,34.32585250140047],[127.04610275407916,34.33003767497646],[127.04969968451105,34.328863134947724],[127.05318258896708,34.3342387639055],[127.05177013470126,34.339372008057296],[127.04876273149317,34.34074189371717],[127.04286446633127,34.34113509452489],[127.03843989835202,34.33952339790143],[127.03572559917177,34.33698231057433],[127.03590074629719,34.3325828546428],[127.03289234348254,34.33131272716771],[127.02864663666443,34.33351345553023],[127.02923771450288,34.33737501160168],[127.02605239448121,34.33644694154982],[127.02015601343578,34.338012397270816],[127.02192679909349,34.34016244663591],[127.02650158190258,34.33955241090215],[127.03191715584386,34.34192685666621],[127.0311745942896,34.34377478646667],[127.02756485515881,34.34456751535993],[127.0259731686031,34.34791138127376],[127.01981499465458,34.34949624370258],[127.0190722314421,34.351960013837584],[127.01238254576508,34.352488732332304],[127.0117452028358,34.35064103522221],[127.0086656832665,34.34879350856357],[127.00409988402518,34.35046547408953],[126.99822787711345,34.35160930773494],[126.99716588421677,34.35407291825062],[126.98994485613862,34.3553922711038],[126.98510976343103,34.360056218387975],[126.98909424670791,34.362783177256034],[126.9941920367389,34.36058387546141],[127.00109487128337,34.358384409964366],[127.00651078596464,34.35820832276423],[127.0106528902717,34.36304739437339],[127.00799802697924,34.36489532050483],[127.0070328753768,34.36721772066426],[127.01052380818021,34.370651395973624],[127.0111174533683,34.377146491815274],[127.02010784182777,34.3779586639294],[127.02417998661615,34.37477112399686],[127.02791277396052,34.374195608763486],[127.02955949790464,34.37570126189393],[127.02916976365839,34.38043672285214],[127.03347521167402,34.380035102129455],[127.03487075835085,34.37610000311323],[127.03878113164942,34.37308993646204],[127.04101490069218,34.370080320225135],[127.04520571960607,34.370078892611],[127.0507899464018,34.3640589386863],[127.05078723077335,34.35942983336057],[127.04547856402452,34.35758021183182],[127.04631412582411,34.35295080326162]]],[[[127.00881905579772,34.369683221471824],[127.00608733106061,34.36958495782565],[127.00353385351902,34.37288123677753],[127.00400903347298,34.37539028264285],[127.00620655521678,34.377554879803306],[127.00923537912895,34.37642319267404],[127.01000714066215,34.37332371651039],[127.00881905579772,34.369683221471824]]],[[[127.08682489925812,34.37674756378855],[127.08268941834902,34.3743131252139],[127.07918883209717,34.376462497655375],[127.07764504971847,34.37356197683553],[127.07568316441925,34.37304091527804],[127.07267224046244,34.37449345597226],[127.07203935263732,34.37159232326104],[127.06839601290643,34.37060785504652],[127.06839901461039,34.374379802911946],[127.0748121451003,34.381321001398106],[127.07241983566922,34.383213634470074],[127.07176453437198,34.385663278687204],[127.07323645952225,34.387104543607094],[127.07947682548561,34.38824008103127],[127.08411803899094,34.39116873726671],[127.09035533250395,34.39278592390494],[127.0948681069909,34.39203491101669],[127.09444810320169,34.38829860772781],[127.09597504047625,34.3874454571207],[127.09659639341776,34.38545857012033],[127.09169342316966,34.38437991786254],[127.09142737706148,34.381296886347045],[127.09263009892247,34.37967637147551],[127.09207895787274,34.37680182391139],[127.08682489925812,34.37674756378855]]],[[[127.02309837385161,34.38174290768767],[127.02375045711439,34.38469971867763],[127.0277819204805,34.38465738914806],[127.02924657517009,34.38190948538751],[127.02777760396692,34.38051993603415],[127.02309837385161,34.38174290768767]]],[[[127.04031136773509,34.385713049208356],[127.03707237050583,34.38602841301313],[127.03339581048714,34.38776590072757],[127.03247292428944,34.39145239717629],[127.03674185344116,34.39500491696072],[127.04072414059308,34.394740161829596],[127.04506835432983,34.39604413122353],[127.04632413119742,34.394909603399554],[127.05167106495011,34.393077132911806],[127.0524751783025,34.39020023864773],[127.05123394595749,34.38581470178292],[127.0484236805912,34.384840058976266],[127.04206493253905,34.38688559219949],[127.04031136773509,34.385713049208356]]],[[[127.03103051954947,34.403182220478335],[127.0334525354425,34.40882386554865],[127.03499529184214,34.40856673793296],[127.03608332681479,34.40484409937517],[127.03638593923158,34.401063052293374],[127.03103051954947,34.403182220478335]]],[[[127.11492789876911,34.406871843323515],[127.11517301886568,34.41431513123748],[127.11656681650975,34.41531184598317],[127.11977898187013,34.41191601948183],[127.11842034651487,34.40777823002875],[127.1169304154578,34.40689517831666],[127.11492789876911,34.406871843323515]]],[[[126.9540030458136,34.416092610343355],[126.95497910074795,34.411930363288285],[126.95281876982126,34.41006062485959],[126.94997548375669,34.41345632238177],[126.9540030458136,34.416092610343355]]],[[[127.07866298374792,34.422136782314],[127.07712633527878,34.42403743046659],[127.07721919520779,34.42734743955506],[127.08251042486579,34.42725370576096],[127.08492144965105,34.42505862918676],[127.08643617342838,34.420235671156235],[127.08648376440878,34.416014207180545],[127.08274957032313,34.41245115467486],[127.08293657823005,34.40823577761914],[127.08502605301952,34.40548149440649],[127.08070808557085,34.406345351275014],[127.07911127262494,34.40843311494755],[127.07467966886354,34.41024184119417],[127.07514411516144,34.414869496574624],[127.07857256282934,34.419745526490885],[127.07866298374792,34.422136782314]]],[[[127.06856357880831,34.44616337307908],[127.07344481138867,34.430910501650274],[127.07534997069553,34.42933107995286],[127.0759805432798,34.423777442076755],[127.07513114958573,34.42136403392099],[127.07103660705037,34.422009445759066],[127.06877507942893,34.41932175987875],[127.07315101424575,34.41762407801424],[127.07231374359397,34.41433244438164],[127.06836985346436,34.408050536129906],[127.0667337292675,34.404153646644865],[127.06269751687765,34.40176935051714],[127.06096849337672,34.40177020492555],[127.0610678748989,34.40646337717033],[127.05876702029305,34.41322589984327],[127.05367503703734,34.412750913926516],[127.04695093359754,34.414105865462915],[127.0396517471366,34.41888113733264],[127.03638865080721,34.4237033699912],[127.03587798052297,34.42845940057235],[127.0360546719604,34.43588082155543],[127.03424876728911,34.439357629733074],[127.03453850226741,34.44301666549374],[127.03280943511538,34.44516484810409],[127.03233051064481,34.449507418264325],[127.02464202759181,34.45094093983386],[127.02204782310217,34.4543618637383],[127.02251822866391,34.45617578985066],[127.03268945922102,34.45599824926459],[127.03706934896333,34.45739996931122],[127.0420858312631,34.46026269844785],[127.04816083507116,34.460611240555444],[127.04766444025171,34.45710414487201],[127.05119403232176,34.453478561174016],[127.0538088247374,34.4557571926909],[127.05381047070641,34.45838765891116],[127.05663582953746,34.45826951986455],[127.06588397849262,34.451601132645585],[127.06856357880831,34.44616337307908]]],[[[127.006143784696,34.43347749257259],[127.0065612156427,34.43982980420456],[127.0078125007045,34.44010593096406],[127.01231646796164,34.436066363973396],[127.00998088581152,34.435859412342666],[127.006143784696,34.43347749257259]]],[[[127.02031374278216,34.446799774012824],[127.01857358285267,34.449519383015286],[127.02063433823899,34.45140492737968],[127.02360278077468,34.45128887650645],[127.0255545698896,34.448592546675584],[127.02419180670003,34.446573318142605],[127.02031374278216,34.446799774012824]]]]}},{"type":"Feature","properties":{"regionCode":"12860","name":"진도군","parentCode":"12"},"geometry":{"type":"MultiPolygon","coordinates":[[[[125.9361070950852,34.154851247714596],[125.93564711513996,34.15962607238717],[125.93814883876185,34.164100437241515],[125.94136238360468,34.16350432860634],[125.94176240982561,34.157659589566606],[125.9430820223867,34.15271307320224],[125.94723609944306,34.14728586337697],[125.9480281136092,34.14444093081189],[125.94477373414448,34.14080485504204],[125.94198857219418,34.14195839803541],[125.93947701490922,34.14552677114784],[125.93986208833071,34.149946190112885],[125.93880097134127,34.15336780077303],[125.9361070950852,34.154851247714596]]],[[[125.86206509867354,34.194662452633274],[125.8607593103882,34.19412877717975],[125.85645257113647,34.195967227111765],[125.856464832566,34.19830392759269],[125.85948739363286,34.19912891720409],[125.86233306695897,34.198047388401335],[125.86206509867354,34.194662452633274]]],[[[125.8506193687091,34.211624680384375],[125.84854860488042,34.21150523323845],[125.84716028911987,34.21420898483971],[125.84898335477043,34.21593226544844],[125.85399192107172,34.217481861150034],[125.85696593004158,34.21752149732568],[125.85871806017467,34.21508896576906],[125.86309991121118,34.2131313652122],[125.86595005833914,34.2118059288119],[125.86439468143959,34.20773190795081],[125.86150755991923,34.207262311626636],[125.85947914765245,34.20942693293057],[125.85638027822644,34.20944607354685],[125.8506193687091,34.211624680384375]]],[[[125.84840736972512,34.225283567003686],[125.84744896167747,34.21952574517169],[125.84306167982217,34.21926184388574],[125.84436075256784,34.221564862949364],[125.84366703530088,34.22357094349678],[125.83916096273367,34.22496482781049],[125.84075520368164,34.22637457362736],[125.84840736972512,34.225283567003686]]],[[[125.98786379351188,34.22923072882831],[125.98445817404394,34.230876399712834],[125.98877010157403,34.232399470232316],[125.98786379351188,34.22923072882831]]],[[[125.96247867154031,34.23925282487871],[125.96478774309136,34.238156020584455],[125.9634828586641,34.23606550062716],[125.96081560188826,34.23685862162103],[125.96247867154031,34.23925282487871]]],[[[125.94651188392896,34.232926021008076],[125.94406756400573,34.23111364670229],[125.93874566523215,34.229276320430934],[125.93484451155562,34.22890124462568],[125.93203942028417,34.23126526854147],[125.92877434622278,34.229360108893815],[125.92679997208774,34.231048854878956],[125.9276989739715,34.2331039474455],[125.92526452533433,34.23862715384744],[125.92875057967242,34.23934011904708],[125.93015827243401,34.24182615194762],[125.92839027363577,34.243431400744484],[125.9303065771235,34.24634840250695],[125.93337751064772,34.247398800587234],[125.9386265934724,34.246932602802104],[125.94174147908045,34.2444858596829],[125.9478888985884,34.24615953071108],[125.95405980857534,34.245956498555124],[125.95598183929786,34.240172435575],[125.95211714651222,34.23681267425993],[125.94730010797385,34.23566243763802],[125.94651188392896,34.232926021008076]]],[[[125.92261073552234,34.24951579525679],[125.92374405460257,34.25522202196087],[125.92696266407873,34.25430138310262],[125.9288120865638,34.249281902601986],[125.92598074831949,34.24532957221519],[125.92281289767774,34.24472305586027],[125.92261073552234,34.24951579525679]]],[[[125.91765133111028,34.25319149910678],[125.91622110307526,34.25312229869365],[125.91511139361009,34.24932432793944],[125.9100940296588,34.24735742526397],[125.91530431858368,34.24491594871883],[125.91473325759907,34.24163160237807],[125.91147023526142,34.24103724399312],[125.90953848133447,34.24288585040212],[125.91018478134127,34.24560551079867],[125.90751658016774,34.246429825044316],[125.89771621837137,34.24549389872326],[125.89843793989402,34.2528505165818],[125.90132235367047,34.25638189006821],[125.90524237977382,34.258904724825726],[125.91803629056243,34.26037542091567],[125.92216723194836,34.262447278669086],[125.92577716092029,34.25727738035833],[125.92552473274789,34.25569205036674],[125.92094759116385,34.25655644077528],[125.91942154466528,34.25332021487783],[125.91968168543525,34.24896897002417],[125.91710985876635,34.24758928554024],[125.91765133111028,34.25319149910678]]],[[[125.99981382367801,34.26084000426803],[125.9991662072877,34.25785208233111],[126.00227364661649,34.25728972470917],[126.00393564268218,34.25243367679725],[126.00240071648935,34.251415517233816],[125.99889059896263,34.25469818776155],[125.99620218127431,34.25436361870445],[125.99283561877535,34.252551314081785],[125.99166858209185,34.256048518396845],[125.99354434592755,34.257739998618185],[125.99232478481207,34.26053944243205],[125.98865292585317,34.261146950974876],[125.98671909619969,34.2629759946639],[125.989255030299,34.27001805106185],[125.98824265774493,34.270390567929034],[125.98379531976421,34.26403139752069],[125.98190607669397,34.26302820369907],[125.9790532883414,34.264682303857725],[125.97714054059419,34.26817921469804],[125.97697944838133,34.275469720064585],[125.97884214492113,34.27716401303725],[125.98613746882815,34.27927158889235],[125.99142770312066,34.27989548381224],[125.9971369420606,34.277315004613776],[125.99756870834452,34.27083968381341],[125.99630877149158,34.26662454224127],[126.00083931620638,34.265426938380266],[126.00494392554872,34.270305941004914],[126.00782198758323,34.26627721263137],[126.00447102382324,34.26449084705086],[125.99981382367801,34.26084000426803]]],[[[125.97298864081866,34.29721228041503],[125.9699541941062,34.2998535621066],[125.97196963534364,34.304388728860175],[125.97445832180773,34.304623025903396],[125.97671309065119,34.30430426484488],[125.98007322709225,34.30100572847395],[125.9824088460752,34.30082075113091],[125.98336948236589,34.29728228925663],[125.97969593038165,34.29568292407685],[125.97298864081866,34.29721228041503]]],[[[125.94399610282731,34.301686784224174],[125.94229851865639,34.308682598944024],[125.94280035628371,34.31157006830678],[125.94657143514688,34.31059357390504],[125.94915045187398,34.305750433875694],[125.94399610282731,34.301686784224174]]],[[[125.95434029629436,34.308901029591894],[125.95131118102455,34.3107949836803],[125.9628397918851,34.315797265121056],[125.96472769322878,34.313961441102876],[125.96454702147349,34.310477145995215],[125.95434029629436,34.308901029591894]]],[[[125.96888147790602,34.30967266638038],[125.9699146665504,34.313008012278864],[125.96925190876426,34.31614710765369],[125.96722926758501,34.31918348260306],[125.96805846554355,34.32081651604503],[125.97518641138161,34.321537472291304],[125.98002388322055,34.31624101685653],[125.97754153350215,34.3114226067103],[125.97672219911175,34.30833741228115],[125.97358704504572,34.308736567158554],[125.97200415344659,34.3071043866989],[125.96888147790602,34.30967266638038]]],[[[125.98096003816433,34.326242398325164],[125.97760372089454,34.323252443942195],[125.97572076144228,34.32352670813449],[125.97471966189629,34.32605204662271],[125.97668597345503,34.330322357520664],[125.98111877898671,34.329068346430084],[125.98096003816433,34.326242398325164]]],[[[125.94642254282277,34.34348107453526],[125.94886589322526,34.349004129663776],[125.95155175845136,34.352473033495215],[125.95332261491525,34.35305510788213],[125.95820365908459,34.35100073757339],[125.95903248338433,34.3483322924039],[125.95867767201369,34.34509643415834],[125.95085630428262,34.344585445935074],[125.948563665374,34.34204940939598],[125.94642254282277,34.34348107453526]]],[[[125.9888289027391,34.35406509040566],[125.98789101840369,34.351827560865736],[125.98969006300203,34.34990239723897],[125.9883490257207,34.3481464059891],[125.98258507501917,34.351451770047355],[125.98325479831485,34.35358371221692],[125.9888289027391,34.35406509040566]]],[[[125.94568895071451,34.37851444686901],[125.94452023179322,34.375814867713196],[125.94238203345988,34.374740291709585],[125.93848250846342,34.36599793060451],[125.93670689678109,34.36413122521786],[125.93447137629545,34.36468110030614],[125.93193657419086,34.36865436395157],[125.93540216003832,34.37375619387899],[125.93918115186948,34.3757793242017],[125.9376261429089,34.37817139017431],[125.94568895071451,34.37851444686901]]],[[[125.96236784173718,34.37434327775511],[125.96448415040466,34.37710913801858],[125.96726435836011,34.375562456988916],[125.96999079679084,34.377098405300615],[125.97066050560636,34.37987349681818],[125.97198195231489,34.37733207251815],[125.97310546978656,34.372435986735574],[125.9691966274506,34.3666098119069],[125.9616135870776,34.363408830229936],[125.96034198304551,34.36535706461048],[125.96236784173718,34.37434327775511]]],[[[126.07401928555375,34.23144697540969],[126.0721030418537,34.23362321342883],[126.07321978813174,34.23640320474005],[126.0755018795502,34.23673967863351],[126.07842398490625,34.23202329935603],[126.07401928555375,34.23144697540969]]],[[[126.05669690140111,34.23042197892193],[126.0585691968319,34.227613186510375],[126.05701910349984,34.224319649674854],[126.05387012022558,34.22741172782466],[126.04888300181334,34.22772550950933],[126.04528326232635,34.231178932283996],[126.0430983380054,34.231666281136796],[126.04034313938337,34.230097465239545],[126.04071940955295,34.226911247619014],[126.03762294339901,34.222643864870555],[126.0362356167681,34.222060519529485],[126.03474008233343,34.2295048993899],[126.03390285821416,34.23125941757717],[126.02626342116018,34.23090662766815],[126.0234483782065,34.23199007944162],[126.02502927083735,34.23809905028594],[126.02745316381778,34.23876396845833],[126.03024826892621,34.2368152385329],[126.03702915304913,34.23923393898935],[126.04105206244806,34.23559074728409],[126.04389446524375,34.2364254016027],[126.04977314784678,34.2409915859264],[126.05270963735501,34.24808176655471],[126.04846390606214,34.25194758750787],[126.04848170399073,34.25451291386442],[126.0508298702179,34.254668141256104],[126.05392837526384,34.25013100920871],[126.0591791837358,34.24937564602316],[126.06207589230922,34.24711570182891],[126.06510521960028,34.24143345076211],[126.06173679972916,34.235860426642],[126.06088617972763,34.23167068231865],[126.05669690140111,34.23042197892193]]],[[[126.07655061942533,34.24593041510814],[126.07807479246738,34.24906279964108],[126.08347489587719,34.248383882758816],[126.0870023851853,34.24999218389588],[126.08971775330524,34.24845626941615],[126.09085126715344,34.247151381326006],[126.08844523290459,34.245153931999006],[126.0819808001,34.24182024205307],[126.07904352675945,34.242640194116255],[126.07655061942533,34.24593041510814]]],[[[126.05501642317009,34.2565668399889],[126.04954617769948,34.255926352122714],[126.04790897624977,34.25686799740081],[126.04827443782494,34.261423338575014],[126.0539768004534,34.260591755287415],[126.05586096327715,34.25871437154321],[126.05501642317009,34.2565668399889]]],[[[126.05399428601322,34.27286767990609],[126.05671704179291,34.272055917584844],[126.05588485298215,34.26895141406795],[126.0529738385875,34.27110098184165],[126.05399428601322,34.27286767990609]]],[[[126.00014500026795,34.28759990536513],[125.99164830550956,34.28708971919909],[125.99130819297675,34.288804277682075],[125.99398457258107,34.29277091716064],[125.9981066371865,34.29037566674687],[126.00195420378057,34.28921730448938],[126.00014500026795,34.28759990536513]]],[[[126.06043701073216,34.30489945754719],[126.06568388756472,34.30584778591535],[126.07004568354866,34.30760650774572],[126.07727623248039,34.30747965192109],[126.0803369439443,34.30804758171684],[126.08773936215039,34.312280497722334],[126.08833223455215,34.30810743669033],[126.08988815439655,34.30603027363315],[126.08761297567962,34.30372509422277],[126.08656505042026,34.299358162474924],[126.08855986277031,34.29719347413119],[126.08806047134898,34.292739815168325],[126.09212974966209,34.29113540000875],[126.09337433435482,34.287421210477156],[126.09120493247796,34.28549801082591],[126.092236352001,34.28123733921777],[126.09601547878432,34.2759980246853],[126.0927319674746,34.275882910864404],[126.08654780369841,34.280740918955026],[126.08623508358612,34.27928553903456],[126.0810773087693,34.28033671200066],[126.07919814958609,34.281957247054244],[126.07993783582198,34.284414815093726],[126.07511910981397,34.28446931335214],[126.07394360977933,34.281826784517285],[126.0685283057569,34.276427584541395],[126.06888883539844,34.273524248093814],[126.06249664773975,34.277289668778224],[126.06204457289905,34.278557612011426],[126.06489089466984,34.288478247327376],[126.0614883562738,34.28917870954826],[126.06162515626112,34.28672776873503],[126.05912499723375,34.28507387937086],[126.05657207496677,34.28814193394222],[126.0529709017328,34.28702433026638],[126.05921923465716,34.27662881882886],[126.057708786672,34.27461926327844],[126.05442947534115,34.27413989860217],[126.05243742754116,34.27603160434927],[126.04963691316591,34.2816404114364],[126.04732944133595,34.282348976106036],[126.04438349764564,34.28141786278578],[126.03701874755687,34.2839029347769],[126.03462758957751,34.28234025338068],[126.03230329855396,34.284501449773096],[126.02793302903586,34.28364947688628],[126.02342602469966,34.28515743020256],[126.02285540839283,34.287150796394606],[126.02589085375777,34.289808623224374],[126.02639953317443,34.29317280151594],[126.0241842360124,34.29533470148961],[126.0151435305277,34.29112945585386],[126.01552425414334,34.29603649084546],[126.01712237871281,34.29986355075218],[126.02081094848641,34.30288998901259],[126.02797511693028,34.30340890618907],[126.03239880105573,34.30479848024538],[126.03226736570963,34.30670454960251],[126.02142374809162,34.30670908891259],[126.02128257038551,34.309432391811484],[126.0239764853235,34.31326811363434],[126.02638192880984,34.31365054649059],[126.02739706335453,34.311115813331135],[126.03003929838776,34.30995623499772],[126.03418043535129,34.31180528369249],[126.0337246143713,34.31334550885609],[126.02919830557124,34.31639736648546],[126.0318104216371,34.3178710861403],[126.04034383627364,34.31884649847525],[126.04322101294285,34.31629945712337],[126.04559326451907,34.30996097274485],[126.0528607771643,34.30656651440466],[126.05353830613153,34.30475545946811],[126.05780143346279,34.30551488101122],[126.06043701073216,34.30489945754719]]],[[[126.00623555333662,34.31212534125498],[126.00219463640563,34.31200259818591],[125.99773078407111,34.313843042649836],[125.9980791930947,34.31679060748982],[126.00158622615866,34.31713508716761],[126.0044151362299,34.31543155760349],[126.01124484037945,34.316511263403505],[126.01599549427056,34.317878250501224],[126.01632746164866,34.316344502283336],[126.01938644162183,34.30977725695935],[126.0126788746431,34.31179053403899],[126.00914818115632,34.3103394720818],[126.00569717864657,34.30562098483104],[126.00429875242553,34.30649254768352],[126.00623555333662,34.31212534125498]]],[[[126.06119204337944,34.32126408182587],[126.05951073598973,34.31916860457074],[126.05654939970472,34.31922016257337],[126.05237993910568,34.32298118636464],[126.0486914990697,34.32384509139038],[126.04449844450099,34.32172981730693],[126.03812447405033,34.3220517448552],[126.03649001568861,34.32374956902122],[126.0379948060152,34.32554646483845],[126.04232669064292,34.32334912601376],[126.04572662840698,34.32419385444196],[126.03832987956665,34.32763165624951],[126.03564083468814,34.327387339895445],[126.03424368501597,34.32402934603875],[126.03090533967296,34.325639224948716],[126.03043875999336,34.32719745378768],[126.02376238680249,34.33034256139073],[126.0219929883805,34.32817148286834],[126.02363642926318,34.32573017613784],[126.02089062962386,34.32265876054177],[126.01676547581516,34.32247691890365],[126.01558266553968,34.32388055954608],[126.01094801024284,34.32123996397934],[125.99780300586774,34.3250749408046],[125.99633826541192,34.32751735839918],[125.99633664766318,34.33517815943026],[125.9925413781378,34.33737824483285],[125.99940459507934,34.341302196572244],[126.00088184577483,34.33781857429544],[126.00900491248224,34.33386832492195],[126.0114222819509,34.33433415611986],[126.01440072017645,34.3328706611567],[126.01663688917213,34.33348368420099],[126.01100394329971,34.33938840348567],[126.01789946960427,34.34063400442186],[126.02418947291393,34.33994059894495],[126.0263881839362,34.34299587473421],[126.03019477162903,34.340583388364664],[126.03552492041561,34.337501727119815],[126.04614187461519,34.335056189301845],[126.05362283094446,34.33213923472813],[126.05652492356307,34.32940970318582],[126.05874230732125,34.323699722514434],[126.06119204337944,34.32126408182587]]],[[[126.02157064811722,34.34186070487829],[126.01393300605973,34.343271970271296],[126.01239193706934,34.34698572873788],[126.01366491082858,34.34904187060785],[126.01927547413064,34.34961707978636],[126.02007075824393,34.35182024312305],[126.01631246219085,34.35232771897195],[126.01235791856686,34.3545599756011],[126.0125035754126,34.358084310601164],[126.0104401303203,34.3599504052074],[126.01458831753465,34.36094508309527],[126.0219263305649,34.357804902022565],[126.0237181135457,34.35508128750658],[126.02355910248765,34.35092762405018],[126.02684078301417,34.34366000695872],[126.02157064811722,34.34186070487829]]],[[[126.0038353897886,34.37376169891473],[126.00212573948836,34.376053395988386],[126.00433708615525,34.38361512382801],[126.00606729863621,34.38367432656043],[126.00543135311925,34.37859436117421],[126.0067888376286,34.375309816109024],[126.0038353897886,34.37376169891473]]],[[[126.04092525989888,34.395239547843545],[126.0405888310655,34.39305258099899],[126.0343013369286,34.3951048770868],[126.03505064930512,34.39809685377948],[126.03298695637206,34.401011941300716],[126.03549467130087,34.40150808873381],[126.0387747521316,34.3992606275614],[126.04092525989888,34.395239547843545]]],[[[126.04654106412839,34.40476193437809],[126.05095847814944,34.401243899802544],[126.05116771953477,34.39716287921304],[126.05450291934642,34.39269299644538],[126.0519404778726,34.39240228147977],[126.0433160312108,34.39585910454698],[126.0405560682423,34.39924913115626],[126.03860864458562,34.40299607745829],[126.03990676597986,34.406896269209184],[126.04654106412839,34.40476193437809]]],[[[126.00737292632982,34.39886441544727],[126.00869191097665,34.40335632898383],[126.0112675458298,34.40348838759268],[126.01438848956782,34.399983832795556],[126.0116642246056,34.39598061918673],[126.00737292632982,34.39886441544727]]],[[[126.0835940500384,34.42529759626525],[126.0813800482407,34.42801405812587],[126.08489163178716,34.42820807255684],[126.0835940500384,34.42529759626525]]],[[[126.08089035325564,34.440701430245696],[126.0839541147587,34.43973904963077],[126.08428564825218,34.437024418137995],[126.08056528962788,34.43711923395733],[126.08089035325564,34.440701430245696]]],[[[126.10191778676261,34.45655678735776],[126.1023381264356,34.453907609948246],[126.09282111582374,34.45617828515573],[126.09063331680363,34.46047115110515],[126.09226128511179,34.46191964931153],[126.09617153381164,34.45730228378951],[126.10191778676261,34.45655678735776]]],[[[126.05914344191312,34.48334071810164],[126.05530713557378,34.48280913278188],[126.05735936498309,34.48014799591189],[126.05978390035038,34.48033401710831],[126.0662076742349,34.4845661741167],[126.06985867383911,34.48359017003319],[126.07190488843182,34.48143067216609],[126.06647708387635,34.47854495485661],[126.06631407576165,34.47503012522148],[126.0592600443011,34.472968182381315],[126.05320588907027,34.47191749942985],[126.05386915275098,34.46690323185623],[126.04903990646082,34.46485796077875],[126.04423572611366,34.460637579004405],[126.04367319624927,34.45678496755328],[126.04084317865582,34.45676276407881],[126.04039290159422,34.46077474490399],[126.03635753970994,34.46007370208975],[126.03510222495837,34.463744678746494],[126.03791324853042,34.465440011166116],[126.04090354546058,34.46914442358666],[126.03865852656959,34.47096721225564],[126.03779980827683,34.475310584787984],[126.03331302214049,34.47862138179643],[126.03085567750853,34.48127890147691],[126.03183378361793,34.484130977790215],[126.0336536564683,34.484145402711604],[126.034905513025,34.48080905933015],[126.03894953141983,34.48084097309799],[126.04054604286415,34.482693968063245],[126.04746658261053,34.49616589164311],[126.05492538397979,34.49870091628679],[126.05858841374122,34.49672146586317],[126.0594387668424,34.49304715473361],[126.06469306367913,34.493422163717],[126.06612550422577,34.49192731472868],[126.0651573704723,34.48807171728659],[126.05969365850439,34.48836435867631],[126.05914344191312,34.48334071810164]]],[[[126.08157728439461,34.48434274169876],[126.07757850034803,34.48762099822703],[126.07862596919486,34.49192981054205],[126.08522583442429,34.49383749456736],[126.08813782138479,34.4898841441982],[126.08609413898186,34.48602954693948],[126.08157728439461,34.48434274169876]]],[[[126.15995449730444,34.221644028968775],[126.15965414410681,34.22413926628201],[126.16463259327877,34.22572583904272],[126.16551441362226,34.2215563348706],[126.16231368917335,34.22038278513671],[126.15995449730444,34.221644028968775]]],[[[126.15339356310886,34.2247518696016],[126.15367419964666,34.22253864900784],[126.15038920749424,34.222346827990954],[126.14713515676642,34.22635791805541],[126.149861884363,34.22689464131221],[126.15339356310886,34.2247518696016]]],[[[126.17871580085553,34.24204918373722],[126.1790486706327,34.23935996831542],[126.18097262872557,34.23719567900135],[126.1775092428396,34.235957980933925],[126.17473289691662,34.236421555334665],[126.17269015313477,34.238506680775075],[126.1730558677885,34.243885564866765],[126.17481216988377,34.24664270725562],[126.17443562557378,34.248255397622316],[126.17615770815952,34.253527043241206],[126.18032552379077,34.25792328340168],[126.18167719063767,34.26245354473687],[126.18387023936774,34.261871943652245],[126.1865205128457,34.259034051223765],[126.18656607659875,34.25317698862933],[126.18314837652589,34.2490781978093],[126.18015647405075,34.24762342918238],[126.18032810730745,34.24416212947637],[126.17871580085553,34.24204918373722]]],[[[126.14332750140925,34.26576023804289],[126.13914663473378,34.26881360775224],[126.14192841365472,34.269346920316245],[126.15128304302759,34.26915529403847],[126.15185654160838,34.261401136350344],[126.1556521692322,34.25962913919445],[126.15487079405001,34.257260332959156],[126.14546127156055,34.26300074472345],[126.14332750140925,34.26576023804289]]],[[[126.10577539163918,34.2623133743816],[126.10068042686122,34.2625447176306],[126.0996434220463,34.263376926772416],[126.09566774578728,34.27095070819683],[126.09879925721665,34.27077581263192],[126.10310459568362,34.26731457481678],[126.10699657637888,34.2693708624751],[126.10948360687162,34.26850831005968],[126.11181052701247,34.26335104879491],[126.11109837326471,34.26079136026374],[126.10577539163918,34.2623133743816]]],[[[126.29826836920633,34.32493778099397],[126.30256169168035,34.32197703014508],[126.29910873219025,34.3205814560784],[126.29430656391081,34.323426939080846],[126.2960026848241,34.32506558351198],[126.29826836920633,34.32493778099397]]],[[[126.30170797363095,34.32746725101868],[126.29691272428346,34.328386475613804],[126.2970307172504,34.33354708252504],[126.30170797363095,34.32746725101868]]],[[[126.26024034990098,34.385754932747076],[126.26738792704681,34.38441660484071],[126.26519885609748,34.38121105828492],[126.26740254324433,34.37940521244574],[126.26530770011827,34.377907571859346],[126.25991699455435,34.380333657332464],[126.25653386232892,34.380230890312866],[126.25407371745322,34.378562390698626],[126.24979728764511,34.378567225156196],[126.24652554203617,34.37988973974645],[126.24348485425551,34.378465927429275],[126.23930365903848,34.37048076256139],[126.23423970439946,34.3684633358648],[126.23278963807007,34.37402217795981],[126.22845605348449,34.37341432267071],[126.22895416495791,34.37013320851816],[126.22136336280478,34.36744626717395],[126.21518194122925,34.36983646961174],[126.20871134576605,34.37147384980962],[126.20336943889566,34.37090835220962],[126.20761785265377,34.368695434937244],[126.21293813638944,34.36424971851426],[126.21421970251588,34.3604573477971],[126.21056937084049,34.3620774968447],[126.20571311314463,34.36117381807292],[126.20305253527192,34.357632762231894],[126.18987646997518,34.35657181739107],[126.18633216942409,34.355246977740265],[126.1857651660765,34.35287307872679],[126.18096395539914,34.35080829701674],[126.17974250816489,34.351958739627634],[126.18219082926416,34.35464497551487],[126.1825664527757,34.357857605224346],[126.18024266899167,34.358953916003976],[126.17660773284095,34.354913044968946],[126.17322509281173,34.352695093029155],[126.16287572431554,34.35293526993022],[126.16048472093648,34.353722935873144],[126.15633535827136,34.35668194439148],[126.15681056503333,34.360794377666124],[126.15930251929043,34.36231056758118],[126.15589926262484,34.36531496766934],[126.1499159105661,34.36650945536685],[126.14512436110364,34.36508209585631],[126.14390453815271,34.36308100906698],[126.14604194083098,34.36144023725678],[126.14511186957576,34.35853555569432],[126.13932804882208,34.3569992411908],[126.13467289451957,34.35973281227338],[126.12986592341468,34.35925346957239],[126.12947413224435,34.36088147065556],[126.13186022571034,34.36385979273851],[126.13607891416235,34.36434282322398],[126.13770182679431,34.37024403963209],[126.1341555393409,34.374095641746536],[126.13792134059432,34.37585237911445],[126.14164614317922,34.375807295342206],[126.144556559347,34.37770199549804],[126.14540035344949,34.37961477368259],[126.14288418222547,34.38465201694443],[126.13290638045193,34.385237585311486],[126.13022409126391,34.385320702794125],[126.12631716015676,34.38169531559543],[126.12693028433112,34.378940197889804],[126.11709523607726,34.378972366753835],[126.11448973396149,34.38116862868818],[126.11395874383001,34.385652898214175],[126.1088620154711,34.39214501777122],[126.10924192869705,34.395006191167056],[126.10108629511879,34.40037194864273],[126.09694005662688,34.40459862880503],[126.09606179610483,34.40847881357791],[126.0940544977738,34.41136133930055],[126.0900482064066,34.41470316200791],[126.0889947915589,34.41861584534964],[126.09117179051839,34.422065690006804],[126.09327548424018,34.42314022412408],[126.09237894098662,34.42653143114611],[126.09369917277321,34.42978937604186],[126.0957056423942,34.431191039203874],[126.09862039385216,34.43091593608183],[126.09634788810611,34.434574239672635],[126.09803429260045,34.43722059026593],[126.09980892405297,34.43653946938315],[126.10169696277696,34.441522439319826],[126.10914868411213,34.44592992552836],[126.11231045661307,34.44839116006675],[126.11782639424985,34.44951267410976],[126.12116344575098,34.447446401876284],[126.12162874675097,34.4445976318228],[126.12541766177401,34.44242437365225],[126.12801150436279,34.44391794683081],[126.1253864766369,34.44683166961632],[126.12722842686071,34.450488145368155],[126.12656915454693,34.45279613208148],[126.12202806980802,34.45240703063287],[126.11824430857962,34.45343004355037],[126.11607933105711,34.45852766685383],[126.11979783985208,34.46041569540335],[126.12423191461865,34.464693230382736],[126.12823227565819,34.4659207987004],[126.1350566675058,34.46650864272226],[126.13956289440911,34.46849318423199],[126.14299081671884,34.47133895816397],[126.14503205916311,34.47575834158757],[126.1483172126698,34.477528943821845],[126.16089080860368,34.48289915454524],[126.16330933508138,34.482841735005216],[126.17250508344236,34.484690842285644],[126.17566125007339,34.49134567428523],[126.17320557738636,34.495018195359],[126.17642315818777,34.498694728649106],[126.1785320248978,34.50220856110378],[126.19048074352519,34.51440080702173],[126.19275628351146,34.51408454752787],[126.19478293536888,34.51191326167919],[126.19177025126099,34.50987423701809],[126.18859787157591,34.50004889402744],[126.18848850597583,34.4963233209867],[126.1916344367239,34.494284243848284],[126.19878687923556,34.49531804094445],[126.20414020435969,34.495377566299965],[126.20642283965174,34.498307592831196],[126.2074233952115,34.50188833403736],[126.20351326780073,34.50659640725063],[126.20045177225462,34.504497332441616],[126.19785801715389,34.50765721981729],[126.19899476895742,34.51106545370639],[126.20531698363263,34.51459426122603],[126.21049156212665,34.51683486915069],[126.21944652737656,34.516814239774],[126.22315104155865,34.51637266048535],[126.22391473003817,34.51892209003852],[126.21968088107567,34.52048439294271],[126.21198352796749,34.52432146005164],[126.2116310920477,34.5267073801694],[126.21581493488064,34.52773877476561],[126.22008418403732,34.53139825415166],[126.2224361047048,34.52995612390835],[126.22485667473404,34.530187011669895],[126.22492714759932,34.54061882511955],[126.22712861989937,34.54047738413513],[126.22781432549378,34.53607772720988],[126.23360336213702,34.53477579018719],[126.23702394574325,34.532463979236276],[126.24219498061481,34.53204532285015],[126.24656024963407,34.53185569856424],[126.24387639603788,34.53603317080578],[126.24549693849893,34.539486233350104],[126.24785507599798,34.53808398407242],[126.25499061239661,34.53679032901687],[126.2608729400369,34.546599259665214],[126.2609910495527,34.54818560377314],[126.25507466786378,34.55952233346149],[126.25157364405275,34.56091943903397],[126.25019290718873,34.563971398003225],[126.2466859927147,34.56426126065321],[126.24575474739973,34.567234916171984],[126.24305399575167,34.567950206262786],[126.23943617327868,34.565918537513966],[126.23980896193257,34.57049356156282],[126.24168170254877,34.57382262600921],[126.23990062505754,34.57635486401162],[126.24447515018291,34.58099181077033],[126.2431166539985,34.58325728950155],[126.23882998130095,34.58217150120733],[126.23821219002161,34.58378741312752],[126.24010423284338,34.58709012236307],[126.25020636620035,34.5894982370636],[126.250213058638,34.58575566538465],[126.2523147133887,34.58423309010667],[126.25505812605468,34.587135290299344],[126.25771792699717,34.58743707338961],[126.26016012770398,34.584781249400166],[126.26514391366722,34.584273931033145],[126.26678791119956,34.58221781080448],[126.26961654287861,34.58364070222505],[126.27215787598578,34.58353833506817],[126.28128813158676,34.580602710214634],[126.27954759430051,34.57811828932242],[126.28315513650189,34.57689660248737],[126.28988576544933,34.5778430374102],[126.29170418505834,34.57669464159212],[126.29263103837586,34.572843497793066],[126.29515967188208,34.57420191363135],[126.30285645150965,34.57066343555906],[126.30480697270069,34.568255833117476],[126.30922659167648,34.56530288981984],[126.31024024510758,34.56312503470241],[126.30821695137418,34.55964336350717],[126.30257859612205,34.5584522318954],[126.30351436476441,34.55587759453441],[126.30746679481113,34.554556380898376],[126.30815227712415,34.5527461893931],[126.31425637050957,34.54741240733566],[126.3176670325599,34.5476835160452],[126.32302916182348,34.54429357707075],[126.32544556759579,34.541333190148485],[126.32654199235857,34.54362816363382],[126.32651753001412,34.546916129255855],[126.3319791822028,34.54641511399914],[126.33207882860839,34.54845157197025],[126.33889013639897,34.55162517521044],[126.34304964519617,34.54848647731761],[126.3386384537306,34.54797592881384],[126.33683600305274,34.54379476197971],[126.33936212991085,34.54255401129586],[126.34328277842181,34.54359197436758],[126.3454758624428,34.54244356162756],[126.3453746838275,34.53852417220306],[126.34819272734161,34.53472657406604],[126.35385654520711,34.53241939176437],[126.35132023689364,34.52752513236463],[126.35800304503125,34.5262661638419],[126.35984657255247,34.52667801076098],[126.3623315177897,34.5244549288463],[126.36794332484861,34.51551312038127],[126.37481866603791,34.51420784162384],[126.3773809807059,34.51257374028541],[126.37707988516412,34.508331555337485],[126.38055839303178,34.50672238529779],[126.38215527609715,34.504646524591365],[126.38082002621037,34.50111506734058],[126.37298238118761,34.500703013568724],[126.37317107729672,34.496067182311485],[126.37920013425487,34.49259280661979],[126.37891017858898,34.48690087414613],[126.3823711497467,34.484774702247435],[126.38454592361535,34.48178852096746],[126.38041345234211,34.477999503729784],[126.3768537682413,34.480713111408704],[126.37707501390466,34.484292273530315],[126.37419092948645,34.48532983499081],[126.37083689513969,34.483052669038756],[126.36818290277647,34.484959890424264],[126.35997279386098,34.48298322823153],[126.35802147540836,34.48060553933829],[126.35790833237718,34.47662571075142],[126.36094266450776,34.47298990764502],[126.36713895910768,34.47147277256265],[126.37041220160684,34.47155831326332],[126.37208553827631,34.47026726824137],[126.37155320874318,34.46599902852991],[126.3703825336804,34.464526255191316],[126.36680564454316,34.46487369143399],[126.36129717029763,34.46075158098662],[126.35816577512517,34.45613750542949],[126.35965092769136,34.45187581771556],[126.36375915842395,34.44706033311999],[126.36547982382719,34.443020160139575],[126.35662275411632,34.436626056022796],[126.35173365821996,34.431080846111],[126.35157691633717,34.42629008562858],[126.34293806119094,34.41862114980769],[126.34253799519712,34.41555787601724],[126.33733103993212,34.41569888747227],[126.33551669149882,34.4141045121201],[126.33774188219937,34.40359884668508],[126.33663153942572,34.40024380668529],[126.33421282755505,34.39926970898759],[126.33111308149202,34.40068417826118],[126.32733353291745,34.39682320871851],[126.32404219563915,34.39987381038056],[126.32070209221915,34.404745235396604],[126.3246230643722,34.40481265829826],[126.32753178543508,34.40614153097346],[126.32099030668583,34.41249657557959],[126.32135851659956,34.413831697237555],[126.32592010467593,34.4144854521541],[126.32261915984873,34.41657313404052],[126.32297975780122,34.42092681664441],[126.32072122666503,34.424148226285595],[126.31860991372677,34.424187939706584],[126.31960095160723,34.41989411326698],[126.31635227261405,34.4198547970047],[126.31133073273689,34.41612585932708],[126.3131062524561,34.41392342836098],[126.31362251619879,34.40840672164859],[126.31526905743614,34.40063662080658],[126.31352437680883,34.4002742968426],[126.31236080587323,34.405577783150726],[126.30779282866915,34.4084460840144],[126.3069924315931,34.41056640861122],[126.30377740085633,34.41366786634801],[126.30105728967501,34.412905440898534],[126.30549409934007,34.406007488499384],[126.30621634469844,34.40273535899059],[126.29934563814123,34.40385809921875],[126.29763813452747,34.40854292655273],[126.29268211870759,34.40882476656279],[126.29146952221528,34.40304623853874],[126.29397449949545,34.402162131551094],[126.29710696709608,34.39844668238909],[126.29679862106993,34.39675258134364],[126.29125974690197,34.39596594492596],[126.28962037668042,34.39406806967229],[126.29230486740396,34.391314936251106],[126.29670073023529,34.39080811494698],[126.29801452191126,34.394042822405716],[126.30249017585372,34.395459351491596],[126.30343331538661,34.390586882811775],[126.30475139955554,34.38870100108967],[126.30181166311783,34.38728305142794],[126.29941813332668,34.387935749598746],[126.29650395168414,34.386376442216644],[126.29679131124159,34.38445965648789],[126.29938955781849,34.38255855307836],[126.30247604869122,34.382879292700906],[126.30424387689884,34.385030530806965],[126.30686301432947,34.385432318710166],[126.30864912456832,34.382949171183924],[126.30581154518416,34.38079548986507],[126.30761774453924,34.379211985643146],[126.30889517864156,34.37601119397214],[126.30770126817514,34.37334740980342],[126.30481048046087,34.37416111305737],[126.30159902652287,34.370114794503316],[126.29903848836473,34.368932253671225],[126.29569876249747,34.37049590883923],[126.29164904405022,34.37388123775546],[126.28899316307306,34.370733799793214],[126.29196703504913,34.36620675825186],[126.2888611558505,34.364395407559584],[126.28574418767568,34.36476986312166],[126.28456938070644,34.36804485692609],[126.28022104790459,34.368748947795424],[126.27957200351563,34.37124679930939],[126.28199447258933,34.373041161778964],[126.28068786236373,34.376166675677624],[126.2842524828312,34.37973302573021],[126.28360492985811,34.386724745434265],[126.28567334711543,34.38851170359658],[126.28884838168842,34.38779379966087],[126.29157152273353,34.38887909109666],[126.29193353197847,34.39119058471418],[126.28974122070714,34.3935637607308],[126.2847113538792,34.39459157444122],[126.27990026513451,34.39016105348301],[126.2769782855119,34.39042721786578],[126.27586787291801,34.39264276722959],[126.27795331834582,34.39474766732131],[126.27615542520486,34.396136459174414],[126.27157874825912,34.39637051953746],[126.26857394957375,34.395892782226156],[126.26543816729475,34.39741657795772],[126.26064804876846,34.3928231155224],[126.25950105249525,34.38896850486022],[126.26024034990098,34.385754932747076]]],[[[126.35627334140354,34.40583906098113],[126.35255203092129,34.40288676223333],[126.35073246652574,34.404665410749296],[126.35410026995902,34.40783258938326],[126.35376147001116,34.40984107471605],[126.35681536663061,34.41258383843758],[126.35846759679144,34.41178599678046],[126.35627334140354,34.40583906098113]]],[[[126.36375835767589,34.41522060935219],[126.36567164596809,34.41744596334428],[126.37109895071598,34.41621211579264],[126.37332255174604,34.41319491783076],[126.37331888038669,34.4091567148234],[126.37051517829025,34.40827295502233],[126.36477898310517,34.41012211456668],[126.36375835767589,34.41522060935219]]],[[[126.11077909818268,34.49180718803007],[126.10961211624175,34.48937671897284],[126.1020596412425,34.49103186931754],[126.1010378390646,34.49343162863777],[126.10374815848316,34.49463211388745],[126.10741397847062,34.49387746852412],[126.11077909818268,34.49180718803007]]],[[[126.16391906323275,34.511921799857696],[126.16964408569845,34.5114294820313],[126.16983152241296,34.50951866299778],[126.16658763200083,34.508834979298236],[126.16534771183126,34.506917511132336],[126.16172813618373,34.506541873783334],[126.16391906323275,34.511921799857696]]],[[[126.10404606207564,34.53107439096711],[126.10676492670567,34.530526761602964],[126.10645520079711,34.528089351049715],[126.10427068804391,34.52814921258178],[126.10404606207564,34.53107439096711]]],[[[126.35517455642804,34.53630970970324],[126.35067129201141,34.537057967091584],[126.35263485847436,34.53910907859042],[126.35639427074649,34.53836011945939],[126.35517455642804,34.53630970970324]]]]}},{"type":"Feature","properties":{"regionCode":"12870","name":"신안군","parentCode":"12"},"geometry":{"type":"MultiPolygon","coordinates":[[[[125.12394071567476,34.08803691487657],[125.12398939292764,34.08583217217801],[125.12090805505763,34.083379053599835],[125.12104098843382,34.07736610831594],[125.13144444762877,34.06489338802619],[125.13537172533974,34.061745098203794],[125.13875519224995,34.06139542953164],[125.14394409464771,34.05565945119602],[125.14593789932229,34.05268204007867],[125.14480268747786,34.04945688194809],[125.14153912176887,34.049858659558566],[125.13474151467649,34.046497471029554],[125.13131900513388,34.04865094776903],[125.12629305182467,34.046970383586824],[125.12220035534983,34.04670737524525],[125.11559112684157,34.051217654202546],[125.11244097994084,34.06279822779185],[125.10732094691832,34.06532589924274],[125.10169165864733,34.069048478580996],[125.09733900253889,34.06958260691221],[125.09445966696583,34.06893644885209],[125.08984792468222,34.07026827723627],[125.08203428922612,34.0745574239513],[125.08367215014768,34.07678847476724],[125.09337855909037,34.07413261719998],[125.0942709772545,34.07735445010599],[125.09350276045096,34.07934749398246],[125.09380514418199,34.087372119320335],[125.09632719732363,34.09322569118941],[125.09603665429552,34.095426655153354],[125.09265618198421,34.0955746659744],[125.0897129148415,34.09773436802806],[125.0928163265822,34.09918611831964],[125.09552291567056,34.09682216988622],[125.1027796432067,34.09593208714411],[125.1056912378598,34.09517505417433],[125.1073479612498,34.09660409925222],[125.11124640145441,34.094859666337335],[125.1150147298482,34.08810065116997],[125.11792595898173,34.08734332896496],[125.12394071567476,34.08803691487657]]],[[[125.08264925462232,34.116519522331615],[125.08483497915432,34.11914272458457],[125.08747128233482,34.11710294283364],[125.08611462951659,34.115461896794876],[125.08264925462232,34.116519522331615]]],[[[125.47124678985912,34.20776909613455],[125.46878275753612,34.205422307165],[125.46899242697485,34.203331829995626],[125.4670911891979,34.20279671659633],[125.46488394804035,34.20570223469041],[125.46635220648915,34.2069988666283],[125.46623951364833,34.21168850024229],[125.47081556685934,34.21377875137618],[125.47342156480462,34.21154236425116],[125.47124678985912,34.20776909613455]]],[[[125.31510306712725,34.387362206402],[125.31471525259691,34.38464465538797],[125.31002408316185,34.380245733183756],[125.30796766854793,34.380103558145244],[125.30383777408551,34.38229156688088],[125.30309316157272,34.38487813513524],[125.29971943359479,34.383275204521404],[125.2993188744862,34.37949323845469],[125.29604735655701,34.378381980784525],[125.29416315772006,34.379848871142045],[125.28883121981504,34.391575249927314],[125.28537220553336,34.3939739715059],[125.28429176874323,34.39827992241818],[125.28153354919748,34.40053420728659],[125.28189513435976,34.40477531900643],[125.2869991143698,34.403949137490514],[125.29109565454547,34.39899041828383],[125.29335304382465,34.392870844464504],[125.29849893020544,34.39380696921758],[125.2989669715744,34.39781432801965],[125.3018511768056,34.396643111997214],[125.30478994053973,34.39241484473865],[125.30790905245973,34.3928119800939],[125.31313428240693,34.39131461606307],[125.31510306712725,34.387362206402]]],[[[125.28574532249874,34.431139569828176],[125.29027279320917,34.42678463266299],[125.2907800988911,34.424183413222735],[125.28800079769206,34.419934850290964],[125.28557831208676,34.417234172025935],[125.28202907424598,34.417395013360974],[125.2803986223864,34.41859335576101],[125.28031796850802,34.423483583281836],[125.27578500798634,34.42963510723661],[125.28142406773571,34.43300334090996],[125.28574532249874,34.431139569828176]]],[[[125.2826843108798,34.43399824629646],[125.27822485329058,34.434648632581734],[125.27854445757755,34.43721286326174],[125.28315514386128,34.438824980564796],[125.2829387012719,34.44155673660861],[125.28719768458537,34.44517836377798],[125.29058204783914,34.45255176761425],[125.2961437264289,34.453241427918165],[125.29506592413435,34.45050409048953],[125.29521584953726,34.44555184911147],[125.29635092862966,34.44114816830083],[125.2942774289322,34.438987689517454],[125.29147386864896,34.438590596325184],[125.28986165927721,34.434932041920455],[125.2826843108798,34.43399824629646]]],[[[125.29782019695872,34.453545113267296],[125.29905680418335,34.45503179044396],[125.30157219319631,34.45426067747309],[125.3000867162806,34.4510361715886],[125.29782019695872,34.453545113267296]]],[[[125.30275578972422,34.462967311213674],[125.30279169868217,34.461601406874394],[125.30322924794726,34.459421219365126],[125.2997753337823,34.45816393266902],[125.29533355538422,34.458913666098496],[125.29484356748436,34.46152210099848],[125.29837632269204,34.4615977314649],[125.29889147763741,34.464218230503604],[125.30275578972422,34.462967311213674]]],[[[125.30269049401181,34.46428610557104],[125.3004677269099,34.4686718396024],[125.3019615860412,34.470010296310086],[125.305853216461,34.46815601157865],[125.30578179020436,34.4647008138781],[125.30431577557208,34.46369450923125],[125.30269049401181,34.46428610557104]]],[[[125.87503098898893,34.59971326236492],[125.8764717081389,34.59563873738985],[125.87148918512959,34.59840973400857],[125.8724388532354,34.60078961933871],[125.87503098898893,34.59971326236492]]],[[[125.87879897112568,34.60584720821878],[125.87664733672806,34.60716464368653],[125.87297565446721,34.612054187261045],[125.87441270240015,34.614620403253824],[125.8795518499274,34.6100481996478],[125.88254235909362,34.61202074010469],[125.88720943832541,34.60969288780518],[125.88979120089871,34.603698854481955],[125.89328857440205,34.60075226204156],[125.89051887886433,34.598781985940164],[125.88136583810751,34.60647862733318],[125.87879897112568,34.60584720821878]]],[[[125.86804416848419,34.6060038791103],[125.86822137859562,34.61089535861599],[125.87066806127191,34.61286808084044],[125.87212572273272,34.610532014622926],[125.87296582801883,34.606450265951075],[125.87054563018467,34.602455518439164],[125.86804416848419,34.6060038791103]]],[[[125.84589875347635,34.59957803175168],[125.84256127362954,34.596995009023956],[125.83922827710914,34.597512839161745],[125.82932288626591,34.60118626579047],[125.82544559718943,34.59985364530974],[125.82434863272367,34.59678142152999],[125.82215477844157,34.594012630496934],[125.81668047839806,34.5930784607626],[125.8111310482106,34.59595015818511],[125.81015738571028,34.59984160346793],[125.81064174870609,34.602663687354045],[125.81533856035989,34.6044431880837],[125.82242389717855,34.60429512339424],[125.82618918146837,34.60704044523263],[125.82549827182923,34.60952604939458],[125.82245550447114,34.61133881431685],[125.81263980414279,34.60972652299381],[125.81050716961863,34.612089636630714],[125.81087128467809,34.61415201696651],[125.8137245868389,34.616455386398414],[125.80811894366637,34.61765399229857],[125.80090621010704,34.62021307438175],[125.80299538957952,34.62364849374035],[125.81205205604527,34.62177455722683],[125.81725147015173,34.61707572306672],[125.81774947041397,34.615471246238464],[125.82089710756358,34.614677466964004],[125.83067309189234,34.61901084866458],[125.83258442081883,34.62165903989548],[125.84590748393812,34.626382582818344],[125.84553711455696,34.62909903380729],[125.84742498707077,34.63005896104565],[125.85492670752505,34.63063994651989],[125.85651225484648,34.629398786707675],[125.85822064639369,34.62266352349583],[125.85385103777428,34.6190113390376],[125.85816950443673,34.619460468689006],[125.85997924686437,34.615709229592795],[125.86060902633947,34.611358201743684],[125.8626863449885,34.605388138031714],[125.86137325294594,34.60411981616144],[125.84680740846302,34.601532592979645],[125.84589875347635,34.59957803175168]]],[[[125.97751074325738,34.618875860356056],[125.97147802799127,34.61918943128465],[125.96951777682631,34.623120026717515],[125.9655032664385,34.62666880381599],[125.96239341032293,34.628403385350516],[125.96010362943412,34.623343656775205],[125.95561290698171,34.62379102227566],[125.95350553418365,34.62765936703893],[125.94621503384603,34.63433702475377],[125.94646532478968,34.63780053126089],[125.94834949471299,34.64000292703996],[125.954042083399,34.63762292521918],[125.95595807734882,34.643165373272524],[125.95872964138668,34.645010862081534],[125.96159760449396,34.645035349142525],[125.96967340107513,34.64024591122634],[125.96910620467924,34.63854080683001],[125.97090551883889,34.63576264742144],[125.97495938370737,34.63500739825081],[125.97612134068903,34.630219856157716],[125.97938473629544,34.6279396843199],[125.98007248772122,34.625820044139914],[125.97931884865328,34.62132004612803],[125.97751074325738,34.618875860356056]]],[[[125.93904263113035,34.631110434813806],[125.94052481426061,34.6359813713931],[125.94305334034206,34.63375650716052],[125.94331556327766,34.63047961361285],[125.941211933689,34.62821451200221],[125.93904263113035,34.631110434813806]]],[[[125.46526072915768,34.637382919757485],[125.46096301775566,34.638718710040436],[125.46033496703338,34.64117000213478],[125.4553916632039,34.64239051715627],[125.45535718173261,34.64773623621236],[125.46077561619059,34.65234906309771],[125.46360142624259,34.65361434636249],[125.46490573603593,34.65662464605137],[125.47327322880132,34.65587443464707],[125.47432576789008,34.65497878909618],[125.4795021717096,34.655203879485654],[125.47862879242973,34.64984681707366],[125.47679251117576,34.64757845534262],[125.47217178412603,34.64532867126234],[125.47184129853855,34.64217027331958],[125.46674920143207,34.64093013830361],[125.46705340512611,34.63847472498639],[125.46526072915768,34.637382919757485]]],[[[125.43752612071309,34.685241871109184],[125.44112677397868,34.68488721255412],[125.44417279665358,34.68821287761503],[125.43824123274861,34.688537747819645],[125.4390821542003,34.690312136107366],[125.44314906810789,34.69100551103766],[125.4441588235504,34.69414479395785],[125.44648226388387,34.69457526782345],[125.4510156950945,34.69110585126485],[125.45114418122175,34.69463466894948],[125.45469746731492,34.69684424547073],[125.45803562389428,34.69464148191824],[125.46313038082796,34.695232566388015],[125.46539767214772,34.69341790324588],[125.46570126313169,34.68730297147467],[125.46099913935666,34.6812849506218],[125.45772836712563,34.68116411513247],[125.45375048674754,34.68484420736593],[125.45126725880095,34.68112614163058],[125.44808727634258,34.680559022079656],[125.44822000871777,34.673451001671566],[125.4466744590082,34.67079806977041],[125.44642931604801,34.66684508820805],[125.4449085498944,34.662875843881224],[125.4354403979327,34.657488139288986],[125.42744335554242,34.658701768670525],[125.42787172934389,34.65291419267003],[125.4308557531027,34.64689624922359],[125.43027766745915,34.64372891192395],[125.42168916999444,34.642564668024136],[125.42046883152409,34.639652300622565],[125.4160054235912,34.63959435049641],[125.41475021173166,34.638524728841944],[125.41358033710642,34.63297972406702],[125.41523944455807,34.62957812361035],[125.41530458608213,34.626155767311374],[125.41378096962359,34.622449412374024],[125.40293344983164,34.6228343809256],[125.39776761880036,34.62618976662754],[125.39294556119694,34.6282328215267],[125.38870478195896,34.63317992799338],[125.38864872509834,34.63607574171019],[125.384525564683,34.643799367982965],[125.38814637344952,34.645548652643804],[125.39512517934917,34.647484035659694],[125.39806946223831,34.64716160226449],[125.39666358321699,34.65040084361417],[125.39477080426438,34.64932261666053],[125.38930958843154,34.65135711046736],[125.38638882512068,34.65395165380742],[125.3869295379776,34.658961910055154],[125.38974853005222,34.661632411389796],[125.39547341570524,34.66249795487233],[125.3970374650046,34.66409844945001],[125.3950477996723,34.66802204363087],[125.3959232924136,34.67224670261306],[125.39806452277435,34.67701466327249],[125.40440826248083,34.67894119437635],[125.40559825229278,34.68343322541184],[125.40779075349819,34.68556847160316],[125.40775038729636,34.687674527219784],[125.40580609482751,34.689228990334975],[125.40727995483716,34.69556798066981],[125.41296713340166,34.6985387518212],[125.41977778147096,34.69912152891028],[125.42261883922679,34.69787576230246],[125.42531859222376,34.698952838377494],[125.4304890499951,34.69781715365718],[125.43297046999253,34.700173865015635],[125.43647465945614,34.699818124206026],[125.44235140528409,34.70245866900823],[125.44219472845555,34.700452572094015],[125.4427675578312,34.69581043489322],[125.43701762322986,34.69677886885338],[125.43218710177511,34.695353986406495],[125.4315844263382,34.691257904209586],[125.43169034503975,34.68564783527648],[125.43662797299338,34.686512971104705],[125.43752612071309,34.685241871109184]]],[[[125.37465609391893,34.67155224875889],[125.37069332756502,34.66574353863391],[125.36224462535644,34.669880616855295],[125.36021808119914,34.6747236106962],[125.36147023684426,34.67651147175447],[125.36867685544216,34.68103570561354],[125.37338606973228,34.68163000662564],[125.379501874363,34.681623007739226],[125.38060760184506,34.68544537649127],[125.38517890583933,34.68763128866289],[125.38652874360106,34.68995151620175],[125.38960370431978,34.69185175695872],[125.38935482647375,34.69361947726324],[125.38583752980834,34.69791184608326],[125.39078813477761,34.69718042990948],[125.39529070292394,34.697416969213776],[125.39371738905346,34.69553667714528],[125.3937025575056,34.690754746225686],[125.38957710899872,34.68768954200316],[125.38637028211086,34.68153713926671],[125.38081838717245,34.680135183991815],[125.3788770976771,34.675150533594724],[125.37465609391893,34.67155224875889]]],[[[125.19844474890547,34.675052154402444],[125.19565014437944,34.67048529077028],[125.19306199612156,34.6704469176678],[125.19027781226629,34.67241689664953],[125.1888347384233,34.66874993097845],[125.18847932709521,34.664093500122654],[125.18448561004692,34.665668231871294],[125.18100895178881,34.66448498744826],[125.17915463799383,34.66571434662744],[125.17799536384769,34.669971025631106],[125.17596658598504,34.67220338565731],[125.17258677601276,34.67353551048226],[125.17315709723275,34.67530396538176],[125.17651767306684,34.674851497866605],[125.17831164216169,34.67638680941489],[125.17731266697385,34.68026876977659],[125.17834690747011,34.68311942537316],[125.18315744699359,34.68463017310949],[125.18262213807944,34.68838394810548],[125.18434619855273,34.688535355290945],[125.18848690137713,34.684709578044796],[125.19195083557535,34.68652094600264],[125.19194446585838,34.69381184863008],[125.19956275974509,34.70428394663082],[125.1993010432915,34.7107477970673],[125.20658943963127,34.714015893577816],[125.20850728005605,34.71693537657181],[125.21310967987606,34.71549455160753],[125.21141714565768,34.709184346981836],[125.21238517610763,34.70668441800613],[125.21546383559112,34.70522110886646],[125.21316783082403,34.69539163674338],[125.207129282535,34.68529267533945],[125.2031797025312,34.68022934753737],[125.20086348670544,34.67987662711469],[125.1993530863383,34.68273449437383],[125.19539366697079,34.682298002940556],[125.1937815674399,34.67938281404406],[125.19599506212803,34.675644429168734],[125.19844474890547,34.675052154402444]]],[[[125.46567458265143,34.69666387097905],[125.46049751537298,34.7026216955283],[125.46251881635418,34.70477303442644],[125.46582351347128,34.702547194976894],[125.4691724443407,34.697912546994544],[125.46859888091753,34.69641725119549],[125.46567458265143,34.69666387097905]]],[[[125.90051730137212,34.71551692992336],[125.9045273762514,34.71526200642609],[125.90626843969986,34.712851810840505],[125.90654969005072,34.70795996554024],[125.90204166720366,34.70990800926227],[125.90051730137212,34.71551692992336]]],[[[125.18655904243236,34.718374145380366],[125.18963001850155,34.71910546878177],[125.19203752782795,34.71577849959956],[125.18959993387244,34.713228381545676],[125.18655904243236,34.718374145380366]]],[[[125.40756639617926,34.719631712754996],[125.40921634053872,34.715473995968125],[125.4050213740276,34.71485696828822],[125.4042790834446,34.718024473875886],[125.40756639617926,34.719631712754996]]],[[[125.46689297976408,34.72554464458307],[125.4649228492438,34.72732187614833],[125.46237811424508,34.7267145616081],[125.46089050165624,34.72458394713525],[125.4617331205239,34.7227421376043],[125.4655234738465,34.721789665371105],[125.46681154733203,34.71770859275437],[125.4663594074078,34.715442886476445],[125.46224831184541,34.71190837657984],[125.45959682356236,34.71443124338454],[125.4598231181707,34.71917641759551],[125.45772874552468,34.720705965247376],[125.45392727722411,34.71984266803624],[125.44889769984022,34.72461694329854],[125.4530958814075,34.725893000914475],[125.45248998326299,34.72947906851251],[125.45625250144431,34.73004555345709],[125.45720323899783,34.732058258679345],[125.46132928659163,34.73240691215675],[125.46116087666167,34.734220196553586],[125.45753899038671,34.73574133506797],[125.45420512655816,34.73867390290243],[125.45356670543978,34.741592669787984],[125.45552214377783,34.743289367592276],[125.45895946511122,34.74224881294272],[125.46017051047721,34.740746320355285],[125.47094200685927,34.7340519952914],[125.47515131949982,34.73388798784379],[125.478552237502,34.734797889299145],[125.4773415673453,34.72914513304991],[125.46689297976408,34.72554464458307]]],[[[125.4504050601767,34.729828083344486],[125.44530915943692,34.72671491179343],[125.44529196843642,34.72936178880217],[125.44737450497219,34.73067180651596],[125.4504050601767,34.729828083344486]]],[[[125.43998580862086,34.73230786709812],[125.43634533132165,34.734346049319036],[125.43841495196749,34.73854243304337],[125.43647325130729,34.74096726343968],[125.43977526413016,34.74278160279402],[125.44077410212712,34.74305153551341],[125.44413296575873,34.74367157849574],[125.44687347249176,34.7424556448478],[125.45136759514322,34.738707983377076],[125.44951202363418,34.736547331234334],[125.44934018045471,34.73221895464602],[125.43998580862086,34.73230786709812]]],[[[125.94869900417767,34.74043415971143],[125.94970306290844,34.7423416878236],[125.95278364019987,34.739071231679745],[125.94869900417767,34.74043415971143]]],[[[125.43530228573796,34.754144517487646],[125.43848069909276,34.74878020689416],[125.4321625846341,34.74864681830806],[125.42793169937755,34.751771688009974],[125.42642123594992,34.754902757426024],[125.4271403601041,34.7570157050007],[125.43530228573796,34.754144517487646]]],[[[125.99695697586921,34.77433457581906],[126.0000107010308,34.77517450718399],[126.00102550716912,34.77298296655974],[126.00094371504056,34.76611104021881],[126.00016911696528,34.76205795691614],[125.99861377306512,34.75992675526649],[125.99263342524539,34.756020755688205],[125.98956922872526,34.756103977749504],[125.98920123251735,34.76196727573133],[125.98448034750952,34.760135444087894],[125.98141436448299,34.7551944202249],[125.97710030885263,34.752469458602135],[125.96441645873632,34.75246248487577],[125.96270407269225,34.74676502127846],[125.95953291406562,34.74750677921375],[125.95778431202595,34.751168970276076],[125.95319339937267,34.75210307380674],[125.94499225448557,34.752113685548544],[125.94152709059178,34.752653903087165],[125.94087300269703,34.749715046435604],[125.94221244559425,34.74540842585988],[125.94597884318347,34.74446339161893],[125.94723362031279,34.73901527756885],[125.94547981291842,34.7370940348255],[125.95094975143856,34.73420815640293],[125.95107120874108,34.73241668818618],[125.94418511479259,34.730157221678645],[125.94241964214216,34.72142381445468],[125.93847319450056,34.71916581988551],[125.92732210589494,34.71841620218194],[125.92705007199577,34.71653981156565],[125.9198102691688,34.71504989437613],[125.91590159835899,34.71562621970635],[125.90968021858109,34.7155706298054],[125.90631085137952,34.7164366338182],[125.90579452567373,34.71814300986936],[125.90143421077198,34.719244415704004],[125.90298414151565,34.72153975906368],[125.90283364838837,34.72544929035014],[125.89422986074602,34.7262262844595],[125.895679861934,34.72860227769435],[125.89336255638892,34.732003237156],[125.891800737506,34.7306039117411],[125.88706747650123,34.729990359702136],[125.88949522314087,34.733108678790025],[125.8873740026302,34.736592779921935],[125.88752126087222,34.74034206874161],[125.89149141093894,34.74635016293628],[125.88997926658661,34.75597467047059],[125.8911397826889,34.75785921684804],[125.8936098390773,34.75788171558241],[125.89316889252876,34.76129970861693],[125.89108960967528,34.76160665372552],[125.88867016712564,34.765169534874836],[125.89293670045635,34.77127781171381],[125.89559824388392,34.771790884190004],[125.89705447254194,34.773759530181664],[125.8988334416692,34.78119000500666],[125.90529184672477,34.778641079151214],[125.90874542036524,34.77907952627727],[125.9086853798302,34.77654165538781],[125.91360686896674,34.77591007153111],[125.91564706812913,34.77644236881148],[125.91498439848029,34.78041490819004],[125.91745619339808,34.78035546229631],[125.91749281833984,34.7768700934208],[125.92147095699164,34.77566551023145],[125.92789027362289,34.7760482036675],[125.92879340424119,34.77499696673633],[125.93638710209869,34.77628577592812],[125.94830197967754,34.78132615793371],[125.95281419857336,34.784053849819706],[125.95068907940212,34.78794639810836],[125.95442438787985,34.789608113885556],[125.95681814950115,34.787917670894345],[125.96027343902472,34.788273187444254],[125.96345774993783,34.786589379196485],[125.96291046143841,34.79082148203188],[125.96488160336727,34.79287521058385],[125.96697362372987,34.79158937690085],[125.97194584226635,34.79717196525145],[125.96953687283234,34.80008471517277],[125.97394591591708,34.803299620813824],[125.97900277777585,34.80212004757061],[125.98136831665074,34.802710243326764],[125.9832185634791,34.805007084070645],[125.98728682273706,34.80381889466772],[125.99054620527411,34.80409046222982],[125.99041949036248,34.80637076065133],[125.99317573799584,34.807371317368],[125.99708298412803,34.80470925056823],[126.00085520585017,34.79527295390825],[126.00120586497765,34.79079460734805],[126.00054083512887,34.78856519664549],[125.99750734952275,34.78601442518956],[125.997665394784,34.78112708948698],[125.99570485189707,34.77978320726817],[125.99695697586921,34.77433457581906]]],[[[125.90085465921965,34.78638961453794],[125.90111155203836,34.78887720851923],[125.90620938412684,34.78486071993033],[125.90085465921965,34.78638961453794]]],[[[125.91068452693146,34.79562742746454],[125.91511419131581,34.79479982353771],[125.91698826815059,34.79155251416776],[125.91097010743964,34.787140352291146],[125.90420088820865,34.78943001894854],[125.90402669463278,34.790215916618855],[125.90826333726447,34.795463271890135],[125.91068452693146,34.79562742746454]]],[[[125.92327439454142,35.07694586944364],[125.91967593743311,35.07676515057809],[125.91683611204571,35.08023008511502],[125.91725879375306,35.08296383163624],[125.92046956230642,35.08422736610376],[125.92305653633035,35.08123869211705],[125.92327439454142,35.07694586944364]]],[[[126.0996465066983,34.60089921302729],[126.0991527784101,34.59674213801434],[126.10465151340907,34.59580020005371],[126.10393490055844,34.59179367412063],[126.10727750980611,34.59001372533133],[126.11111378657799,34.589414132083334],[126.11017035337761,34.5858767150212],[126.10689015793078,34.58400178013633],[126.10505506600794,34.58456157298475],[126.10226645170891,34.57995488666858],[126.09963016515104,34.57878889018481],[126.10413448575004,34.576320533042335],[126.10215077163134,34.57312687484627],[126.09615177089849,34.5738642657653],[126.09348686717102,34.56955559564973],[126.09786306094794,34.567242849480564],[126.10230433935777,34.558859320355126],[126.10240831623939,34.555055637114044],[126.09926339633292,34.55435493667136],[126.0906769182426,34.55543773219645],[126.08898666707316,34.55433068127929],[126.08558000934585,34.55451364847252],[126.08665969828994,34.54630876313382],[126.0780914412064,34.54009459343459],[126.06934788708396,34.53841258830248],[126.06677815077629,34.537090045316695],[126.06268760334932,34.536485414499715],[126.06479385691269,34.53415635886731],[126.06068884247071,34.53261344562322],[126.05721294302816,34.53342048487654],[126.05736858435661,34.5308004974659],[126.0552321992577,34.53021068603659],[126.0474194749575,34.52994144344106],[126.04103783043115,34.53129856605641],[126.04044126011001,34.53384754380929],[126.03249272989156,34.53222126349833],[126.03099582089054,34.53085437449276],[126.02521858420187,34.534404321757926],[126.02495125296149,34.535705061532646],[126.02736628828389,34.539424570791944],[126.02789049599849,34.54312896527901],[126.02926634080279,34.5440780083784],[126.03502122132372,34.542508094261834],[126.03847785075604,34.537949216372674],[126.04703933519211,34.538954508356994],[126.04751683419043,34.541303455843845],[126.04498119975756,34.54253438836378],[126.04449427447106,34.54652215468795],[126.04865472936042,34.54655468772028],[126.04996309344979,34.547919915879085],[126.05624573198658,34.54984485993677],[126.05788887807506,34.54949275607472],[126.05827195400155,34.55465518463689],[126.05554515400725,34.55604119991027],[126.04869052885957,34.55447654902264],[126.04325806500245,34.555372118391475],[126.04014074350378,34.557797046856734],[126.03800200066027,34.557363270362494],[126.03474077551891,34.550406117707574],[126.03174948184818,34.55283183596677],[126.02967941355075,34.55192941635956],[126.02732028390301,34.54878368270481],[126.02572465018483,34.55585866401586],[126.03014382501291,34.56079276006642],[126.03100409723922,34.56272785687068],[126.03715429668829,34.56525680476099],[126.04604214944999,34.56553513709374],[126.0512849133633,34.564742219124604],[126.05483938854752,34.56268520388862],[126.0605909902154,34.5614788977387],[126.06481702080642,34.56135503520605],[126.07262385208873,34.57095708244156],[126.07265503806562,34.573823679444196],[126.07625109263806,34.573694634557846],[126.08036293851566,34.57825978694523],[126.0798684277683,34.58306608030752],[126.07431982560212,34.58291984276312],[126.07306225616034,34.58824657493697],[126.06757359925182,34.59398951901024],[126.06853068660861,34.59865563549148],[126.06754196490418,34.60245248931429],[126.06394729883587,34.60795941434547],[126.05521217667355,34.61049774687306],[126.04785379691447,34.60846007011545],[126.04588923848262,34.60922643332454],[126.04761806070923,34.61252319997098],[126.04943721496848,34.61897324693932],[126.04832592153542,34.622352041704204],[126.0491973395219,34.62892534011108],[126.05409760894031,34.63085503207437],[126.05835133262711,34.634171246079624],[126.06523584483477,34.63515741428489],[126.06928465588148,34.634520912193295],[126.06904593491306,34.63177487547309],[126.07873627078986,34.62450594005748],[126.08347427866836,34.61831155298992],[126.08325554590978,34.61371148156814],[126.0875266532762,34.60907094074967],[126.09014483948167,34.60775548182526],[126.094641045489,34.6071214753456],[126.09570307968907,34.608538563034514],[126.09964537325925,34.60930945247941],[126.10337380567584,34.604931797841324],[126.0996465066983,34.60089921302729]]],[[[126.00745076736543,34.59084717395603],[126.00586855589991,34.587768960753884],[126.00437209417302,34.588815671161804],[126.00473752000764,34.59210693068438],[126.00745076736543,34.59084717395603]]],[[[125.99968260543929,34.59335484039737],[126.00150042106027,34.58801936488144],[125.99629768021146,34.588756871399205],[125.99511479099246,34.59175672117865],[125.99968260543929,34.59335484039737]]],[[[125.97668985706082,34.58540463363497],[125.97921957398398,34.583551620585695],[125.97962234490682,34.579905200407744],[125.97618506108813,34.577903514581294],[125.97010262868729,34.577457695107356],[125.96624159974265,34.58077888434954],[125.97098324824269,34.583482360114374],[125.9698784722768,34.58593911092088],[125.9668868879384,34.586505649724835],[125.96912443881826,34.588990670402936],[125.97175554335018,34.58861833557531],[125.97424542730207,34.590020316996885],[125.97215155373055,34.59523075210923],[125.9605811928831,34.594343473046195],[125.9577370099044,34.592642240155335],[125.95603357408235,34.595192380937256],[125.9586143827778,34.598864250815794],[125.96315360890219,34.5987056778541],[125.96722504072537,34.597753813125486],[125.97255489746365,34.60125138679232],[125.9722850941804,34.60376449087061],[125.97621849954774,34.604340140093974],[125.97647909716399,34.60256675586244],[125.98138270943066,34.601917339222084],[125.98505628348988,34.604216796543426],[125.9860510784948,34.60096985480389],[125.97599243532369,34.59358615336737],[125.97888297054777,34.59153891084121],[125.9792821815387,34.58818838051255],[125.97668985706082,34.58540463363497]]],[[[126.00669101803807,34.59973774863652],[126.00452264936541,34.59842740797323],[126.00022964361858,34.597611294718746],[125.997459861929,34.597534669887104],[125.99732384350094,34.60071129336939],[126.00305892558134,34.60361292965276],[126.00319001637598,34.60628006258744],[126.00709424211954,34.60693132490525],[126.00803871305146,34.60427295366337],[126.00669101803807,34.59973774863652]]],[[[126.04075193950821,34.62960313793697],[126.04096238566817,34.62609446106395],[126.04238217763164,34.62091035646213],[126.04206319158321,34.61908247718697],[126.03740081559022,34.614880756881085],[126.03702649504618,34.611221376339884],[126.0402728121367,34.60518161102047],[126.04335226462925,34.60456057982734],[126.04634181313143,34.60269127773046],[126.05222785854974,34.60252211916838],[126.05443842045923,34.60503428301535],[126.0565484575448,34.60264168402536],[126.05793960375702,34.59821553213739],[126.06052204742528,34.595286774136014],[126.0627423317632,34.594320980544964],[126.06150683957587,34.59167322976658],[126.06173197703706,34.58668416168148],[126.06532199857293,34.58294248765908],[126.06297180428137,34.577843221267266],[126.06117989892648,34.571945493187044],[126.05481031908725,34.5675685760113],[126.05199845444791,34.5697454835781],[126.04685582876775,34.57113630069591],[126.04544845536107,34.5686473379697],[126.04199636379856,34.56771284423917],[126.03674863546608,34.572348187957594],[126.03134674685806,34.572026158926846],[126.02967228226865,34.565311924076575],[126.02660581059452,34.56392635060391],[126.01947336199542,34.5635899822468],[126.01848006081042,34.56546663309594],[126.01751731855846,34.57191547234627],[126.0210857428226,34.57372412130249],[126.01908007992856,34.575487922019384],[126.01704927189978,34.58296088198076],[126.01480350306373,34.583570959398656],[126.01481840515416,34.58588482900331],[126.01967530651638,34.589518744434756],[126.0236446820895,34.58962041008117],[126.02643635899857,34.592909110324605],[126.02355407590115,34.597353304373],[126.01954942842109,34.60021787722331],[126.01689684879757,34.59946359717527],[126.01461734343606,34.59574574078038],[126.01179227985284,34.59530408029848],[126.01087999284171,34.59742558902876],[126.01415873045647,34.60237312825061],[126.01047766957305,34.60640203304737],[126.01222438250748,34.608740232821226],[126.01489771974039,34.6149043482734],[126.01647761800123,34.61708092934398],[126.01478968243104,34.62046293439745],[126.01292068074628,34.62128540802965],[126.00984280806013,34.63136721429714],[126.01280830310175,34.63432290340644],[126.0154561532627,34.63556585122849],[126.01893171360672,34.634721392097454],[126.02565785092885,34.63418208443574],[126.02852249213313,34.636483698714116],[126.0290106316247,34.64170132859187],[126.02821770475754,34.64690873421842],[126.03212965540361,34.64890449766957],[126.03526361301647,34.65486778620739],[126.03851801625815,34.658369350983655],[126.04253882251389,34.65892996555033],[126.04585831097123,34.66477425623208],[126.04462589517865,34.668467086640426],[126.04743667632306,34.66944768627082],[126.04950828266486,34.66679605604861],[126.04874301860038,34.65934821988452],[126.05080310504641,34.657679344729395],[126.0515170088389,34.65473623804675],[126.05323680673919,34.6530646814117],[126.05310032826415,34.65011495159955],[126.05133609886516,34.64077867943187],[126.04365016681882,34.62892387015579],[126.04075193950821,34.62960313793697]]],[[[126.00298723490658,34.60863637241615],[126.0017295650235,34.606506089962444],[125.99737484285022,34.60583433671301],[125.99666418070987,34.608019145300126],[125.99876101556762,34.61149902589931],[125.99592023780616,34.612959635082994],[125.9944359235898,34.60835409811305],[125.9930869598847,34.606717634590396],[125.99295603515722,34.603395227508464],[125.99020783060834,34.60429116663566],[125.9886270408848,34.60767002124076],[125.9863850168992,34.60913536586985],[125.98934371714594,34.6120572563532],[125.98701087801113,34.61394586162875],[125.98766688950813,34.616283281713514],[125.99140097503488,34.618787563785375],[125.99850749293145,34.61835154206839],[125.99488544689399,34.620724345568505],[125.99137443831115,34.62097799506675],[125.9930504136633,34.62388915214676],[125.99305732670129,34.63039047024997],[125.99707698374039,34.63056497121244],[126.00022493162693,34.632074841326194],[126.00392104786708,34.63069180010805],[126.00465117625282,34.626881814985296],[126.00899972787577,34.62098131761336],[126.01050617541136,34.61661227626529],[126.0098898512753,34.610883309368994],[126.00298723490658,34.60863637241615]]],[[[126.07918057148596,34.640740354980686],[126.08543219848804,34.63734076999947],[126.0875248365753,34.633997817890936],[126.08896062563338,34.63267861071298],[126.08650890975831,34.630484780774765],[126.08159988853177,34.633810158978875],[126.07593119633634,34.63366770676648],[126.07151113056244,34.64071690524449],[126.07951461360692,34.64311233076379],[126.07918057148596,34.640740354980686]]],[[[126.00815035612563,34.64030631027883],[126.00615946988515,34.64375143942028],[126.01130681594115,34.64540329216423],[126.01804072262898,34.64481379111958],[126.01952383141953,34.643054793159955],[126.01957031626576,34.639110831374055],[126.01356310828935,34.63600340717397],[126.00744544305022,34.63402179020154],[126.00242434386928,34.638166606345656],[126.00180955655394,34.640656985151146],[126.00315687261967,34.64211697034696],[126.00815035612563,34.64030631027883]]],[[[126.09129661643831,34.643024951139985],[126.09170708999896,34.63993195126202],[126.08878428531042,34.64020590933212],[126.08848907636562,34.642998370284275],[126.09129661643831,34.643024951139985]]],[[[126.00836601863037,34.646747826015144],[126.00610849341739,34.648017367248215],[126.00450922170572,34.65130468215489],[126.00644362838317,34.652608426614115],[126.01086805579375,34.649505070313324],[126.01255593456497,34.64694286523533],[126.00836601863037,34.646747826015144]]],[[[126.01573130685823,34.658721127149526],[126.01136782179934,34.656673360017926],[126.0088204512159,34.657699112782424],[126.01142415620018,34.660135180581925],[126.01573130685823,34.658721127149526]]],[[[126.01542285366615,34.66829776357946],[126.0201884869655,34.66938267506867],[126.02167863359448,34.667060251679466],[126.02024542318573,34.66455332696633],[126.01515131743109,34.66652463430091],[126.01542285366615,34.66829776357946]]],[[[126.07982638368664,34.646681321021674],[126.07909252047105,34.643389686542626],[126.07369277378454,34.64409072811942],[126.06984878908598,34.64342542691615],[126.06475303556671,34.651336592054456],[126.06368540337701,34.65493246569197],[126.06417816478985,34.66818655151149],[126.0659579900159,34.66979026750943],[126.06255477916277,34.67548822029396],[126.06250453797803,34.67993989900203],[126.06609446571633,34.68049752686695],[126.06463403853074,34.684726398362926],[126.06820158360999,34.68729780230031],[126.07243407091688,34.68786015893376],[126.07945580757527,34.691729547379744],[126.08141764960862,34.68856430996762],[126.08351829497278,34.68444605559362],[126.08478981415217,34.67396139503965],[126.0865139953323,34.668992221838046],[126.08573291651476,34.658280110900414],[126.08139453349332,34.65580939546626],[126.07914577038696,34.650174262592685],[126.07982638368664,34.646681321021674]]],[[[126.0401944467484,34.66881080225099],[126.03331606977,34.66865310444759],[126.03373228174976,34.672304872191916],[126.03619594434703,34.672014640897444],[126.03910989690365,34.6724507081047],[126.0401944467484,34.66881080225099]]],[[[126.01057624048343,34.68615815807036],[126.01396179682338,34.68705482057098],[126.01544789431443,34.68602339317586],[126.0144354719815,34.68307391358914],[126.01050635746594,34.68249828597239],[126.01057624048343,34.68615815807036]]],[[[125.99140821797928,34.711105331245314],[125.99797100899124,34.70577701322121],[125.99706162802872,34.714365621463386],[125.99732656383567,34.71910895315127],[126.00473825859949,34.72050850017636],[126.00151412268507,34.72259327791493],[125.99974852314499,34.72499154543823],[125.99783371802936,34.72459878405231],[125.99186908810583,34.72650989638688],[125.99027675305565,34.729663442696804],[125.99427103012285,34.731958508580725],[125.99930376020599,34.73154760985146],[126.00180346248708,34.72892918464418],[126.00312205240587,34.72569782434657],[126.01048431020993,34.72153557602967],[126.00906885037529,34.71930520594981],[126.01467873789782,34.71041314685895],[126.00902690148837,34.7063559714837],[126.00859964124304,34.70379888551847],[126.01354285456324,34.70390938748143],[126.01504609926755,34.70109184809939],[126.01458981531107,34.69825845842258],[126.01223972707737,34.69787137255539],[126.01070226943202,34.69559933057047],[126.01025219170216,34.69226066384701],[126.01090901540107,34.68852676903567],[126.00838618317995,34.68443393514949],[126.00173785033131,34.68339963055184],[125.99866886959119,34.68238112889165],[125.99436881009457,34.679063775983245],[125.99191397820975,34.67954877051385],[125.98801203615031,34.6782026052474],[125.98831843583301,34.67315211965307],[125.98402151589357,34.67409708691461],[125.98036731071691,34.67255061713802],[125.97811080565494,34.66687228341684],[125.9812084046556,34.663866419694],[125.97600316989231,34.65907289753508],[125.9653305061246,34.65644870860339],[125.95659728727918,34.657295635683774],[125.95418525018465,34.65843531590554],[125.95361394268738,34.66112655774571],[125.9546393604842,34.66506010598082],[125.95656315701547,34.666881692004644],[125.95628279218651,34.66970898244501],[125.95368524742862,34.67180896402475],[125.95098940126275,34.67198787647841],[125.9491824359712,34.66964790333158],[125.95079048943293,34.668347986851714],[125.94763319997476,34.66629951633761],[125.94310129415032,34.66646239298363],[125.9403269850088,34.663204337778105],[125.9375784491505,34.667525987678154],[125.93560943887033,34.668317260212575],[125.93219083709089,34.667579914865655],[125.93105660020505,34.67009647841863],[125.93454534185946,34.67174395978115],[125.93553568938938,34.67330161393552],[125.93245942347488,34.67526285091806],[125.93218730498741,34.67738272911982],[125.9280246744788,34.67734614491645],[125.92452122320636,34.67084739331184],[125.92035105336365,34.671416840438695],[125.92053025255434,34.67647144945001],[125.91562125094988,34.677337346311916],[125.91525061190472,34.68122849368418],[125.9167845666,34.685205159078315],[125.91437124091814,34.68525990739692],[125.91424430259809,34.68861730063903],[125.9153103784522,34.69284211274811],[125.9139265306438,34.696199675287026],[125.91631961586343,34.70048730455899],[125.91420609666463,34.70256418218841],[125.91644338177433,34.70490438157037],[125.9168646700775,34.707378096710514],[125.91519377416691,34.71028226352742],[125.9186222382051,34.711734854138655],[125.9266849707649,34.71262958181062],[125.93106807480176,34.71396941180558],[125.9339553616943,34.715683082646706],[125.93716266249156,34.716239338581666],[125.93854353287895,34.7146796196733],[125.94191338372927,34.713661104403265],[125.94625820112824,34.71444729753519],[125.94530307767575,34.71821086119211],[125.94751790639194,34.72242146397654],[125.95789887316283,34.73211398243939],[125.96077264892529,34.737395869465196],[125.96501424330687,34.73536004280653],[125.96750487531303,34.73214731640606],[125.96866404487326,34.727609478502345],[125.97223048655076,34.726527983152096],[125.9763367578882,34.72140855868295],[125.9769816420327,34.718786429750935],[125.98134548473753,34.72256224946098],[125.99167226435559,34.71961648957626],[125.9934761885894,34.71266502767805],[125.99140821797928,34.711105331245314]]],[[[126.04088251716335,34.73708333048678],[126.04574821511858,34.73256332303769],[126.04398711573948,34.73068698744954],[126.04056625393255,34.7336008744461],[126.03441917469091,34.7358558580752],[126.0371326445527,34.737592824205976],[126.04088251716335,34.73708333048678]]],[[[125.98614692252353,34.73948296327969],[125.98940868246754,34.738314635043956],[125.98638077100543,34.73606559162786],[125.98614692252353,34.73948296327969]]],[[[126.02856451857978,34.73411827002946],[126.02901482121936,34.73084288134637],[126.03174960382815,34.7273014786664],[126.03156785942456,34.722880387445606],[126.02948136893494,34.72170864359318],[126.01847579705476,34.72322926162371],[126.01573028524686,34.72929061246929],[126.01214349236535,34.734042199655974],[126.01195890123338,34.740491532957506],[126.01055729078965,34.74510060991366],[126.01130031963768,34.750544447956514],[126.01625958700568,34.759144337844376],[126.01656941778732,34.76630796553433],[126.02049025626887,34.76580440453331],[126.02729343154701,34.76461311628132],[126.02975498809195,34.758805315719115],[126.02991843301501,34.75657814402654],[126.02809523281402,34.74486336158632],[126.02555122073369,34.7422350587643],[126.02557544003707,34.73871558117005],[126.02856451857978,34.73411827002946]]],[[[126.05964980381334,34.73944225569667],[126.05130011071665,34.75024758627457],[126.040396524578,34.755327281995555],[126.03972870696228,34.75647841053449],[126.04108907338565,34.76011253039409],[126.04611543598762,34.76207940306444],[126.04842445087537,34.764564481752],[126.04830880086456,34.76649092044651],[126.05592299248654,34.77117586403474],[126.05769869869003,34.7712667356524],[126.0585980919074,34.7661855416203],[126.05629664375707,34.763006889548734],[126.05651964426532,34.7598477778588],[126.06039217847156,34.756408582317775],[126.0610142818193,34.751016824402676],[126.0628017717747,34.75002841094328],[126.06095837459486,34.747701371651715],[126.06093041122237,34.74191914324125],[126.05964980381334,34.73944225569667]]],[[[126.07085268102786,34.81320478525197],[126.07293746410487,34.81178539448357],[126.07621405944327,34.80211071827345],[126.07953484618206,34.79841514185423],[126.07783071783471,34.795095723239086],[126.07578182520314,34.794176059407384],[126.07294867885759,34.79593326283615],[126.06938784741891,34.80021838750254],[126.06657597986622,34.805604252546395],[126.0627247832365,34.80754499289751],[126.05662333001563,34.8090240785536],[126.05544587189742,34.814083131008985],[126.04980120542767,34.8144090330776],[126.04410425131185,34.81960815024196],[126.0451424674647,34.82299639100464],[126.04289342651425,34.824874206789545],[126.04405689141875,34.826803491828024],[126.04765895832836,34.82814310808528],[126.05092699954326,34.82280991125553],[126.05302825533455,34.82167395482864],[126.05590815554434,34.82295721809862],[126.0586338351145,34.82192509168566],[126.05902178528045,34.8198666588594],[126.0625668274278,34.81851718600136],[126.06636863322387,34.81315348090827],[126.07085268102786,34.81320478525197]]],[[[126.06217430340857,34.830554687355544],[126.06245357045759,34.82912903070483],[126.05852625238788,34.83008647277606],[126.05848416654037,34.83380979538346],[126.06217430340857,34.830554687355544]]],[[[126.05870787382888,34.84557507816321],[126.0576522995817,34.84235711224633],[126.05403094828932,34.84336586207951],[126.05582973777489,34.846138456708424],[126.05870787382888,34.84557507816321]]],[[[126.08000886846476,34.92942494960255],[126.07602158522045,34.924796077910194],[126.07571938782978,34.92293257943189],[126.0778373309251,34.92135338749944],[126.08295034812362,34.92644395079709],[126.0847362744323,34.92565979211423],[126.08058797373397,34.92097543392057],[126.08864289649577,34.92303034446454],[126.09187231839242,34.923187516061425],[126.09223058956434,34.91999957628992],[126.09064457943347,34.91732883802798],[126.08549324416595,34.91569481613985],[126.08423650280344,34.912494709820415],[126.0929646299201,34.91202850404923],[126.09427582673173,34.910310036794634],[126.09846369188689,34.9114047594435],[126.09913014772444,34.90954851116572],[126.09627970950149,34.9043425486405],[126.10128935384108,34.90411387292376],[126.10406825658822,34.90107671880574],[126.10200060701264,34.89813668977266],[126.10203884964268,34.89462809417431],[126.09964992767127,34.89155270674267],[126.100163408101,34.8888976465894],[126.09878714886989,34.88184145000016],[126.09579077468344,34.875304930235984],[126.09169836635944,34.872975576275934],[126.08738492014524,34.86882197797187],[126.0853437171321,34.863621802268455],[126.08098813827944,34.86332304521492],[126.07890740285504,34.86171194197166],[126.07536155624273,34.86181769022223],[126.07039688544732,34.85765878325991],[126.060748283001,34.854393890986486],[126.05285300120103,34.85313608263453],[126.05026745796991,34.85338177167614],[126.04594790016458,34.85002434097169],[126.04807676426901,34.847382162476215],[126.04762479490442,34.84458681428013],[126.04361044870384,34.84280400909215],[126.04085372580407,34.84514028667267],[126.03867044601638,34.84967453680964],[126.03517075881453,34.852882170749716],[126.0319176069386,34.857752990584956],[126.02670295282854,34.85952092390485],[126.02362095965631,34.85549309036912],[126.02190773967669,34.85959206931113],[126.01924184600735,34.859789927994775],[126.01782271649593,34.86153324107987],[126.02166051973789,34.86359319709064],[126.01950242268786,34.86587894938529],[126.01766931712348,34.86323194882551],[126.01274596142717,34.862862994688015],[126.01276499116001,34.86127288218316],[126.00873567740085,34.85855305687963],[126.0047709730153,34.85969114432904],[126.00360398294048,34.86258792779853],[125.9971159831085,34.864947333634454],[125.99167872114268,34.863037864869845],[125.9877609272427,34.86496207371697],[125.98637587132177,34.86276800126358],[125.98251814784265,34.86140631812213],[125.97392496145623,34.86439167397702],[125.97471555373943,34.8657277710884],[125.98002456272151,34.86723483986754],[125.97983354045476,34.86962620820625],[125.97721597167649,34.872395960064274],[125.97481752010019,34.871282612582824],[125.97549251699292,34.86915228770877],[125.96804552915341,34.86979247783148],[125.96573994245934,34.87340155847518],[125.96779042641207,34.87727429666898],[125.97362906674442,34.87519674019009],[125.97941312650427,34.877505507703624],[125.98215777967856,34.87752854781542],[125.98379685998634,34.87554814404845],[125.98670289648491,34.87557243161757],[125.98926647958979,34.87718910652437],[125.99491368083916,34.882819565344136],[125.99195699617985,34.88691623864182],[125.99209733588896,34.88864565413857],[125.99887272057806,34.88923347954256],[126.00035868649545,34.89163632647716],[126.00539689482717,34.89726364275344],[126.00633697698633,34.89966428967145],[126.00565088675398,34.902982227867376],[126.00968362443469,34.90341400925485],[126.01077263586939,34.906879387288974],[126.01057279659292,34.91006834520309],[126.01360018985132,34.91354947326195],[126.01780135857413,34.913450627363986],[126.01896684307735,34.910535324554786],[126.02157322417652,34.90869517574622],[126.02671651967336,34.910863601958766],[126.0312344751071,34.90953322037615],[126.03374278235003,34.911222271324334],[126.03665336221682,34.9152774683395],[126.03397293559537,34.91786812213083],[126.03496566538749,34.9199300958835],[126.04018019975473,34.91936283283674],[126.04334422242127,34.914517765528096],[126.04612095933943,34.91188077788162],[126.05016357079555,34.911513668414656],[126.05257261597308,34.91272898307057],[126.05576647459834,34.91594449584314],[126.05814073748735,34.92021708233802],[126.05281153409085,34.920042661686644],[126.05018860852327,34.92334570391297],[126.05711517105954,34.925127974619905],[126.05708471115815,34.927786585826645],[126.05849610209629,34.931519909791646],[126.05621139855066,34.933496300613086],[126.05518248217545,34.938673005540196],[126.06052046797998,34.93818270869746],[126.06264969980927,34.93567328613665],[126.06941750698343,34.93732067120598],[126.0718560770825,34.93600995189773],[126.07171550589288,34.934147680240045],[126.07574867081104,34.93471024071725],[126.07674044572657,34.93272366964115],[126.07949594054448,34.931946942020716],[126.08000886846476,34.92942494960255]]],[[[126.00836665200494,34.91120010435428],[126.00878202857717,34.910325124619995],[126.00394288974897,34.90877107000784],[126.0020563792389,34.91260225036213],[126.00836665200494,34.91120010435428]]],[[[126.02095848426178,34.92220755388243],[126.02019489624388,34.919404531690255],[126.01427254207763,34.92408295296913],[126.01693964088416,34.92528616937927],[126.02095848426178,34.92220755388243]]],[[[126.01812498785368,34.92824249095556],[126.01716710516595,34.931870911971],[126.02191778064208,34.93106952167421],[126.02091824136353,34.92760709300576],[126.01812498785368,34.92824249095556]]],[[[126.02993674340865,35.08657258042105],[126.03027407745286,35.08330495606461],[126.0287273239323,35.07944997389857],[126.02914576062047,35.077736410772694],[126.02687924807921,35.075837791766126],[126.02435241857637,35.079087760404796],[126.02105855542918,35.079878762889756],[126.01774599693935,35.08222289504598],[126.01555652651267,35.082205115522385],[126.01402134513262,35.085708198377134],[126.01182487569393,35.08626260126242],[126.00996712159034,35.09172516267665],[126.0099993740154,35.09728491749859],[126.01295101912952,35.10017051369059],[126.01753196773343,35.10004426528683],[126.01530461351939,35.10313294350953],[126.0188814272479,35.10373429624621],[126.0215887817842,35.10212105572685],[126.02211583894037,35.09967260233938],[126.02523673653475,35.09675449642201],[126.02656868674856,35.09357667756957],[126.02898180539005,35.09155212335059],[126.03471999584762,35.09454127339216],[126.03575102037539,35.091524459293794],[126.03158709489128,35.0901013463835],[126.02993674340865,35.08657258042105]]],[[[126.12531631459748,35.107838720581725],[126.12372511121086,35.104425154103176],[126.1216679661439,35.103073724115525],[126.12052217478784,35.099541846932745],[126.12099738052491,35.09662924633349],[126.12324400289461,35.094093981677084],[126.12362007333914,35.086613392973874],[126.12215117428649,35.08563073426198],[126.12427293607962,35.08090750200645],[126.12265751604127,35.07980229213786],[126.12344006705898,35.07579837221197],[126.11846860986078,35.0704161608232],[126.11570176217413,35.066386392732326],[126.11856672484818,35.06130416803631],[126.1162333117857,35.05824958667877],[126.11120272306172,35.058455774678364],[126.10589677074606,35.05678940133325],[126.10517597034446,35.05508303859949],[126.1081771338317,35.05109558336706],[126.10257146743608,35.049839141846554],[126.10157104817578,35.04667265070125],[126.0949053005743,35.04771655937864],[126.09459346300262,35.04917227710389],[126.09071662930243,35.05205929331975],[126.08658443104898,35.051299191781816],[126.08360262065412,35.05346370591393],[126.07814233567888,35.05245025598637],[126.07576409218808,35.05352565683272],[126.07572296131734,35.05717041555809],[126.07258726205727,35.059819494157566],[126.07461642502547,35.0634800855397],[126.07426914888828,35.06724290668721],[126.06409967468345,35.064857303215064],[126.06313534039376,35.05865322778244],[126.0656770079897,35.05624282242862],[126.06347137735837,35.055132276310566],[126.05650454733325,35.05653622250166],[126.05853849645699,35.05971110804866],[126.05866124413993,35.06189909497563],[126.05612962442106,35.06309176532579],[126.05333811787943,35.06100710047338],[126.04802198671038,35.06108693510723],[126.04635282898954,35.064718863982726],[126.04317282132628,35.066753014936126],[126.04083810835158,35.064553823522246],[126.036690054685,35.06512839165191],[126.03754882808902,35.067565270605535],[126.03706370357402,35.071084959786795],[126.04269023661237,35.07015961915629],[126.04504753381153,35.07139116695713],[126.04571764105044,35.077350044903454],[126.04067580547056,35.07840372467505],[126.04286680578277,35.08078932604961],[126.04148288893316,35.085273935496076],[126.04530487747348,35.08736965590408],[126.04584984184491,35.091383494930035],[126.05114742213185,35.0938551667712],[126.0507993700132,35.09834797188154],[126.04838295730504,35.102557654466494],[126.05117018461625,35.104645051893094],[126.0545845576738,35.103699759644],[126.06211244363878,35.105337843098205],[126.06730781931432,35.10391996086718],[126.07541822617672,35.10641222232105],[126.08483055787887,35.11162264869673],[126.09463998948462,35.121173540813274],[126.09791008760871,35.12391877962848],[126.10097394516902,35.127951104976546],[126.10033775196223,35.13195593391865],[126.10641563139332,35.13115044843545],[126.10906260785295,35.13274949382751],[126.11388383387865,35.13861696316869],[126.11268114251682,35.14030914823015],[126.1132349932041,35.143836742984874],[126.11798264066097,35.142899442652784],[126.1333691942209,35.14386115087088],[126.13572362617619,35.14521451132415],[126.14137084904738,35.14318920260398],[126.14562955071479,35.14649988624849],[126.15316454851249,35.14801090442874],[126.15746036307743,35.147797885607524],[126.16488248439946,35.145905319444125],[126.16194536751912,35.143576489131114],[126.15753560921027,35.14050831223994],[126.15206602628177,35.13974108197876],[126.14528082632246,35.13738481840744],[126.13897725005884,35.13150804145911],[126.13254979728138,35.123443024454275],[126.1280383221841,35.116241999584865],[126.12531631459748,35.107838720581725]]],[[[126.06373097399384,35.10612091458359],[126.05658095364328,35.11099769497057],[126.0596133402532,35.113389562296604],[126.06573027077701,35.10895660477286],[126.06373097399384,35.10612091458359]]],[[[126.04814856470843,35.11338389796103],[126.04940179988589,35.11081989578418],[126.0524709013793,35.1099023098803],[126.05030698402653,35.105302651354755],[126.04797256608282,35.10879981112842],[126.04259517605179,35.11095457868066],[126.04210554340575,35.113587347201346],[126.04811273746309,35.116459683838954],[126.04814856470843,35.11338389796103]]],[[[126.1519300226874,34.56296780362561],[126.1496271906564,34.56237303487137],[126.1461915391923,34.56380767429186],[126.14628441964727,34.56877711089876],[126.1499569761966,34.57055384939524],[126.15451777981367,34.56793987732292],[126.15572825162283,34.56444557827795],[126.1519300226874,34.56296780362561]]],[[[126.14936784950062,34.57565927109542],[126.14302095100247,34.57577055620083],[126.14039937816446,34.579917076824664],[126.14397184615906,34.580036489417424],[126.14627287494316,34.58208692316986],[126.14916027075449,34.58075478290865],[126.14936784950062,34.57565927109542]]],[[[126.10804006198833,34.613941121929905],[126.11023991143466,34.61501677891598],[126.11576204194326,34.61489348114938],[126.11406436342611,34.61184667440788],[126.10997385529966,34.61108493360705],[126.10804006198833,34.613941121929905]]],[[[126.18610100313325,34.61734444163025],[126.18706048343319,34.615246534965344],[126.18641615877475,34.61236946415783],[126.18233251043262,34.61096597269352],[126.1802616220821,34.614009374333214],[126.18231675485553,34.61812935807976],[126.18610100313325,34.61734444163025]]],[[[126.17581933868256,34.61288437421092],[126.17348993739073,34.615914462927144],[126.17351472363794,34.619321303590404],[126.17947793125805,34.61864599266222],[126.18037175033766,34.61673196825401],[126.17783566306558,34.61232705774867],[126.17581933868256,34.61288437421092]]],[[[126.11441953736724,34.6257734887464],[126.1153202043592,34.62888502473508],[126.11915655024589,34.62869150330463],[126.12086857585005,34.6269082915437],[126.12642824901147,34.62054436300744],[126.12399999808073,34.61791284768219],[126.11568273501814,34.618030723454055],[126.10936170695857,34.61897578942837],[126.10806864701931,34.62261857839902],[126.11264080389927,34.62403138155019],[126.11441953736724,34.6257734887464]]],[[[126.17445258082695,34.664301147851134],[126.177400910854,34.66264553680507],[126.18439463290065,34.66241333827591],[126.18508853521637,34.660649300649325],[126.18332853419751,34.65615093822949],[126.18471073150772,34.65318136158119],[126.18798943934075,34.65227239746052],[126.18835038437541,34.649947594358096],[126.18501287419006,34.64536395004317],[126.18810397211841,34.64054400196299],[126.19071029083898,34.63916502428276],[126.19328584529225,34.640950798785525],[126.20127171244455,34.64286523035662],[126.20219768149991,34.64035791092001],[126.20258851669108,34.63486824226977],[126.20033589365204,34.634667279292536],[126.19607681690307,34.63212582579914],[126.19077821151949,34.63218382531609],[126.18550878339056,34.62926292997528],[126.18305378545749,34.626733093967424],[126.17783623785041,34.62351569946849],[126.17775663559568,34.62016397166475],[126.17436825478671,34.62088576258168],[126.16952211134505,34.62085281115165],[126.16863816506697,34.61907809183007],[126.16190625983798,34.6160530978601],[126.15433117859915,34.61842105050781],[126.15028548973105,34.61727580802575],[126.14564969392788,34.618732812540316],[126.13832823511441,34.6183088824294],[126.13779078667133,34.615791685878875],[126.13194142436379,34.61472616866053],[126.12936801414268,34.61293911530112],[126.12156694611917,34.615303408981454],[126.12816606380242,34.62009833542663],[126.12610329030463,34.623341637730206],[126.12281234743187,34.625459025243146],[126.11905167118297,34.62934158170992],[126.11630362299131,34.633370280273574],[126.11478879038272,34.63801368840705],[126.11150591115728,34.639293009210554],[126.10998770903667,34.64421557837588],[126.10815807669421,34.64662248480665],[126.10947997891925,34.6495178810411],[126.11138756705823,34.65036960649019],[126.11270865283538,34.653358061356045],[126.1136618062441,34.65913644421721],[126.11743999716015,34.66437681414525],[126.12462121744541,34.66777981715657],[126.13406325374241,34.67073308194767],[126.13641686434919,34.672146117715684],[126.14270985850816,34.674331620719585],[126.14745011743487,34.67399258071406],[126.15084185446689,34.673178505820104],[126.15620803187596,34.67306523326505],[126.15938918145379,34.67076003856232],[126.16311522489656,34.67032027477233],[126.16392144603783,34.6686502301726],[126.17106885444402,34.664371244588004],[126.17445258082695,34.664301147851134]]],[[[126.15063832046974,34.676875736545455],[126.15237017168741,34.677894387809296],[126.15476830675404,34.67453724106388],[126.15063832046974,34.676875736545455]]],[[[126.16701989347173,34.67986111187519],[126.16089396231858,34.680048779610516],[126.16195634097214,34.6851104481035],[126.16028151549385,34.68555839313825],[126.155986715392,34.683575866910004],[126.15399959662507,34.68735281284997],[126.155777470721,34.69046671575494],[126.15950537050645,34.693479162335365],[126.1690719210787,34.69733564160225],[126.17143493004716,34.69769638553669],[126.17703380826102,34.69463284058477],[126.18073886822943,34.70005680515993],[126.18960214244727,34.704825898945316],[126.19150302631024,34.70977805000135],[126.19359138606515,34.70979191239409],[126.1955783887274,34.705899435614704],[126.19754188636252,34.704419066736286],[126.20271161293708,34.70250023102645],[126.20384846605185,34.700095374227956],[126.199984960529,34.696509014983654],[126.19930446852281,34.6948963322486],[126.20129746803748,34.690314554264916],[126.19663166196533,34.68339150215555],[126.18917875621837,34.676909228620815],[126.18489271118369,34.674008802897745],[126.1811477533655,34.67272006322661],[126.17390678551206,34.67313063230758],[126.16701989347173,34.67986111187519]]],[[[126.11243623147362,34.773849856615215],[126.11755154210954,34.777627292648695],[126.12126706856458,34.777314195713544],[126.12396408328195,34.77580358676142],[126.12810686345206,34.768295937330386],[126.13070216802602,34.76259131371664],[126.13837508967093,34.75839572429361],[126.14621552587302,34.75787407689337],[126.15610129176423,34.758963146737415],[126.1629118805662,34.758330182778735],[126.165617791583,34.75579866403844],[126.16913796337195,34.75429267942562],[126.17512343068616,34.75365342054333],[126.17537360261859,34.74923487181376],[126.18039521018066,34.74178838521041],[126.18643980365012,34.735028588978736],[126.19368527294928,34.73184665146838],[126.19248670667615,34.72792846345566],[126.19335907416261,34.72300393942356],[126.19627887951827,34.71945305948518],[126.19017295227243,34.71159206111583],[126.1848405285547,34.70900628301284],[126.17727905911393,34.70266497668896],[126.17586551427941,34.69976522118743],[126.17297267049432,34.70059565210517],[126.1613870754941,34.69915625438843],[126.15420221283111,34.69655636627982],[126.14828003384389,34.69141472206892],[126.14544846084323,34.68629455701512],[126.13554847850111,34.687414697668885],[126.13186191808042,34.68534833481196],[126.12590971033887,34.6832655939403],[126.11994161163032,34.68271254585609],[126.11724577941018,34.68439311814907],[126.11369865853703,34.68861760005065],[126.11199614050685,34.69370549662244],[126.10888046843213,34.69606285376347],[126.1008477604801,34.69583374967532],[126.09419969146496,34.70088474023362],[126.09230401408196,34.704661029059835],[126.09372027147393,34.70705170820474],[126.08959759353617,34.70719093959602],[126.08816838196518,34.705990178594796],[126.08300430027433,34.707141423422776],[126.08159024087645,34.70458062646546],[126.07849219205006,34.705237250434934],[126.07825782536938,34.70778559490546],[126.07392715331582,34.708092740922716],[126.07306311257983,34.71165634182579],[126.06997615954978,34.71129275544412],[126.06918628755436,34.70822657400256],[126.06713926287397,34.707020813612154],[126.06357519682655,34.71243373455673],[126.06764465828934,34.717055208612095],[126.06720384084495,34.719601963828936],[126.06834477916146,34.72811112874367],[126.0695469880557,34.73118048388432],[126.07139425681858,34.73187462881997],[126.06908514794364,34.735597156450446],[126.07106622739232,34.74275264794932],[126.07331653215769,34.74429989592785],[126.07287382238732,34.74701664969819],[126.07758472724753,34.74977258636022],[126.08047643013444,34.74928448924171],[126.08002259995516,34.75302120686874],[126.07670330494851,34.754866149587485],[126.06960035414285,34.76314237641804],[126.06318191420289,34.76547317910336],[126.06314536347762,34.76870303904126],[126.06538083399273,34.771610373196545],[126.06791300833615,34.771986570259],[126.07103463107761,34.76946034416108],[126.07370374135493,34.77050075157175],[126.0803190486731,34.769020928462346],[126.08075975171836,34.7664741348309],[126.08325282928259,34.764792897435086],[126.08673919733764,34.76651920091819],[126.08651800174984,34.76787761355509],[126.07927484878024,34.770203067086435],[126.07553293736841,34.772894791686454],[126.07426149326983,34.77594524419546],[126.07568217886546,34.77799612283006],[126.0812405810572,34.778888311717466],[126.08581869757718,34.77518266263688],[126.09159444060546,34.77505595399833],[126.09679048040454,34.77135450998662],[126.09926673417313,34.77120287540815],[126.10170792251063,34.77428108241042],[126.1068722977908,34.773469108199656],[126.11243623147362,34.773849856615215]]],[[[126.17524724542918,34.76768061419631],[126.17503004958857,34.7622326702354],[126.17252857347269,34.759007465710226],[126.16964517507603,34.757794069062385],[126.1606567786194,34.76079132172623],[126.1506163563562,34.760423140050676],[126.14020793462505,34.76064841441598],[126.13575643533697,34.762332854367635],[126.13061966195724,34.768936415505685],[126.1307661659609,34.77222025915232],[126.12849559961447,34.77339846135573],[126.12620023485124,34.776919076952304],[126.12346289783807,34.77950564270837],[126.11420933991178,34.77906638325995],[126.11264956452511,34.77700706108973],[126.10474819489954,34.77676296605623],[126.09954444804461,34.77765534059996],[126.09362032380982,34.782451529559836],[126.0915531544665,34.78560086483031],[126.08657866404204,34.78612206760417],[126.08451732288113,34.78871281064619],[126.08135553788094,34.788688953739104],[126.08384819475523,34.79221841876607],[126.08691828208471,34.792592144227946],[126.09377597686759,34.78982560823604],[126.09983818392195,34.792556549419984],[126.10663247507901,34.79208443737766],[126.11033935960901,34.79271048315088],[126.11402353296498,34.795048268921796],[126.11631119819916,34.79275207293576],[126.11944668646852,34.79583377886902],[126.1233129131115,34.79832381965666],[126.12606044956276,34.79789595410084],[126.13147841437436,34.799203141841886],[126.13517192756117,34.8009454758036],[126.14547590959428,34.81131436100975],[126.1458234119478,34.81273436770219],[126.1499731352151,34.81422510583744],[126.15290819297614,34.819393586111225],[126.1564911761803,34.823223553298526],[126.16019538447458,34.824069913886206],[126.16556955472406,34.82097340486521],[126.16560647769234,34.81731783150649],[126.16854828481132,34.80729163305404],[126.17027547132221,34.80322674385142],[126.17126025365266,34.79530289851897],[126.16951279466112,34.78902382156519],[126.17449473634905,34.7886847295654],[126.1754378004524,34.78488607478188],[126.17379009819435,34.77766833592462],[126.17481238987675,34.77498936364526],[126.17524724542918,34.76768061419631]]],[[[126.140830953256,34.87811822234547],[126.1399515883559,34.88065333696633],[126.14175125304398,34.88170040575545],[126.14600314136595,34.878894390810444],[126.14530838010653,34.87542984222383],[126.15160812938149,34.87052336004179],[126.15479332588501,34.869167735515965],[126.15715512484941,34.866426265783254],[126.15791610602815,34.862048245174925],[126.14991419915184,34.858766374795536],[126.14392239461333,34.86004539972905],[126.14036498987078,34.86174298577204],[126.13530019090965,34.86230214013056],[126.13349558511669,34.856545082528555],[126.13478387759113,34.852881618170244],[126.14003680399584,34.852187703532174],[126.14446579698377,34.848903891520244],[126.14769463040824,34.84841003151431],[126.15103848125514,34.845434408119964],[126.14926964067448,34.83961003584976],[126.14377395468212,34.8370017539899],[126.14232155868919,34.83532037627261],[126.13956711143295,34.83500147756586],[126.13896837795133,34.83031050888859],[126.14205510257884,34.82776176135027],[126.14186309840049,34.826021088261975],[126.13671089842468,34.82701724168979],[126.13402072490041,34.83118329720086],[126.13031360534299,34.83226830901917],[126.12460067171678,34.83590206656788],[126.1204861670253,34.83308361734038],[126.12067545248892,34.83017328762438],[126.11461334178209,34.8252683305964],[126.1173488177353,34.81693827727365],[126.12110700870794,34.81509163859571],[126.12295874970621,34.81280959612919],[126.12264480984949,34.81044779396277],[126.11839004528846,34.80554672442079],[126.12041242122986,34.80253786528873],[126.11904230420353,34.800302468739076],[126.11437199501643,34.800421999481436],[126.10294459658412,34.797776559495],[126.09388131642964,34.79662079831341],[126.09188564071599,34.799393304284855],[126.0916787884701,34.802008837024026],[126.09561229302577,34.802693359401516],[126.09615831826171,34.80531853684175],[126.09334215364633,34.80770229745039],[126.09059187962134,34.814992785403184],[126.08856128925868,34.816790083079816],[126.0852589043787,34.81651215179513],[126.08077215947927,34.81848379391572],[126.07381656152135,34.822997940998754],[126.07657550062365,34.8273078987661],[126.07102810881015,34.83443222176423],[126.06748493747332,34.837437602757774],[126.06129855276647,34.84388230712998],[126.05837046659074,34.84959376486328],[126.06562107599868,34.85003617795223],[126.07188266299055,34.85149532286576],[126.07531718323501,34.85121752702954],[126.07959335536792,34.854835530172416],[126.08112248781343,34.85803678427799],[126.08672047456822,34.86086924230473],[126.09223595110343,34.85535644992574],[126.10222527198032,34.85152504289118],[126.10554145967355,34.85152329841958],[126.10827613835644,34.85013931774785],[126.1148965798074,34.85070629747098],[126.11649789262022,34.85188483520156],[126.12002832603348,34.857601326910114],[126.11613064342602,34.85820100871643],[126.11026588279661,34.86481031142278],[126.10902745192008,34.868376463652794],[126.11103570017539,34.87095772060429],[126.11237657086839,34.87477106107601],[126.10846255679331,34.877056759815204],[126.10909001409686,34.88024463313446],[126.11465682445011,34.88311577247967],[126.1157912094031,34.88217297809498],[126.11766439262058,34.88262541199322],[126.12426405717943,34.87921505597948],[126.12784527718398,34.88058333344271],[126.1309991536901,34.88041924475637],[126.13356088273491,34.87662883055476],[126.13788644851012,34.87520865340683],[126.140830953256,34.87811822234547]]],[[[126.16735862177913,34.874977029724754],[126.16498997634113,34.881340327053316],[126.16477238593508,34.88455392841272],[126.16898689150558,34.8842900254952],[126.16965745505402,34.87732012591752],[126.16885387498398,34.875106019582724],[126.16735862177913,34.874977029724754]]],[[[126.11640839538644,34.88679580231123],[126.12077347384671,34.88885757222474],[126.1241188676566,34.88704934007388],[126.11986848548759,34.88495632660206],[126.11713894027797,34.88442368034728],[126.11640839538644,34.88679580231123]]],[[[126.10683276024731,34.88900479981381],[126.11175978590948,34.88656091472418],[126.11081659572754,34.884909692917525],[126.10629014892228,34.884424346951334],[126.10488665206195,34.88498861751455],[126.10683276024731,34.88900479981381]]],[[[126.17714391359407,34.88066820682623],[126.17529496984217,34.8855770475284],[126.17288022034239,34.888328319867405],[126.17702384962132,34.88866271642944],[126.18019658560345,34.89242273819978],[126.17502622935524,34.90058408694082],[126.17842158749352,34.90330028299483],[126.18130935638973,34.901209382305666],[126.18007538038195,34.89951432318463],[126.18838866348094,34.89652620712437],[126.18980132481428,34.89480840219641],[126.18901107949216,34.889767924491274],[126.18463161470382,34.8873696574354],[126.17714391359407,34.88066820682623]]],[[[126.16764545304545,34.89845742827005],[126.16928502178908,34.90018198575254],[126.17116800433156,34.89930298423719],[126.1718158494971,34.895897243430326],[126.16764545304545,34.89845742827005]]],[[[126.17117480290877,34.92073234049714],[126.17291334577658,34.91828883126214],[126.16918784161207,34.91633043272033],[126.16605119938949,34.91892099370701],[126.1655655624634,34.92299253532316],[126.16804597550191,34.922539382431616],[126.17117480290877,34.92073234049714]]],[[[126.17193796685724,34.926902086456536],[126.17706899471084,34.92803408675571],[126.17696502189855,34.925734755141555],[126.1748239697608,34.923996206154825],[126.17064277332135,34.92313183178873],[126.17193796685724,34.926902086456536]]],[[[126.17661677140299,34.92881466312634],[126.17503180529017,34.92859491049359],[126.17175841524802,34.93212506065734],[126.17302025682389,34.93291729264718],[126.17658017219944,34.93247135076633],[126.17661677140299,34.92881466312634]]],[[[126.17897349488263,34.996639648607335],[126.17727535163152,34.99342714026473],[126.18320561142124,34.9936405140046],[126.1864585715668,34.98964842964113],[126.18766371765027,34.986506324596334],[126.18737849834773,34.97892731655823],[126.18786599842143,34.977004293017025],[126.18540078107715,34.973648835833835],[126.18313021945848,34.966442031694775],[126.17856970484173,34.954082882],[126.17459230016729,34.945965401878425],[126.16942590782652,34.947471179444854],[126.16978735590563,34.94259367542163],[126.16061933267233,34.93854952871889],[126.1579727054442,34.937889089950815],[126.14466939619409,34.941391769176285],[126.14026839663673,34.94431430597602],[126.14070712078465,34.947142657467715],[126.13619680887629,34.94556958776322],[126.128715689786,34.94448870668095],[126.12608822690008,34.942029833531485],[126.12401683913812,34.945995893238155],[126.12349657544036,34.950872088213195],[126.12610374031591,34.955257184146355],[126.13041888574824,34.96055341163747],[126.1322393404947,34.96557480526126],[126.13518537897276,34.96752214347741],[126.13562350440431,34.970401012206246],[126.13507939449742,34.977588621731705],[126.13329268715185,34.98412522978272],[126.1332357523853,34.98951842849088],[126.13622830837902,34.99729910446084],[126.13320545712585,35.00140331409549],[126.12794486311944,34.999603510021394],[126.12250701260912,34.99973617098053],[126.12227279028308,34.9971988446228],[126.11580920203312,34.995518765924025],[126.11207874492595,34.997296493649955],[126.10727714418965,34.99661659028805],[126.1076173748522,34.994169420454995],[126.1045708142981,34.994103980536856],[126.10421500750638,34.997969246214076],[126.10089529551327,35.000394335309856],[126.0971385192188,34.99976473490548],[126.09777136186996,35.002820000045084],[126.10024878451163,35.007970124541465],[126.10342119393731,35.00611368802011],[126.10763020228178,35.005535055870716],[126.10747841813627,35.00812518964475],[126.10986496741239,35.0103275395743],[126.1125958346178,35.00928057048946],[126.11523197192142,35.01128140314611],[126.11278227839234,35.01490090012276],[126.11533431600428,35.018984280846226],[126.12037709472942,35.0214090191394],[126.1265003472349,35.02688988301896],[126.13257918428148,35.02728922303876],[126.14477131275855,35.02600404615749],[126.15416306605245,35.026476455982916],[126.16004599893573,35.0255011989952],[126.16523592942136,35.02274256377615],[126.17194025705082,35.01384614494082],[126.17890995149762,35.002990392330666],[126.1819330208044,34.99732019126798],[126.17897349488263,34.996639648607335]]],[[[126.10404601806991,35.01347310583493],[126.10206048240559,35.00985247120596],[126.09980368133377,35.01196397314609],[126.10074713034017,35.01507451334442],[126.10404601806991,35.01347310583493]]],[[[126.11276808036622,35.019967590161244],[126.10975147658299,35.01615668650242],[126.10724305147548,35.019646017223245],[126.11062184881379,35.02132290150576],[126.11276808036622,35.019967590161244]]],[[[126.11137032775727,35.02442286352724],[126.10837902440215,35.023672495657244],[126.10504576250332,35.02574029098056],[126.11107789389095,35.02829160691503],[126.11331256498364,35.02783372151728],[126.11137032775727,35.02442286352724]]],[[[126.18573959223922,35.04244363591742],[126.18866059438234,35.041793857211225],[126.19335086922392,35.044516967029615],[126.1967906114341,35.04260941822034],[126.20110974468894,35.03838787892224],[126.20003218754707,35.03207245322012],[126.1960463527632,35.030233203590505],[126.19518300697551,35.02801089545036],[126.19710829083407,35.01933577977033],[126.19565983683472,35.01013983456052],[126.19106768582077,35.00716432348915],[126.19004539057615,35.007637958467654],[126.19005991036954,35.01397197958783],[126.19263677516227,35.01479576422214],[126.19334464956586,35.01694079197402],[126.19059198373792,35.01896910398088],[126.18408075708597,35.02126165911536],[126.18511892441107,35.02374959490355],[126.18256211871353,35.027167465770866],[126.17558785386336,35.026335068315],[126.17054396303354,35.027039144003716],[126.1694585463716,35.024658552688145],[126.16624431821671,35.02819191632263],[126.16778202321107,35.03271809523863],[126.16364832134677,35.03543192061766],[126.16273327773249,35.03305283415774],[126.16025156863826,35.03238693814344],[126.15699648804578,35.03339048573903],[126.1486225269437,35.03361204721343],[126.14613155945543,35.03815048073765],[126.13964547844836,35.04217056184375],[126.13815721371854,35.040872213272074],[126.13393662551402,35.04165139487788],[126.13781182400787,35.0452743104929],[126.13670681417179,35.04725310881452],[126.12653799215114,35.04775388943461],[126.1288251407609,35.05142031520644],[126.13353464083131,35.0517250860453],[126.13540082240549,35.05546661601411],[126.13796297576853,35.057682725694875],[126.14047171781455,35.05518241194352],[126.14278534975215,35.05620168352009],[126.14411932982107,35.058865155821934],[126.15209661481921,35.05762518128795],[126.15520307122493,35.056141756009815],[126.1572546895699,35.054969698535466],[126.1662813430437,35.05632267487312],[126.16972700090292,35.055790655456676],[126.17558516598089,35.05204939306751],[126.18079341072205,35.05137658575864],[126.18062661484292,35.04761346033001],[126.18573959223922,35.04244363591742]]],[[[126.13281901026838,35.039339004646386],[126.12615055391952,35.03726075777449],[126.12587369084623,35.03978714334945],[126.1322114210338,35.04209890244052],[126.13281901026838,35.039339004646386]]],[[[126.15463308632357,35.062074586110505],[126.1536596725758,35.06011980204381],[126.14877572884559,35.064485432963394],[126.1507371883434,35.065375437224155],[126.15463308632357,35.062074586110505]]],[[[126.13285102505832,35.07234879874722],[126.13262230569003,35.07006374196131],[126.12893832570882,35.07166626017335],[126.13092263521274,35.07466304057032],[126.13285102505832,35.07234879874722]]],[[[126.14505002039398,35.07854042723867],[126.14780577358651,35.07851468912027],[126.15038548526907,35.07459985621364],[126.14964375049088,35.072668200643484],[126.14573632731582,35.07570582711475],[126.14505002039398,35.07854042723867]]],[[[126.15776919464454,35.07742864417209],[126.15527301529295,35.0752290748405],[126.15349105247832,35.07708516555334],[126.15465418461677,35.08041072299087],[126.15776919464454,35.07742864417209]]],[[[126.13008270217638,35.082885900503214],[126.12948641318586,35.08533115124849],[126.13156603680213,35.08677772911734],[126.1327871789737,35.09222724930618],[126.13420106276246,35.09328345380996],[126.14037441849054,35.09246178024668],[126.14426870023641,35.09337255704152],[126.1465859759819,35.091292552870016],[126.14759989748171,35.08741030049493],[126.14694911957999,35.08371792192765],[126.14396968142734,35.082050579842885],[126.13712875199629,35.08457842601504],[126.1349761893889,35.08256638472052],[126.13008270217638,35.082885900503214]]],[[[126.17311027925008,35.129531862538656],[126.17049238323814,35.128123423304594],[126.16608430947645,35.128776360733504],[126.16945927278653,35.1316081452664],[126.17311027925008,35.129531862538656]]],[[[126.19629028965853,34.57384840229318],[126.19517996617662,34.57348702843386],[126.19111428296816,34.57304256005902],[126.18766654696527,34.576322252932705],[126.19260549499965,34.57914716729066],[126.19479512495366,34.58246236779067],[126.19996096659251,34.58223604625321],[126.20023200542045,34.57982079155807],[126.19629028965853,34.57384840229318]]],[[[126.20744287354032,34.62009284922537],[126.19847972393494,34.620581380390796],[126.19636531076277,34.62414721395181],[126.19379342325608,34.624941280905205],[126.19306237939158,34.627189351243565],[126.19698429337242,34.62784608480418],[126.19987845452545,34.626731566681045],[126.20238933734906,34.62540877251601],[126.21509983634705,34.626119235013114],[126.21538888354648,34.623256149198724],[126.21389287177244,34.62053775154668],[126.21549707419888,34.617523311016726],[126.21158162508368,34.61758725827216],[126.20744287354032,34.62009284922537]]],[[[126.35071227449558,34.80831696328101],[126.3498744228384,34.806293943373596],[126.34660678987615,34.80720842818138],[126.34765296466118,34.810507713551004],[126.35071227449558,34.80831696328101]]],[[[126.33417075140666,34.815035777523015],[126.3373237836915,34.814832705294364],[126.34178883203317,34.811156158557154],[126.33862788521243,34.8098154966373],[126.33454934555333,34.81266723894898],[126.33417075140666,34.815035777523015]]],[[[126.30961054845484,34.84242721619926],[126.30607049013263,34.8378071466138],[126.30312098466821,34.84101621293624],[126.30650847731387,34.843259462200756],[126.30961054845484,34.84242721619926]]],[[[126.21488546548625,34.84975204906463],[126.21518112107488,34.851440519982404],[126.21932258914836,34.85244884920055],[126.22352298721442,34.85035284970148],[126.22128106973844,34.84776601363026],[126.21917688870617,34.84737417650898],[126.21488546548625,34.84975204906463]]],[[[126.3693146186964,34.867855051898964],[126.37254979840777,34.86714826725784],[126.37276159486721,34.86556170795643],[126.37014335238506,34.86248832231648],[126.36915484768397,34.86286662100375],[126.3693146186964,34.867855051898964]]],[[[126.3192000712302,34.9131625291586],[126.32553933137123,34.91156069575499],[126.33032052711096,34.90965195661754],[126.3356126050501,34.90920461848017],[126.33837723477521,34.907961557316845],[126.33839379211436,34.90510031367856],[126.34059931343563,34.90164834821475],[126.34352952099788,34.899758421183584],[126.35037883554581,34.89881066091179],[126.35175728695184,34.89796218259339],[126.35159655237442,34.89115426112819],[126.34860260260521,34.88761776879116],[126.34838489810394,34.892110241515894],[126.34703902098123,34.89372292722088],[126.34300986876171,34.8945041020991],[126.33950770919722,34.892635754346344],[126.33678900840486,34.8930355964052],[126.33663239511252,34.88826495171294],[126.33128584732167,34.890570190725825],[126.32541638948594,34.89022005987186],[126.32606977609952,34.88377168061182],[126.3237633182161,34.881625488071016],[126.31951744819254,34.88367234674058],[126.3171230118309,34.882968694865525],[126.31304144482448,34.87899269056708],[126.31442829397666,34.877149559959854],[126.32030290085861,34.87621005550042],[126.32165299830706,34.874178372755715],[126.32080000311909,34.87136266856402],[126.32113213935206,34.86803901128469],[126.31751222651985,34.868175564300834],[126.31536008509383,34.865873231365455],[126.32103552003178,34.86219374809189],[126.32599439429771,34.861311582319566],[126.33261553782728,34.862101111662284],[126.33614153955274,34.86412831808242],[126.34162510069267,34.8643150627184],[126.34827774220842,34.86309604430231],[126.35432128735503,34.8647283653562],[126.35661228481503,34.864018979045674],[126.36272664557124,34.856521733380774],[126.36786074365492,34.8575211516277],[126.36909573434666,34.85540684547244],[126.36747661234514,34.852982677590575],[126.36879379021183,34.850071855693685],[126.37148013819187,34.84738770557408],[126.37113941248421,34.84212789150322],[126.36794101504212,34.84207992196483],[126.36563434784148,34.83996588804585],[126.36554882509988,34.8362320397542],[126.371974170649,34.83752038200118],[126.37337890735205,34.83305391942856],[126.3709876013686,34.83206898166566],[126.36805130733705,34.832649810610896],[126.36577599525738,34.831445755359915],[126.36526852941492,34.82811755509179],[126.36736900589896,34.82728144923488],[126.36762226876407,34.82404196455043],[126.36123684194489,34.8226594972377],[126.36034818773247,34.81942338766723],[126.35694156179889,34.8168955396066],[126.35756845977753,34.81460862085025],[126.35113354636208,34.814794023047575],[126.34730756736067,34.81433429407823],[126.34702720630233,34.81608966881832],[126.34392684899262,34.818206342343686],[126.33815638205307,34.816198511761336],[126.33161896353027,34.818681929595456],[126.3274838602935,34.82157679912325],[126.32658780540605,34.824081669019165],[126.32821564427702,34.825220117496],[126.33358794197197,34.824972001640994],[126.33598866626623,34.82678995996758],[126.33465175956617,34.83012235044056],[126.33743002973823,34.83389214474523],[126.34357867528016,34.83298098403342],[126.34579081965657,34.83540492702371],[126.34432973372277,34.84151307160107],[126.34178430296329,34.842359502451416],[126.3393289202758,34.8386016530378],[126.33645449938281,34.83963173992822],[126.33584085638459,34.84210785679896],[126.33694840140879,34.84440784836918],[126.33429579023493,34.84836720573283],[126.32864279617597,34.851119152240564],[126.32057896494848,34.850473134203476],[126.31612989132438,34.84630102722616],[126.31255088618175,34.85328120232274],[126.30222852738386,34.85398464503504],[126.2955616163666,34.85142416702324],[126.29394244176935,34.85184612750776],[126.2915340844467,34.85496415762201],[126.27917570874328,34.855786290674736],[126.2754902215585,34.85516774883894],[126.27232940796665,34.84776242897159],[126.26856853032308,34.844951408987825],[126.26556542468046,34.8415166266134],[126.2622191380143,34.84013654242151],[126.25657924030416,34.840805436359936],[126.25506747556094,34.84015271583991],[126.24764194321959,34.84412374034406],[126.24717352529886,34.844992725613075],[126.23989707563172,34.84792671348036],[126.23097969514046,34.84861158708401],[126.2265865926545,34.84746779133885],[126.22891326339365,34.85283410789416],[126.22823293708791,34.85487129862793],[126.23044017459205,34.857570564495305],[126.23289537077785,34.86476098637611],[126.23617319771574,34.86387757542401],[126.23767009046158,34.86111131311123],[126.24339009411412,34.85874263971763],[126.25092243129387,34.85888554349129],[126.25661037581366,34.858458850622505],[126.26417374238983,34.859312838520154],[126.26781639846666,34.86725219713934],[126.26817456551765,34.87163234504307],[126.27153994335387,34.87140253522199],[126.27394927744889,34.864095949423294],[126.27816847260755,34.86500594154468],[126.28160232226162,34.86759980466482],[126.28099056397262,34.87110288775423],[126.27820567943468,34.87324039202591],[126.2787227462861,34.87811170432019],[126.28105434038034,34.88229973402005],[126.28118329577337,34.887260948637675],[126.28524027806868,34.88744447512355],[126.28891385395464,34.885404246392206],[126.28937058493925,34.882375304812165],[126.29259853612717,34.88129499497427],[126.29701140033211,34.8825433694177],[126.30367839745178,34.88721783561039],[126.30310197252999,34.89045528517832],[126.29885807489971,34.89525833841144],[126.29545638187915,34.899980108347286],[126.29516991141375,34.901496897761945],[126.29105822830341,34.90133110060166],[126.28446863447317,34.90703292034837],[126.280612022692,34.9096862064732],[126.28173779665781,34.912718238774715],[126.28709549759928,34.916542842601885],[126.29094223377285,34.917549323398525],[126.29641337876048,34.921998535064624],[126.30009452342208,34.921508074273675],[126.30344339782157,34.91923334681094],[126.30622499719257,34.91734438871335],[126.30575439969141,34.91340658491188],[126.31149660369367,34.90891130388489],[126.31798028822828,34.9064333274977],[126.32114262717154,34.90766867471756],[126.32110063948141,34.91016185138916],[126.3192000712302,34.9131625291586]]],[[[126.35939024907711,34.8725852963576],[126.3624688205479,34.87526116304638],[126.3675423827524,34.87745939663639],[126.36999861648647,34.87777142343519],[126.37446265009007,34.87672734059416],[126.37789759216473,34.87869631388557],[126.37899219123979,34.877017848965956],[126.37743263425392,34.87488986555323],[126.37322731740822,34.8727029612153],[126.36724168791521,34.86621382961282],[126.36192632477761,34.864728270560974],[126.35797434643258,34.86479728843136],[126.35708985565452,34.866758317925175],[126.35939024907711,34.8725852963576]]],[[[126.34677964618005,34.88133973738258],[126.34948879745589,34.88032509489163],[126.3484169715488,34.87587924487427],[126.34677964618005,34.88133973738258]]],[[[126.35237514344526,34.90961013987132],[126.35616002824972,34.90682794904196],[126.35370251647879,34.90205059767845],[126.35148336015106,34.90052140478105],[126.34386178429801,34.90606001359645],[126.34505935418335,34.90966805766034],[126.35079625307085,34.91049815108756],[126.35237514344526,34.90961013987132]]],[[[126.25227118095128,34.915921885714006],[126.24988985940473,34.91478468550512],[126.24852956271405,34.91757126060166],[126.23965451456377,34.91487930478344],[126.23809987457344,34.910286474960216],[126.23468919166453,34.90939418650463],[126.22657539468119,34.9131275267663],[126.22249635046457,34.9158589163664],[126.21998937592178,34.919055570283376],[126.2194713284298,34.92407912980539],[126.2239020162069,34.93073036561693],[126.22695699213389,34.93723361357832],[126.22986551581359,34.93768028045444],[126.23414320257396,34.93652481995118],[126.23859201109575,34.93299026553045],[126.24321313433056,34.93511440866476],[126.25206612750348,34.93497793652988],[126.25386777430627,34.93296329013824],[126.25411347942936,34.93044897171028],[126.25218086684443,34.92761203233607],[126.25141876109933,34.92037958815935],[126.25227118095128,34.915921885714006]]],[[[126.27811253409212,34.92953295729828],[126.2759956693256,34.926459368332374],[126.27429160022017,34.9282703014407],[126.27544595187797,34.930538672203944],[126.27811253409212,34.92953295729828]]],[[[126.25075491429106,34.94313995910544],[126.2506335056097,34.94895214673294],[126.25255370286293,34.95144461267601],[126.2544182946933,34.9494360795597],[126.25596832641027,34.94535528262277],[126.25350423707887,34.94253125133763],[126.25075491429106,34.94313995910544]]],[[[126.22680065658298,34.96511642236945],[126.22225749785827,34.96195287365651],[126.21640749460923,34.95201013006483],[126.21361137538486,34.94158546660841],[126.2127450780559,34.93656460394039],[126.21445183868255,34.93336718080321],[126.21096299797638,34.93171458516215],[126.20796396471918,34.926679790178994],[126.2037295457137,34.92339217008773],[126.20162705810162,34.920243842831795],[126.20119313149387,34.91785873431132],[126.1981719982507,34.91520581432842],[126.19467198701241,34.91480649331047],[126.18838798436083,34.91865142679557],[126.18774520749206,34.92203238943626],[126.19292377392073,34.922192335677465],[126.191164155736,34.930706502058825],[126.1902351649645,34.93220487691932],[126.19047573694758,34.93872625984109],[126.1879646563951,34.946106913445504],[126.1934563551565,34.95914938840151],[126.19479709470275,34.964281190546686],[126.19781499549961,34.96743570000737],[126.19899042903793,34.971957137909534],[126.20019652410856,34.97334428297557],[126.2009172540599,34.97761196508048],[126.20406403649781,34.98327474913901],[126.20708660354174,34.98605292108884],[126.21470751803908,34.98635329088164],[126.21914456080236,34.98475202626924],[126.2269084389645,34.9860555979864],[126.22920838611778,34.98469105386498],[126.23062522123543,34.979935617809616],[126.22732900121844,34.97377102721369],[126.22753804602168,34.967754118514144],[126.22680065658298,34.96511642236945]]],[[[126.23365961506585,34.94993846300165],[126.23021410054514,34.95086178296403],[126.23269793421994,34.95512188424914],[126.23703973931099,34.954264559830115],[126.2380193067582,34.95747090268135],[126.24120456219858,34.95584536985113],[126.24710114829654,34.95449159968371],[126.2487600023335,34.95262066949457],[126.24767500498854,34.947045288345876],[126.24390305585392,34.94461470558494],[126.240627953447,34.94394877784572],[126.23478673469687,34.94546425034911],[126.23365961506585,34.94993846300165]]],[[[126.29301847942142,34.95212115787751],[126.2950254570217,34.94974388730791],[126.29581772481929,34.9449098895559],[126.29784110176357,34.940704410227646],[126.30050794752225,34.93800242341204],[126.29763007449928,34.93557957256051],[126.29818779478745,34.933428761315675],[126.2930759281873,34.93372867413504],[126.28645912864155,34.936676188942],[126.28523271294507,34.93385302467941],[126.28121415686452,34.934558936349326],[126.28135844810963,34.93677044398718],[126.28378840603065,34.939567084130154],[126.28636220301333,34.94010660915792],[126.28700365678857,34.94244054371316],[126.2796002368554,34.9486940941457],[126.27653737767622,34.94786799581656],[126.27239002544349,34.954905137925145],[126.2696369941009,34.95761026749072],[126.26612610547494,34.95618702854934],[126.26473290736894,34.95296748498593],[126.26236791674746,34.952025401710486],[126.25878524867439,34.956551830491016],[126.25767784550037,34.96217935239249],[126.263724715182,34.96202051468679],[126.2647193285421,34.963833739839835],[126.26287938237832,34.96684831845508],[126.26341757627713,34.96869396032184],[126.27451121841564,34.969375053476334],[126.27904056203305,34.96740536452907],[126.28009536074582,34.96519403277957],[126.2826358183766,34.96382688178316],[126.2864104581444,34.963832021875696],[126.28880324338307,34.962631389520745],[126.2904338279074,34.95748277984134],[126.29301847942142,34.95212115787751]]],[[[126.23398497137276,34.98173370027851],[126.23678974387788,34.9798770833077],[126.23613888532394,34.975898951932926],[126.23447042622766,34.97228845582505],[126.23301378459777,34.97549694439548],[126.23398497137276,34.98173370027851]]],[[[126.27025481341879,34.99009611390533],[126.26823595228767,34.98860884405437],[126.26760816370451,34.98619112386163],[126.27104091410932,34.98117952091469],[126.27074849726081,34.97616619806112],[126.2676567402481,34.97544393304423],[126.26057909676761,34.975733537406896],[126.25457582738342,34.97309030837547],[126.25107581343407,34.9740640771515],[126.24928861443505,34.972852989612335],[126.24458461801538,34.97518734577931],[126.24561244423057,34.978820740940385],[126.24949273240051,34.98051282192689],[126.25092650520212,34.99181236082821],[126.2504776142927,34.996047571445466],[126.25180713738986,34.997288225914104],[126.25180196658273,35.0004336214758],[126.24828493639501,35.00727934909948],[126.25192485022805,35.0061318483394],[126.25621553150503,35.005804578504744],[126.25968830296208,35.00641886389348],[126.2619617064169,35.0056361820839],[126.26553286002445,35.00083354977815],[126.26532668598809,34.994582634853856],[126.2702277879962,34.99389956304843],[126.27025481341879,34.99009611390533]]],[[[126.19005669740318,34.99409540897973],[126.18780278651988,35.00202947462283],[126.19076399075632,35.00300675074604],[126.19586739670449,34.99650946157936],[126.1932588436226,34.99380025415346],[126.19106864892116,34.99328757494282],[126.19005669740318,34.99409540897973]]],[[[126.22636148052922,34.99622735102123],[126.22717049702987,35.000981609523826],[126.23022911597445,35.002329067056756],[126.23286070182903,35.00104812852687],[126.23365762680514,34.99756139726232],[126.23244651160765,34.99561831059426],[126.22636148052922,34.99622735102123]]],[[[126.19851531809411,35.011622609008654],[126.20065043983541,35.00930620617634],[126.20139107958293,35.00612269669389],[126.19669868434676,35.005617458402604],[126.19565468306918,35.00805946215357],[126.19851531809411,35.011622609008654]]],[[[126.21064986206495,35.03106399804508],[126.21374537042698,35.031947140725755],[126.21499909042906,35.027887562842615],[126.21064986206495,35.03106399804508]]],[[[126.22120170562552,35.03776195607651],[126.22121325533983,35.03331608694275],[126.21896885098693,35.03437235617558],[126.21750144780076,35.03782925406375],[126.22120170562552,35.03776195607651]]],[[[126.2591004716581,35.067603160530034],[126.26216095805164,35.060131422203916],[126.26214681407836,35.053694542021],[126.26010974738512,35.05323293080039],[126.26060460866762,35.05005270126405],[126.2642253931447,35.04242442395834],[126.26781399526178,35.04012147757766],[126.2741950060294,35.03766402289491],[126.27407943191888,35.033938479862535],[126.26905388742718,35.03097721623835],[126.26581699128806,35.02741597012566],[126.26725402785084,35.024554690754215],[126.26341452298514,35.02012443576976],[126.26053966227235,35.01943354222903],[126.25850922082132,35.015407593703664],[126.25592189792566,35.0126821262118],[126.2502114844351,35.011730970484635],[126.24825474194257,35.014527771656965],[126.24498963289908,35.0222624885694],[126.24390554496235,35.02707838046601],[126.24286134491307,35.027500640603705],[126.23971982420771,35.02180210089079],[126.24145309057067,35.01912617307835],[126.23292909560436,35.01717954821594],[126.22884058465065,35.01751995754447],[126.22711156058438,35.01970721890191],[126.2266307753937,35.023429009260894],[126.23055783589287,35.0244920816832],[126.23090128176257,35.02704319669155],[126.2282482926095,35.02772623108436],[126.22901386417686,35.03196848231406],[126.23059265709404,35.03540246353511],[126.22762089707292,35.03813212950686],[126.23254051966605,35.04367951211872],[126.23518234725425,35.04424480423068],[126.23268288418896,35.053062474347826],[126.22943148620621,35.05359203155373],[126.22839975893449,35.05541947880679],[126.22261045388548,35.057809977782064],[126.21988115653127,35.05675870748149],[126.21344809266596,35.05600015506237],[126.21102544165001,35.05683472555606],[126.2072033977821,35.05465896494395],[126.20744883692007,35.05232602731519],[126.21002529094964,35.04541555954719],[126.2098941615389,35.0406294111419],[126.20624041571939,35.039451377745685],[126.2041218165655,35.04033388340579],[126.2038178759387,35.04281680691248],[126.19921630509243,35.05157571791873],[126.19645259086923,35.052098962221535],[126.19412112714713,35.05624011236142],[126.20211120220655,35.05866543671808],[126.20082339336888,35.06183995223388],[126.1988037600808,35.062935590551724],[126.18760584909617,35.058946005686266],[126.18243821743377,35.057802228612836],[126.18196218249436,35.061465137773624],[126.18013941082813,35.066386497560316],[126.17703524296005,35.06697151760797],[126.1724068097734,35.063690372909825],[126.16956327816195,35.0664381966734],[126.16650017014453,35.071304458584564],[126.16510679431786,35.06725864290007],[126.16109190121114,35.066947196971945],[126.15986068030993,35.07221281894668],[126.16323344462043,35.073946037053126],[126.1629370501413,35.076832523232106],[126.16557022235591,35.083467253712726],[126.16455807345694,35.084545754993655],[126.15837322047274,35.0872474803633],[126.15704110933072,35.08972889309334],[126.15871001684654,35.09660190150261],[126.15993830158693,35.09887186175734],[126.1647323170092,35.101337891943224],[126.16742259005795,35.10412159394712],[126.17294965223167,35.10632352431512],[126.17554926957371,35.10426634668829],[126.17902483111968,35.104771034620875],[126.18024412362769,35.10802564728979],[126.18297022668317,35.109950298356615],[126.19030748333783,35.11278794582415],[126.20404497916668,35.106456804989335],[126.20981659451286,35.10320476927423],[126.21160435567583,35.10515386661079],[126.21670066959476,35.10683000522442],[126.2248359593247,35.10451112030753],[126.23262396681544,35.098541930661476],[126.23561121755418,35.101434579935784],[126.23774929221429,35.10118325661025],[126.24767630607303,35.09710753932218],[126.24913215762781,35.09333759959807],[126.24788596666806,35.08878376725764],[126.24502527488576,35.084868481972144],[126.24422999565137,35.07823917557284],[126.24611096719151,35.07549566240076],[126.2529937010508,35.07207958184386],[126.2591004716581,35.067603160530034]]],[[[126.20994818872934,35.113232534260696],[126.20746381194857,35.11113625644127],[126.20299812243739,35.111008497127365],[126.19962478658567,35.11480821666443],[126.20004461189916,35.11713079523862],[126.204904656342,35.12167050938982],[126.2068597893635,35.11850910515407],[126.21039765881811,35.11519513149675],[126.20994818872934,35.113232534260696]]],[[[126.18991112067609,35.119192138016246],[126.19160437577088,35.12074566278875],[126.19365825488764,35.117276183994406],[126.18991112067609,35.119192138016246]]],[[[126.20386737365226,35.1233659192452],[126.20033124071036,35.12725175557742],[126.20349147166647,35.12932334630151],[126.20938862078653,35.126726764011615],[126.20837715386473,35.1226223114185],[126.207005112031,35.122169366286506],[126.20386737365226,35.1233659192452]]],[[[126.1853509432266,35.13555201874082],[126.18484017358584,35.13859201826629],[126.18246723085797,35.141417274303144],[126.1833508425384,35.142772360351515],[126.18839676101726,35.14429978571454],[126.19663335484259,35.14762452142669],[126.20090047651435,35.14798629004825],[126.20397411630087,35.14461736470067],[126.20247856892604,35.1386741979046],[126.20104141188595,35.13699061410639],[126.19600864824335,35.13856538601837],[126.19257582712851,35.13605257486901],[126.19118687864294,35.13172708105814],[126.18147828728583,35.130317051171986],[126.1818884252867,35.13390962577287],[126.1853509432266,35.13555201874082]]]]}}]}
