{"type":"FeatureCollection","geometryVersion":"admdongkor-20260701-simplified","features":[{"type":"Feature","properties":{"regionCode":"11","name":"서울특별시"},"geometry":{"type":"MultiPolygon","coordinates":[[[[126.97688884274817,37.575650779448786],[126.9770344988775,37.56919453005456],[126.97597472821249,37.56933629942578],[126.97537470991254,37.56931556702156]]],[[[126.98268938649305,37.5950655194224],[126.98337258456999,37.59435192551688],[126.98386809792802,37.59385046812643],[126.9840115836973,37.59375538189762]]],[[[126.97585113775686,37.5965642222441],[126.97358726355343,37.593289023280704],[126.97193752649407,37.59388578222589],[126.97154760196382,37.593701308790735]]],[[[126.97507466788086,37.63138628651299],[126.98268938649305,37.5950655194224],[126.94998323286886,37.60970523279792],[126.97507466788086,37.63138628651299]]],[[[126.96067353273895,37.58079784202974],[126.96281041047263,37.57944880965677],[126.96284099051198,37.57666158609274],[126.96178383085044,37.57513908653102]]],[[[126.96904837001854,37.56819441770833],[126.96801027119919,37.567182514221514],[126.96792521742005,37.56709695369099],[126.96733567672948,37.56650376640693]]],[[[126.98913590308945,37.59130668631862],[126.98830836760723,37.587469119033116],[126.98803085507372,37.58554745777863],[126.98885909648946,37.585495326154245]]],[[[126.99649978451932,37.581022567729896],[126.99641172469615,37.580645880422686],[126.99660663904614,37.579345394336194],[126.99675796489285,37.57842216031989]]],[[[127.01016044839562,37.57156810157083],[127.00958523216921,37.569783784930834],[127.00668360999161,37.56964776113221],[127.00162224915923,37.56959157448218]]],[[[127.00733253963132,37.58320333921622],[127.00884131783923,37.5804526387349],[127.00861398800204,37.57670881432088],[127.00783306341832,37.57663511179821]]],[[[127.01572604080032,37.572983762654744],[127.01881853651845,37.57098451977709],[127.0175133756155,37.57029101296999],[127.0172783400352,37.5702024312381]]],[[[127.0104800653117,37.5803354811576],[127.0111095046239,37.57891061096566],[127.0117318091938,37.57618210635931],[127.01264929372097,37.57538134668362]]],[[[127.01495049647713,37.58213073135636],[127.01495096159073,37.58141191900284],[127.01547769446634,37.57681045639643],[127.01264929372097,37.57538134668362]]],[[[127.01875166365707,37.577526900275195],[127.01911371667646,37.575161214678275],[127.0191680508145,37.5747456897067],[127.01887510795649,37.573963704244676]]],[[[127.02316787780416,37.57804158355124],[127.02336812399952,37.57173985489921],[127.01881853651845,37.57098451977709],[127.01572604080032,37.572983762654744]]],[[[126.97358726355343,37.593289023280704],[126.97363965976345,37.59259411899389],[126.97569334351333,37.58968403424009],[126.97615022517256,37.589545227974334]]],[[[127.00419481761703,37.587950483032536],[127.00418619613941,37.5877701085134],[127.00418355846003,37.58771354437431],[127.00416388991867,37.58729006506222]]],[[[126.98108737734889,37.56180104199569],[126.98050124037191,37.56151683916289],[126.98030881374004,37.56142591791701],[126.97407477304803,37.55982652702356]]],[[[126.98536412773345,37.5542383883403],[126.98542709369815,37.553744426992886],[126.98487525605842,37.553304439191265],[126.98446914066939,37.55309310303041]]],[[[126.9770344988775,37.56919453005456],[126.97758408247257,37.56924090399486],[126.97780271779051,37.569249758081796],[126.98269213866654,37.56889046468609]]],[[[126.9934719028237,37.56300289844828],[126.99338687771632,37.56270515371175],[126.9933635962742,37.56260925854693],[126.99363780497889,37.56185840513056]]],[[[127.00956791097168,37.563025744036686],[127.00936420456073,37.56204704626533],[127.00985059656311,37.5604897693074],[127.0098534236055,37.560429824218815]]],[[[127.00956791097168,37.563025744036686],[127.00669918316335,37.56357302852739],[127.00616861043763,37.56286634360593],[127.00522416022022,37.56249959663678]]],[[[126.9934719028237,37.56300289844828],[126.99142895550477,37.56329950229423],[126.99031773914612,37.56295551238242],[126.98988622037419,37.56288048898898]]],[[[127.02361524786308,37.56516886904608],[127.02670549541054,37.56498976245136],[127.02675680399146,37.56428904775203],[127.02670755412781,37.563882238318705]]],[[[127.02361524786308,37.56516886904608],[127.02059257547279,37.565758078970134],[127.0180743572028,37.56556664980869],[127.01769908611097,37.56998577691102]]],[[[126.97139923762587,37.559602732847],[126.97057199866777,37.55931400389027],[126.96930300710652,37.55802050617245],[126.96848897086406,37.555383763681306]]],[[[127.0180743572028,37.56556664980869],[127.01599071844261,37.564122672606004],[127.01426196990714,37.56108043774584],[127.0128463498962,37.56058193139437]]],[[[127.0128463498962,37.56058193139437],[127.01364206053337,37.56022186375173],[127.01271929433719,37.55845892551616],[127.01105565047062,37.55553052715992]]],[[[127.01630613748895,37.553011495638145],[127.01320761955266,37.54994422861261],[127.01165764754505,37.548511522986345],[127.01147996885422,37.548416146182724]]],[[[127.01937088600177,37.557499213548525],[127.01946390283747,37.5573396016988],[127.01890690849194,37.557134529739834],[127.01876860869,37.55707312502291]]],[[[127.0233348751008,37.5607443683017],[127.02285714633344,37.557868260398386],[127.02182429257704,37.557709410220035],[127.01937088600177,37.557499213548525]]],[[[126.98542709369815,37.553744426992886],[126.98781141729891,37.551491980275394],[126.9873735964717,37.54950485781342],[126.9860321445812,37.5478461760748]]],[[[126.99235997402253,37.550093126422475],[126.99319410795592,37.54905562616136],[126.9914173305739,37.547827806454286],[126.9909468392174,37.54636897172699]]],[[[126.97665865287809,37.55270834462548],[126.97578726298318,37.55225493133795],[126.97514558580065,37.55113497136638],[126.97440967490363,37.54897713354278]]],[[[126.96069746315779,37.53570360684],[126.96064523395313,37.53553654629352],[126.96158633540537,37.53314550670364],[126.96141927351127,37.53316164434676]]],[[[126.96319962027266,37.54867748111055],[126.96340677218598,37.548403511248175],[126.96347938136378,37.546708568356536],[126.96250264880803,37.545701312244404]]],[[[126.96385824474106,37.53861465035997],[126.96369929050884,37.53828718720153],[126.96316923463425,37.53742398892736],[126.96196739601037,37.53675726227117]]],[[[126.9762303400895,37.521791225937015],[126.97752756503138,37.52137784226018],[126.97985970837891,37.5206544340852],[126.98112329156572,37.52027263527387]]],[[[126.9617588321463,37.52262638707772],[126.95952134469732,37.51874711095595],[126.95909370357808,37.51802632392783],[126.95868276894744,37.51744081488779]]],[[[126.9978700030165,37.53261350853068],[126.994798752438,37.52873478412915],[126.99133339350598,37.5294656660908],[126.99136150372732,37.52990531837454]]],[[[126.99532055586175,37.5472372699923],[126.99650535636687,37.54602099719253],[126.99786239881355,37.54221750912124],[126.99784317354758,37.541817317550354]]],[[[126.99133339350598,37.5294656660908],[126.994798752438,37.52873478412915],[126.99536242629436,37.52863805423126],[126.99663392279703,37.527949438491504]]],[[[127.00797217618856,37.52458897654878],[127.00442743165378,37.520261173676964],[127.00038732057978,37.517949077834615],[127.00040481992863,37.52211341043998]]],[[[126.96907271591886,37.553896930097174],[126.96909217753318,37.553256978202214],[126.96909406298614,37.55319563279038],[126.96909926673848,37.55305002080549]]],[[[126.97086040540353,37.539139723587006],[126.97086047707982,37.53893015987028],[126.97085899299894,37.538238366505034],[126.97077161052468,37.53668194936321]]],[[[126.98060490323726,37.53470956815134],[126.97977287482033,37.526077497484074],[126.9762303400895,37.521791225937015],[126.97263007111187,37.52291992345088]]],[[[127.00530573624769,37.54771217113099],[127.00484260490366,37.546182262833796],[127.00725813748895,37.54381073731256],[127.00860603570271,37.5439797142403]]],[[[127.03351058909426,37.562517856120664],[127.03106512462858,37.560333620339904],[127.03058050927122,37.560309204050505],[127.03036692165554,37.56040299634883]]],[[[127.04823122646904,37.565383930823515],[127.04736887985682,37.56535133754722],[127.04699884657104,37.565335271358784],[127.04689860043125,37.56532837171227]]],[[[127.049335021649,37.55263967734592],[127.04800474835392,37.55287683059181],[127.04793401729852,37.55288444482588],[127.04700709831772,37.55298223842148]]],[[[127.03882607913759,37.56284857889958],[127.03916664990663,37.56086017940381],[127.03951731290589,37.55608551838618],[127.03954066226372,37.555740842859045]]],[[[127.03106512462858,37.560333620339904],[127.03062954125545,37.55847289889897],[127.03065064317269,37.55837946863793],[127.03070708711473,37.55813153244614]]],[[[127.03901524974482,37.553856024224025],[127.03983477004536,37.55291511357612],[127.04005133179066,37.55277151137264],[127.04046478483485,37.55249730329997]]],[[[127.02951037821771,37.55391100332733],[127.02897602724492,37.54910353424355],[127.02586875823346,37.54831931697688],[127.02606856672013,37.54934765947889]]],[[[127.03039827886207,37.546271069569954],[127.03074858487874,37.54614514627833],[127.03091247766929,37.54605535584055],[127.03109362490015,37.54595610640449]]],[[[127.04958480929557,37.54417130147217],[127.05188271435695,37.54347360992696],[127.05116223915832,37.54221686631605],[127.05112317932534,37.54214622302342]]],[[[127.049335021649,37.55263967734592],[127.0525163498266,37.5516884576043],[127.05218251494423,37.550837696834215],[127.04958480929557,37.54417130147217]]],[[[127.06282631183319,37.540186250212805],[127.05656656376357,37.52910117290873],[127.04905842559162,37.53255215318234],[127.0497573583354,37.5346559218743]]],[[[127.06749895994145,37.54831126401998],[127.06394339377985,37.542150944448245],[127.06282631183319,37.540186250212805],[127.05188271435695,37.54347360992696]]],[[[127.07369805120223,37.55943959028697],[127.06749895994145,37.54831126401998],[127.06658513393742,37.548256086411406],[127.06310712406085,37.548088906853195]]],[[[127.05683738421988,37.563766008740934],[127.05777460007234,37.56301909685817],[127.05814340859769,37.562761338675664],[127.05820309972704,37.56271987461578]]],[[[127.03231081198125,37.57014415410846],[127.03303599433717,37.567919566787516],[127.03471875891604,37.56624632220725],[127.03480091462805,37.56623650578949]]],[[[127.02586875823346,37.54831931697688],[127.02541573721986,37.54808201901931],[127.01923950505581,37.548320679743796],[127.01679327655567,37.54846955751905]]],[[[127.01445372035877,37.54809716556333],[127.01519057405264,37.547067018782066],[127.01682578510314,37.545734088046544],[127.01971158208781,37.54514917644688]]],[[[127.0740568206921,37.54734047383357],[127.07702341799248,37.54602140223154],[127.07727657168603,37.54591977984871],[127.07733142040865,37.54589843384859]]],[[[127.07793067303656,37.557778284555845],[127.07866141571654,37.55739392180736],[127.07914413276703,37.55703636469454],[127.07915357633053,37.55699532105758]]],[[[127.08335851385569,37.564206160056784],[127.08014272218091,37.55835235722529],[127.0798590783885,37.557797316300515],[127.07826283632396,37.55776340581784]]],[[[127.08691839463043,37.56350659316984],[127.0886731878298,37.55329248576747],[127.08864184956661,37.55332284681183],[127.08829013618154,37.553586393223256]]],[[[127.0861650572925,37.5708206831413],[127.0861129331949,37.57007688682546],[127.08607636126284,37.5692677970523],[127.08606829488694,37.568808080263274]]],[[[127.1011460799232,37.56002336317411],[127.10089719890196,37.55958423889474],[127.10033908035588,37.55901449924623],[127.09945768156946,37.55822564611956]]],[[[127.0886731878298,37.55329248576747],[127.08962831182829,37.5523990598666],[127.08954811497583,37.55179027159712],[127.0859963653853,37.54944792498676]]],[[[127.08506451575214,37.54510801889438],[127.08531066938667,37.54509311893944],[127.09065414858394,37.54468584880315],[127.0890534401648,37.53789877207256]]],[[[127.10424638970304,37.55987605946642],[127.1033949187177,37.55723562067737],[127.10202965333634,37.55549522028099],[127.10007540812971,37.55300384016446]]],[[[127.09317878749944,37.543694176288696],[127.09507923582707,37.541865235656736],[127.09696924172079,37.54022785602624],[127.0970544587053,37.54016508806427]]],[[[127.1137691771839,37.55888549092249],[127.11389689245259,37.558598799072186],[127.1138942621246,37.55666195511249],[127.11389216678552,37.555123654491155]]],[[[127.08354948969837,37.53662995568041],[127.08379144328397,37.535984185676234],[127.08421355496837,37.53488366510672],[127.08458024980344,37.53394641947021]]],[[[127.09225074701108,37.5267860261998],[127.09043787509113,37.52600227280481],[127.08851962379843,37.52549085969232],[127.0875943179362,37.52524537819026]]],[[[127.07513538778294,37.53871142962469],[127.07713118200647,37.53821606301026],[127.07717082900302,37.53820596198495],[127.07709080396413,37.537849743160926]]],[[[127.07055466537831,37.539831668523725],[127.0679740699094,37.53427441868639],[127.06765653567055,37.53360240527236],[127.06715100587313,37.53251141564537]]],[[[127.05202994180435,37.59995268207153],[127.05263341474506,37.59942320859219],[127.05364666696671,37.597535331009006],[127.05460184473503,37.595732843609994]]],[[[127.0696260938658,37.59488273131149],[127.07035500238065,37.59247539290009],[127.06610805785901,37.5912340473427],[127.06575963424837,37.59113249125475]]],[[[127.07072007954939,37.59091177981982],[127.07162554913891,37.58794738624849],[127.0736755995005,37.585354422524226],[127.07722920871768,37.58098209184888]]],[[[127.04764739129007,37.596287635801716],[127.04753159047819,37.59565525011852],[127.04741346259887,37.59458557596919],[127.04770234400893,37.590136291020855]]],[[[127.0298206331878,37.58122645709881],[127.03035496984441,37.57809265777329],[127.03072121528082,37.57387551490867],[127.0345597400311,37.57399888088682]]],[[[127.04347079952353,37.579767948811714],[127.04250563186646,37.57934632328571],[127.03994755908106,37.578522894082916],[127.0388746570091,37.578266330632715]]],[[[127.05491583313292,37.58426102182732],[127.05373871476196,37.58365267422649],[127.05357851982231,37.58345151881877],[127.05522821777629,37.581138977899826]]],[[[127.06838454722138,37.58225260894428],[127.06767398363709,37.57875951799137],[127.06701041730703,37.57659947571062],[127.06438686834935,37.57644223500328]]],[[[127.06631434643819,37.5727605629268],[127.06517937644334,37.570882708786044],[127.06484656804092,37.57042404962195],[127.06440767023567,37.56983204638322]]],[[[127.0785759598423,37.57186080820366],[127.07820034848703,37.57094459708917],[127.07777704177431,37.57007891500324],[127.07685916932012,37.56843855225528]]],[[[127.07722920871768,37.58098209184888],[127.07831817872241,37.57678350648899],[127.07864451029816,37.5726328332364],[127.0785759598423,37.57186080820366]]],[[[127.06982967465093,37.59774863498778],[127.0696260938658,37.59488273131149],[127.06512399782358,37.59532137878429],[127.06443376320183,37.594634968383886]]],[[[127.07171776032028,37.606811751554396],[127.07231651389976,37.60465633791906],[127.07243885643499,37.60406384272964],[127.07270094198971,37.60279298149884]]],[[[127.05763237977045,37.575355674734475],[127.05759116671737,37.57489030382627],[127.05753148630264,37.57421068886417],[127.05699341797404,37.568019741341644]]],[[[127.08676825014368,37.59276612887307],[127.08408607810802,37.58761225972579],[127.0736755995005,37.585354422524226],[127.07162554913891,37.58794738624849]]],[[[127.095751117705,37.57110356167774],[127.09565025664568,37.571095630496586],[127.09550773031205,37.571051324912005],[127.0954432496255,37.57103056670222]]],[[[127.08352965394475,37.58443533598752],[127.08339012303948,37.58114714130743],[127.07961010061065,37.57738413200833],[127.07865995363576,37.57692668926768]]],[[[127.10267823187601,37.57891294732714],[127.1026716405845,37.57830360868785],[127.10125529529594,37.5749805200241],[127.10093021118088,37.573559795823115]]],[[[127.09580189362444,37.600613209580324],[127.0955192075844,37.59946301108777],[127.09278893391367,37.59816366073138],[127.08935692045513,37.597343587866504]]],[[[127.09319897355861,37.59414612035095],[127.08787484275875,37.59300681409849],[127.08676825014368,37.59276612887307],[127.08429523300018,37.59224162675861]]],[[[127.08032611599887,37.59587220591037],[127.08033277105034,37.59707132035867],[127.08028469987893,37.59736684484185],[127.08022814204405,37.59767876162071]]],[[[127.08032611599887,37.59587220591037],[127.08028140672144,37.594999997548236],[127.07035500238065,37.59247539290009],[127.0696260938658,37.59488273131149]]],[[[127.08954300367121,37.6196436667868],[127.09049397699205,37.6174905807709],[127.09033516721391,37.61726025744631],[127.09017352568111,37.61702641513916]]],[[[127.07873539196031,37.60537230707251],[127.07231651389976,37.60465633791906],[127.07171776032028,37.606811751554396],[127.07145874004746,37.614280278888266]]],[[[127.1123997606826,37.59186378093394],[127.11014333874036,37.58741619339008],[127.10978442325978,37.58769550595349],[127.1083303673206,37.588234878738554]]],[[[127.11567458701147,37.61929460112488],[127.11696815201357,37.61743077296312],[127.11667056251804,37.615768458165135],[127.11692584293769,37.61435817922735]]],[[[127.09580189362444,37.600613209580324],[127.0957359841163,37.60059762851508],[127.09546809784351,37.60053431046378],[127.09544033999418,37.60056012900045]]],[[[127.09362568774866,37.58974573729007],[127.09377250671379,37.58930334413929],[127.09461188485334,37.586735136596054],[127.09488110795095,37.585908055033684]]],[[[127.11014333874036,37.58741619339008],[127.10983922230312,37.58596590117585],[127.10952771652431,37.58506948085472],[127.10932809122542,37.58466434029016]]],[[[127.11661509079283,37.60882189786028],[127.11713661961933,37.60860716005363],[127.1179009372873,37.60814093784694],[127.11817817934065,37.607790310614654]]],[[[127.02499323891088,37.59412913921373],[127.0247919443478,37.5941575342839],[127.02448729667191,37.594303902427306],[127.02256905109591,37.59563882321949]]],[[[127.01408157595094,37.60081316063695],[127.01392471559858,37.600677979362494],[127.01878314483186,37.598476537689045],[127.01972251507519,37.59728835527324]]],[[[127.03648830947847,37.59124586018718],[127.03638867582328,37.58992339469187],[127.03167802457999,37.585071331047466],[127.02949904342341,37.58272479417522]]],[[[127.02447232461752,37.57919734416113],[127.02316787780416,37.57804158355124],[127.02250874393788,37.57809642692493],[127.01875166365707,37.577526900275195]]],[[[127.02163932983338,37.60156623588291],[127.01878314483186,37.598476537689045],[127.01392471559858,37.600677979362494],[127.01408157595094,37.60081316063695]]],[[[127.01408157595094,37.60081316063695],[127.01385990161944,37.601150251312],[127.01347355353491,37.60165566457284],[127.013241908454,37.601891311868755]]],[[[127.00899869123883,37.608660840385575],[127.00918957466642,37.60795070125595],[127.009355585595,37.60714919746507],[127.00936233811592,37.60698360398919]]],[[[126.9931943091371,37.63202771759241],[126.99324770843108,37.63183462810404],[126.99333591642657,37.63151569010014],[126.9940447945922,37.62998634090821]]],[[[127.02202954651389,37.6122870292313],[127.02223498056777,37.61126924609166],[127.02223688671735,37.61120400569231],[127.02292853527162,37.60919680268679]]],[[[127.02998261593791,37.612341807273275],[127.03041114876135,37.60913890026055],[127.03217535563617,37.6034550711697],[127.03021972537462,37.60399827577248]]],[[[127.04359867033703,37.611427101783796],[127.04315492958898,37.61068406680491],[127.04307659238764,37.61052490192741],[127.0425528288555,37.60921254622286]]],[[[127.04543573561635,37.61128775213215],[127.04538190175221,37.609772170885115],[127.04538170918046,37.60968654259957],[127.04540425026485,37.60958973600689]]],[[[127.0503853472475,37.617469634457976],[127.05019470449959,37.61734949278255],[127.04992803760213,37.61717834778022],[127.0495633215219,37.616943734035175]]],[[[127.06066805049242,37.612799969114334],[127.05176940445143,37.60810552322765],[127.05234439523531,37.608909837871906],[127.05239199919792,37.60900127940728]]],[[[127.0628925772738,37.61434391558401],[127.06066805049242,37.612799969114334],[127.0582249042813,37.6123311861023],[127.05797030066557,37.61256309454789]]],[[[126.99955928591825,37.601607725014446],[126.99979923907401,37.60167149279376],[127.00064456776684,37.60165272823399],[127.00094356949178,37.60150081885615]]],[[[127.0189641329387,37.588828332448735],[127.01877552647373,37.588674435971235],[127.01729245675125,37.58748961750423],[127.01652109810584,37.586866993090666]]],[[[127.01972251507519,37.59728835527324],[127.0214774279756,37.59710456087421],[127.02197100358329,37.59698199710696],[127.02207817191095,37.596600436220314]]],[[[127.03217535563617,37.6034550711697],[127.03852259761577,37.60249427617353],[127.03999179911851,37.601127619816126],[127.0402114012632,37.600876163305266]]],[[[127.07140313714835,37.615627975297905],[127.07145874004746,37.614280278888266],[127.07171776032028,37.606811751554396],[127.06935521078582,37.609331567920925]]],[[[127.03643985843652,37.636886881830335],[127.03847930842137,37.633913668911646],[127.03789854422119,37.634015067693035],[127.03742766142186,37.63409773200236]]],[[[127.03847930842137,37.633913668911646],[127.04148121127378,37.63127886172987],[127.04196678533623,37.6309889022168],[127.04152083095941,37.630591726513266]]],[[[127.04998624978273,37.62443094627259],[127.04792391078658,37.62322125511057],[127.04472900163731,37.619549152876175],[127.04468002751214,37.6194933196243]]],[[[127.02258829460055,37.63033637310363],[127.02123467878783,37.63011907371076],[127.01776353840671,37.629301619772555],[127.01587933542118,37.62745967946732]]],[[[127.0156184129697,37.64910310736471],[127.01634029802962,37.64889987607641],[127.0169989028958,37.64872681398044],[127.01745497492657,37.6486453158494]]],[[[127.0308330478805,37.64285637818275],[127.02530197894097,37.63744782671254],[127.02358287786183,37.63608980385038],[127.02289482162753,37.63623574420111]]],[[[127.02200507608345,37.62518060489079],[127.01840430172396,37.62486285455344],[127.0184370006586,37.62460275960964],[127.01847206316604,37.62432686750027]]],[[[127.0325924404923,37.62550795159084],[127.03235049375891,37.62569159541512],[127.0268946133866,37.624456705809706],[127.0258556253237,37.623670623164124]]],[[[127.0325924404923,37.62550795159084],[127.03383089808214,37.62248784569099],[127.03447351038677,37.62108654505014],[127.034579158864,37.621017008768085]]],[[[127.0268946133866,37.624456705809706],[127.02893003960183,37.619336746515806],[127.02980713191077,37.617124676980545],[127.02983936999075,37.61683748497519]]],[[[127.02108752844927,37.61946810691285],[127.02181236962106,37.61696297372247],[127.02188104548142,37.616724369671054],[127.02210130610187,37.61590169780264]]],[[[127.00829247114032,37.68467769374363],[127.01592445760711,37.644306990299604],[126.98589486369177,37.64056897420317],[127.00829247114032,37.68467769374363]]],[[[127.01592445760711,37.644306990299604],[127.0169148071002,37.640813958300654],[127.01718160708185,37.63725915814409],[127.019516211863,37.63554372701133]]],[[[127.01633530053708,37.66157600210437],[127.01719429877363,37.660020213620506],[127.01846267056902,37.65750166250445],[127.01892593851917,37.656864731941816]]],[[[127.04222166699424,37.66170859913057],[127.04220258500979,37.66164218594848],[127.04205863260681,37.66114125126787],[127.04200845121763,37.66100472957376]]],[[[127.0334675777095,37.64650482413778],[127.03098462832833,37.6429938354013],[127.0308330478805,37.64285637818275],[127.03060580833959,37.64305374588955]]],[[[127.03329480878855,37.65114377439795],[127.02867294278931,37.65071188836658],[127.02805043944214,37.653135136978754],[127.02761855794321,37.65353112255578]]],[[[127.0436473744994,37.66981596056299],[127.04882305564779,37.669093427654836],[127.04888687410768,37.66874327739212],[127.0490133991119,37.66806920937042]]],[[[127.039603465809,37.66996364034487],[127.03941541796247,37.66883849198351],[127.0393250075078,37.66833113885397],[127.03909395311278,37.66704060816182]]],[[[127.02543921965861,37.66942754027493],[127.0271578306178,37.668640142912494],[127.02789001121086,37.66811973935909],[127.03052112711035,37.66551571216579]]],[[[127.04829735738907,37.65166186810611],[127.05124751543232,37.64519587752931],[127.05059673257108,37.6451472067233],[127.0479963370461,37.641696416249]]],[[[127.04365212334766,37.64391838934157],[127.04262154123475,37.64330712234548],[127.04250161451775,37.64322048948903],[127.0422561871485,37.643043190830774]]],[[[127.04635477568512,37.639156229310544],[127.04551142611903,37.63782916108731],[127.04529596194857,37.63748693096588],[127.0450142656952,37.63686730150587]]],[[[127.05155124511816,37.660657210438465],[127.05243502430869,37.658161607043574],[127.05418174435076,37.65448156002282],[127.05420887044569,37.653021696275715]]],[[[127.04829735738907,37.65166186810611],[127.04638270196295,37.65122186179216],[127.04628386239928,37.651199236704976],[127.04612232978242,37.65116227344128]]],[[[127.04508536551484,37.69244158977186],[127.04537815208296,37.69064118533486],[127.04539262452576,37.69053533482245],[127.04577650683775,37.68768410306507]]],[[[127.05077658612298,37.68702162431446],[127.05094410119075,37.686730474420976],[127.05106999759037,37.68651162385108],[127.0511820480647,37.68631674992966]]],[[[127.06800697390771,37.61556823410261],[127.06800857238747,37.61553675426198],[127.06801197862414,37.61543761906754],[127.06774837079908,37.615221458271755]]],[[[127.05493672299355,37.640761750913406],[127.058878455457,37.63763201019638],[127.0595875801588,37.636547419421],[127.05861953901402,37.63627117391463]]],[[[127.06439217268351,37.630783164295835],[127.0646905926653,37.62928804112901],[127.06484409954571,37.62887372046137],[127.06494029946013,37.62861408360546]]],[[[127.11115471503085,37.64241159163724],[127.11134316814628,37.642003229780585],[127.11195292820503,37.640271212478744],[127.1123843166474,37.63522852209713]]],[[[127.07649680293606,37.645996770949075],[127.07821352005462,37.64435121895978],[127.07832834873443,37.644292636849386],[127.07912366391122,37.64388690013774]]],[[[127.06679743623283,37.63868328621611],[127.06875110043978,37.63421371239869],[127.06940112320136,37.633293760955645],[127.07029744050607,37.63140308284097]]],[[[127.09445212499575,37.64575907901987],[127.09461849433848,37.64382961872196],[127.09413357070775,37.64258973707529],[127.09103091897418,37.64125520776972]]],[[[127.0781735412641,37.65343320802534],[127.0781746724048,37.65334868198867],[127.07817442842165,37.65326756079126],[127.07817355146337,37.653224185321164]]],[[[127.09396031613478,37.66257066784949],[127.09244495585239,37.65809256043153],[127.09022943042645,37.65727818865802],[127.08844516624934,37.65662297855811]]],[[[127.08111169633146,37.696090674589485],[127.08286182410872,37.695099363821065],[127.08348841774323,37.694611479187856],[127.08376676034781,37.69465978186424]]],[[[127.0716081987566,37.658358982109505],[127.07212964068529,37.65516225769288],[127.07207939857737,37.654902941202934],[127.07200986584618,37.654550041024905]]],[[[127.07011791825238,37.66795289305809],[127.07094208340605,37.66735301381087],[127.07095880732977,37.66684889058794],[127.07094858313319,37.666629680349466]]],[[[127.05623733675918,37.670519758848734],[127.05768014681657,37.66419094433216],[127.05802528532179,37.66373941653609],[127.05869483857343,37.661210514319606]]],[[[127.07011791825238,37.66795289305809],[127.0693594793317,37.667837139612026],[127.06913003699657,37.667990303686494],[127.06856950370356,37.66805636856618]]],[[[127.06568508673311,37.66139623015766],[127.06550470850341,37.6606204174333],[127.06532566205856,37.65985249593463],[127.06529605554007,37.6597345732591]]],[[[127.0959236405964,37.68771674545949],[127.09632169639002,37.68594699061476],[127.09629415772262,37.685789451584036],[127.09628522507205,37.68573840107765]]],[[[127.06859972340787,37.650483957125],[127.0674135932304,37.650014199158605],[127.06617382034993,37.64950715099871],[127.06592198922463,37.649377784086695]]],[[[127.07076642660789,37.645305689734535],[127.07120869529139,37.64440934004333],[127.07185453950424,37.64309798522243],[127.06935800608383,37.63939107808169]]],[[[127.07130302060848,37.63108455495713],[127.0717324801668,37.630915943342124],[127.07210144967796,37.63068180689676],[127.0731318314119,37.62997798703554]]],[[[126.94998323286886,37.60970523279792],[126.95037704631463,37.6078785962168],[126.95034318726749,37.60784677085807],[126.95010111475231,37.607736355717016]]],[[[126.95317835565287,37.6251667633698],[126.95235097425176,37.62489477927637],[126.95217160172545,37.62482296632809],[126.95171633967342,37.624328550490226]]],[[[126.91957619848462,37.627963762169166],[126.91990769687096,37.62686801670907],[126.91993112206956,37.626789165881384],[126.91994479549078,37.62674313790844]]],[[[126.92011536133032,37.618462951533324],[126.91806836684295,37.61531847556871],[126.91778158055939,37.61440783713925],[126.91759998883856,37.61335688316011]]],[[[126.91728677842391,37.61129909774692],[126.91711028296531,37.61077326000498],[126.91687866721777,37.610327080240026],[126.91681169259205,37.61019830864681]]],[[[126.93136087017432,37.6087990036516],[126.93073786792256,37.60850306501989],[126.92973254405838,37.60838441727379],[126.92883445420287,37.608411620863066]]],[[[126.9385995005301,37.59758556792347],[126.93777315281478,37.59774888348959],[126.93365782991195,37.59639860372402],[126.9329540721837,37.59602680168368]]],[[[126.9284184181561,37.59189480951206],[126.92826453724085,37.59165070213161],[126.92822480723757,37.59153283058381],[126.92816070205383,37.59134261736836]]],[[[126.91605919138517,37.59921181660295],[126.9156949266874,37.597078306042796],[126.91448065125088,37.592296312749],[126.91255374893214,37.5938077495728]]],[[[126.91448065125088,37.592296312749],[126.91357976566913,37.58872816468919],[126.91268535258105,37.58875565209685],[126.91072824212885,37.5892750476335]]],[[[126.91357976566913,37.58872816468919],[126.91314787173016,37.58703486264387],[126.91308314164483,37.586889209451996],[126.91305391822935,37.58682372141029]]],[[[126.89984123859193,37.589866904828185],[126.90427955257206,37.58832105583863],[126.90326031690493,37.58785622359255],[126.90297572757471,37.58764312264147]]],[[[126.97178590780638,37.63228533903874],[126.97020368282598,37.63086089310855],[126.96925198582099,37.63022341331836],[126.96881934584482,37.630103180349245]]],[[[126.94090563582996,37.62570305429628],[126.94036799990336,37.624965865891205],[126.94010279443161,37.62458770488043],[126.93965531616568,37.623949606627676]]],[[[126.91909532487949,37.59600221691376],[126.91853569027566,37.59522543625592],[126.91844043407033,37.595093145936],[126.91820720131173,37.594768640697836]]],[[[126.92288612788496,37.606320964480595],[126.92063112194215,37.60173327270403],[126.91605919138517,37.59921181660295],[126.91441430846871,37.6001297530913]]],[[[126.9595707378107,37.572961218450786],[126.96189826008306,37.57065058360019],[126.9658121875202,37.566669014627266],[126.96551427902892,37.566667621198306]]],[[[126.94184134579076,37.590931530944665],[126.94474655605653,37.58816233121639],[126.94498247866724,37.588079003967216],[126.94544745203234,37.58770481413859]]],[[[126.95630345806644,37.59566236563108],[126.95630928970395,37.59554294220439],[126.9563125845426,37.59547761011785],[126.95632914160304,37.595149822476095]]],[[[126.95689400065469,37.585420104684566],[126.95789532461893,37.583811410465415],[126.96067353273895,37.58079784202974],[126.95877706184434,37.58161817291028]]],[[[126.95337632124976,37.60536628405079],[126.953437334822,37.605174023292186],[126.9535426442699,37.60461905925903],[126.95354043497194,37.60457416229261]]],[[[126.9385995005301,37.59758556792347],[126.93898941370749,37.59663024867548],[126.9393847873992,37.59602259565285],[126.93998787145829,37.59537874664224]]],[[[126.92189488723282,37.57190618764046],[126.91685440159755,37.56788732253502],[126.91180511327514,37.57027898846455],[126.9117198093933,37.57050278524509]]],[[[126.92730611671081,37.57593673721672],[126.92189488723282,37.57190618764046],[126.91701875488653,37.57503916944894],[126.91513224738395,37.57516161863514]]],[[[126.91453004059707,37.57524091434467],[126.91513224738395,37.57516161863514],[126.91324928864594,37.57374621985886],[126.91139598248455,37.57258114809347]]],[[[126.92081477459253,37.5829123508116],[126.92091878802263,37.58278441087138],[126.92106217407326,37.58258833680889],[126.92112434903034,37.58246201488357]]],[[[126.9658121875202,37.566669014627266],[126.96677353826367,37.56579436403005],[126.96959246175626,37.56201362245151],[126.96889944696413,37.56186068414217]]],[[[126.96206790104068,37.559260916560895],[126.96148348639608,37.55885377187588],[126.95870842292932,37.55665982191486],[126.95868476831676,37.55684337204226]]],[[[126.9496922384648,37.56845618588185],[126.9500011058816,37.56647511112877],[126.94968030023024,37.56613067300719],[126.94921542773328,37.56515617738945]]],[[[126.9467513512501,37.576812565933075],[126.94657235583335,37.57680045919222],[126.94563228810067,37.57671718057888],[126.94473708630247,37.57659805177294]]],[[[126.9445281888074,37.545147999895136],[126.94476008168053,37.54498906868186],[126.94480417131135,37.54495885547149],[126.94495347787553,37.54485738049411]]],[[[126.94681220459611,37.5568494513366],[126.94650440813004,37.55673930814484],[126.94655635165016,37.553878332820375],[126.9466667604602,37.55305783262049]]],[[[126.94968160411595,37.54381892668303],[126.94923256486825,37.543310972488065],[126.94780513392413,37.5433605978832],[126.94551784043016,37.544494701765096]]],[[[126.94073140875314,37.546613890545075],[126.93876770729551,37.54428813745251],[126.93706100389468,37.54216181393831],[126.93663305813602,37.541398133149535]]],[[[126.91353477929526,37.54948323708437],[126.91165823592671,37.55421956099342],[126.90879758955973,37.55741869164588],[126.90908926599086,37.55765668378945]]],[[[126.91353477929526,37.54948323708437],[126.9144015291295,37.55015486582037],[126.91525861001215,37.55077352099799],[126.91540911202985,37.550882153836795]]],[[[126.90879758955973,37.55741869164588],[126.91165823592671,37.55421956099342],[126.90984334979848,37.55366418412408],[126.90283525631058,37.55146346364422]]],[[[126.90430487040659,37.56239755941199],[126.90818897812275,37.55804775152234],[126.89993922806825,37.55633331712639],[126.89686747636256,37.5553627842654]]],[[[126.92719890816318,37.56182912348396],[126.9271428752853,37.56175108622682],[126.92625245238841,37.561220601914144],[126.92161365409822,37.559465942040426]]],[[[126.91760207824414,37.55883815488035],[126.91700817604385,37.558598596193896],[126.91665236230862,37.558456173794426],[126.91643480803543,37.55837370987713]]],[[[126.91180511327514,37.57027898846455],[126.91685440159755,37.56788732253502],[126.91774180176078,37.56744328204122],[126.91666292331195,37.56693883660668]]],[[[126.89820025297284,37.578261684023914],[126.89062974839341,37.55117327369611],[126.85355733358531,37.571805247320704],[126.89820025297284,37.578261684023914]]],[[[126.95640090853102,37.54058497383463],[126.953843087381,37.53848988563785],[126.95300812516419,37.53784721518657],[126.95300975837642,37.537806634952275]]],[[[126.93407931603565,37.553424478912795],[126.93371808160218,37.55310964510149],[126.93295985322726,37.55148213178301],[126.93296086587975,37.55004244592763]]],[[[126.96238687439413,37.551503993982486],[126.96394264607392,37.54980268146616],[126.96368668982097,37.54890316534934],[126.96319962027266,37.54867748111055]]],[[[126.95870842292932,37.55665982191486],[126.9577678217168,37.55513109989602],[126.9539896828331,37.54807647310308],[126.95357738903446,37.54746271683134]]],[[[126.88848190090214,37.53072097060308],[126.88760778036402,37.52947935348698],[126.88705398511635,37.5287801894297],[126.88695596482054,37.528656871865266]]],[[[126.88515694463443,37.54358960812174],[126.88348941861057,37.54401468654914],[126.88188770451876,37.54357817344732],[126.87749095637065,37.54149775311591]]],[[[126.86498285450635,37.550928043684614],[126.87070194946567,37.54765176034912],[126.87004871591587,37.54699257001761],[126.86853484697976,37.54722444521772]]],[[[126.87266915700174,37.5375727845262],[126.87253633919961,37.53746617060788],[126.87136729620242,37.536497765228305],[126.871116588027,37.536278980381184]]],[[[126.84048532269895,37.52653732844917],[126.83489484119798,37.52555167632494],[126.8332839058675,37.52836841387676],[126.8330398718761,37.52879358278338]]],[[[126.85161230065775,37.52172152317272],[126.84853428975863,37.52252368495845],[126.84799878225652,37.52253425006497],[126.84759820752096,37.52248133714392]]],[[[126.82832436492329,37.535754465703725],[126.82964511263188,37.533901672790655],[126.83156186583328,37.531108812796646],[126.83197327404979,37.530506112245114]]],[[[126.84443739842594,37.52004256043025],[126.83944539429224,37.51708655149897],[126.83906057540457,37.51796693047142],[126.83846591144123,37.519326520720895]]],[[[126.82974206939575,37.54766636536218],[126.83034918756907,37.54577067857889],[126.8297373535858,37.54407365121245],[126.83021704050387,37.54267649703464]]],[[[126.84848072347081,37.51698365951523],[126.84856640844747,37.515994467220885],[126.84622407558581,37.51492607138799],[126.84253599968835,37.51314346200965]]],[[[126.83944539429224,37.51708655149897],[126.83492885037936,37.51564938545427],[126.83437982661793,37.51544169198075],[126.83377876469443,37.515266835180036]]],[[[126.86259666642606,37.51687459664348],[126.85921195243952,37.51570030200462],[126.85915703284016,37.51567504115953],[126.85887946642669,37.515545268269825]]],[[[126.87982275801964,37.522195303200064],[126.8798054802541,37.52138057002454],[126.87947300173846,37.51677180493009],[126.8784581524498,37.51428213956806]]],[[[126.85161230065775,37.52172152317272],[126.85246088873217,37.52124846420771],[126.85593785382572,37.51368152911408],[126.85815580475304,37.50994514085228]]],[[[126.87115836684835,37.52312966240473],[126.87105216608951,37.52263673498894],[126.87066968446811,37.52100505011121],[126.87023216885457,37.519162927741256]]],[[[126.87347884329385,37.50852330999401],[126.87126067616711,37.505625984999156],[126.86963758251221,37.50539988337435],[126.86457448230587,37.50500597394642]]],[[[126.88515694463443,37.54358960812174],[126.88552388614958,37.541836865956014],[126.8883199839742,37.53679554026095],[126.89025244558093,37.53467455775108]]],[[[126.8653968185938,37.52256707561142],[126.863242083937,37.5223188468647],[126.86194921018586,37.52217271000647],[126.8615610646925,37.522128375227716]]],[[[126.87202954392623,37.56003841229444],[126.8803807627434,37.5561757628336],[126.87931596576134,37.55483309175828],[126.87919827994658,37.55320290858555]]],[[[126.86303584591477,37.55687985282168],[126.8640830379136,37.5563075111716],[126.86431195484019,37.556181428220604],[126.86451177980997,37.556065330157445]]],[[[126.86428473113463,37.55138951230217],[126.86293184728197,37.54701743995786],[126.86254102597695,37.54585374025271],[126.8624250645519,37.54543271595348]]],[[[126.84883003866916,37.56440292703702],[126.85517642158442,37.56106684831898],[126.85230836794335,37.55588862694495],[126.84572138241595,37.5578228418065]]],[[[126.85483410868785,37.54609580647531],[126.85490280914307,37.545020201410864],[126.85490145462934,37.54460332196432],[126.85482577176965,37.544190542214295]]],[[[126.85848542636512,37.52910504309805],[126.8519643459692,37.52828414082575],[126.85179259518453,37.52908922803454],[126.85169995755936,37.529523628545455]]],[[[126.83629891209989,37.54797265226943],[126.83638997668042,37.54672254969953],[126.83650325351961,37.546235333918226],[126.83656653120211,37.54596522770809]]],[[[126.86349483633954,37.535599312396734],[126.86401103535115,37.52979969525946],[126.85848542636512,37.52910504309805],[126.85763068798651,37.53342460984167]]],[[[126.85230836794335,37.55588862694495],[126.85771459104674,37.55407034413032],[126.85797989449858,37.55143877132642],[126.85740816245577,37.550863308512184]]],[[[126.85175490304646,37.53662833679751],[126.85153108601375,37.53627381452892],[126.85109473848456,37.53558252773188],[126.85137021217837,37.53146601429798]]],[[[126.85162866224654,37.573257093194975],[126.84951748277838,37.57096284685931],[126.84887416127575,37.57017542672067],[126.84848314081789,37.569698645787]]],[[[126.85355733358531,37.571805247320704],[126.85517422020932,37.56997561479765],[126.8595014418706,37.56732502391546],[126.85732265633185,37.56460945153696]]],[[[126.86306443470674,37.56500442018454],[126.8620024997676,37.56334823405078],[126.86771768266443,37.56033015961615],[126.86743418397539,37.559836246208775]]],[[[126.8269637081,37.559700354727745],[126.83821610977134,37.55856513936558],[126.83635825513008,37.55264621632339],[126.8363433696296,37.55259735648291]]],[[[126.81103774385029,37.564057822914336],[126.81118444311078,37.563951554675974],[126.81124141726137,37.563915833481886],[126.81235983855153,37.56396749226141]]],[[[126.82208103307819,37.57328040205018],[126.82229447808483,37.57307882631184],[126.8223620472895,37.57282671304432],[126.82239559563429,37.57269859096845]]],[[[126.80493593311222,37.60402118608447],[126.80550491554988,37.60368863759859],[126.80664118532731,37.60279173168918],[126.80688672775989,37.60257910721901]]],[[[126.82682266145918,37.587993134081664],[126.83209323243436,37.58576677415693],[126.82882720494496,37.58403512931765],[126.82723888774268,37.58258456033123]]],[[[126.840437342383,37.54162446438571],[126.84368898762162,37.53669081634307],[126.84584027139499,37.53320891245296],[126.8460554283871,37.53308986811131]]],[[[126.84572138241595,37.5578228418065],[126.84559847951772,37.55608313708732],[126.84429666664438,37.55296858668789],[126.8442312762994,37.55231412951608]]],[[[126.89296962449474,37.50946107193752],[126.89513923204422,37.50815159034568],[126.89385564513887,37.50747806922447],[126.89142331985161,37.50751447887242]]],[[[126.88015348817628,37.487343991276035],[126.88065885796262,37.48596867912071],[126.87810202777688,37.486293244200816],[126.87737098250149,37.48595927254646]]],[[[126.90322697949205,37.48498628253718],[126.89946852575197,37.48034441659667],[126.89895301779335,37.47895367065258],[126.89616755385315,37.47855311303791]]],[[[126.8953703961293,37.49210401109809],[126.8953972611576,37.49203217901984],[126.89174866106214,37.48974099295266],[126.88952243255741,37.488272299405324]]],[[[126.89385564513887,37.50747806922447],[126.89368513121799,37.50441546253393],[126.89340355629605,37.50313460866683],[126.8933444586877,37.50257321291207]]],[[[126.87126067616711,37.505625984999156],[126.86802841881283,37.49706166449342],[126.86819345326795,37.49552577662323],[126.86418957051445,37.49400575957798]]],[[[126.85815580475304,37.50994514085228],[126.85959571323524,37.507537276416414],[126.85968108833772,37.507394649816405],[126.86010567813655,37.506687327968386]]],[[[126.86418957051445,37.49400575957798],[126.86819345326795,37.49552577662323],[126.86830577620667,37.49510381307537],[126.86703984180227,37.49295518021014]]],[[[126.85650919034025,37.48568638132198],[126.8534827885174,37.48263904302956],[126.85344844810186,37.482605054322555],[126.8532416306583,37.482404497705794]]],[[[126.83836368570552,37.50014195093868],[126.83874474684023,37.50022848626508],[126.84108948689354,37.500141313122015],[126.84136124051984,37.500114661420334]]],[[[126.82405160959354,37.48884914198792],[126.82478084599518,37.48859141725326],[126.82597325589512,37.48822979341636],[126.82779750891996,37.48817385574557]]],[[[126.83641399858068,37.50065031882215],[126.83637794461603,37.50065011537944],[126.83621867620757,37.50062950347331],[126.8358079502342,37.50041932077779]]],[[[126.88605306543074,37.48498340675444],[126.8862101317963,37.48497539317862],[126.88658699228066,37.48495616409854],[126.88751141924764,37.48483938982996]]],[[[126.88123273093383,37.503993114705],[126.87982040048392,37.503015804271705],[126.88082258873965,37.50202601629196],[126.88346926850166,37.499704229873494]]],[[[126.85604531192739,37.50224394455855],[126.85582123276984,37.501165606821516],[126.85580038837054,37.501040431514525],[126.85562629944314,37.49998828058906]]],[[[126.88065885796262,37.48596867912071],[126.88227143140026,37.48502956123891],[126.88546775362134,37.482842414127106],[126.88718067121609,37.48110606182217]]],[[[126.89801036861179,37.471422571364194],[126.8976313344687,37.46651274441574],[126.89732345573027,37.46357274355733],[126.89733039151257,37.46350179689762]]],[[[126.91239960338284,37.46601023914258],[126.91243617287039,37.465676914383444],[126.9109640082317,37.465257754863885],[126.91072300036251,37.465402497761566]]],[[[126.90822847082887,37.472625673092324],[126.9073618025177,37.47228106665835],[126.90659574718723,37.472063149361524],[126.9063215751595,37.47198515667845]]],[[[126.91239960338284,37.46601023914258],[126.90812374321764,37.46716389848457],[126.90807737964248,37.467226905595766],[126.90784222441934,37.467291075926006]]],[[[126.90613108525585,37.453712513851066],[126.90592647233623,37.45090374436196],[126.90575967067043,37.45010407415685],[126.90570384317843,37.44983676507264]]],[[[126.92874943387082,37.450192651427095],[126.92833983953783,37.44968928439697],[126.92535264246366,37.447518286538376],[126.92373065767691,37.446645080715285]]],[[[126.9152195932067,37.440055999842095],[126.91487498645596,37.44008861827827],[126.9148010255342,37.440095616248534],[126.91433303720524,37.44003921643165]]],[[[126.91243617287039,37.465676914383444],[126.91374882464723,37.465282329054304],[126.91348072899058,37.46495763590994],[126.91303063237504,37.46440106482278]]],[[[126.91841072505204,37.45716267788381],[126.91844696589294,37.45694204621613],[126.91844519494951,37.45680570664081],[126.91829880684851,37.455998267953866]]],[[[126.91710368315458,37.54142244901481],[126.92244322648376,37.54138601006395],[126.9230265397127,37.540594967898514],[126.92762995967821,37.539029582790924]]],[[[126.90283572959682,37.52612206788627],[126.90223047620556,37.524498829261276],[126.90220783088431,37.5244378374517],[126.90213492075627,37.52424146077694]]],[[[126.9049829322416,37.54132021139694],[126.90646970601115,37.53911314948907],[126.90787325823733,37.53414791366911],[126.90930206396122,37.53260906463368]]],[[[126.89004358159242,37.530379718461255],[126.89414529897023,37.52921334658075],[126.89297122571355,37.52770434490351],[126.89282281254695,37.52751318995656]]],[[[126.89900040361039,37.54791525950607],[126.90175156471895,37.54512971594841],[126.9021798710346,37.544066397874616],[126.90069391542413,37.54286541501518]]],[[[126.92601116467537,37.51609788418518],[126.92516457138149,37.51490067462139],[126.92483973756595,37.51455426821544],[126.92478580541561,37.514485277440755]]],[[[126.91016015543603,37.50383464174522],[126.90889681399776,37.50422594072654],[126.90852497799699,37.504499014777245],[126.90749914791893,37.504756445180256]]],[[[126.91612345378918,37.505646713217516],[126.91545440395811,37.50419334070578],[126.91307236704232,37.5042479975296],[126.91293896658645,37.50430704930148]]],[[[126.91016015543603,37.50383464174522],[126.91021559684786,37.50361964558247],[126.9102854502869,37.50318965293621],[126.91028820362538,37.502838159456786]]],[[[126.91545440395811,37.50419334070578],[126.91510241531593,37.50371155353374],[126.91494714434397,37.50349903405191],[126.91467357830028,37.50312474364266]]],[[[126.92082676829817,37.50139855007434],[126.92026122238437,37.50156591462271],[126.91759960035967,37.5018975900365],[126.91748847746973,37.50184450217757]]],[[[126.90945108485955,37.49258677822098],[126.90633045911946,37.488926320200605],[126.90192502489629,37.49240011836713],[126.89992730197534,37.494830444521234]]],[[[126.90633045911946,37.488926320200605],[126.90322697949205,37.48498628253718],[126.90298938563738,37.48498847306708],[126.90290735683145,37.48499143861561]]],[[[126.89821902246794,37.50533375222878],[126.90047951682075,37.503025687499814],[126.90120640944139,37.5023541877583],[126.90133250320682,37.5022376509248]]],[[[126.9137350982683,37.51138329319421],[126.91029490131251,37.51070588023117],[126.91019300016123,37.51253559728698],[126.90762497185405,37.51235551534067]]],[[[126.91320073649011,37.52441657606927],[126.91338303042477,37.524168350155406],[126.91369058749481,37.523749568550514],[126.91522770688535,37.521551197826085]]],[[[126.91029490131251,37.51070588023117],[126.9096888683452,37.51042111184464],[126.90952267038624,37.510344860447255],[126.90433154556446,37.5079955584452]]],[[[126.8922546215421,37.520737733434935],[126.89861717588147,37.51969544078326],[126.89969031742075,37.519491336127835],[126.9002861832717,37.51936028732842]]],[[[126.94059274065303,37.50597691740644],[126.94055285987622,37.50592040739317],[126.9392429096554,37.505397044738565],[126.9386516021821,37.50540777904041]]],[[[126.95397704793902,37.50769016454512],[126.95442918360965,37.50677963098455],[126.9538738471048,37.504093280703366],[126.95667629483452,37.499300803042395]]],[[[126.94787841322751,37.4992555516828],[126.93978188658096,37.500460166141316],[126.93635753451088,37.503268459133544],[126.93317273600302,37.503637469917805]]],[[[126.93635753451088,37.503268459133544],[126.93194487433651,37.50051724212114],[126.9320133930534,37.50041969886021],[126.93565816771621,37.49650838341519]]],[[[126.94787841322751,37.4992555516828],[126.94793681573816,37.49919836319753],[126.94825551027179,37.49874466740988],[126.94828056931836,37.498703097638064]]],[[[126.98207017247933,37.484805906531214],[126.98180782812625,37.48058889244171],[126.98160975290585,37.47715329934683],[126.98172282236325,37.476364805634546]]],[[[126.97917643015968,37.48439117925221],[126.97568558847651,37.483286242691655],[126.97456012661901,37.48329095852395],[126.97084245398113,37.48478342259059]]],[[[126.97568558847651,37.483286242691655],[126.97566992955186,37.48218791992388],[126.97558925139789,37.48149999667637],[126.9747113354775,37.480415961429834]]],[[[126.97084245398113,37.48478342259059],[126.97107511194804,37.484474640284205],[126.96965996189422,37.48212478072213],[126.96900644686094,37.48210042104635]]],[[[126.93303865739301,37.51576455353615],[126.93303964020082,37.51478432354161],[126.93303969194109,37.514755795970785],[126.9330401376128,37.51453085647642]]],[[[126.91596844328257,37.48876242670654],[126.91381518147091,37.48752633178205],[126.91332350057007,37.48724737673505],[126.91323888551207,37.487205301242724]]],[[[126.92858450704453,37.49886623031221],[126.92954593794352,37.49794578458306],[126.92961648873319,37.497893368924856],[126.92966298248793,37.49786398388358]]],[[[126.97405474501161,37.50733287372775],[126.97170518313452,37.50425195324292],[126.97167961904069,37.50423510974119],[126.97165073676567,37.504220324511174]]],[[[126.95719816103473,37.51541394716002],[126.96174180725326,37.51283470233179],[126.95982398248388,37.511677378696895],[126.95708654381637,37.509874106188164]]],[[[126.9801317256822,37.50649275297266],[126.98029740075839,37.5048411843747],[126.98031593136095,37.50400413123089],[126.98032595102558,37.50394928541216]]],[[[126.92986951577002,37.494000734997506],[126.9311154700311,37.4934186048984],[126.93345164672078,37.493020841296634],[126.9361217357496,37.49240492002553]]],[[[126.96123797630864,37.49255940112582],[126.96124653957462,37.492428385517364],[126.96106727939393,37.4911296951185],[126.96206689991283,37.48729127546257]]],[[[126.962148068574,37.48523880042369],[126.96140606167722,37.48382028712919],[126.96139422916477,37.483789742926774],[126.96138627122865,37.48375959045055]]],[[[126.95276527007492,37.481293957607505],[126.96230965099744,37.477589241430856],[126.96201209838382,37.47708764133351],[126.96152275953831,37.476237114579384]]],[[[126.95630419564438,37.48566498354211],[126.95279011824616,37.48137630275204],[126.95276527007492,37.481293957607505],[126.95226003989552,37.48135268891029]]],[[[126.97049059255507,37.4753683309936],[126.9707898035469,37.47500125667604],[126.9715671461702,37.47312984714704],[126.97132055431996,37.46980506114102]]],[[[126.98172282236325,37.476364805634546],[126.98176643935402,37.475834036932355],[126.98186032474096,37.47469812927199],[126.98194924962327,37.47442317146227]]],[[[126.93785454031831,37.48410723277187],[126.93785809055407,37.483640791608764],[126.93784918065353,37.48331958640626],[126.93706529487112,37.4822680840597]]],[[[126.93021062855155,37.47534313998459],[126.92941200401741,37.475048455425664],[126.92659198937484,37.47446031005381],[126.92417632275507,37.47716512228291]]],[[[126.94654546153397,37.47274596969801],[126.94674914213932,37.47242360578501],[126.94679066788106,37.47004771598235],[126.9458427066667,37.46959021431995]]],[[[126.9261806579414,37.48378064359189],[126.9215737114856,37.48312159504654],[126.91453871985395,37.481813777710485],[126.91332350057007,37.48724737673505]]],[[[126.93490992727014,37.486397220056524],[126.9342013138742,37.48483673464584],[126.92666100628938,37.483833684152714],[126.9261806579414,37.48378064359189]]],[[[126.92297961100851,37.4634608647314],[126.92284338784502,37.46298806875911],[126.92324141821231,37.46195795445619],[126.92362985572159,37.46097849334567]]],[[[126.91453871985395,37.481813777710485],[126.90972372138964,37.48094931346144],[126.9085463260537,37.48072596301455],[126.90749740329099,37.48053142251079]]],[[[126.95253497836242,37.471098515451835],[126.95314049808167,37.47103146398165],[126.95332764800847,37.470955714351675],[126.95346136892087,37.47084028188875]]],[[[126.94338797715929,37.492082217187736],[126.94497494889924,37.49153419182096],[126.94521795435999,37.49123969176632],[126.94526823798303,37.491178438218405]]],[[[126.95610647685994,37.491582558113706],[126.9571425023241,37.489786918461306],[126.95796623677305,37.48869780438578],[126.9580054861835,37.488596320303856]]],[[[126.94633729464405,37.481972702412655],[126.95226003989552,37.48135268891029],[126.95255433789931,37.480460351140614],[126.95309403521026,37.4735280165175]]],[[[126.92659198937484,37.47446031005381],[126.9267010122394,37.472948845658344],[126.92649574461235,37.47187635986979],[126.92601370832938,37.467995820392204]]],[[[126.93413918347233,37.47179490592322],[126.93244574258895,37.46879089089006],[126.93157443566643,37.46718228200167],[126.93146500753387,37.46678839210338]]],[[[126.92417632275507,37.47716512228291],[126.92359681970946,37.476837032516684],[126.92268289046721,37.47632289654175],[126.92074877147013,37.47525552057744]]],[[[127.02701479284116,37.48050810722698],[127.02551290916463,37.480798407022995],[127.02452529760123,37.48059276969647],[127.024439701192,37.480537979360506]]],[[[127.03162325752042,37.48954007672872],[127.0337774785239,37.485099256250635],[127.03396794290876,37.48479724859386],[127.03362954691754,37.48401346955485]]],[[[127.01576237002791,37.49431858110464],[127.01402104827007,37.493579676655294],[127.01390348435883,37.49327836164198],[127.01393228639421,37.49216142827666]]],[[[127.0276351080783,37.49796430342112],[127.02127688018803,37.49600985787428],[127.01576237002791,37.49431858110464],[127.01414317254415,37.494015201935824]]],[[[127.01944104956044,37.515987241640666],[127.01985687415457,37.515040799940856],[127.02130799387417,37.51116795393767],[127.02035003921382,37.510805198905665]]],[[[126.99061667339414,37.513025433501134],[126.99250124886625,37.50971170077201],[126.99185722752503,37.5079957784812],[126.99220876325047,37.5064303810834]]],[[[127.02447004920468,37.50457187505761],[127.02449583897226,37.504518107419756],[127.0236292552366,37.504247585900785],[127.02107417415698,37.50345244918042]]],[[[127.00092803628282,37.505270510314],[127.00289985344597,37.50275267477099],[127.00306348207862,37.5024886724238],[127.00311263149698,37.50212261888089]]],[[[127.01162192967912,37.5083079962622],[127.00975161193848,37.50778409373456],[127.00092803628282,37.505270510314],[127.0005274137185,37.50619403457709]]],[[[127.01238230677119,37.49937041702918],[127.01245016022116,37.49904733481839],[127.0105441139136,37.498763977002056],[127.01009418299573,37.49861395027158]]],[[[126.98774761094846,37.49823523403149],[126.99070727252999,37.498155641740496],[126.9907073227013,37.498100280570185],[126.99070769379225,37.49788072946958]]],[[[127.0021516263079,37.48229539968448],[127.0006266758572,37.48191155548803],[126.99772275291964,37.48132023643123],[126.99626948869074,37.481026612782685]]],[[[126.9936378461754,37.48018051362616],[126.99092010443648,37.47929449365871],[126.99029024156154,37.47908897199185],[126.98999708809707,37.478954756288104]]],[[[127.01031007618606,37.47226020215308],[127.00967941417274,37.471603038251814],[127.00741939264995,37.47053115757789],[127.00566789605739,37.46996830645994]]],[[[127.00026789368363,37.491946693102],[127.00079746348952,37.4899219863172],[126.99907571815136,37.489320927254894],[126.9916293667712,37.487062483139084]]],[[[127.04394218984211,37.47971047664744],[127.04141311173339,37.47667098307046],[127.04137589529904,37.47663140400313],[127.04030767200726,37.475500549439]]],[[[127.04958058799569,37.47048749255599],[127.04788399805514,37.4692101883366],[127.04726729346707,37.46874587804321],[127.0467804186005,37.4683864035543]]],[[[127.08516182670971,37.47527333765136],[127.06315602842413,37.42970655656821],[127.04303270021417,37.46562074760246],[127.08516182670971,37.47527333765136]]],[[[127.02807815323149,37.519584003369005],[127.02720592329885,37.51926729481519],[127.02526080146446,37.518556420544876],[127.02116872995951,37.516819200932005]]],[[[127.03388735284663,37.50739203132641],[127.02447004920468,37.50457187505761],[127.02137483242679,37.511029317603565],[127.02035003921382,37.510805198905665]]],[[[127.03917807519049,37.52290539552294],[127.04124171123718,37.51730376330539],[127.04027051741646,37.51692858044005],[127.04131318503671,37.517102307395454]]],[[[127.06696185902243,37.52508139275426],[127.06649665521077,37.520929722147805],[127.06715825743936,37.519980434804616],[127.06838148141473,37.51230647185658]]],[[[127.05669182523995,37.506855029477634],[127.04904284899524,37.50439748322853],[127.04717823495142,37.50397402969756],[127.04892970641224,37.50463080869956]]],[[[127.06553001723206,37.49006958228259],[127.06202022481865,37.48942006782937],[127.05998917295746,37.489037329126596],[127.05939400475123,37.48889878006832]]],[[[127.06086060326552,37.49887322207155],[127.05567406284534,37.497219054929026],[127.05251024275957,37.497053881550904],[127.04929465718098,37.50386482816621]]],[[[127.04717823495142,37.50397402969756],[127.04276753497837,37.50262185145928],[127.03839867607589,37.501282166790276],[127.03704419580815,37.50061643251424]]],[[[127.05251024275957,37.497053881550904],[127.05272876535545,37.49627250169419],[127.04669226402522,37.494305112972256],[127.04088837528562,37.49241358468067]]],[[[127.04134584609768,37.48557052780573],[127.03396794290876,37.48479724859386],[127.0337774785239,37.485099256250635],[127.03162325752042,37.48954007672872]]],[[[127.05655917480364,37.487681501391386],[127.05652107870976,37.48766102007492],[127.05172560013379,37.48485442651803],[127.05109723290705,37.48446326983661]]],[[[127.07641000744066,37.48370494677163],[127.07589398121537,37.48244794788353],[127.07481993328165,37.480617700876856],[127.0745676088016,37.48036215750677]]],[[[127.06253188783644,37.472842468948144],[127.06228042159452,37.47022579791248],[127.06216318829132,37.46964694905392],[127.06161166135016,37.46895874049018]]],[[[127.09299067519227,37.47726100304871],[127.0919418528778,37.47737457728961],[127.08668798586945,37.47602905727433],[127.08555815671777,37.47554956703349]]],[[[127.09674069464802,37.49583086240225],[127.10196530636756,37.49363781211493],[127.10017030193639,37.49308191989109],[127.09921795400706,37.49281391782824]]],[[[127.08362899994995,37.499264463566824],[127.09047000261522,37.49747324942179],[127.0884580632183,37.496504054635935],[127.08670177227566,37.495962073072384]]],[[[127.10813964546388,37.48930959967124],[127.11019171574128,37.48687888267508],[127.11156286921063,37.484558106389],[127.11227579389464,37.48353852793635]]],[[[127.11103542064541,37.48293504402488],[127.1110900690549,37.48289466254923],[127.1116954237647,37.4824403372523],[127.11458969282901,37.478524590470094]]],[[[127.0466687094521,37.53399972541588],[127.04399546935642,37.52756832006396],[127.04379003054346,37.52705285742561],[127.04182281192023,37.52751709763202]]],[[[127.05656656376357,37.52910117290873],[127.0602520021255,37.52752180766007],[127.06526490616979,37.52560351988907],[127.06194362197633,37.52213798538031]]],[[[127.06880349802961,37.51000278936197],[127.06942504467759,37.506448711423765],[127.06971255206784,37.50538776693556],[127.06980645000905,37.50504446572741]]],[[[127.07744906376256,37.48712375233895],[127.07641000744066,37.48370494677163],[127.07558958839915,37.48609494871636],[127.07552935238809,37.486199488645546]]],[[[127.1232114342576,37.53852869389423],[127.12243261823299,37.536264928936255],[127.12126083739227,37.53310755020215],[127.11981556610526,37.53353105777519]]],[[[127.12126083739227,37.53310755020215],[127.12071982824611,37.531317250199855],[127.11916131560106,37.528065646034186],[127.1164046623389,37.52396341162023]]],[[[127.14658029566631,37.49798005681578],[127.14545548975326,37.49545587337121],[127.14366491863761,37.49116037518098],[127.14271618566819,37.48912145384831]]],[[[127.1489717686615,37.49628361259846],[127.15032230524292,37.495360339867155],[127.15092364566615,37.49483031407676],[127.15106145970124,37.49469100993486]]],[[[127.16009543352675,37.497160050159195],[127.16005402169033,37.49459554471811],[127.16005128305575,37.4945233827011],[127.16004833198636,37.49444567758847]]],[[[127.16009543352675,37.497160050159195],[127.15685500121877,37.49838666863475],[127.1489717686615,37.49628361259846],[127.14658029566631,37.49798005681578]]],[[[127.1279889313365,37.5117351979738],[127.12390421005378,37.50537105985097],[127.12243266353276,37.505376504873986],[127.11665940468328,37.50776116180219]]],[[[127.12102781581191,37.51458835985016],[127.11675845192131,37.50791489470366],[127.11665940468328,37.50776116180219],[127.11535072813695,37.50853320393706]]],[[[127.1287418613178,37.52379095793578],[127.1339083832697,37.52154020710932],[127.13941843463981,37.51913813670537],[127.14083034688873,37.518505853805785]]],[[[127.1402267429743,37.50839417575326],[127.1412831267495,37.506942921065594],[127.14116080835956,37.506307745302735],[127.14093475997534,37.5057019440223]]],[[[127.11665940468328,37.50776116180219],[127.1151267124171,37.50531917975605],[127.11475556997347,37.504764705787935],[127.11412972935446,37.50408326338053]]],[[[127.12243266353276,37.505376504873986],[127.12166197803978,37.50227448311946],[127.11983678554711,37.50090869458292],[127.11876471102964,37.50025258185611]]],[[[127.1101460378273,37.501991418099806],[127.11162225485602,37.500396364844306],[127.11059372368301,37.500069615536844],[127.10963502599306,37.500997106756614]]],[[[127.09731373185726,37.50653855991122],[127.09707803999625,37.50395534794763],[127.09705014019994,37.5036352653786],[127.09700945824378,37.503165297036176]]],[[[127.12390421005378,37.50537105985097],[127.12813623597629,37.501998719568206],[127.12761001573125,37.50145624412207],[127.12734063090251,37.50116808743834]]],[[[127.11162225485602,37.500396364844306],[127.11479560975094,37.49820622459025],[127.11464317735427,37.49732585602821],[127.1146273841414,37.49723454163142]]],[[[127.13927614960723,37.49565723793897],[127.13796253616253,37.49430226701652],[127.13355138196167,37.49053120588665],[127.13036207445728,37.49284561247086]]],[[[127.13355138196167,37.49053120588665],[127.12980925672635,37.487245279877634],[127.12639760046451,37.482807726026756],[127.12416674477369,37.48236582453692]]],[[[127.12108331871373,37.488997870020434],[127.12416674477369,37.48236582453692],[127.12468539574172,37.48154264459908],[127.12506946818027,37.48093206286057]]],[[[127.08668757501577,37.51171743849391],[127.08557337068495,37.51142639582592],[127.08585003167792,37.510404051677355],[127.08593966621278,37.510181279579236]]],[[[127.1164046623389,37.52396341162023],[127.1127592671797,37.51771922433603],[127.10664911398601,37.51551272609659],[127.10330444926227,37.521498051834854]]],[[[127.10664911398601,37.51551272609659],[127.108090578093,37.511975038719996],[127.10464268906449,37.509244103750945],[127.10402645282267,37.50874929056749]]],[[[127.07318132611333,37.502130611156765],[127.0729119603448,37.50231981097726],[127.07265941051024,37.50249721362135],[127.07248850873326,37.50261751264852]]],[[[127.08668757501577,37.51171743849391],[127.08132664549338,37.51176294038175],[127.07832580815861,37.51187030578238],[127.0736332599678,37.51117406061876]]],[[[127.10402645282267,37.50874929056749],[127.10299269768485,37.50804726953615],[127.10264850114173,37.50787710813362],[127.10214207088006,37.507629782919444]]],[[[127.13667437170278,37.48915278231174],[127.13534650185385,37.48141507885481],[127.13684307440107,37.4814794956347],[127.13723833138972,37.481585932475774]]],[[[127.15767886964817,37.49016640067001],[127.15729725853221,37.48962864923902],[127.15763863747891,37.48914280054281],[127.15225034713217,37.486245783115145]]],[[[127.17148691152155,37.55732415752265],[127.17313841604835,37.55719590228149],[127.17582594166396,37.557502278764076],[127.18187832639636,37.55885787455035]]],[[[127.17412719970096,37.54541112977806],[127.17397469013639,37.545525555061786],[127.16859902573304,37.54518948423944],[127.16410987374897,37.54486470555749]]],[[[127.15021160018853,37.55469305983627],[127.14966878830685,37.55122236355096],[127.14856854982625,37.54577930934905],[127.14759758296739,37.54599172230954]]],[[[127.16319304745531,37.54501868568689],[127.16040210515521,37.54159780430569],[127.15974656388794,37.54239151094038],[127.15933824058278,37.54272383540975]]],[[[127.15657896479796,37.55537537070117],[127.15021160018853,37.55469305983627],[127.14447178485771,37.554770558241486],[127.1445020802486,37.55509739019967]]],[[[127.17148691152155,37.55732415752265],[127.16690447459459,37.556807687886405],[127.16520433638533,37.55660798398654],[127.16401904411009,37.55643220966826]]],[[[127.12919553151133,37.55476172114027],[127.12766533825895,37.5500692308976],[127.12673738610316,37.54789257637394],[127.12571239246643,37.54812819068908]]],[[[127.14447178485771,37.554770558241486],[127.12995333696313,37.554757838700574],[127.12919553151133,37.55476172114027],[127.12949828315914,37.55559770781044]]],[[[127.14273289818418,37.54507118339207],[127.14168701524204,37.54227725036389],[127.14100210619758,37.54243854081885],[127.13807327966991,37.54313153094344]]],[[[127.14168701524204,37.54227725036389],[127.13968778060574,37.54107461740449],[127.13791441171568,37.54116383543512],[127.13777305451246,37.541135234544925]]],[[[127.1318226871469,37.530141710367936],[127.1287418613178,37.52379095793578],[127.11916131560106,37.528065646034186],[127.12071982824611,37.531317250199855]]],[[[127.12642338967866,37.537660119942025],[127.1299378714483,37.53666050769303],[127.13294708891134,37.53591947513383],[127.13438753358616,37.535470687431406]]],[[[127.13857227069298,37.53398769652081],[127.13689509443162,37.52951845166838],[127.13663290216944,37.528825961537535],[127.1339083832697,37.52154020710932]]],[[[127.14580008867549,37.521989966841396],[127.14563987342946,37.52161992912742],[127.1452414971768,37.52065795668804],[127.14507833424577,37.520263951163116]]],[[[127.15355242225388,37.533996519079544],[127.15357184493446,37.5310209690097],[127.15351490748299,37.530330136647606],[127.15326485814504,37.5293312211051]]],[[[127.14447178485771,37.554770558241486],[127.14319035610012,37.55461233501758],[127.14031625491958,37.551320632002856],[127.14035967010575,37.55119725979084]]],[[[127.13457783289466,37.547120469952056],[127.13114558480392,37.54239239120035],[127.13085668979512,37.5420095391147],[127.13052412818276,37.541589368773074]]],[[[127.14856854982625,37.54577930934905],[127.14871093513004,37.54514889247083],[127.15362137439891,37.54325365146502],[127.15682297270459,37.54338002689939]]],[[[126.8317936893084,37.47757456016188],[126.832350541048,37.478263466237536],[126.83255471019905,37.479049140344266],[126.83199343869074,37.48009161549876]]],[[[127.18187832639636,37.55885787455035],[127.17582594166396,37.557502278764076],[127.17313841604835,37.55719590228149],[127.17148691152155,37.55732415752265]]],[[[127.0364781687079,37.57249708189399],[127.03572362888828,37.57259726336508],[127.03483641999087,37.57321574419404],[127.0345597400311,37.57399888088682]]]]}},{"type":"Feature","properties":{"regionCode":"26","name":"부산광역시"},"geometry":{"type":"MultiPolygon","coordinates":[[[[129.04001607594367,35.111424681628996],[129.0427298111509,35.11072215883535],[129.042347191582,35.11034344765853],[129.0423152220015,35.110297967631624]]],[[[129.03555569376866,35.09859276896401],[129.0355378992085,35.0987443121668],[129.03540831881423,35.09932325558388],[129.03535280927397,35.09951184702366]]],[[[129.03260974459624,35.108799613875085],[129.0321799061366,35.1085406994727],[129.03281489523275,35.1065930811417],[129.03315668232227,35.10636279025073]]],[[[129.0270478270189,35.11049540178221],[129.0281801287586,35.108224225109346],[129.02816619535164,35.10668956269356],[129.02828448367575,35.104059945792386]]],[[[129.02788699095495,35.103018873060066],[129.02790096800197,35.102641893919525],[129.02782518008738,35.09903598566782],[129.02513934775732,35.098067127030944]]],[[[129.0337197926512,35.10194909029688],[129.03357316531682,35.10187230722461],[129.03347514448882,35.1018102491954],[129.03331829245894,35.10167921222269]]],[[[129.03543517497565,35.098276648062544],[129.03677254168667,35.094688827043996],[129.03666950464086,35.09466438477779],[129.03637199645826,35.09550929431431]]],[[[129.03820311018,35.11200440879225],[129.03636234032274,35.10906711197079],[129.03437214384766,35.10882432487668],[129.0348201921703,35.109129645962206]]],[[[129.028223563291,35.11733520105265],[129.032649785004,35.115987180639884],[129.03318575312613,35.11549909573622],[129.03303906251202,35.11437873134408]]],[[[129.02644134577582,35.11109330592511],[129.02578541402895,35.11069965618853],[129.02293330437362,35.10897200871045],[129.0223454872347,35.107520394618824]]],[[[129.02613312823212,35.11677771480585],[129.02693127888296,35.115945906162004],[129.02817876343198,35.11567353238125],[129.028482927075,35.11298680610331]]],[[[129.02511501707022,35.13215959431827],[129.02566114046175,35.13076988766731],[129.02593762341817,35.1297786769572],[129.02602801068727,35.12912308810439]]],[[[129.01655744660965,35.112476513640225],[129.0179411161764,35.1099502773611],[129.02020509583153,35.107625781356155],[129.0180001625125,35.10771805645217]]],[[[129.01520301684627,35.11500275546452],[129.01655744660965,35.112476513640225],[129.01203918387873,35.11134608202437],[129.0117439416912,35.112146766796066]]],[[[129.00657510711716,35.13939482809143],[129.01132236660203,35.13818912292582],[129.0115437182983,35.13805132195354],[129.012125663477,35.13773252746067]]],[[[129.02020509583153,35.107625781356155],[129.0223454872347,35.107520394618824],[129.0212269833295,35.10330608027158],[129.02155015581673,35.101912113158015]]],[[[129.014084541302,35.10503496013206],[129.01332283002554,35.10374563052578],[129.01330190081796,35.10370548837215],[129.0132667891429,35.1036016668484]]],[[[129.01960662320698,35.09874197738947],[129.02005606471474,35.09871655441659],[129.02074530018692,35.09790186848695],[129.02151863856727,35.09616153138217]]],[[[129.02155015581673,35.101912113158015],[129.0239009890088,35.100363289819875],[129.02423299894602,35.10007900902957],[129.0245463887241,35.099553259681386]]],[[[129.0260521352617,35.086845636730835],[129.02458249468856,35.08676994975467],[129.0234121079654,35.087492394034676],[129.02201945393134,35.08876746220323]]],[[[129.01604394795325,35.04708839616813],[129.0158056817169,35.046826176056555],[129.01541972756723,35.04690569943599],[129.0148884952586,35.04709392328817]]],[[[129.0256902098285,35.08119728083104],[129.0253623019968,35.079591567213114],[129.02470952423508,35.07642107530927],[129.02459226925455,35.07608456621619]]],[[[129.0260521352617,35.086845636730835],[129.02664476002246,35.08530113217267],[129.0256902098285,35.08119728083104],[129.0245227168142,35.081270355567185]]],[[[129.03963402301738,35.115134364127314],[129.04107643267105,35.11420505292346],[129.04065135822557,35.11286354125061],[129.04039359770744,35.112255085473286]]],[[[129.03963402301738,35.115134364127314],[129.039305813464,35.11480146230953],[129.037512878858,35.115462504597765],[129.03736419457198,35.11769421722789]]],[[[129.0500031982967,35.12353127089618],[129.04998855937862,35.123486051091746],[129.04857338338374,35.12048962567982],[129.05023552874175,35.11925824627509]]],[[[129.03535761157573,35.126049032407714],[129.03754156791874,35.124294005594464],[129.03829048974637,35.120635273015836],[129.0360646782268,35.11976081609238]]],[[[129.04458127130388,35.12597726824691],[129.04440044241065,35.12556540143477],[129.04412526300666,35.1250211994802],[129.0429268881797,35.12269062237447]]],[[[129.0346921078769,35.137276788004414],[129.03746613575586,35.13529403078551],[129.0386895850693,35.134285437651656],[129.03913748452229,35.133952501033626]]],[[[129.04458127130388,35.12597726824691],[129.04290557602474,35.126132931297086],[129.0417222617366,35.12642051788887],[129.04079366942392,35.12660187561257]]],[[[129.04698794739215,35.13872088055192],[129.04749357536454,35.1375740911296],[129.04753616545673,35.13735559152017],[129.04752021209072,35.137252077477676]]],[[[129.06448312933315,35.141392386501934],[129.06609470918582,35.136977523857595],[129.0653328127233,35.12991361048902],[129.0628977591312,35.129740664513555]]],[[[129.05726691852584,35.142027059676465],[129.05711540006988,35.138084943140434],[129.05703346138276,35.135997509426794],[129.0517817422794,35.13708042607163]]],[[[129.0653328127233,35.12991361048902],[129.06529893880335,35.129623107486516],[129.06465331786407,35.128935105305914],[129.06486731932878,35.127265456876714]]],[[[129.05703346138276,35.135997509426794],[129.05640816579665,35.134256208514884],[129.0513186580145,35.13005581885113],[129.04955463760328,35.13076457708056]]],[[[129.03849708055327,35.09362267838633],[129.04283943351908,35.09212691791426],[129.04036806478956,35.08748430831864],[129.03862980898322,35.08433639969953]]],[[[129.0454172563846,35.091525680193755],[129.0455296085018,35.08944400116876],[129.04390883144026,35.086899242900365],[129.04348511171776,35.086386748011215]]],[[[129.0431692821788,35.08649346115766],[129.04309134336413,35.08634985326882],[129.042795979523,35.08580553672786],[129.04255583517175,35.08536297595879]]],[[[129.0464697512317,35.096801995466556],[129.04628936208434,35.093005876444956],[129.0454172563846,35.091525680193755],[129.04404056896578,35.09167611018092]]],[[[129.0624108356309,35.09879636181655],[129.06217527975082,35.09884361116501],[129.06120961684587,35.097580683390966],[129.0610947816034,35.09736417700716]]],[[[129.0624108356309,35.09879636181655],[129.06285906679614,35.09860866020003],[129.06578391256653,35.09730621803207],[129.06843392637214,35.0959886495736]]],[[[129.07773826694967,35.08363723788417],[129.08174027907418,35.077713820938776],[129.07542887406927,35.07543900396658],[129.07610188021627,35.07379505581801]]],[[[129.06861369085917,35.06498975278993],[129.07190843701278,35.06635358163136],[129.07370297741969,35.06685271637723],[129.07439846849678,35.06741759345553]]],[[[129.07773826694967,35.08363723788417],[129.07670138154603,35.08316845402885],[129.076358168748,35.08357945336884],[129.0761696989011,35.083836270944744]]],[[[129.0534886100303,35.08699321776928],[129.05383061177218,35.086551260841766],[129.05526468625428,35.08217628232971],[129.05388068359952,35.080198021305996]]],[[[129.0534886100303,35.08699321776928],[129.05269462420648,35.08789113573985],[129.0524040982665,35.08814444306169],[129.0523472500847,35.088194001718726]]],[[[129.062296290871,35.157826179074895],[129.06238441539764,35.15060948487617],[129.05700864775724,35.15054706480639],[129.0563518590983,35.150887138096564]]],[[[129.05750356924722,35.17607940170225],[129.0574694883256,35.176030387890435],[129.05744966498298,35.17564037950635],[129.05759592231817,35.17523018315855]]],[[[129.0438683820718,35.19838776771251],[129.05750356924722,35.17607940170225],[129.0218888950041,35.18328557505572],[129.0438683820718,35.19838776771251]]],[[[129.06734108929712,35.17690107955667],[129.0677775797256,35.17656549217236],[129.0675722231832,35.174791735546215],[129.0727874604993,35.171357750662615]]],[[[129.07503185727796,35.17759275872808],[129.07553767481735,35.177305052988125],[129.07795730420128,35.17540188762863],[129.08168344774177,35.171977954332874]]],[[[129.07885434069456,35.16573285715992],[129.07851942589934,35.162416696134976],[129.07762836530992,35.16160115086025],[129.07589599690328,35.16013431921083]]],[[[129.05314945518037,35.166591772988276],[129.05362978383218,35.161036934980814],[129.0533824554862,35.16079334257374],[129.0532817796607,35.16069416573059]]],[[[129.04478914623417,35.171770721086126],[129.04530994480783,35.17002317031408],[129.04477852996075,35.16939339040985],[129.04422139328574,35.16850854381042]]],[[[129.04941263478068,35.157313380833166],[129.04593987093224,35.15665577868322],[129.04406108880457,35.15742972191347],[129.0435611560587,35.15718500260599]]],[[[129.03870775744605,35.16747135857921],[129.03951873217332,35.163988408361185],[129.03640124567863,35.16456635043043],[129.03466953843403,35.165063459635455]]],[[[129.02626801195456,35.13512017602269],[129.0241203041084,35.13402281469792],[129.0208129052661,35.13684964740355],[129.0220259738227,35.138751774715544]]],[[[129.0233937158775,35.14744326780528],[129.02071669843167,35.148434515110544],[129.01619424245249,35.148249576671134],[129.01667393801887,35.15281118273201]]],[[[129.0233937158775,35.14744326780528],[129.02241528645573,35.14294987472985],[129.02244543049926,35.142387130944215],[129.02245176350692,35.142183019568435]]],[[[129.03353862255187,35.159536435695536],[129.03363041364435,35.15909410458129],[129.0337996184869,35.158278654178915],[129.0338071072635,35.1582305458692]]],[[[129.02149994647763,35.17831970499822],[129.02153010287168,35.176817326046425],[129.0218547000437,35.17394168746243],[129.02397735540575,35.171677584007]]],[[[129.04593987093224,35.15665577868322],[129.04612707354207,35.15414931602217],[129.04587260967324,35.153313831317234],[129.0458127136135,35.15315154314386]]],[[[129.06264388925382,35.17152128682669],[129.0643588208449,35.17058926732853],[129.06566956336798,35.169854062447754],[129.06641839100794,35.16876208611821]]],[[[129.0820334198332,35.15947867215036],[129.08293072250794,35.15823841213367],[129.08253586049855,35.15786858118958],[129.0822616499946,35.15749710978895]]],[[[129.09240634634455,35.19966502356049],[129.092513261793,35.19963651431138],[129.09278727074,35.199534393043926],[129.0939598824581,35.19909732824393]]],[[[129.0923933356336,35.210041146863915],[129.0925973074606,35.210026300919296],[129.09278092031545,35.209946410069406],[129.09314850403092,35.209755024630006]]],[[[129.08191635633665,35.22450954152047],[129.08249777421557,35.22389814440613],[129.08508609182022,35.22193056951878],[129.08726030886325,35.221656807349376]]],[[[129.07875659540034,35.21183117203053],[129.078849478003,35.20407181641922],[129.07314802657243,35.206474361036754],[129.06849793865757,35.208285357860255]]],[[[129.078849478003,35.20407181641922],[129.07830038463197,35.20252854953778],[129.07640724967044,35.2026232541436],[129.07381969486474,35.20202496309916]]],[[[129.06540015057814,35.20174543731833],[129.06454170620938,35.20057268797297],[129.0656421136063,35.19679604736819],[129.06568659176895,35.196655137994256]]],[[[129.05965270463125,35.20195139315934],[129.0586954680001,35.20082867588231],[129.05904622770728,35.199657785553235],[129.06101572748796,35.195720651966205]]],[[[129.07830038463197,35.20252854953778],[129.07844582738272,35.20195416810131],[129.08032678260702,35.19926690530353],[129.0781557781622,35.19937625725204]]],[[[129.09953478867806,35.20265785819913],[129.0996382173518,35.20242798769263],[129.1000612900341,35.201501873381545],[129.100096578677,35.20149546635513]]],[[[129.1163781122603,35.2010936506585],[129.11587336483973,35.20042086550314],[129.11583477346602,35.200335705819306],[129.11580383195837,35.20026742642533]]],[[[129.11004041344015,35.210114243992706],[129.10991821440925,35.20993361054798],[129.10987451868468,35.209673543069364],[129.11012187306738,35.20738930825817]]],[[[129.0975418855919,35.21407628441511],[129.10136477115392,35.212742300028616],[129.10176921283048,35.21258677393531],[129.1018710391907,35.21254637842011]]],[[[129.09399480101146,35.214961450148934],[129.0937219990384,35.214768025999085],[129.0935913941953,35.2146741504261],[129.0932707512164,35.214253352657884]]],[[[129.09600445559306,35.15986666530275],[129.09796915312305,35.15580644501618],[129.0981159256268,35.15553518037131],[129.0982340519225,35.155340560923136]]],[[[129.09720319555353,35.13009808138213],[129.09980372633004,35.12869732097958],[129.10070353245575,35.128182269698875],[129.10064240871478,35.12808696152569]]],[[[129.09642001589378,35.13577113399788],[129.0938416705775,35.13527996466771],[129.09362495014594,35.13526132833899],[129.09053969038598,35.13506169806458]]],[[[129.08797546500944,35.13494908515039],[129.08558916838757,35.13486838207747],[129.08387097360855,35.134775513604524],[129.081612576923,35.13453284801476]]],[[[129.11181015089383,35.135477062726224],[129.11340808978144,35.134799316109124],[129.11475780905067,35.134156717882504],[129.1150451797262,35.134000203111164]]],[[[129.1272397714773,35.114300039313726],[129.1274417514635,35.11215353921315],[129.12779297188663,35.1109918470387],[129.12792576147265,35.11024179746965]]],[[[129.1272397714773,35.114300039313726],[129.1232263562735,35.11484193564413],[129.1167811194416,35.115575994358316],[129.11106014474737,35.1163777154416]]],[[[129.11106014474737,35.1163777154416],[129.11102466550003,35.11311237908383],[129.11106008386918,35.11131158715317],[129.11204882997785,35.10780310145704]]],[[[129.10493477056625,35.126491560609175],[129.10432608650854,35.12492142648426],[129.10422309098195,35.12377580581677],[129.10422695509004,35.1237201436479]]],[[[129.07760404182523,35.120810490932826],[129.0770822909227,35.11972845040831],[129.0790996432034,35.11861186609345],[129.07989152218516,35.118861315856115]]],[[[129.09035007868886,35.12084836742601],[129.08825121626597,35.11856035131618],[129.0873326055469,35.11877638774272],[129.0833363161738,35.11948557466023]]],[[[129.08364496673332,35.149054593896054],[129.0832638172688,35.14473324955685],[129.0823140175576,35.14357080971897],[129.0775453065933,35.14092447243514]]],[[[129.06704759358576,35.139987745519505],[129.06789072299395,35.136924743265965],[129.06609470918582,35.136977523857595],[129.06448312933315,35.141392386501934]]],[[[129.0775453065933,35.14092447243514],[129.07649141094123,35.14093999582946],[129.07625712709546,35.14090321482209],[129.07614819416267,35.14088339379237]]],[[[129.07895385855042,35.13369408905657],[129.07585370941027,35.129899979293675],[129.07283207313785,35.13133454320721],[129.07308324962705,35.131630883507405]]],[[[129.09720319555353,35.13009808138213],[129.08927695659537,35.13018980478101],[129.08912909399464,35.13041189029447],[129.08839148187857,35.131519747669856]]],[[[129.07585370941027,35.129899979293675],[129.0775186673367,35.129587029022574],[129.0780525225723,35.12955354679005],[129.07870441930217,35.129545486009185]]],[[[129.01390349163475,35.20535104931454],[129.01482001562454,35.204281339112],[129.0170175785073,35.20218442569333],[129.01756200790663,35.201718125319076]]],[[[129.00359836776192,35.202174013863505],[129.0039167057731,35.20198196153773],[129.00397360444546,35.20194759583246],[129.0040511549873,35.20187600035014]]],[[[129.01832173116037,35.20001156582492],[129.0217846432469,35.19939710211683],[129.02322214307617,35.19788929879049],[129.02448762303962,35.19631907266802]]],[[[129.0505678912383,35.28005598956564],[129.04687966452582,35.273768146964635],[129.04623729646303,35.272876225143655],[129.04455645735257,35.2708027601464]]],[[[129.04881477225084,35.23847855902306],[129.04915549963502,35.23802971527923],[129.0469706260305,35.23477115820089],[129.04653790902242,35.23443887183884]]],[[[129.0221572450785,35.22391337078802],[129.0235126024381,35.222309430590144],[129.0236493789319,35.22128311221003],[129.0235979037057,35.22049836247824]]],[[[129.00820749017285,35.22110296333277],[129.0084057021076,35.2202561971668],[129.00910778585052,35.21744598815121],[129.01058934178516,35.21779673840174]]],[[[129.0217846432469,35.19939710211683],[129.01832173116037,35.20001156582492],[129.01824532577407,35.20086014117786],[129.01756200790663,35.201718125319076]]],[[[129.05971076477323,35.23002343231531],[129.060004388952,35.229682215057124],[129.0603264187478,35.22924371277671],[129.06057262199613,35.228470491248515]]],[[[129.05145087877557,35.211363915459664],[129.05097667319382,35.208442265063105],[129.05039708963582,35.207216282351425],[129.04999989406124,35.20665660361398]]],[[[129.03120009820893,35.21293601355404],[129.0325356806057,35.212560349021565],[129.03289905478917,35.21093234669461],[129.03259273779503,35.20945082673464]]],[[[129.04881477225084,35.23847855902306],[129.0392581232078,35.239416997894196],[129.0374092558163,35.23945649563635],[129.0334288624323,35.23915039287128]]],[[[129.01420290567083,35.23986938126634],[129.01397462824664,35.23689527673601],[129.0137038909462,35.236902957062476],[129.01367163691074,35.23632815775217]]],[[[129.16630575936816,35.17907288508097],[129.16636583476648,35.17865830872348],[129.16601377532803,35.177990700561445],[129.16569572179105,35.17743534367397]]],[[[129.14464268412286,35.162856874484824],[129.1431882870304,35.16370762134615],[129.14278744973348,35.16371058852333],[129.14048067058016,35.16199466717087]]],[[[129.17462828278317,35.16822236580994],[129.17599547094585,35.16727111980066],[129.17698060371578,35.16651034382927],[129.17558760393288,35.165155866627316]]],[[[129.1896877250825,35.165897714572964],[129.19040576923646,35.165636822756404],[129.19138051442167,35.16491399544829],[129.19288769181452,35.16490088421715]]],[[[129.20792222656215,35.181944959030275],[129.2075837764139,35.18047056183829],[129.20733453321046,35.180068993094125],[129.2056723429685,35.179114296643114]]],[[[129.1457732814357,35.192050301712136],[129.14073620832585,35.192977436289766],[129.13822353403353,35.19345287111297],[129.1362539996975,35.1937852570019]]],[[[129.15296218589202,35.20093151524017],[129.15302585184642,35.199238763072074],[129.15178951851885,35.198185174841925],[129.14963786952913,35.19466445699902]]],[[[129.16640185179898,35.22083683167936],[129.16452715879572,35.22205500371746],[129.1641588665958,35.222405595434104],[129.16384607164343,35.22270337203274]]],[[[129.14371463872806,35.18818291585921],[129.1412901999208,35.18523635023045],[129.1377012194818,35.18085968309634],[129.13578288925618,35.180038056896045]]],[[[129.1457732814357,35.192050301712136],[129.14512655352115,35.19113886547748],[129.14460909962764,35.18999541427936],[129.14397655828378,35.18846091122094]]],[[[129.181835014465,35.17212767163553],[129.1811527899012,35.17180981420734],[129.177813290954,35.17015734372162],[129.17607432010524,35.169320253626026]]],[[[129.1896877250825,35.165897714572964],[129.1888571152013,35.166066338433055],[129.18820539801095,35.16640677584273],[129.18800261502247,35.16719426391885]]],[[[129.17092379429388,35.17661167817451],[129.17269100299222,35.174249034398706],[129.17120622684376,35.17346158566692],[129.17171315166055,35.172590816926395]]],[[[129.18904466404177,35.18995761388205],[129.18858335995753,35.18807961291379],[129.18865036040714,35.187451628929274],[129.18940190146253,35.186940933859056]]],[[[129.15618236029584,35.204271498900326],[129.1548801099982,35.2040638206916],[129.15456531707125,35.20334961949761],[129.1542102563306,35.20177018898777]]],[[[129.1163781122603,35.2010936506585],[129.11505869894745,35.201767396100635],[129.1137764384947,35.20176638745593],[129.1121097201019,35.20321347202186]]],[[[129.16640185179898,35.22083683167936],[129.16610325576477,35.21910824853392],[129.16620474979416,35.21874465397868],[129.16622996777878,35.21856986586015]]],[[[128.9930838690622,35.093243069629374],[128.99059479980448,35.09119338573021],[128.98877627682515,35.09183438640874],[128.9835560611985,35.091884269258465]]],[[[129.00371121474373,35.11067010633896],[129.00614980598144,35.10954722471382],[129.00628224186983,35.10946941892566],[129.00662797414716,35.10917431634504]]],[[[129.0001455828842,35.11838440909231],[128.99969110369025,35.11611862533428],[128.99891804492688,35.11345377499968],[128.99875088061185,35.112153514100825]]],[[[128.99219047131385,35.110766305773616],[128.9916007237418,35.10965109170835],[128.99112855780817,35.109269736274236],[128.98993325021078,35.108296053249056]]],[[[128.99796856024992,35.12254815787114],[129.00032267195502,35.120375027315],[129.0005108766161,35.120201283690506],[129.0001455828842,35.11838440909231]]],[[[128.93685640338123,35.109884367743234],[128.97336689417156,35.10198084375019],[128.93851606290053,35.07810166840805],[128.93685640338123,35.109884367743234]]],[[[128.97579120004255,35.11692565838509],[128.97567528145856,35.11646040063747],[128.97563734533995,35.116335417685846],[128.9732357851548,35.11154373911604]]],[[[128.97500304418494,35.09653237535922],[128.97608654101137,35.09659567554411],[128.97628207449077,35.096597124561065],[128.9764205012833,35.09656581661768]]],[[[128.97133964209684,35.0977345170449],[128.96892337405572,35.09642111744917],[128.96777193028777,35.095641569978085],[128.96778893542444,35.0956137309615]]],[[[128.97744098397342,35.08512483575961],[128.97732721840293,35.08230590267367],[128.97656826181762,35.08063567987676],[128.97493826453632,35.08063302455622]]],[[[128.98309476446858,35.08492957321366],[128.98357474858454,35.08491083273045],[128.98365954310648,35.08473563841887],[128.98303526295197,35.08146586059232]]],[[[128.9726613699132,35.029657264705236],[128.97108542006168,35.02932682058217],[128.96872008287275,35.029854663077764],[128.9685327024136,35.03023234354544]]],[[[128.97598397899372,35.0432651244361],[128.9756539232202,35.04321202953449],[128.97527588920488,35.04328659007845],[128.97481540932444,35.04344913349921]]],[[[128.96911925557512,35.06590226880129],[128.9706341507583,35.0663839309105],[128.97172015651765,35.0634074270604],[128.9719498093381,35.06305121156548]]],[[[128.99686392491128,35.04845337829133],[128.99442454631784,35.04811957323483],[128.99060927425717,35.04891824251305],[128.99027743067396,35.04908470769659]]],[[[128.99059479980448,35.09119338573021],[128.99097123327488,35.09002354538153],[128.991767520637,35.0889737164774],[128.992536141878,35.088319963991744]]],[[[129.00346099681897,35.09697097637919],[129.003122564347,35.094727043725115],[129.00246995673263,35.09386803029108],[129.00265164588185,35.093387919275756]]],[[[129.0128415442461,35.0954082362893],[129.0138435320915,35.094170152123006],[129.01414929289174,35.09366496277644],[129.01430048622598,35.09318594727336]]],[[[129.09966125720234,35.216158742803096],[129.0975418855919,35.21407628441511],[129.09563465939607,35.21453932852696],[129.0943588901752,35.21543237203513]]],[[[129.10842011994413,35.21410883487645],[129.11032400973258,35.21097746179082],[129.11004041344015,35.210114243992706],[129.10863660538115,35.21018527587185]]],[[[129.14428701915543,35.25072721185762],[129.14432028323984,35.2499125574283],[129.14361404657424,35.24868908515951],[129.14376194322003,35.24685794126952]]],[[[129.10358387622892,35.2297759103457],[129.10255493197545,35.22638294018543],[129.1007586347603,35.22307642528478],[129.09944884516722,35.222202930705365]]],[[[129.1017149802622,35.230489229557385],[129.10113462954124,35.228384436976555],[129.10068133531803,35.22766362258217],[129.10013554789435,35.22707578245959]]],[[[129.13923516551816,35.25415543112416],[129.13737814737127,35.25313481329164],[129.13600179448161,35.25236353562732],[129.13457590296184,35.251081756760165]]],[[[129.09616562534885,35.220180566552166],[129.0964351731129,35.21981345485922],[129.09641576877846,35.219058619218906],[129.0964147723032,35.21901985843933]]],[[[129.07742070596075,35.2456788172848],[129.0783744000177,35.24501772150385],[129.07869547025743,35.24494267935635],[129.07893227958368,35.24489014064591]]],[[[129.1089184004478,35.305068397078145],[129.110445629531,35.30442974865163],[129.11601776526172,35.30218221244042],[129.12083475858412,35.30193077171007]]],[[[129.09738356311692,35.27275668828438],[129.04991276854275,35.28386243063585],[129.09700000954916,35.30353974967768],[129.09738356311692,35.27275668828438]]],[[[129.09738356311692,35.27275668828438],[129.09728712675428,35.271827637004016],[129.0965053641495,35.269405914782574],[129.0959833518572,35.268369602966736]]],[[[129.10492105527493,35.255499904890684],[129.1049132886768,35.25535652484847],[129.1045292301965,35.25467425806546],[129.10391367236193,35.25394853729487]]],[[[129.09706901981033,35.2614112737056],[129.09818903598753,35.26100330798511],[129.0983421652899,35.260921375384925],[129.09974232381606,35.25930927094397]]],[[[129.06083341530376,35.272237931217994],[129.0606434435394,35.27169966753891],[129.06044207885063,35.27032050448265],[129.06098840808076,35.26913677834536]]],[[[129.1067166091087,35.22789709143202],[129.1070061840514,35.22777107927101],[129.10730152556584,35.22754758740756],[129.10762329052193,35.22716652177506]]],[[[128.9968774824069,35.2236338757376],[128.99616066322818,35.213058897548734],[128.9959305327819,35.20966290738885],[128.9958135167809,35.207936038012726]]],[[[128.97247674429147,35.19068033313128],[128.93348349785865,35.11375754602007],[128.921256750178,35.18667375149141],[128.97247674429147,35.19068033313128]]],[[[128.94711852156163,35.22668441122553],[128.9037826060807,35.13078738539631],[128.9056415517545,35.19955960497643],[128.94711852156163,35.22668441122553]]],[[[128.91820819752783,35.13416033604034],[128.93903768106512,35.112901215638175],[128.89627259836442,35.08899668198007],[128.91820819752783,35.13416033604034]]],[[[128.91238816085257,35.22256299901472],[128.9037826060807,35.13078738539631],[128.87038897776137,35.20171224662656],[128.91238816085257,35.22256299901472]]],[[[128.87195115309547,35.08047806394135],[128.8690507939669,35.08181164433174],[128.8710508035562,35.08475961676562],[128.87097898352675,35.08866629276696]]],[[[128.83247305545595,35.0863131507276],[128.85883950493493,35.06422960818541],[128.82731002810795,34.988047656887],[128.79598986690166,35.05890284224201],[128.83247305545595,35.0863131507276]]],[[[129.08032678260702,35.19926690530353],[129.08310276803488,35.19642191780893],[129.08405601660903,35.19562783030736],[129.0847181341108,35.19520939987612]]],[[[129.07412354125148,35.188587493565485],[129.0706298729745,35.18552099420783],[129.07049785579258,35.185529061950746],[129.06918086442454,35.18544601253956]]],[[[129.07722391729135,35.18773310568053],[129.07477110062553,35.1843387084064],[129.07471580328675,35.18426216843132],[129.07363542058445,35.18268268884845]]],[[[129.0706298729745,35.18552099420783],[129.07044113343295,35.18514522750244],[129.0691700178172,35.18216801047837],[129.06895552824903,35.18165924937912]]],[[[129.09542694518834,35.192384307384685],[129.09538602848767,35.19232395718264],[129.09507056082728,35.191858623118506],[129.09455346527332,35.19109583980979]]],[[[129.08384151988255,35.18100567606353],[129.08443335343688,35.17965694724847],[129.0854868640186,35.177232869796136],[129.0858781198151,35.17630538021375]]],[[[129.09646211025685,35.17345509131387],[129.09698570000546,35.17331371698669],[129.09699497039264,35.17320467520134],[129.09711226083866,35.17182484766226]]],[[[129.09300375711896,35.1826936218968],[129.09599541210562,35.1801881600702],[129.09402450281243,35.17968837915678],[129.09344825587166,35.17954225411932]]],[[[129.08384151988255,35.18100567606353],[129.07915827039378,35.18139510832566],[129.0783317261575,35.181798784240286],[129.07776814080322,35.18111756785286]]],[[[129.097422891174,35.17952126940156],[129.0970990560079,35.178969664708475],[129.09667097228336,35.17795447906958],[129.0965713944882,35.17771831711843]]],[[[129.09941441250413,35.19174614609152],[129.1005446670547,35.18918765083319],[129.10120546859034,35.18769179934146],[129.10265014179038,35.18772132628719]]],[[[129.10062010109428,35.19143783502169],[129.1023705514548,35.190985270951636],[129.10377541223963,35.190862536883145],[129.10526200862682,35.19076350761995]]],[[[129.11346492085391,35.14894354284781],[129.11115891654958,35.14583159196943],[129.11082057977666,35.14290539876078],[129.11084290086708,35.142365778269365]]],[[[129.1151366034389,35.14798729734683],[129.11511113800668,35.14710194073346],[129.11537776293727,35.146377938410126],[129.11555095394763,35.14618902642126]]],[[[129.12249905533562,35.1730217184355],[129.12260992245825,35.17269680446927],[129.12317120085623,35.171051876632454],[129.1234324647827,35.170614474389986]]],[[[129.10718169002797,35.17810970782351],[129.10720706255228,35.17778201188707],[129.10721437543654,35.17768767175362],[129.107233654506,35.177465171208944]]],[[[129.1210579320327,35.174647138562634],[129.12192028243854,35.17363856328172],[129.12249905533562,35.1730217184355],[129.1204471692004,35.173060611317695]]],[[[129.11876169090536,35.16484660445958],[129.1209556814752,35.158654699141934],[129.11353704465273,35.159753793667825],[129.11361314129556,35.16001315176523]]],[[[129.1209556814752,35.158654699141934],[129.1201767446426,35.15764588127842],[129.11911534574284,35.15627118852349],[129.11810730503174,35.15496554224136]]],[[[129.10923899008637,35.171595519798664],[129.10954236528508,35.171609261380134],[129.10956790933218,35.17114753185072],[129.1104930081044,35.17050149103873]]],[[[129.11353704465273,35.159753793667825],[129.11332529919648,35.15872962804431],[129.11298359373095,35.15709388678073],[129.11280749272544,35.1563120087758]]],[[[129.1265833212837,35.16602617330569],[129.13026315383752,35.16376922460755],[129.13095017811176,35.16328892553498],[129.131328372053,35.16296562930203]]],[[[128.987946053341,35.1959047485512],[128.9876611039451,35.194291347483],[128.98761073114264,35.19400616160041],[128.98754566432936,35.19374044981525]]],[[[129.00060713934948,35.19166289835499],[128.99946629598546,35.190725910845586],[128.99434033013475,35.18499741433571],[128.99314706113432,35.183220940416184]]],[[[129.02114382379534,35.187751167562425],[129.02169613137943,35.18418667998897],[129.02172741540724,35.18356264750614],[129.02174892241595,35.18351552150814]]],[[[128.99521067001345,35.17184848053807],[128.9952384160324,35.170603590828534],[128.99521436880448,35.17042828565131],[128.9951530602746,35.17026869218276]]],[[[128.9912992163086,35.181359675592404],[128.99283083959375,35.18031894932057],[128.99451780987505,35.180230093781894],[128.99501148684107,35.18017152795236]]],[[[129.01017323862936,35.17360665196828],[129.01009003820303,35.17035940934349],[129.00939599376827,35.16908863667206],[129.00795014921485,35.16666024973626]]],[[[129.00603933181196,35.15079801405787],[128.9976650899972,35.150015304536474],[128.99174310780145,35.14965269293894],[128.99206145619112,35.15096457361787]]],[[[129.01284353539765,35.16567416154622],[129.0116272405497,35.163839911267814],[129.01102514991956,35.162724140046876],[129.0106414375882,35.160154222405225]]],[[[129.00657510711716,35.13939482809143],[129.00473702343777,35.13943513210267],[129.00451760683498,35.1395132926308],[129.00430838379262,35.139727242348755]]],[[[128.99174310780145,35.14965269293894],[128.9976650899972,35.150015304536474],[128.9974578990259,35.14797682346233],[128.997320211707,35.14788701476068]]],[[[128.97290666477215,35.133473598914335],[128.97364486273432,35.13479841425657],[128.97372591445279,35.13491684745887],[128.97381424415136,35.13500312226473]]],[[[128.9996950616755,35.161873680044955],[128.99907483098556,35.16044123019732],[128.99770348005111,35.158566106026086],[128.9969364896844,35.15800028572564]]],[[[129.25290880641748,35.25225085624959],[129.2218331623288,35.18419247496561],[129.16026027283183,35.20629311485381],[129.1959766657214,35.26757787122199],[129.25290880641748,35.25225085624959]]],[[[129.20297368420788,35.38786983020016],[129.26527076472655,35.38647176283808],[129.30265183212205,35.321371878147374],[129.24275510233008,35.30788898270402],[129.20297368420788,35.38786983020016]]],[[[129.2300684787686,35.31971707363651],[129.1546450742992,35.30875519539044],[129.13086378924052,35.36502721016589],[129.20196338879495,35.374928913566656],[129.2300684787686,35.31971707363651]]],[[[129.2300684787686,35.31971707363651],[129.26295449610078,35.31515880664624],[129.25290880641748,35.25225085624959],[129.17954603323096,35.29131676396734],[129.2300684787686,35.31971707363651]]],[[[129.18027520019518,35.30520748520192],[129.16610325576477,35.21910824853392],[129.1089184004478,35.305068397078145],[129.12932412155652,35.343965896849014],[129.18027520019518,35.30520748520192]]],[[[129.1527871550036,35.15735199105733],[129.1488257179007,35.156623982135855],[129.14838817780628,35.15642139774996],[129.14766653995738,35.15576371645938]]],[[[129.0633341325516,35.14869346032267],[129.06327678979991,35.148554072419735],[129.06312487819224,35.14818479649963],[129.06317430744275,35.144539314535265]]],[[[129.05059000704333,35.15700899673491],[129.0498524981035,35.15526250717726],[129.0526245277886,35.153850769132184],[129.0549126554299,35.15173310395606]]],[[[128.89627259836442,35.08899668198007],[128.9121729069662,35.089365281474244],[128.91230093850427,35.08408785889159],[128.91224353780711,35.081974494593595]]],[[[129.08940702333845,35.23108691761605],[129.08915943179457,35.2265129182508],[129.0877990960281,35.22222004004897],[129.08726030886325,35.221656807349376]]],[[[128.89259511472258,35.093959422766176],[128.8345174554085,35.08024346691058],[128.79402273725665,35.15793864075243],[128.88019930669716,35.17203049299251],[128.89259511472258,35.093959422766176]]]]}},{"type":"Feature","properties":{"regionCode":"27","name":"대구광역시"},"geometry":{"type":"MultiPolygon","coordinates":[[[[128.59981147034233,35.86827404494616],[128.6025209366928,35.867658484495436],[128.61317315398796,35.86548347049956],[128.6096160692728,35.86184188060294]]],[[[128.60136171435073,35.87480494604066],[128.59981147034233,35.86827404494616],[128.5995697245268,35.86832164626987],[128.59938819202057,35.86835692344969]]],[[[128.59494637524298,35.875297745352825],[128.59407497386147,35.87205880405248],[128.59365520973202,35.86990128973005],[128.59346729283766,35.86612140526099]]],[[[128.58017175330784,35.87907855152338],[128.58837879477232,35.8775254076706],[128.58787391608374,35.87567046374412],[128.5872734950472,35.87027277651064]]],[[[128.5826091747158,35.87059374299797],[128.58235034174163,35.865146184030046],[128.58172166692066,35.86476194105173],[128.57420447635695,35.86268418532492]]],[[[128.59346729283766,35.86612140526099],[128.59479889389266,35.86429424099944],[128.5957472933539,35.86157849277505],[128.59595246223435,35.86102543800595]]],[[[128.59086183058736,35.86610783552169],[128.59076193570348,35.86575651099883],[128.59100795386004,35.865712734674084],[128.59240878591362,35.865469687178965]]],[[[128.59038154836585,35.862036591939656],[128.5877853047037,35.85674549545297],[128.58423096814232,35.85642871938986],[128.58285924279392,35.856328027503956]]],[[[128.5824900877616,35.86220635712659],[128.58285924279392,35.856328027503956],[128.5745839364292,35.86005798818945],[128.57420447635695,35.86268418532492]]],[[[128.6096160692728,35.86184188060294],[128.6091362333196,35.86143239387278],[128.60898730401638,35.861305286303285],[128.60844630322018,35.8599053391088]]],[[[128.60244706937632,35.85527302499215],[128.60004214536164,35.85541223809458],[128.59874763512337,35.85548716006152],[128.59853902409867,35.85549923646253]]],[[[128.61474379396603,35.86817787771339],[128.6145687241592,35.86795873084202],[128.61317315398796,35.86548347049956],[128.6025209366928,35.867658484495436]]],[[[128.62312667404552,35.88311713984747],[128.62233603083368,35.882873339827476],[128.62229777749715,35.88286463844105],[128.6212209283507,35.88261970234466]]],[[[128.61408097750433,35.88117311529482],[128.61658157011354,35.87652761142534],[128.61085754819712,35.87497343932011],[128.6103234899718,35.874896028820494]]],[[[128.62698063687108,35.87797519262173],[128.62666192270171,35.877553661664805],[128.6260301947332,35.8773809240384],[128.62594583388895,35.8773722674628]]],[[[128.62805959662535,35.88962685554622],[128.63309224513313,35.88565030941583],[128.6362968214676,35.882382694075794],[128.6365631238511,35.88210255991773]]],[[[128.6348871913381,35.89145862351689],[128.63798711995014,35.89008809412665],[128.64164472988134,35.88859906169234],[128.6413343476414,35.88812588544233]]],[[[128.61858839493536,35.86781083307029],[128.61474379396603,35.86817787771339],[128.6120085185286,35.873784622944164],[128.6103234899718,35.874896028820494]]],[[[128.62710277681686,35.867127185663136],[128.619267748278,35.86774492815221],[128.61858839493536,35.86781083307029],[128.62011940755417,35.86960051812488]]],[[[128.63520904926185,35.87213233161256],[128.63485262078865,35.87202885962288],[128.63454649664936,35.87188446755272],[128.63439330253792,35.871809739991065]]],[[[128.65423564541248,35.88186641190127],[128.66021917004392,35.876840670780126],[128.65604848667857,35.876102208883296],[128.65416852910394,35.87690074130137]]],[[[128.64490704066506,35.87662023695958],[128.64441864394817,35.876322612231625],[128.63950218784356,35.87341722991836],[128.63944037551937,35.873381465515095]]],[[[128.74108379283484,35.93769493818521],[128.6426243587262,35.90900637898205],[128.66923400180636,35.9445411944896],[128.74108379283484,35.93769493818521]]],[[[128.66093895107497,35.93408693367472],[128.62829547197984,35.9003367542824],[128.625204743965,35.93583565655591],[128.66093895107497,35.93408693367472]]],[[[128.65268852347998,35.90758940347815],[128.6500185285081,35.90555574429055],[128.64765127498853,35.90179979420285],[128.64640640313473,35.898143373770864]]],[[[128.66988176287379,35.90332297661436],[128.6700865276688,35.90256475152247],[128.6696564614605,35.90008090499967],[128.6689432091656,35.89596789940168]]],[[[128.67500782383854,35.87759739484174],[128.67332643366055,35.873898687232675],[128.66844928005003,35.87362906907681],[128.66828978503298,35.87359568528131]]],[[[128.70287696788247,35.91415591801429],[128.69916379076682,35.880688198579755],[128.65839439904892,35.88371155269369],[128.70287696788247,35.91415591801429]]],[[[128.69524562537185,36.016296647152906],[128.74108379283484,35.93769493818521],[128.625204743965,35.93583565655591],[128.60294060869262,35.98945325073437],[128.69524562537185,36.016296647152906]]],[[[128.70870662863894,35.872932605038194],[128.7091088469747,35.872227860354045],[128.70902112205096,35.87098202103065],[128.70900483465664,35.87088853281473]]],[[[128.73788059865612,35.929825175569334],[128.73786862018488,35.92979764078652],[128.73785457677613,35.92969609743012],[128.73784997042694,35.929637538592594]]],[[[128.70801028217585,35.87755466374202],[128.70992286501618,35.87698998534697],[128.71607683428968,35.8764037990115],[128.72755965453328,35.87542607369386]]],[[[128.5677121467405,35.86107917062404],[128.55847142073517,35.85824945600572],[128.55724580424,35.85783528524398],[128.55616419714372,35.863574477289845]]],[[[128.5793790076799,35.87046735719561],[128.57971670360115,35.87031211043361],[128.5796515008015,35.87012889387297],[128.57960219092143,35.870047158656355]]],[[[128.55724580424,35.85783528524398],[128.55722938986872,35.8577411933772],[128.55355276912118,35.85638542348514],[128.55350485644598,35.85646141935741]]],[[[128.57268664939735,35.88289505859501],[128.57171450190282,35.88059418942262],[128.5714544092266,35.87976461642623],[128.56813129065162,35.87959938724279]]],[[[128.57794370112424,35.87949572893189],[128.57839059434426,35.87623925001616],[128.5793056684623,35.87532781665804],[128.57846664460521,35.87535706432394]]],[[[128.57881788286352,35.87077795406494],[128.57738916513281,35.86937850744095],[128.5773631099715,35.869318135312824],[128.57678404061664,35.86897772024115]]],[[[128.56853467998562,35.88881207718028],[128.5711178211619,35.8868810167742],[128.5722604988333,35.88602516618208],[128.57291846331188,35.88547794188945]]],[[[128.57111005706864,35.87244800543225],[128.56767624991352,35.87220105104514],[128.56715660286284,35.87218124902343],[128.5674525017259,35.875921383161604]]],[[[128.5520338181984,35.894169109767596],[128.5519032595585,35.894046611367905],[128.5519741874193,35.89396474306251],[128.55253999775456,35.89331166376124]]],[[[128.56813129065162,35.87959938724279],[128.5674525017259,35.875921383161604],[128.56715660286284,35.87218124902343],[128.56288627956894,35.87201842300597]]],[[[128.56795537729764,35.86671282890738],[128.5655609766087,35.8662159109388],[128.5637989166772,35.86577765195162],[128.56288627956894,35.87201842300597]]],[[[128.5631420895606,35.88057730635025],[128.56288627956894,35.87201842300597],[128.55496982390153,35.8706007537326],[128.5549109378458,35.87556456324937]]],[[[128.5637989166772,35.86577765195162],[128.55937419958323,35.86425811382695],[128.55616419714372,35.863574477289845],[128.55344997164568,35.86310141089322]]],[[[128.55496982390153,35.8706007537326],[128.5521457763244,35.87006978854027],[128.54662311740884,35.86896239276856],[128.54686299382047,35.8739767331213]]],[[[128.55501110110214,35.880900950573746],[128.5549109378458,35.87556456324937],[128.54686299382047,35.8739767331213],[128.54686888360774,35.87407616867635]]],[[[128.53118408076648,35.88762955655913],[128.53245633715224,35.88663598129762],[128.5337160858271,35.88581500400291],[128.5350899428277,35.88493622168066]]],[[[128.5820772502546,35.88513068230649],[128.58020762892508,35.87920214677422],[128.58017175330784,35.87907855152338],[128.57794370112424,35.87949572893189]]],[[[128.60244706937632,35.85527302499215],[128.60846740347904,35.85494815655783],[128.60851653880175,35.85435434502197],[128.60733640127802,35.849369274027126]]],[[[128.60647177273776,35.845026873510385],[128.6066744163446,35.84380933586015],[128.60445896014994,35.843401888110506],[128.6009457244591,35.844666237263006]]],[[[128.6066744163446,35.84380933586015],[128.60768652134476,35.84388925033551],[128.60770397213912,35.84326990214698],[128.60772705957288,35.842450424894714]]],[[[128.6009457244591,35.844666237263006],[128.60082832534766,35.843435354788866],[128.60071532998347,35.84232510611487],[128.6006503480035,35.84180207035302]]],[[[128.58008601586494,35.846752423117934],[128.5800697469647,35.845898763086865],[128.58005877226543,35.845320272177325],[128.5800331296145,35.843968180989805]]],[[[128.59467331177078,35.856578054560046],[128.59471695268647,35.8565734547216],[128.5938704342627,35.85461089600934],[128.59578373937765,35.84986898256449]]],[[[128.58285924279392,35.856328027503956],[128.58423096814232,35.85642871938986],[128.58456473457846,35.8540744359329],[128.5847324653563,35.852712136855814]]],[[[128.57850592989033,35.84677905896208],[128.57828446602824,35.84592130157761],[128.5760455244212,35.84505343586458],[128.57267982972235,35.84517128121564]]],[[[128.5905596097556,35.84779810945683],[128.59052934668188,35.84531917568541],[128.5904996672429,35.842887926659735],[128.5905035320769,35.84260696352305]]],[[[128.5714062598703,35.839400624178204],[128.5714030988389,35.838588812332986],[128.57139750370368,35.83714903428558],[128.57137909218065,35.83240646357711]]],[[[128.58323270694143,35.81387419318091],[128.58191303722367,35.812750989605505],[128.58146174187917,35.81172131064698],[128.58090214272968,35.811489858209576]]],[[[128.57675967926087,35.83908396844347],[128.5714062598703,35.839400624178204],[128.57014136710242,35.83950110757697],[128.56955018500898,35.839508825069295]]],[[[128.56823861958097,35.82434602433741],[128.56787360709419,35.824262456741096],[128.56732484991173,35.82420109920916],[128.5660277285287,35.824456696619116]]],[[[128.584615339171,35.8845928868233],[128.59024398117882,35.883400024523304],[128.58839673084213,35.877576520549624],[128.58837879477232,35.8775254076706]]],[[[128.5909187624849,35.885702926386784],[128.5929539430856,35.8844972756676],[128.59411046102622,35.883015459052004],[128.59509296124858,35.88257780931231]]],[[[128.59317072410425,35.90574943889802],[128.59333978869427,35.90382999202637],[128.59357655791504,35.90114288179024],[128.59305612123285,35.901031206731666]]],[[[128.5993297740486,35.89051967462975],[128.60204209600434,35.88787134882482],[128.60214576726375,35.8858549122634],[128.60119821766182,35.88426251620316]]],[[[128.59337554786225,35.89314247849934],[128.58976248512658,35.89190619858492],[128.59000440814708,35.89142173643902],[128.59027854389248,35.890872769588]]],[[[128.60620287450757,35.90212798865375],[128.60560102532668,35.90157330364983],[128.60397500834117,35.900924716540395],[128.60346333044444,35.900739828633135]]],[[[128.60705253402136,35.9156294076671],[128.60683304218114,35.91411889012714],[128.60876225637185,35.91445183718377],[128.60945593170715,35.91415386464843]]],[[[128.6150888284105,35.897759605460216],[128.6151314304583,35.89761402327341],[128.6149375573051,35.897490513509645],[128.61453135366878,35.89713479331354]]],[[[128.60921739506986,35.90033522239946],[128.6082696443794,35.89953567222418],[128.60788643786276,35.899212256220025],[128.60715258428385,35.89858251575462]]],[[[128.62223564703547,35.89246562550892],[128.61988832408494,35.89089066189775],[128.61741984075232,35.889251458866404],[128.61703163792157,35.88879134177773]]],[[[128.62758376886262,35.90592286330547],[128.62748153319126,35.90569864320533],[128.6274150076673,35.905549688394835],[128.62725455519484,35.90479722997629]]],[[[128.62758376886262,35.90592286330547],[128.6213779020278,35.9074204887368],[128.61910633515186,35.90615179434099],[128.6162915891446,35.910196947478056]]],[[[128.625204743965,35.93583565655591],[128.5696933053188,35.90514270914562],[128.6038415336013,35.988527804468326],[128.625204743965,35.93583565655591]]],[[[128.55415864500316,35.93209957966726],[128.55456389161566,35.93206230734083],[128.55427675658635,35.93126089335476],[128.55403271950277,35.9308792544908]]],[[[128.5701880826419,35.92569955269224],[128.57087828017137,35.92505465510477],[128.57045123583296,35.9238703667167],[128.56977158510148,35.92356071715921]]],[[[128.5528507394137,35.960737837875435],[128.55415864500316,35.93209957966726],[128.52878575203,35.98045044955973],[128.5528507394137,35.960737837875435]]],[[[128.54850710687,35.93296231121297],[128.54849681852164,35.932871823440514],[128.54576060716187,35.93363567539241],[128.545748783451,35.9337105869164]]],[[[128.54849681852164,35.932871823440514],[128.54804447072866,35.93032307184047],[128.54648244024068,35.920531803959655],[128.5464541000503,35.92029183597564]]],[[[128.5816097618769,35.93399370065868],[128.58171794407824,35.93382517561046],[128.5820063753221,35.93337111566155],[128.58204864510196,35.93311407934325]]],[[[128.58355871944647,35.88995183807735],[128.5820772502546,35.88513068230649],[128.5810832588435,35.88554581677039],[128.5767307288952,35.88736347662027]]],[[[128.5638728970514,35.94415047193308],[128.56294498528155,35.93962618320275],[128.56293081076748,35.93955601359823],[128.56180315190238,35.93351658415582]]],[[[128.5816097618769,35.93399370065868],[128.5531616607628,35.96343155909651],[128.60302161366815,35.98616413105889],[128.5816097618769,35.93399370065868]]],[[[128.61438849123718,35.88506370723585],[128.61209136522658,35.8817899555741],[128.61161496738694,35.880494975311734],[128.6099049589523,35.87892831814575]]],[[[128.62245293678694,35.85955296736625],[128.62420749992285,35.85937208048297],[128.6265739268654,35.85938561609405],[128.63254392065429,35.85893351147034]]],[[[128.6390540281285,35.866253897828145],[128.63900196597515,35.8659027215638],[128.63921903563545,35.86461776009439],[128.6396832495925,35.86255350299862]]],[[[128.61858839493536,35.86781083307029],[128.619267748278,35.86774492815221],[128.62710277681686,35.867127185663136],[128.62716641238322,35.86418884355611]]],[[[128.64336247921835,35.84805348513106],[128.64220103967503,35.84717454195136],[128.64139289746163,35.84697588421012],[128.6413450910659,35.846971203953494]]],[[[128.66021917004392,35.876840670780126],[128.66268551019263,35.87323063038895],[128.6623110788171,35.87052256049299],[128.66229473478165,35.86911309175343]]],[[[128.6621979185594,35.86591233734107],[128.66127259634564,35.86403890812017],[128.65702395948074,35.86059972415287],[128.65683195089431,35.85750538512272]]],[[[128.6607724654563,35.852985141790775],[128.66037452000825,35.85237432889918],[128.65864050739256,35.84897940964719],[128.6541031719065,35.84515113384364]]],[[[128.61406002656,35.859965215452405],[128.61329376163886,35.85112008634943],[128.61320150967714,35.84992049917069],[128.6130573611931,35.849117869305736]]],[[[128.62145248185638,35.8596258364972],[128.6206918102575,35.851301891215535],[128.620645414649,35.850650067149125],[128.61684528581023,35.85090604348688]]],[[[128.62245293678694,35.85955296736625],[128.62145248185638,35.8596258364972],[128.61406002656,35.859965215452405],[128.6091362333196,35.86143239387278]]],[[[128.64336247921835,35.84805348513106],[128.64525316379004,35.84835725954978],[128.64584005036465,35.847867077206764],[128.64599629842817,35.84757152873191]]],[[[128.620645414649,35.850650067149125],[128.62356149018143,35.85047166784847],[128.62388144638345,35.850451965795024],[128.62438474736672,35.850420969929324]]],[[[128.61684528581023,35.85090604348688],[128.61677708705298,35.84884103397206],[128.61673454433642,35.84051434902046],[128.6144826587797,35.84062042327893]]],[[[128.61673454433642,35.84051434902046],[128.61673228520038,35.83917331128915],[128.61671804965053,35.830722725814994],[128.6167164659072,35.82978223451468]]],[[[128.60745879776863,35.82750670000624],[128.60849246385317,35.82515152385047],[128.60999807651714,35.82532856141085],[128.6116282961184,35.82585201759436]]],[[[128.62430017985722,35.83996018286252],[128.62410991033857,35.83726039770242],[128.623682814178,35.8323056987001],[128.6235380359881,35.830267999538954]]],[[[128.6272139209261,35.83914541006576],[128.6295309576507,35.83922439652478],[128.629891486999,35.836714176292226],[128.6298632623133,35.83632197940861]]],[[[128.63973948814257,35.82120221134604],[128.63657168739206,35.82037265786253],[128.63680129644735,35.81880543231393],[128.63779893677207,35.81632317150064]]],[[[128.65418615760834,35.82590441564618],[128.65478688624017,35.82560831291052],[128.65528968877342,35.825207083369065],[128.65557316472706,35.82396980691998]]],[[[128.65085638381328,35.80286146428009],[128.64928722777032,35.803483291823845],[128.64911559703248,35.80353065822227],[128.6489830113408,35.803537289871464]]],[[[128.7232954848826,35.83528637406803],[128.72050957482014,35.83581971813237],[128.71895832285816,35.83565960512663],[128.7188832137145,35.83565185183136]]],[[[128.6801317696155,35.866787036339765],[128.70385996916684,35.83433102590611],[128.67566762912492,35.80260177572388],[128.64617497403708,35.84062364546014],[128.6801317696155,35.866787036339765]]],[[[128.7261287033778,35.857117704268205],[128.7249585588279,35.85782394080617],[128.72150840050466,35.85628183087354],[128.72240993982865,35.85541102056512]]],[[[128.56336898725363,35.851788871026955],[128.56262469698711,35.84957692050896],[128.55624706273534,35.84684803518703],[128.55413863553179,35.846102878110855]]],[[[128.54875856733074,35.837177577347354],[128.5414117054732,35.83733322149621],[128.54126224455524,35.83733637842497],[128.53847856904008,35.83739168116424]]],[[[128.54736494437103,35.850364362553904],[128.54725750981933,35.85020352595543],[128.5470874584407,35.849948938930545],[128.54685111914526,35.84959510745896]]],[[[128.5450839902811,35.85607012077267],[128.54806990464323,35.85456751665111],[128.54576969955158,35.85353501393712],[128.53945780567653,35.85100417564753]]],[[[128.52182872963343,35.84977002664103],[128.52428243629905,35.84891969183425],[128.52513828238733,35.84870775051193],[128.52727583136996,35.848508416986704]]],[[[128.51560678277355,35.868113234023234],[128.51549600540534,35.866875428363294],[128.5163767433615,35.86535221668401],[128.51750436515476,35.863176855814665]]],[[[128.4988946314788,35.86435398327699],[128.49885968190966,35.862496238433195],[128.49885795455637,35.86240438894292],[128.49942512483554,35.861846701832434]]],[[[128.53577551370526,35.831416332220286],[128.534843806978,35.83052762800425],[128.53319530780868,35.82893864111118],[128.5327388412171,35.82848560551773]]],[[[128.54507583658074,35.823312170208645],[128.5455084125299,35.82345058791318],[128.54558793944665,35.82346425543714],[128.54584691788904,35.823468608852465]]],[[[128.5446412952318,35.812303061381385],[128.54859567840356,35.80828300339811],[128.54742384385077,35.80828617673792],[128.54735303954993,35.80828636812391]]],[[[128.5711351784634,35.81947164567587],[128.57195779671295,35.81890361004294],[128.57552698026228,35.8173887543247],[128.57651082262754,35.81728736157921]]],[[[128.58403576607554,35.810863669589416],[128.55417369381504,35.77292806290193],[128.52705469200708,35.808918340118716],[128.58403576607554,35.810863669589416]]],[[[128.56823861958097,35.82434602433741],[128.57049827336522,35.822487585611476],[128.57106205242002,35.82159188620337],[128.57122948817718,35.82052166959665]]],[[[128.55542425056152,35.83445526079926],[128.55221033116402,35.83185504067857],[128.55175221456275,35.83132667201899],[128.5515658287559,35.831111701405135]]],[[[128.54875856733074,35.837177577347354],[128.54875908510718,35.83607467641313],[128.54874970430748,35.833859269361646],[128.54610450347255,35.83390212626972]]],[[[128.53330147045062,35.85909511987803],[128.53329611851893,35.85874753433295],[128.53328565567023,35.85806784195719],[128.5332830015219,35.857894996068445]]],[[[128.52669907575637,35.86391997200345],[128.5262731606853,35.863275163081994],[128.52611232085593,35.86297424713784],[128.52589829022264,35.86248717566418]]],[[[128.50731179283628,35.84401733655447],[128.50736650438776,35.8355748829682],[128.49999604280436,35.83529036845547],[128.500000748757,35.83541841343903]]],[[[128.57340046165936,35.85098892437428],[128.572122952688,35.85022668364453],[128.5713566927112,35.8497581602989],[128.56689506540377,35.84701568083201]]],[[[128.5745839364292,35.86005798818945],[128.57361818429197,35.85116311632858],[128.57340046165936,35.85098892437428],[128.57228037767007,35.852217709854976]]],[[[128.5053462917876,35.81454009611544],[128.5508124674418,35.76088331105014],[128.47906487631192,35.78726967473236],[128.5053462917876,35.81454009611544]]],[[[128.49311035069144,35.725106163003154],[128.38538836686286,35.76110089818972],[128.41093958206775,35.80027720565731],[128.49311035069144,35.725106163003154]]],[[[128.50414624397732,35.89058837900325],[128.4706372592061,35.83299525128516],[128.41802752108111,35.8544894574243],[128.50414624397732,35.89058837900325]]],[[[128.6358640076398,35.80609076290796],[128.6825807950897,35.7899006175614],[128.6832669005797,35.72149358531093],[128.524873726575,35.715251937842474],[128.56962016309976,35.79767846967565],[128.6358640076398,35.80609076290796]]],[[[128.46795228653266,35.899818242333986],[128.39008701486196,35.85037050598948],[128.42491583719791,35.927910670569986],[128.4756792241082,35.935995226056676],[128.46795228653266,35.899818242333986]]],[[[128.53524134502217,35.75334976764614],[128.49311035069144,35.725106163003154],[128.41093958206775,35.80027720565731],[128.47225947200124,35.809534348588635],[128.53524134502217,35.75334976764614]]],[[[128.45709869704197,35.71560291567478],[128.44358345684103,35.65627404260679],[128.37552366875877,35.691270679668094],[128.45709869704197,35.71560291567478]]],[[[128.52313627121157,35.718875512856016],[128.50988549114695,35.643005742644064],[128.46343737289226,35.63813002999753],[128.45709869704197,35.71560291567478],[128.52313627121157,35.718875512856016]]],[[[128.3751700775888,35.70248794559023],[128.4612419236402,35.64072024678639],[128.3727944665558,35.608480835878495],[128.40291392950553,35.64016410764669],[128.35459649908248,35.68234591719328],[128.3751700775888,35.70248794559023]]],[[[128.54553153240502,36.291623830305845],[128.64065210569788,36.25775736243057],[128.5714387892035,36.174522702946035],[128.52287216137069,36.20069350727641],[128.54553153240502,36.291623830305845]]],[[[128.45555251446874,36.326730095192175],[128.52926381130646,36.29387183814411],[128.50665427302468,36.18555534017181],[128.4851826072781,36.23410826793936],[128.42005138462298,36.243324594845035],[128.4129996141387,36.29372899211095],[128.45555251446874,36.326730095192175]]],[[[128.6358904044473,36.22419621271683],[128.61004727301813,36.16504226206581],[128.66403725018608,36.12295328152275],[128.5693949327924,36.06049799753308],[128.540459850434,36.161521953608656],[128.6358904044473,36.22419621271683]]],[[[128.682068595258,36.116389065836756],[128.69929551242757,36.02203383122757],[128.6406121446559,36.010554962517766],[128.62545870542593,36.092209585379564],[128.682068595258,36.116389065836756]]],[[[128.69985485200476,36.2087621803072],[128.682068595258,36.116389065836756],[128.61004727301813,36.16504226206581],[128.6493558528241,36.21768627902584],[128.69985485200476,36.2087621803072]]],[[[128.79049329495183,36.194863119370396],[128.7387652120297,36.12223656403708],[128.672776546049,36.18112697550612],[128.79049329495183,36.194863119370396]]],[[[128.73866460799874,36.1222276950543],[128.69269778010187,36.03630837841323],[128.6787094851324,36.112712267137496],[128.70718799315392,36.15040285264429],[128.73866460799874,36.1222276950543]]],[[[128.8824582465982,36.198999530925924],[128.89150557147892,36.14338656108993],[128.7520782045379,36.09283458572984],[128.803970950928,36.21005876477017],[128.8824582465982,36.198999530925924]]],[[[128.73427178575173,35.87484400233078],[128.73603947388898,35.87444081315541],[128.73749232693638,35.87407292646861],[128.73894067046538,35.87341631046569]]],[[[128.73427178575173,35.87484400233078],[128.7078248421769,35.89096737097754],[128.7444614790982,35.921915346733826],[128.76193783659107,35.883217582474174],[128.73427178575173,35.87484400233078]]],[[[128.52310150363286,35.816065093708055],[128.52174063124536,35.81924252472192],[128.5150339318615,35.82385119709956],[128.5180318548712,35.82677019626159]]],[[[128.5134803734227,35.809940282869846],[128.51661132289442,35.811130258291385],[128.51880410880457,35.81291030240428],[128.5204850393019,35.813361200876734]]],[[[128.52055889181258,35.81505385474507],[128.5204850393019,35.813361200876734],[128.51880410880457,35.81291030240428],[128.51661132289442,35.811130258291385]]]]}},{"type":"Feature","properties":{"regionCode":"28","name":"인천광역시"},"geometry":{"type":"MultiPolygon","coordinates":[[[[126.61983762685982,37.46191372919944],[126.62116380122656,37.46144993243059],[126.62281596688429,37.46079709537984],[126.62559544829938,37.459697649839725]]],[[[126.62262754631634,37.475513185113],[126.62265154974742,37.475489945572924],[126.62277066107409,37.475439321866716],[126.62337508377948,37.47522118531754]]],[[[126.63669288280425,37.467993454977204],[126.6365742952455,37.46773109575627],[126.63651478659378,37.46759905915209],[126.63688685742787,37.46690600788328]]],[[[126.6427891469966,37.46848621129793],[126.64208823720253,37.46758144854193],[126.642150708338,37.46506543527633],[126.64214797870675,37.46503811370465]]],[[[126.63919469313144,37.47028657173925],[126.63669288280425,37.467993454977204],[126.63224607938622,37.468989962562134],[126.63078374024077,37.47019993680155]]],[[[126.62797319983851,37.47922788551876],[126.62802284927092,37.47942870332086],[126.63142430960208,37.476799136443425],[126.63463258408048,37.47366575094241]]],[[[126.59131477879188,37.4958822169265],[126.59080070405138,37.49586196514351],[126.58644714661374,37.49622257373288],[126.58606020566592,37.4964194458531]]],[[[126.48824851676386,37.51557661836848],[126.48778124199866,37.51547362435592],[126.48741424941454,37.515473647505196],[126.48708127867783,37.51551176388707]]],[[[126.5800393373547,37.5250875904638],[126.57975077633752,37.52491499758237],[126.57936841966654,37.524917150568044],[126.578674192634,37.52515027060434]]],[[[126.50616087792721,37.463944707161616],[126.4983927427595,37.53184846683009],[126.57452814776059,37.50504325012344],[126.50616087792721,37.463944707161616]]],[[[126.57528964709967,37.534424304277486],[126.57490871830618,37.53433900661377],[126.57389963033583,37.5343998018363],[126.57367181730342,37.534557595563506]]],[[[126.57571310607085,37.53719208277668],[126.57528042352789,37.53717701481976],[126.57419129491372,37.537872176270696],[126.57385041304728,37.53812142220885]]],[[[126.57989527798763,37.54454616058706],[126.57939813090226,37.54451773865942],[126.5790190758399,37.5447075788294],[126.57722534421575,37.54649705557403]]],[[[126.5884285764172,37.545397092796335],[126.5874675368617,37.544566456592165],[126.58402752220645,37.54855855178424],[126.58462133299177,37.54907050897212]]],[[[126.51038463243557,37.359557894147805],[126.51045584506612,37.35945597915857],[126.51259274900436,37.35956281415696],[126.51305076563986,37.359478121422775]]],[[[126.44122665958268,37.36014687651528],[126.44103859626068,37.3601117934244],[126.44083001301793,37.360129843659],[126.44017386054753,37.36020926569817]]],[[[126.44413900379222,37.370120749383425],[126.4439734185008,37.37008906500126],[126.44311378862247,37.37008353460816],[126.4429632390072,37.37008861748093]]],[[[126.39065711594007,37.39581142461586],[126.39049938358873,37.395801398066624],[126.390250951557,37.395810435079525],[126.39000310663394,37.39587471917311]]],[[[126.43747207883018,37.4058368082436],[126.43820822165259,37.4054739816505],[126.43979735006631,37.40570655426225],[126.44013675688818,37.40571390231929]]],[[[126.414121142683,37.40908987036379],[126.41438473320063,37.40819368805868],[126.41448936106283,37.407528555551046],[126.41445608013223,37.40718274275073]]],[[[126.41323650658398,37.420236174456385],[126.41450483120146,37.41958197347514],[126.41603524370893,37.419786566178075],[126.41619388625071,37.419781645684594]]],[[[126.37341921543496,37.47213277072041],[126.42769739615417,37.422946352490136],[126.36408579418737,37.44165377585744],[126.37341921543496,37.47213277072041]]],[[[126.5053153898677,37.50492816063459],[126.49616382660763,37.44820679308625],[126.44181217930266,37.420888634297334],[126.37473703986268,37.46577487752642],[126.5053153898677,37.50492816063459]]],[[[126.62689159942073,37.490614434808634],[126.62641860072354,37.4894258272135],[126.62571234086089,37.488025095986096],[126.62532308659826,37.48723812900876]]],[[[126.63359188584253,37.479054901591255],[126.63142430960208,37.476799136443425],[126.62802284927092,37.47942870332086],[126.62706461224279,37.480682957473256]]],[[[126.63205126135979,37.48770446927526],[126.63438064654511,37.486369718890174],[126.63560392900617,37.485603533370394],[126.63586969441158,37.48539856462832]]],[[[126.63989984293532,37.47819241762],[126.63947790416356,37.47820340976785],[126.63913291955491,37.477276085809756],[126.639023694757,37.47704857318595]]],[[[126.65536006837145,37.48815952273512],[126.65264235970734,37.485015640315986],[126.65030209582325,37.486387945314185],[126.64979212747829,37.48673118603168]]],[[[126.63989984293532,37.47819241762],[126.64099698523493,37.47807400959619],[126.64085823069937,37.477925014513076],[126.64080251967884,37.47785833540031]]],[[[126.64476544822608,37.47577718455201],[126.64360089067581,37.473237719750834],[126.64189259536172,37.47396617165676],[126.64042706729886,37.476126536290195]]],[[[126.65222814949774,37.475816879757865],[126.6521030331118,37.475816509223996],[126.65205886717096,37.4757974929701],[126.65201164280865,37.47575328560545]]],[[[126.67047992053033,37.47684733120229],[126.66464352048301,37.47977945665914],[126.66085060035526,37.481709002418114],[126.65890849566794,37.48268008979752]]],[[[126.65264235970734,37.485015640315986],[126.65365553041981,37.484554144020464],[126.65369771596491,37.484516786298975],[126.65372138715703,37.484488720385144]]],[[[126.64189259536172,37.47396617165676],[126.64360089067581,37.473237719750834],[126.64554603763777,37.46994522398816],[126.64450279321886,37.4695992255254]]],[[[126.65323987025023,37.459614255990054],[126.65206475953745,37.45841568656127],[126.64921696431506,37.45807819412402],[126.64593750643891,37.457862996046025]]],[[[126.65616626783898,37.466222236282086],[126.6609396851477,37.46625911926227],[126.66048882926152,37.46549476943774],[126.66050874978137,37.465267200179774]]],[[[126.64593750643891,37.457862996046025],[126.64921696431506,37.45807819412402],[126.64963722572587,37.457207527191244],[126.64988446934757,37.456695256999424]]],[[[126.65708940449566,37.4589528502748],[126.65646503125463,37.45863433847841],[126.65622629344125,37.45851115946561],[126.65549466580778,37.4581336559451]]],[[[126.6481113329282,37.45219293579855],[126.64966937039522,37.449512533192134],[126.64977670698661,37.44927935149388],[126.64987359945931,37.448931536785]]],[[[126.66028819243226,37.44709265259889],[126.6600475980176,37.44695013949982],[126.65996764227027,37.44684922939847],[126.65992712396518,37.44677123606715]]],[[[126.66793209708551,37.44782320974175],[126.66821648897779,37.44779247737012],[126.66825455808141,37.447788325983744],[126.66833102443073,37.44777917911603]]],[[[126.67372317992303,37.46568229709573],[126.67319649614743,37.463931499733214],[126.67318615042163,37.46386077791978],[126.67320761331322,37.463821273311694]]],[[[126.68607167060254,37.464487287757926],[126.68579071413066,37.45812839682645],[126.68008839054896,37.45848090125824],[126.67620943316338,37.45871894643592]]],[[[126.67620943316338,37.45871894643592],[126.68008839054896,37.45848090125824],[126.67980165354652,37.451412835143095],[126.6746775279125,37.4517351478849]]],[[[126.6746775279125,37.4517351478849],[126.67439310370521,37.44697173044097],[126.67540612866904,37.44413059870736],[126.6745567647297,37.444048684804706]]],[[[126.68579071413066,37.45812839682645],[126.69112208556973,37.45775369029185],[126.69117322324223,37.457731511986545],[126.69351767469355,37.45670223560909]]],[[[126.68404129040577,37.47334788579891],[126.686051342534,37.47201713580263],[126.68598353058245,37.471923181821545],[126.68587964069617,37.4717792113402]]],[[[126.6972448321234,37.46128514648028],[126.69524360469026,37.460326975359976],[126.69466960674505,37.458808640074295],[126.694656408448,37.45873881271047]]],[[[126.67980165354652,37.451412835143095],[126.67972005979631,37.4489193393666],[126.6811857142112,37.44793286575236],[126.6812062835466,37.447890924213056]]],[[[126.69261121001747,37.4505388386182],[126.69292895074113,37.448331932278805],[126.69288307652737,37.448233782743685],[126.69092441083268,37.4467916745642]]],[[[126.70018200526401,37.44361548880013],[126.70101978227044,37.44336171468367],[126.70287705488356,37.44276502359966],[126.7023583271668,37.43887029679279]]],[[[126.69493451816943,37.438771233742834],[126.69612880727288,37.437026570345125],[126.69666169032422,37.43506532840892],[126.69677227269335,37.43432221649866]]],[[[126.65029161922291,37.469511907845956],[126.65068802031526,37.46906606900293],[126.65153433701806,37.46848959071727],[126.6525695533047,37.4680556344422]]],[[[126.66249913550159,37.45866353943014],[126.66458130494253,37.457206710350476],[126.66547103937467,37.45555070904071],[126.66453763842746,37.45319782621871]]],[[[126.67047992053033,37.47684733120229],[126.67437770577088,37.47550641528946],[126.67372317992303,37.46568229709573],[126.67326642550384,37.46570779393467]]],[[[126.6605087776559,37.42719049074466],[126.66063854947977,37.42571554782903],[126.65920405343248,37.42331398793998],[126.66007715943638,37.42036762017396]]],[[[126.7023583271668,37.43887029679279],[126.70293048068383,37.43886807796753],[126.70463048913281,37.43884445868292],[126.70470069286426,37.438714866736646]]],[[[126.68559052438675,37.430189538498254],[126.68783813040206,37.42780359427936],[126.68872031158696,37.42624896690902],[126.69220537069296,37.42379476221497]]],[[[126.69533749728363,37.41710076844876],[126.69452732430446,37.41656054423217],[126.69332745250745,37.415710746955945],[126.69249643442943,37.415083190149765]]],[[[126.69149247511956,37.422937677359634],[126.69161728761848,37.42294534700799],[126.6920752126732,37.42297348305347],[126.69232553258837,37.42298885998829]]],[[[126.67511572436092,37.43028217751968],[126.67492811424883,37.42979131820698],[126.6747971643418,37.42949768976575],[126.6745802458694,37.42913965771218]]],[[[126.67563483435089,37.413651929958085],[126.67078574307563,37.40911819006815],[126.66809828690613,37.40569077752165],[126.66726739517935,37.403006024765695]]],[[[126.68026818435091,37.402779575877226],[126.68005108875924,37.40269213510803],[126.67931031299116,37.40227235493833],[126.6790185893492,37.40210122150662]]],[[[126.68551589098767,37.40657127560832],[126.68547890847775,37.40625091114004],[126.68540170784976,37.406011485412506],[126.68534305665528,37.40586832888201]]],[[[126.65636618875334,37.43527554683893],[126.65633227557664,37.43510321707274],[126.65631603055816,37.4349257765614],[126.65630819854627,37.434761941597195]]],[[[126.60977058589069,37.40656518562401],[126.62479962925349,37.409118480655124],[126.62694016086088,37.40545138528837],[126.6395839410443,37.38587750288515]]],[[[126.66330627827877,37.39507273710723],[126.66699196841272,37.39276382929033],[126.6639142887652,37.38954187486822],[126.66308635709622,37.38867507214877]]],[[[126.66777758566461,37.39230177376757],[126.71770758982142,37.3811085821697],[126.58461496792053,37.3473816346601],[126.66777758566461,37.39230177376757]]],[[[126.71896798814618,37.45224026537209],[126.71776425700517,37.440789416306124],[126.71769966214298,37.43933786519619],[126.71510259115064,37.43715450347687]]],[[[126.7218219562987,37.46068335336623],[126.72163273049647,37.45574484684399],[126.72007824528258,37.455853238198245],[126.71947505563769,37.455895286852275]]],[[[126.70185331381806,37.45473736157692],[126.70165811764426,37.45332986568779],[126.70091794770983,37.44815000252975],[126.7002504538552,37.44362931905204]]],[[[126.72163273049647,37.45574484684399],[126.72234114311814,37.45569385500966],[126.7252707875737,37.45362208277644],[126.72576771805817,37.45240205308292]]],[[[126.70795379403496,37.46684280904767],[126.70835296932134,37.461385581641935],[126.70835740142918,37.46044173350177],[126.70761156783506,37.46042403397778]]],[[[126.71272647386516,37.45721771663547],[126.71140314608041,37.45708592476061],[126.7114351723838,37.45674587449964],[126.70867372556646,37.456983520591095]]],[[[126.72285434694525,37.470271748636925],[126.72368647195195,37.4681708375861],[126.7233937649409,37.467851868843184],[126.72317898551884,37.467614472810254]]],[[[126.69338700472615,37.469940497620115],[126.69340015139638,37.46990752502637],[126.69344179934828,37.469869175756095],[126.69387056316388,37.469675343832215]]],[[[126.7333366574052,37.45487666638211],[126.7384017196383,37.45170894423031],[126.7427225746865,37.450682553666944],[126.74022500719877,37.44801503132119]]],[[[126.74513599632458,37.46536810740577],[126.74412203793545,37.46515199109819],[126.74349047255856,37.464934304764775],[126.74243288279652,37.46267857960632]]],[[[126.7311790330707,37.472440579187044],[126.73228540750023,37.471592038795485],[126.73118210533404,37.47035622066449],[126.73163818705628,37.46911634645966]]],[[[126.7426338973771,37.460070326432614],[126.74242041647935,37.459777325539335],[126.74232908466105,37.459586751177895],[126.74228237287439,37.45947231614864]]],[[[126.7272631452615,37.459030871522586],[126.73069917742535,37.45661388728309],[126.7316012013968,37.45601984489262],[126.7333366574052,37.45487666638211]]],[[[126.74022500719877,37.44801503132119],[126.74026733332856,37.448013032008916],[126.74157520102382,37.44790576160042],[126.74383213347525,37.44771412364406]]],[[[126.74179432582503,37.43284580683415],[126.75915416615545,37.43220824733831],[126.75922613432537,37.43202811328257],[126.75931036521513,37.431734142491756]]],[[[126.73568190384435,37.433012981049686],[126.73554056438056,37.431004434634715],[126.7374751066395,37.42847990692197],[126.73777738047298,37.42823456028497]]],[[[126.75328961988788,37.41691612813735],[126.75223918842153,37.414478371110924],[126.75058994744568,37.40980902483931],[126.750575879332,37.40760623569069]]],[[[126.72400519640917,37.410216116558175],[126.72332398057112,37.4093771087195],[126.7229144565513,37.40823752222746],[126.72293110863242,37.407718537336365]]],[[[126.72441928491735,37.40103228221186],[126.72719814996584,37.40149683244775],[126.7280234498689,37.401794636819496],[126.72840185121123,37.4019311778865]]],[[[126.7229801233298,37.49397850577127],[126.72301816829106,37.49303644836136],[126.72307592701539,37.492224420648],[126.72313652763263,37.49147950048666]]],[[[126.7303523443427,37.479180504928614],[126.73245669785183,37.47753717379912],[126.73270157520803,37.47717921265213],[126.73276616487685,37.476994411188095]]],[[[126.71725549555404,37.48947333074332],[126.71361546508409,37.48689141551587],[126.71353764555367,37.48680245377382],[126.71325536833561,37.486442878563906]]],[[[126.7312231053059,37.507017851090374],[126.7311262182126,37.505286561444265],[126.73099485053469,37.503891467436254],[126.73080010578317,37.50192861042209]]],[[[126.73378723932113,37.49789998024984],[126.73364608034058,37.496557430862694],[126.7335378473634,37.495486755028246],[126.733330911588,37.493404143845616]]],[[[126.72949582614258,37.48910231404656],[126.73232371790259,37.488978544573264],[126.73187960806499,37.48501159305945],[126.73126811068153,37.481374298216]]],[[[126.70392260963004,37.51301644173049],[126.70371324729342,37.51049558262378],[126.70347294763843,37.50794058518875],[126.70317474069522,37.50435913542992]]],[[[126.7089050232928,37.50614356160738],[126.70878588995073,37.50496481062522],[126.70872632607157,37.50437550623379],[126.70869960990309,37.50411113805683]]],[[[126.71618550197734,37.49781963317781],[126.71636385976072,37.49107896334651],[126.71591566919966,37.49106000500523],[126.71470770296965,37.49100887266809]]],[[[126.71512889404,37.50359036348339],[126.71608280525663,37.50349719051578],[126.71617278550201,37.49908130720764],[126.7161783536255,37.4985686547276]]],[[[126.70496805380405,37.523628506726254],[126.70483705168114,37.52305565302446],[126.70392260963004,37.51301644173049],[126.7017364813667,37.51317937464063]]],[[[126.72070508288006,37.50649905865193],[126.71512889404,37.50359036348339],[126.71230064324357,37.50626206044806],[126.7089050232928,37.50614356160738]]],[[[126.72589419273432,37.52380444307735],[126.72772450098442,37.5238069150295],[126.73299271093484,37.52386479758127],[126.7322825385711,37.51765043789994]]],[[[126.7312231053059,37.507017851090374],[126.73036068265716,37.50703268542303],[126.72080035957808,37.50736049761554],[126.72073256980022,37.50761855128022]]],[[[126.76033573950393,37.524096485668615],[126.76100039843163,37.51797749905144],[126.7601155684194,37.51797195930608],[126.76034817727555,37.5168182732572]]],[[[126.74241982798452,37.48843369328437],[126.7426005760681,37.48664671488251],[126.74241721151498,37.48576494728848],[126.74206513532775,37.484736677126406]]],[[[126.74255713410271,37.49722229566781],[126.74163400667263,37.49510062224512],[126.74187461307841,37.49253938480313],[126.74241025231953,37.488812640508606]]],[[[126.74215725041162,37.50644859868165],[126.74265635204573,37.50512277622606],[126.74295624215323,37.50360992618192],[126.7436166896993,37.50148007622003]]],[[[126.76179150186124,37.476328628374915],[126.76221584278464,37.47564601973594],[126.76519239622635,37.47523383436109],[126.76652941005398,37.47416530552677]]],[[[126.70135468594076,37.48509757296942],[126.70292895642761,37.48484838084057],[126.70352903488988,37.48463994363662],[126.70398899970368,37.484122828956046]]],[[[126.70961175404287,37.475886892477085],[126.70928329530174,37.47459961144642],[126.70806232293656,37.47100913718912],[126.70797741164856,37.46933130065613]]],[[[126.75200360198652,37.516408840512376],[126.75194632718139,37.51538615875971],[126.75189230420514,37.51533664825871],[126.75058973900076,37.51497879431479]]],[[[126.71732354619297,37.5362861593904],[126.71749268941404,37.53485463299926],[126.7184415562996,37.53021287483889],[126.71872546110262,37.52921187354033]]],[[[126.69927616356819,37.540431971840015],[126.6985019143973,37.53864801512316],[126.69728956398134,37.53703393011651],[126.6967319590213,37.53628596389856]]],[[[126.72899237990373,37.543254006026054],[126.72845328140185,37.543095926713754],[126.72833778964147,37.54168382396879],[126.7283281045029,37.54155787245346]]],[[[126.72334466820787,37.55251271098151],[126.7252716702833,37.5517028631531],[126.72721197568474,37.54960055760501],[126.72996080310823,37.54764924668533]]],[[[126.73410414010901,37.542990481151826],[126.73686837420102,37.542900908164086],[126.73472830923772,37.540042318796374],[126.73468016486193,37.53992627566197]]],[[[126.73416139349216,37.5351881345808],[126.73405379678282,37.53409550067936],[126.73349154863506,37.52944052830028],[126.73348155486352,37.52933892014021]]],[[[126.72798502428626,37.53628748837115],[126.72790863518824,37.53289660183265],[126.72785865359197,37.53074560090553],[126.72663772554448,37.530747257743265]]],[[[126.76094809268727,37.53785944540615],[126.7606752647558,37.535559183257924],[126.76031810163731,37.52831822838374],[126.76031781132299,37.527501924525474]]],[[[126.76159610916417,37.54023039255077],[126.76094809268727,37.53785944540615],[126.75361059491163,37.53795431844852],[126.74463316593852,37.538235406622206]]],[[[126.74463316593852,37.538235406622206],[126.74373320578314,37.53357953924532],[126.74369575029996,37.533501405469465],[126.74364299204431,37.53348328140318]]],[[[126.76307854848325,37.584892059639024],[126.76159610916417,37.54023039255077],[126.68178920426767,37.58338280545601],[126.76307854848325,37.584892059639024]]],[[[126.79367364183499,37.5816045499506],[126.76350603440711,37.54675391899905],[126.73836112361406,37.573338976013304],[126.79367364183499,37.5816045499506]]],[[[126.69951261215895,37.55889419007818],[126.69967928503613,37.55862806074183],[126.70036760678938,37.55779074989949],[126.70193099352579,37.5561403071376]]],[[[126.6765153846316,37.538525334351036],[126.67658545839934,37.53830567695867],[126.67644085600442,37.536275646859664],[126.67619394884497,37.53035174631168]]],[[[126.68361149505375,37.53519834833917],[126.6837020664445,37.53442700049955],[126.6832855200356,37.533848960562395],[126.6827816899569,37.533277612356734]]],[[[126.6832809855516,37.51466307569228],[126.68158632477005,37.51348462244646],[126.68033602225529,37.51316261467739],[126.68022124757327,37.512417641501585]]],[[[126.67269317149787,37.51342144375362],[126.67663464841536,37.513270246865474],[126.67621360717602,37.50624064425029],[126.67040860736826,37.50643612939718]]],[[[126.67621360717602,37.50624064425029],[126.67580387485299,37.49921356196447],[126.67297262115972,37.49921801513826],[126.66859481561826,37.4992057586299]]],[[[126.68830344627527,37.50843923717289],[126.68877239867638,37.50826620632482],[126.68898578617355,37.50672056545607],[126.68876461778365,37.5059519566005]]],[[[126.67580387485299,37.49921356196447],[126.67524273605447,37.490562529082965],[126.67517118231156,37.48945950853941],[126.67507693033052,37.48789426696913]]],[[[126.69283898751223,37.49536000024779],[126.69107790955718,37.49534174373103],[126.69032852317186,37.49523294259743],[126.68967435114097,37.495011305290234]]],[[[126.6884537496312,37.50521430609098],[126.69100470130039,37.503790394332555],[126.69000890757349,37.502850051303945],[126.68292701299147,37.4955380640839]]],[[[126.69483409984441,37.491696182879814],[126.69508964578006,37.49146069221004],[126.6952813255088,37.491289729459425],[126.6979257701605,37.489847669825224]]],[[[126.6594362051889,37.63822828854139],[126.66031413825337,37.63742362764468],[126.66041185989576,37.63733408379546],[126.66099852017342,37.63679652746702]]],[[[126.70455866972625,37.60263709365247],[126.70404015204805,37.60156958758944],[126.70425471750042,37.6012825528387],[126.70392826435821,37.6007274279093]]],[[[126.66264466547463,37.52550344510947],[126.66928961186093,37.52496286747071],[126.66924234449579,37.522573342483156],[126.67322600308668,37.522419401444054]]],[[[126.66327235019962,37.53864965334479],[126.66264466547463,37.52550344510947],[126.6595210506043,37.525579173655515],[126.65908533502994,37.52277562704995]]],[[[126.65012029864971,37.54360703545731],[126.64995370520053,37.54029239644452],[126.64977436640955,37.53609925841923],[126.64971960160217,37.5349079305158]]],[[[126.67581478712103,37.59867599564039],[126.62774963650817,37.60689959109642],[126.64798769831393,37.62881954685143],[126.67581478712103,37.59867599564039]]],[[[126.52601717505105,37.7380924089514],[126.43746910156793,37.74397964293573],[126.48750591851092,37.79151121209039],[126.52601717505105,37.7380924089514]]],[[[126.52237304418934,37.73127092418701],[126.52550082805294,37.69011501590089],[126.43762310571013,37.722396553691716],[126.52237304418934,37.73127092418701]]],[[[126.52550082805294,37.69011501590089],[126.5072567496456,37.643193742920346],[126.42679527886747,37.710733452989366],[126.52550082805294,37.69011501590089]]],[[[126.52934685550481,37.6460047435526],[126.54728151709698,37.60418299158268],[126.4802971903927,37.58358001797339],[126.47256721953936,37.66978707126994],[126.52934685550481,37.6460047435526]]],[[[126.46409359163714,37.63702020368731],[126.46165666947829,37.58877011876431],[126.36389112996339,37.634878716994365],[126.46409359163714,37.63702020368731]]],[[[126.42679527886747,37.710733452989366],[126.47596470714973,37.67384225206656],[126.46409359163714,37.63702020368731],[126.38695287952083,37.65572311363267],[126.42679527886747,37.710733452989366]]],[[[126.35350462854637,37.74358800482058],[126.44014030636941,37.720316874064224],[126.38586935187665,37.69086943305377],[126.35350462854637,37.74358800482058]]],[[[126.44059532334197,37.744460599144546],[126.35472284008729,37.74097425126047],[126.35395956055179,37.778787607416376],[126.44262816296148,37.78806963475601],[126.44059532334197,37.744460599144546]]],[[[126.45356458314731,37.813819815415265],[126.3470237036992,37.78810237559761],[126.39387318529577,37.82549239932337],[126.45356458314731,37.813819815415265]]],[[[126.48750591851092,37.79151121209039],[126.44059532334197,37.744460599144546],[126.43078774909313,37.7970629659336],[126.48750591851092,37.79151121209039]]],[[[126.26806759294972,37.815686395066265],[126.3346117699205,37.799178697022235],[126.29103315918381,37.76263952729277],[126.20276695101394,37.76927464235896],[126.26806759294972,37.815686395066265]]],[[[126.30069247938549,37.67380938990782],[126.30036107728557,37.6737798547085],[126.29981867389903,37.673813379660395],[126.29950320437328,37.67384460510403]]],[[[126.25846931585963,37.711951266101565],[126.25786628522306,37.71192263765145],[126.2572141952578,37.712015702545735],[126.25684564277196,37.7121805542958]]],[[[126.2097981835834,37.71797641391528],[126.2090511212987,37.71794516758895],[126.20879351341623,37.718014056973345],[126.20837052452937,37.7182982509481]]],[[[126.23620816443422,37.72903023593345],[126.23776930290019,37.726156359277034],[126.23871566238162,37.726272644712765],[126.23895004986143,37.72619682080277]]],[[[126.2695026041273,37.72536432578958],[126.26843497349736,37.72489561423129],[126.26592992011774,37.72394271351827],[126.26552751133883,37.72385797325519]]],[[[126.28407327699986,37.74936007029661],[126.284484566105,37.74918210105177],[126.28518204811878,37.74933057631795],[126.28545365520922,37.74931705099107]]],[[[126.33044666352848,37.74680798828415],[126.32060167669717,37.71611168851599],[126.37959242473798,37.68219808906787],[126.32503188974493,37.64144432908122],[126.26779155175166,37.710396884155436],[126.33044666352848,37.74680798828415]]],[[[126.27125285042915,37.61907442319432],[126.2703261302575,37.61902672378427],[126.26990318230114,37.61914031701506],[126.26932392024416,37.62007195734681]]],[[[126.21674807672177,37.62854155422361],[126.21617456552536,37.628451202628796],[126.21562729173282,37.62845225780458],[126.21394263847182,37.62851175751543]]],[[[126.2743147414867,37.631991883716395],[126.27326989178952,37.63177499142166],[126.27186446180565,37.63327910814902],[126.26878930279887,37.63739339799138]]],[[[126.24399216441938,37.652768514962005],[126.24475847103045,37.652767220869414],[126.24511102688594,37.65283716561493],[126.24535423445661,37.65292928144568]]],[[[126.23503749708655,37.662177660240545],[126.2355918925182,37.66217657603416],[126.23682976896713,37.66233852850306],[126.23729798444262,37.66241722517376]]],[[[126.19630628376721,37.6849348844696],[126.20807616243465,37.65464948325122],[126.15359491086015,37.67667594187629],[126.19630628376721,37.6849348844696]]],[[[126.20133377589968,37.68794144914126],[126.20076936491998,37.68779349444256],[126.20013189119328,37.687964378244764],[126.20004703253817,37.68999307522675]]],[[[126.1285957880734,37.69173252151704],[126.12973655284478,37.69159895869723],[126.13227077639188,37.69256204555477],[126.13280387249216,37.692666889827514]]],[[[126.33278264368853,37.50329532686038],[126.33306260738696,37.50318182596309],[126.33321816229379,37.503076301540034],[126.33327580423901,37.50297689862231]]],[[[126.30571853550498,37.50352408412096],[126.30647143032614,37.503071024340656],[126.30756289131135,37.50326659644021],[126.30782865755158,37.50321366541596]]],[[[126.32256863625012,37.50930600433629],[126.32231347348502,37.50927691382356],[126.32200596355933,37.50942949888474],[126.32191274867866,37.50964521831611]]],[[[126.42639307785305,37.516197944447825],[126.42562585068615,37.51610183650892],[126.42465631137192,37.516233577468576],[126.42439697270734,37.51646553721205]]],[[[126.42059892188443,37.52006217450845],[126.42071983888214,37.51987725939763],[126.42097139887755,37.519984559420415],[126.42121185187064,37.52002898308087]]],[[[126.39515236593765,37.53493506735673],[126.39556439213831,37.53484312441335],[126.39624752478699,37.534904328309615],[126.39660209459076,37.534821319300185]]],[[[126.41110890971795,37.52609025901],[126.40884615111592,37.52580934911755],[126.40806537266069,37.525941921480694],[126.40470543990739,37.52742859645802]]],[[[126.47251105442362,37.5375538951513],[126.47378063824412,37.53238217497884],[126.47382502255836,37.53204624692487],[126.47388587335575,37.52869578323471]]],[[[126.43202431881011,37.54538752559588],[126.43287604551801,37.54446540957193],[126.43516827632267,37.54501603164226],[126.4359971279746,37.545498520777876]]],[[[126.27624562950732,37.54599954009929],[126.27639613705097,37.54587718754939],[126.2764779574421,37.54572593825937],[126.27674876147728,37.54468209959434]]],[[[126.26159946305614,37.55069459173776],[126.26126443232002,37.55068074615413],[126.26090167192353,37.55073139523062],[126.26071517349932,37.55079268128576]]],[[[126.32976409102835,37.550670214186766],[126.38399998921373,37.53076325272614],[126.32662601888134,37.52168724635418],[126.32976409102835,37.550670214186766]]],[[[125.72003508725344,37.604740998018976],[125.71880971507717,37.603764304299446],[125.71803635133027,37.603886492545065],[125.7173176168611,37.60401366395851]]],[[[125.67982169595157,37.63217054179674],[125.6794440609298,37.63190394282065],[125.67901155511228,37.63207229141146],[125.67871618143795,37.63249711805658]]],[[[125.71958537948616,37.64464435317557],[125.71921125331207,37.64434512808988],[125.7182742753921,37.64453316555604],[125.71609159199703,37.64498783421589]]],[[[125.71579900084376,37.680108184501286],[125.71529530423882,37.679440812781614],[125.71535724945096,37.67890807948101],[125.71579824539421,37.67759727684422]]],[[[125.69571114549555,37.70601497641394],[125.69529887827196,37.705522557906065],[125.69483463890087,37.70552264455792],[125.69407625583774,37.705725855558065]]],[[[125.65242125083546,37.71728541387843],[125.65337177963887,37.716895387876924],[125.65623039495952,37.717193287364225],[125.65725172366251,37.716649727612214]]],[[[125.65121071061179,37.73557737321714],[125.64993461514086,37.73498008159525],[125.64950929609108,37.735083045679076],[125.64850313736135,37.735604212685395]]],[[[125.64780378597334,37.74620067003373],[125.6470118528483,37.746016502940215],[125.64626147290716,37.746052332431866],[125.64549374311702,37.746401273374474]]],[[[125.64468366322208,37.74960269944413],[125.64358831901883,37.748927688371765],[125.64303993834595,37.74892775894673],[125.6430398959687,37.7493933930569]]],[[[124.70666150475566,37.9833988365759],[124.74625910189619,37.958725959047015],[124.68969339565038,37.9144935599322],[124.61036344072325,37.963327027297126],[124.70666150475566,37.9833988365759]]],[[[124.76943126706705,37.77966048855653],[124.77029101368797,37.77952612131806],[124.77122448013043,37.779563190191546],[124.77205980202172,37.779413230308236]]],[[[124.66050853930676,37.79775427244223],[124.65892253356135,37.79762409182983],[124.65823829202468,37.7976508313862],[124.65783841945473,37.79775932233799]]],[[[124.70686843104026,37.84678003634036],[124.72054637601664,37.81644424619862],[124.68093900070623,37.79876322630215],[124.66217934620472,37.822393512337044],[124.70686843104026,37.84678003634036]]],[[[125.98257655417767,37.03986374036324],[125.98407864509694,37.039809573652754],[125.98540754716969,37.04003483591371],[125.98684070331285,37.04060647968651]]],[[[126.0144659756758,37.05917952210564],[126.01386211431154,37.05913042014006],[126.01292873741674,37.05916618063896],[126.01178253860614,37.05921907427814]]],[[[126.00994793710842,37.067530372861896],[126.00913332337343,37.06736635768582],[126.00852088245176,37.067460065877405],[126.00793032871287,37.06804730912069]]],[[[126.01530141190747,37.07738474882063],[126.01566907125594,37.07705465400968],[126.01739789556187,37.077360902056476],[126.01832798300083,37.07778877229314]]],[[[126.00864345796056,37.079303640013386],[126.00817874563488,37.07926279790489],[126.00658665508018,37.08004282690031],[126.00639670065983,37.080310143383116]]],[[[125.95468339158421,37.089286372311605],[125.9566927149895,37.089108694833676],[125.95848321633828,37.0891872059609],[125.96068047862792,37.089602282534294]]],[[[125.91427446306763,37.10035113546029],[125.91411715327993,37.100246412668284],[125.91377976068686,37.10024331934558],[125.91313231590532,37.101400001230544]]],[[[125.91463072607289,37.10823472344066],[125.91410502288618,37.108161300417315],[125.9137587812637,37.10818248193917],[125.91337452469047,37.10827839680572]]],[[[125.90808038764254,37.11672841736083],[125.90746348872152,37.1165243321044],[125.90719111940076,37.116786345626025],[125.90697373733788,37.12040529018002]]],[[[125.9163796678437,37.1170732534606],[125.91612540263215,37.1170418436917],[125.91583170507013,37.11713893907031],[125.91475404720151,37.120085277067766]]],[[[125.89363985272382,37.135716954914734],[125.89336029386851,37.135618396318286],[125.89173005520608,37.13610930202605],[125.89153221395544,37.13632457992252]]],[[[125.90147885271472,37.140365895451325],[125.9017390771127,37.14029073944377],[125.90222154151736,37.14041129103254],[125.90243042072649,37.14042285629215]]],[[[125.88078139260669,37.17506142716801],[125.88067717771172,37.17442427131964],[125.88072756508981,37.174216586971944],[125.88080053882018,37.17410319989174]]],[[[126.11693350031179,37.18480200027107],[126.11646145911759,37.18466709761284],[126.11550786792698,37.18494617831855],[126.11508311410277,37.18514948761151]]],[[[126.09701835310908,37.187331418120316],[126.09716856150855,37.18702433813637],[126.09762453071917,37.18710604725217],[126.098061501691,37.18710632615934]]],[[[125.97640101935919,37.19358602086824],[125.97865089718466,37.193087839355606],[125.97983851815695,37.193296938467476],[125.98221895994293,37.193187789267725]]],[[[126.11234503681047,37.19677323811141],[126.11179184129816,37.19616824650001],[126.11095522785438,37.19616814234921],[126.11041760887736,37.196462833919526]]],[[[126.10542919444052,37.20597385639865],[126.10447759453224,37.205574348136786],[126.10363627026508,37.205971903954314],[126.103242230394,37.206317267328416]]],[[[126.19341805444371,37.21621936609551],[126.19291128421884,37.21609781305797],[126.1925029925253,37.21618692441425],[126.19217985476718,37.216322861392435]]],[[[126.18717951925709,37.21890789077904],[126.18663433573175,37.218839975656685],[126.18606685625262,37.21906918974547],[126.18589413203628,37.21938340929718]]],[[[126.17079642026115,37.22688675177738],[126.172913617569,37.22256441108109],[126.1731428178753,37.222102241212035],[126.17377189535988,37.22155434603557]]],[[[126.0901752230568,37.262325578596304],[126.0885867876242,37.26164321712045],[126.08760469447785,37.26184040425981],[126.08714649190622,37.2622491276455]]],[[[126.10582745980395,37.274122116485785],[126.16617577910142,37.23258211001923],[126.1407771730173,37.196299085693],[126.0837598434615,37.221644538512656],[126.10582745980395,37.274122116485785]]],[[[126.09243567626186,37.27539898410389],[126.08825263173557,37.27534077769941],[126.08717286109193,37.27553557735063],[126.08679730479014,37.275678958302784]]],[[[126.07970275030063,37.10849519062982],[126.08091565178127,37.10826508303727],[126.0818210263134,37.10845892577952],[126.08548788591533,37.107682140668885]]],[[[126.27435530488698,37.12588461071245],[126.27368778845967,37.12542127237544],[126.2730157621796,37.125421237772656],[126.27217244409151,37.125818900270524]]],[[[126.30132920211028,37.12615356148047],[126.30068839907736,37.125930794252525],[126.29988540793846,37.126046549491356],[126.29900820262614,37.12651337979961]]],[[[126.26876907594651,37.133254903714246],[126.26798864214597,37.1330488722346],[126.26726234602022,37.133049002009294],[126.26677783011364,37.13323934087001]]],[[[126.30162690527413,37.13989639016552],[126.30252374570291,37.13946502766694],[126.30336217506569,37.139613243944645],[126.30430063259915,37.139723099858756]]],[[[126.27497411890914,37.1508812106916],[126.27543441777695,37.15083563858333],[126.27682471092805,37.1508509946628],[126.27755265549679,37.15073685342687]]],[[[126.32319442777136,37.15093806714486],[126.32241348129948,37.15064519966857],[126.32161509878414,37.15072025795101],[126.31794079269555,37.15207666386494]]],[[[126.28818511147881,37.172082955942074],[126.28674659163792,37.17195737035108],[126.28582012731984,37.17255492603784],[126.28588374023323,37.17350843056565]]],[[[126.2964538276643,37.173615931755364],[126.298507017038,37.17285468719441],[126.29980851207125,37.17348929120065],[126.30075430250984,37.17371614794682]]],[[[126.25605363909557,37.1818022448613],[126.2571219776438,37.18091464554067],[126.25859093955685,37.18123367150131],[126.25929138989616,37.181311450310574]]],[[[126.29741954629233,37.183811868453674],[126.29696910097432,37.18345355330654],[126.29627629160329,37.18356352158855],[126.2949968310243,37.18408859079739]]],[[[126.21658217288504,37.18910306010842],[126.21801367544515,37.18859602652745],[126.21927255702981,37.188919273563044],[126.21989141089026,37.18895471941006]]],[[[126.21457255341387,37.19030998686983],[126.2141337588624,37.190293950465495],[126.21306711006788,37.19028656121116],[126.21216306640044,37.19043710751355]]],[[[126.31431457347041,37.211676777752565],[126.31173316949271,37.21141999163533],[126.31022342375178,37.21166515436466],[126.30920712890442,37.21210521041612]]],[[[126.29784927356839,37.2661387124377],[126.29997786014054,37.26597733434054],[126.30020160981792,37.265996965968014],[126.30069752114947,37.266166723650244]]],[[[126.27636084603331,37.31373224264927],[126.27615566602056,37.3136928068831],[126.27603652795096,37.31369265072636],[126.27559040187721,37.31383561316721]]],[[[126.26530934818935,37.32583655857934],[126.26491694006984,37.32575970848087],[126.26468976468448,37.32575989102276],[126.26428898846784,37.32586725511309]]],[[[126.3682724867437,37.187044402419886],[126.36744921803788,37.186978376810984],[126.36674297539571,37.18732095478854],[126.36657609168282,37.18794758180224]]],[[[126.37005061618302,37.192026449955904],[126.36960601193188,37.191959586737276],[126.36904835567802,37.1920324521929],[126.36860373019063,37.19226047589257]]],[[[126.36225396179483,37.203045403680335],[126.36177504774712,37.202714359235685],[126.36062204666842,37.20271465998002],[126.35999809819731,37.20323241003042]]],[[[126.43852273264548,37.20672949554672],[126.43802683004147,37.20645542374034],[126.43757156482424,37.20647874086169],[126.43697033731358,37.20662008945544]]],[[[126.36671724905212,37.21021558182944],[126.36329907771547,37.209498242849655],[126.36284628435928,37.20977225893615],[126.36263574308934,37.210229726857115]]],[[[126.39489113018736,37.21863551338554],[126.39455741317386,37.21836327141014],[126.39423391638695,37.21836342605762],[126.39225595960356,37.21844044683629]]],[[[126.38714412078575,37.21940532598807],[126.38606792697391,37.219382903020445],[126.3853696614915,37.21941824121578],[126.38459239578974,37.21977088720314]]],[[[126.51513825073982,37.228160244716356],[126.5137951564589,37.22766673414703],[126.51282915344785,37.22772574588636],[126.51235685583688,37.22819262156032]]],[[[126.40002622388067,37.242230224091635],[126.39969388765886,37.241703189405115],[126.39909305542199,37.24145877806703],[126.39555941542835,37.24127574338477]]],[[[126.52406173084795,37.257624271751006],[126.52612760982602,37.25514976141277],[126.52959327530326,37.252138917731166],[126.52956057567435,37.25148554787086]]],[[[126.47210415116874,37.28450311298211],[126.50048287078408,37.25463998941437],[126.43171971234588,37.23290398238137],[126.47210415116874,37.28450311298211]]],[[[126.63216183676674,37.5503501908438],[126.63178535766625,37.54887866715146],[126.63192195859055,37.54183593189974],[126.63188968924706,37.529798568376435]]],[[[126.76098205461899,37.42628900672631],[126.74243288279652,37.46267857960632],[126.77709618918445,37.47220891147015],[126.76098205461899,37.42628900672631]]],[[[126.6395839410443,37.38587750288515],[126.62694016086088,37.40545138528837],[126.62479962925349,37.409118480655124],[126.62987433010105,37.410128167463476]]],[[[126.63464602652093,37.40950882886877],[126.63400693505781,37.41014103259896],[126.63326541019677,37.412130409699735],[126.63342873778875,37.413950894423266]]],[[[126.70246823330567,37.59314492073036],[126.70440076896298,37.59219107112459],[126.70662739193843,37.59156602300238],[126.70932814604022,37.59173775543972]]],[[[126.62710404886826,37.479380459495964],[126.62703273277947,37.479408612385434],[126.62696380711125,37.47943563909192],[126.62689933452582,37.47945019254066]]],[[[126.72186353810437,37.59592797301895],[126.71987910419126,37.595008151082666],[126.71369778435009,37.592304578361905],[126.71299108895926,37.5921974622417]]],[[[126.50028388984975,37.45469371186606],[126.48967584644066,37.456864390392184],[126.48923417215777,37.461046479699604],[126.48565899310222,37.47249815631032]]],[[[126.66305410607491,37.57646553796374],[126.66145633935213,37.57879949005063],[126.65742404763624,37.57923983397701],[126.65479772955108,37.576953943726075]]],[[[126.65479772955108,37.576953943726075],[126.59334154633613,37.559354566174854],[126.57257906940627,37.587784222507025],[126.63460326185529,37.60633078408644],[126.65479772955108,37.576953943726075]]],[[[126.68843279825288,37.59459941109786],[126.68623389856677,37.594712627661316],[126.68343654411645,37.594324196504886],[126.67913741160167,37.59374993669852]]],[[[126.63274803276332,37.569808020288086],[126.70344213273648,37.564264312419176],[126.59371579255499,37.55425686554815],[126.63274803276332,37.569808020288086]]],[[[126.55342222032463,37.4964746905171],[126.55456335545769,37.49564173978383],[126.55368898901224,37.49481223242376],[126.55522157993974,37.49411949457665]]],[[[126.57079524608086,37.484921268374535],[126.56551781732215,37.488365508673354],[126.56335494419135,37.486409611698676],[126.55891948241924,37.48931188842695]]]]}},{"type":"Feature","properties":{"regionCode":"12","name":"전남광주통합특별시"},"geometry":{"type":"MultiPolygon","coordinates":[[[[126.91920507407151,35.15325407909361],[126.91917063299555,35.153225637406486],[126.91971301742304,35.15281850488078],[126.92115623098215,35.1517577363807]]],[[[126.92612068401559,35.15260010734861],[126.92625391050164,35.15237063102401],[126.92748661887482,35.15112653761059],[126.92820487619558,35.15086313604953]]],[[[126.91969435851613,35.16467699324141],[126.91993644941036,35.162904248290424],[126.92053106117123,35.16107361694343],[126.92056019661769,35.15971954296003]]],[[[126.93017596103344,35.16114427530601],[126.92950715756086,35.16075910418402],[126.9275422941788,35.15962744740609],[126.9253376555768,35.15746966963504]]],[[[126.9314961344859,35.160494799967076],[126.93309483231528,35.153190139076955],[126.93310917094219,35.151991455097246],[126.93307517857681,35.15199646373032]]],[[[126.94349398661365,35.158916354896434],[126.94466591479087,35.15592554625694],[126.94243051824375,35.15292620009603],[126.94081384112064,35.15213508749791]]],[[[126.93309483231528,35.153190139076955],[126.9365102578037,35.15356492364586],[126.93622514648119,35.15243161931175],[126.93649328273189,35.151870604770956]]],[[[126.95437573072701,35.14220947465866],[126.95325985586302,35.14239598701523],[126.95215892165889,35.142925277220435],[126.951589536878,35.143249161745445]]],[[[126.92433928111625,35.148117250294305],[126.92744965669786,35.145966842162885],[126.92779271984548,35.1456346308689],[126.92932772564734,35.14460352140805]]],[[[126.92964828907871,35.13359839589559],[126.92843148273738,35.133297467041096],[126.92838391196783,35.13318742713845],[126.92912942737671,35.13106874054772]]],[[[126.95437573072701,35.14220947465866],[126.99433676184151,35.119316033254414],[126.92970690049592,35.129666540845236],[126.95437573072701,35.14220947465866]]],[[[126.94655758620868,35.124943311230574],[126.94589567642261,35.12472660037437],[126.94569490853037,35.12470076447471],[126.94553262632878,35.12470069036363]]],[[[126.94655758620868,35.124943311230574],[126.99786645112515,35.11202326956386],[126.93240119637986,35.07443574951285],[126.9121023470959,35.11570300437242],[126.94655758620868,35.124943311230574]]],[[[126.89953631937829,35.157567659129484],[126.90221456989586,35.155058498643754],[126.90727075351943,35.15148714336995],[126.90997195600762,35.148970114785236]]],[[[126.89953631937829,35.157567659129484],[126.89886148630093,35.156070461642344],[126.89803837046742,35.15608596628887],[126.89727929708681,35.15550424351676]]],[[[126.88834249638563,35.16149852652283],[126.88957235069664,35.160934128284914],[126.89053663609597,35.16078959824249],[126.89067273628099,35.16013396871189]]],[[[126.89434309204522,35.15133595901716],[126.8945888650783,35.15089256672375],[126.89338031218168,35.15050854497148],[126.89331198985565,35.150072291959205]]],[[[126.88433250318622,35.16968702862978],[126.88423429848538,35.16847186073983],[126.88491734402584,35.16806391075368],[126.88787437296995,35.16188799131448]]],[[[126.8427891597159,35.17620050480847],[126.87693339872841,35.1584708922152],[126.82820185142289,35.15076187799523],[126.8427891597159,35.17620050480847]]],[[[126.8696973454482,35.15774678359017],[126.86951789670589,35.151764297770804],[126.86910122295052,35.15174839049161],[126.86893797692176,35.151739465598304]]],[[[126.87305425490003,35.151663827991904],[126.87320293088273,35.150939712672724],[126.8725505176571,35.150475936210555],[126.87272628046443,35.149330744811756]]],[[[126.88302312983487,35.15935339765143],[126.8829782568605,35.15832071137278],[126.88376741837314,35.15326896504928],[126.88120466077913,35.152699294896145]]],[[[126.88652372414208,35.147139422117796],[126.88588218070929,35.146798429807326],[126.88543387859733,35.14656013747826],[126.88605990044583,35.14573702210058]]],[[[126.87674020627053,35.15198406359499],[126.87703024956949,35.15148597256133],[126.87660567316932,35.14998355216882],[126.87638885052895,35.14877719574463]]],[[[126.87771333586493,35.13734931632653],[126.87503941687258,35.13615026892756],[126.8742990319518,35.13628848700593],[126.87342380978065,35.13534846965011]]],[[[126.83223320940662,35.149267381676516],[126.86545677324375,35.10940207947863],[126.80296207997895,35.09248293038155],[126.83223320940662,35.149267381676516]]],[[[126.85601356068844,35.160352695129994],[126.85601413191031,35.16000982908457],[126.85601579192736,35.15900765940773],[126.85593529816983,35.15810016610485]]],[[[126.8835866464524,35.137573587049935],[126.88377863053432,35.137558965737306],[126.88406482787346,35.13753519279154],[126.88418202418832,35.1375112259342]]],[[[126.87106386117591,35.134015589119024],[126.86977417044544,35.133123049387315],[126.8673209174447,35.13271843636322],[126.8624926193016,35.13267598183576]]],[[[126.8673209174447,35.13271843636322],[126.86706597924403,35.128681249549764],[126.86668990159612,35.127973989533366],[126.86542424494367,35.128202467784355]]],[[[126.87026888091265,35.17168727430657],[126.87574251709644,35.171366227329386],[126.87561746970026,35.17053383063738],[126.87166157326129,35.167691136720165]]],[[[126.91748786235644,35.14129253605657],[126.92029865525406,35.137942547758904],[126.91893568739583,35.136760525616936],[126.91700151579907,35.13541900891801]]],[[[126.92207751244506,35.135491506564584],[126.91957805173394,35.13424831641902],[126.91900797775043,35.133956592637304],[126.9177072570217,35.13329094947925]]],[[[126.92757622163535,35.1293397553125],[126.92738654324837,35.127935552128456],[126.92987199920745,35.12621048288016],[126.92430942861036,35.12466876660601]]],[[[126.91375047491458,35.14466523493372],[126.91595272454103,35.14292609857386],[126.91475393295636,35.142292268594225],[126.91146543455429,35.14164685615238]]],[[[126.90550878270994,35.14826976191251],[126.90336258869192,35.14388367393928],[126.90208612940158,35.140099122767246],[126.90129728117863,35.1402501264531]]],[[[126.89620033610751,35.14413824572964],[126.89587394447489,35.14392601000466],[126.89525870233828,35.14406987752826],[126.89509558846416,35.143549887942804]]],[[[126.89620033610751,35.14413824572964],[126.89652431216247,35.14306232560956],[126.89675045772476,35.14312222623381],[126.89705321181188,35.142496804067434]]],[[[126.91025418200343,35.1392801849758],[126.9098182352547,35.13854827702215],[126.90931611014102,35.13789930903454],[126.90873308473023,35.137720141741404]]],[[[126.90956092990558,35.13566428274704],[126.91096504241547,35.136614291865335],[126.91171167829353,35.135599157017374],[126.91163663051519,35.1344281961539]]],[[[126.90152839729737,35.1335279784456],[126.90601147240051,35.125938408596284],[126.90379539165237,35.12424701461603],[126.90149883847171,35.124474739982496]]],[[[126.88904617348503,35.14098742629628],[126.89037636183912,35.13926853990069],[126.89083262820476,35.13948288179516],[126.89283212386289,35.136862814629055]]],[[[126.89248522829314,35.106079003150654],[126.89407722055007,35.104787851845316],[126.89527224377377,35.10475203812777],[126.89719704760311,35.10572257681729]]],[[[126.88773580430376,35.11697858678756],[126.8885135543824,35.1160118677985],[126.89009355963441,35.11481218283064],[126.89162454543656,35.114745221949896]]],[[[126.91437869376061,35.13016209851305],[126.91458005052834,35.12803110292245],[126.91681161656157,35.12722881940284],[126.91667794317236,35.12705384415137]]],[[[126.92430942861036,35.12466876660601],[126.92455435692773,35.12374912340466],[126.9227268675532,35.12252575249291],[126.92288098957067,35.12095915606825]]],[[[126.88465771262034,35.092402451836726],[126.8189691718436,35.05252034867692],[126.75281484661281,35.06453618475677],[126.88465771262034,35.092402451836726]]],[[[126.91317511628681,35.166416966574715],[126.91534604475078,35.16583226341257],[126.91631000428421,35.165537637322075],[126.91315760810865,35.15750693112218]]],[[[126.90728866691306,35.16098805300839],[126.90654120325345,35.15929160707062],[126.90993261775482,35.15833716318309],[126.91164568125463,35.15785596901789]]],[[[126.89127285002411,35.1688566517112],[126.8928884891651,35.16842163908965],[126.89657255639138,35.166003190926716],[126.9009293692394,35.164486231107055]]],[[[126.90573652225429,35.172502834916806],[126.9057811417029,35.17224062435748],[126.90620918753102,35.172238277908775],[126.90639853688363,35.171827333164075]]],[[[126.89830105937745,35.187289616176685],[126.89829778618473,35.18648757340258],[126.89832133405292,35.186235105411775],[126.89834100763305,35.186046750640934]]],[[[126.87925797722772,35.17658268107292],[126.88049133774425,35.17576583627057],[126.87970942751302,35.17387002702934],[126.87841145882142,35.1733511471135]]],[[[126.88634500797126,35.18484874516421],[126.88621486847141,35.1831142480583],[126.8864738861816,35.18198905545965],[126.88639183818275,35.180205822843014]]],[[[126.87952151095018,35.19056858403034],[126.87971965558545,35.190099228353304],[126.88064423162147,35.18707382515026],[126.88107033701635,35.18495904417648]]],[[[126.87224660012983,35.19002697435165],[126.87240093216437,35.18857801423737],[126.8735765650322,35.18776126391099],[126.87116263191007,35.18550918164118]]],[[[126.92290810869606,35.181306111990786],[126.92237328816461,35.17932482700194],[126.92466851396085,35.17868923337217],[126.92483347065347,35.17898388853516]]],[[[126.9314629418775,35.1649247877449],[126.93270279901672,35.16364711373394],[126.93353127465109,35.16219089542593],[126.93017596103344,35.16114427530601]]],[[[126.94226298880909,35.19305412820783],[126.94348185153639,35.19156232656273],[126.94617641511418,35.18753296292083],[126.94627497274608,35.18744420279119]]],[[[126.94226298880909,35.19305412820783],[126.93922714534757,35.1944764057998],[126.93893612411475,35.19448888990591],[126.93852090433306,35.19448224233234]]],[[[126.92702546429199,35.182853792305075],[126.92526752377826,35.18172875113822],[126.92290810869606,35.181306111990786],[126.92138137520142,35.18124005364907]]],[[[126.9326328113168,35.17173182357254],[126.93265970945176,35.167257044634155],[126.93256260364902,35.166782733400474],[126.93253201437838,35.166633348129906]]],[[[126.94968998820481,35.17224398839726],[126.9479915713165,35.170862808704484],[126.94656636436012,35.1691060898986],[126.94627261500064,35.16785165740115]]],[[[126.94664753751579,35.1672315918471],[126.94723260710225,35.166597176783526],[126.94799877049317,35.164594062322585],[126.94714433327437,35.163052117908066]]],[[[126.91991149391251,35.20255336493875],[126.91808079121859,35.20154542109247],[126.91600216333468,35.20100154915827],[126.91451189729062,35.1999609079914]]],[[[126.89869822719008,35.191815416734535],[126.89908103225655,35.191338606744324],[126.89919406274707,35.19102237819222],[126.89917472308275,35.190547618903814]]],[[[126.91711952208266,35.186831525657624],[126.91710646956659,35.18634206666686],[126.9170726606842,35.18523817363546],[126.91503703651375,35.18503363660043]]],[[[126.90406450587321,35.19494842975805],[126.90441606889003,35.19256001136585],[126.90517944029763,35.1912298691976],[126.90528570798287,35.19088836215299]]],[[[126.96619310262324,35.184121679448545],[127.0214698068767,35.17345714734088],[126.99756784053758,35.11457102409324],[126.91250239561234,35.225449285416346],[126.94174461011308,35.23603051898043],[126.96619310262324,35.184121679448545]]],[[[126.91112181810021,35.22156350197682],[126.91364262214597,35.219616607811346],[126.91295849011695,35.21847699656343],[126.91337121423666,35.216879080059215]]],[[[126.85268271283695,35.2121255411664],[126.85372411121081,35.21454109843172],[126.85675829029401,35.2172608492167],[126.85836453310755,35.21640246031497]]],[[[126.88816999807865,35.211580569600756],[126.88706171217278,35.20806026481419],[126.88699647839135,35.207615162316415],[126.88698107663126,35.207510071044595]]],[[[126.8041847430645,35.12806329315383],[126.8040402173787,35.12953106601621],[126.80442091158817,35.13015073215278],[126.80437177011687,35.131151769844855]]],[[[126.79692287952878,35.134492910852146],[126.79504590218119,35.13537001906278],[126.79451659258838,35.13548242144453],[126.7944199140633,35.13550295117158]]],[[[126.79692287952878,35.134492910852146],[126.79669694830241,35.134032050496046],[126.7967689980738,35.13367364235488],[126.79667268528799,35.133289076365216]]],[[[126.82948207647205,35.1408392222761],[126.80391891172118,35.11274989384363],[126.79935861037794,35.147227422188394],[126.82948207647205,35.1408392222761]]],[[[126.77142050509109,35.17816375705535],[126.8074603069824,35.150450398717915],[126.73847166803878,35.15304314914781],[126.77142050509109,35.17816375705535]]],[[[126.82502140869425,35.16181124270308],[126.82615328530194,35.16052451267177],[126.82522075683875,35.15789407654317],[126.825315415939,35.15581918171864]]],[[[126.81418733593873,35.17207071867737],[126.81478710132282,35.17164391885804],[126.81466487679907,35.171138861912326],[126.81462214136401,35.17084935165939]]],[[[126.8126842687595,35.18000780291505],[126.81250151231025,35.17918161014363],[126.81347468260702,35.17303090958135],[126.81418733593873,35.17207071867737]]],[[[126.82525713077845,35.23178276016167],[126.82743274639625,35.21639366133177],[126.82892183594005,35.2129857968679],[126.8296381765368,35.21151062809926]]],[[[126.81036610624945,35.22120821617779],[126.79599568059228,35.16140991802689],[126.77698811525579,35.21609456511832],[126.81036610624945,35.22120821617779]]],[[[126.76333116636313,35.25642114109329],[126.76665823236895,35.17305969410123],[126.71751205131541,35.210901771787476],[126.76333116636313,35.25642114109329]]],[[[126.80292776404686,35.11227691442874],[126.7708814562775,35.06996792902756],[126.744639608605,35.10399643584819],[126.80292776404686,35.11227691442874]]],[[[126.78458183284799,35.1397832558239],[126.76501435599575,35.10724662847604],[126.69858236075152,35.1185201742253],[126.78458183284799,35.1397832558239]]],[[[126.73623688857757,35.16604611044465],[126.6982495939811,35.10791238606613],[126.65184270297527,35.119601531964925],[126.65586740103141,35.16587857199623],[126.73623688857757,35.16604611044465]]],[[[126.69055365092812,35.2153280992887],[126.75030184611128,35.21014138495258],[126.75084575389096,35.18017916224844],[126.67104930599182,35.16943936754929],[126.65312064077364,35.19240305704587],[126.69055365092812,35.2153280992887]]],[[[126.83515608798425,35.22874822422429],[126.83591986972236,35.22736727681967],[126.83634363112468,35.227392805542],[126.83821859976206,35.2238219267376]]],[[[126.85263664851738,35.2177090694295],[126.85498858946924,35.21765305382976],[126.85599229904865,35.21752125864184],[126.85675829029401,35.2172608492167]]],[[[126.82220913747142,35.17928473998127],[126.82338546578674,35.17921770166177],[126.8247331572219,35.17913705943847],[126.82814894943334,35.17909140570506]]],[[[126.85223450653643,35.19686983955435],[126.85361526994873,35.196131818296585],[126.8553304442768,35.196152065132075],[126.856717335202,35.195592029975394]]],[[[126.84137721792376,35.18184164846786],[126.83919634018719,35.17943078783485],[126.8387272957807,35.17832261942093],[126.83801964062503,35.17727570865383]]],[[[126.81877036767295,35.20253274177377],[126.8211956217819,35.202657618628436],[126.82305641144998,35.20220075824231],[126.82432154372029,35.20165154142752]]],[[[126.40397215233469,34.80613175622796],[126.3981183215614,34.80532788972394],[126.39797358860187,34.80527433278972],[126.39762838365336,34.80512148075774]]],[[[126.40423103625986,34.793661729756856],[126.40056593982648,34.79618348235221],[126.39690523647305,34.79614595999623],[126.39682895401631,34.79632753231705]]],[[[126.39690523647305,34.79614595999623],[126.3958083629229,34.79348611263585],[126.38986383830002,34.793587682585674],[126.38972046365645,34.79371741553337]]],[[[126.38783982861779,34.81044328158459],[126.38802420606135,34.810233268036654],[126.38812680767018,34.81009316065342],[126.38817136418979,34.810016493905856]]],[[[126.39271479379522,34.82879318348147],[126.39370632483948,34.828567585155334],[126.39413257462382,34.828449158229745],[126.394189685279,34.82842041868742]]],[[[126.38476914148693,34.8126015380041],[126.38127592263712,34.80967488570741],[126.37742511883171,34.806512527665916],[126.3774022727387,34.80649211583834]]],[[[126.3851537617348,34.802483204018586],[126.38564517897206,34.80249237065629],[126.3858686259853,34.80227429666242],[126.38616544468137,34.801964541232785]]],[[[126.38939404526538,34.798418771272225],[126.38953782689565,34.798410395354296],[126.3897788478475,34.79815738576701],[126.39002666509211,34.79753358584213]]],[[[126.3958083629229,34.79348611263585],[126.39893692233844,34.79332654635195],[126.39889428623512,34.78969871897407],[126.39888622325557,34.78932318645915]]],[[[126.40423103625986,34.793661729756856],[126.40767775620183,34.7937469220014],[126.40792499809288,34.79374589196751],[126.40807197501476,34.793720925705436]]],[[[126.4008658036902,34.78634288257852],[126.40264205665618,34.78557507849499],[126.4015914699967,34.78481014917597],[126.40148772866809,34.78465526264443]]],[[[126.29637798427815,34.77597094003136],[126.29630516245409,34.77596844989849],[126.29624000095974,34.77597222569697],[126.29617923812094,34.775980209045954]]],[[[126.36324511218803,34.775675418735354],[126.36540014700422,34.774414313155006],[126.36600351310163,34.77426228486822],[126.36656567092328,34.7745755626671]]],[[[126.32689892951365,34.78496855632464],[126.3273424965642,34.784703766888796],[126.32808419027741,34.785149214514156],[126.33109492760198,34.7850793623524]]],[[[126.31787386461811,34.79070769860659],[126.317918618034,34.79056562649994],[126.31842622972673,34.79057290921944],[126.31847350083287,34.79057317608316]]],[[[126.3400158896705,34.794840010300696],[126.34010980080609,34.794807933480236],[126.34040472011233,34.79486560308962],[126.34046722891878,34.79486197868704]]],[[[126.33125296214646,34.794890328195564],[126.33141898057787,34.79494898981596],[126.33148702271914,34.794918883173835],[126.33300741933363,34.79403361450481]]],[[[126.38455279862245,34.7879229696677],[126.38514131650952,34.78693652334992],[126.384133182279,34.78521073630089],[126.38323164039281,34.78574739975443]]],[[[126.33141898057787,34.79494898981596],[126.33134007513762,34.7949511554512],[126.33128794856901,34.79492204725886],[126.33125296214646,34.794890328195564]]],[[[126.36461134394246,34.803346137349905],[126.36549815498778,34.80332021295902],[126.36803189016945,34.8031744353568],[126.36811745283386,34.803141074431366]]],[[[126.37160466193455,34.80779181834246],[126.37868372765777,34.80170357432906],[126.37831190110283,34.80104232806412],[126.37645840259763,34.80177655051186]]],[[[126.40466090873788,34.8236361190581],[126.40512873599491,34.82341779125723],[126.4051937751841,34.82337339013568],[126.40523577033048,34.82332365537215]]],[[[126.4101249468837,34.80584928419839],[126.41027083155208,34.80525901742911],[126.41184812814778,34.8012100640782],[126.4129042992917,34.80025264705654]]],[[[126.42725974233416,34.81980425773554],[126.42693498429902,34.81978044420808],[126.4263647898989,34.819733437033],[126.4260350283261,34.819693668889144]]],[[[126.42784542052945,34.81944757828511],[126.42709016587457,34.818776633535755],[126.42671690983623,34.81695914611125],[126.42695915729449,34.81643050223788]]],[[[126.42858267430056,34.80462290492112],[126.43137493153856,34.80063052025589],[126.43178642435593,34.800042417107306],[126.43245347307064,34.800356194995324]]],[[[126.4121102088339,34.843888735524004],[126.438309013561,34.82113454571459],[126.38652853560883,34.82958308215677],[126.4121102088339,34.843888735524004]]],[[[126.438309013561,34.82113454571459],[126.44212906818939,34.82010589839758],[126.44283208351193,34.819973220570034],[126.44977031204229,34.81907661198342]]],[[[126.441455015652,34.79941879056328],[126.43666636593703,34.79716974028015],[126.43397213541415,34.80107055666019],[126.43370027683558,34.80094267360313]]],[[[126.454885723258,34.81440255502017],[126.45492194481882,34.8129406842889],[126.45495017114013,34.81180145460106],[126.45504694291182,34.81048475260376]]],[[[127.79791249275047,34.60778813250863],[127.79787058813244,34.60778403875403],[127.79779542364665,34.607799973039285],[127.79776800544488,34.60782487998397]]],[[[127.71455362001039,34.6114196372073],[127.71613741357545,34.61104944315147],[127.7179616638361,34.611120977701],[127.72030546134826,34.61103376186309]]],[[[127.71392294099714,34.63625690460995],[127.71223164032035,34.63575224742267],[127.71158944734839,34.63579215306331],[127.7109432792736,34.63588516175396]]],[[[127.7130595580429,34.64368778880005],[127.71310747378877,34.64366847159814],[127.71333384017817,34.643692777787344],[127.71339912089688,34.64369914567487]]],[[[127.80065479151905,34.64617657558938],[127.80056109694544,34.646176071589665],[127.80048392224427,34.646192605857784],[127.79946052365784,34.64652475086952]]],[[[127.73386454386473,34.66126158659341],[127.73381995378281,34.66125448483304],[127.7337679785769,34.661263422056464],[127.73372616930901,34.66128351116716]]],[[[127.7106320591297,34.670694931694875],[127.71069099306571,34.67069186296441],[127.71180069371054,34.67079082522164],[127.71219752390517,34.67090353534026]]],[[[127.6815688613579,34.676616150542685],[127.68168574045997,34.67659625964792],[127.68196426394958,34.67659908884958],[127.68324287481346,34.67658798067607]]],[[[127.70442129046754,34.67634009762674],[127.70110364144769,34.67611579384066],[127.7008138030231,34.67617193916469],[127.70075350239787,34.676193500193094]]],[[[127.70394821918471,34.68771141687175],[127.70473298415276,34.6874128265992],[127.70517694731659,34.687477986359546],[127.70525703021043,34.68748412977439]]],[[[127.79561028278694,34.691429546338696],[127.7955290695577,34.691419134686114],[127.79311429510129,34.691659365545924],[127.79306779326767,34.69167285446503]]],[[[127.74862896618042,34.733787819840096],[127.7873643572359,34.715937124710074],[127.80058234515825,34.58636818477932],[127.71216345816183,34.62147294098343],[127.76284680893289,34.68760159328477],[127.74862896618042,34.733787819840096]]],[[[127.56261347293513,34.7378340083193],[127.56393429396016,34.73694452938345],[127.56413019566322,34.73694565102073],[127.5642994090242,34.73693373582992]]],[[[127.56533263866136,34.73925549696065],[127.56522723521773,34.73924226568368],[127.56506356954777,34.73924380148289],[127.56484858414949,34.739249280838465]]],[[[127.55943591089736,34.77049815142305],[127.55987129802355,34.769647899458995],[127.56126630401207,34.770476604225074],[127.56140294976719,34.77052487880959]]],[[[127.55745194117125,34.78053929462598],[127.55729493469188,34.780500553450224],[127.55637017144683,34.78139850806419],[127.55588212573744,34.78193659855312]]],[[[127.56057932346535,34.78804593166487],[127.56049615982018,34.788040868073686],[127.56044925654278,34.788049708935915],[127.56038124827218,34.788064285623555]]],[[[127.6267228457293,34.829796739846635],[127.62249153338928,34.73580411687931],[127.55585922981993,34.807747950309405],[127.6267228457293,34.829796739846635]]],[[[127.61953348619774,34.86572850419567],[127.61937416485802,34.86572505364663],[127.61921479187961,34.865740397493326],[127.6190919771182,34.865778849994186]]],[[[127.6335113065752,34.84881978204655],[127.63397668401764,34.84843279603515],[127.63427737198482,34.848073873650954],[127.63394913309895,34.84766461742094]]],[[[127.61066628048471,34.8674132879809],[127.61057765772422,34.867410005025036],[127.6105300886867,34.86741371303857],[127.60952250467912,34.86752240526785]]],[[[127.62411005840823,34.88282358012683],[127.62756627633249,34.88194829217264],[127.62761438611598,34.88193411108985],[127.6304189389944,34.88055812445398]]],[[[127.6267228457293,34.829796739846635],[127.52286270158758,34.80982167459158],[127.53737002699437,34.88151286601987],[127.60556754071239,34.90341731223056],[127.6267228457293,34.829796739846635]]],[[[127.64621621711548,34.632093913766546],[127.64615254287374,34.632084127118766],[127.64608444703578,34.632090039719756],[127.64597488777666,34.632103015193955]]],[[[127.55054645038861,34.657469417973644],[127.54913592585109,34.657307097915876],[127.54903435566825,34.657315921385134],[127.5489492729295,34.65735358927752]]],[[[127.6399534453826,34.654825503704714],[127.639854430701,34.65480964472652],[127.63978049441958,34.65482767792097],[127.63972731503024,34.65484066970237]]],[[[127.60386392262953,34.74335689388004],[127.63672546428275,34.73498885750198],[127.64438851735834,34.62729068118095],[127.55133179709904,34.6628738852407],[127.58118681558642,34.69373600858752],[127.55085234377098,34.71765241191637],[127.60386392262953,34.74335689388004]]],[[[127.78196832373348,34.453369691190034],[127.78212854849582,34.45334509773682],[127.78382839483338,34.45336467741753],[127.78393917617095,34.453361755304755]]],[[[127.80516088989282,34.46124119142361],[127.80558529963342,34.460676170327346],[127.80583786456346,34.460698807471054],[127.80592040389512,34.460693649056395]]],[[[127.79121245306686,34.47499897557829],[127.79109116170905,34.47499202832105],[127.79099543045297,34.47500048356218],[127.79087501780442,34.47503022626039]]],[[[127.82606490899609,34.49855961749469],[127.82661026023827,34.49721628612084],[127.82663102509478,34.49716169795421],[127.82664788914812,34.49708974226612]]],[[[127.80613260914247,34.500891809465934],[127.80605841937732,34.50087743194162],[127.80598109086405,34.50090286016707],[127.8050699178647,34.50139843063545]]],[[[127.77428707752368,34.53538757191048],[127.77063214525776,34.534697971530896],[127.77006274836944,34.53495336552175],[127.77158165110288,34.5372200615725]]],[[[127.74111830921527,34.552897581202764],[127.79021282390248,34.48703746864418],[127.69666677387193,34.53789242928333],[127.74111830921527,34.552897581202764]]],[[[127.76551827702296,34.56246391502831],[127.76540582695286,34.56245768548164],[127.76518765902034,34.562469869525394],[127.76508025833293,34.5624839256499]]],[[[127.74715009881308,34.56802472440386],[127.74749575476663,34.56736442386002],[127.75059404097175,34.567821243184156],[127.75066453941108,34.56782728122133]]],[[[127.73682334602339,34.5643490502586],[127.73854334164012,34.56403842644224],[127.73857985811642,34.564052840795],[127.73861095874838,34.56406491110675]]],[[[127.74022573153457,34.56997443350577],[127.74004408259192,34.56997417130067],[127.73986556649803,34.57000339169792],[127.73856102565901,34.57079672659215]]],[[[127.76185157892729,34.574258299595684],[127.76178024098229,34.57423163295852],[127.7616846781345,34.57423222834768],[127.76081295339716,34.57439611036824]]],[[[127.73262662533557,34.5907547392183],[127.73707230341651,34.58842288955824],[127.73711995243725,34.58840609380218],[127.73733058277654,34.58830742758374]]],[[[127.72378065288247,34.57338600078818],[127.72390328691888,34.57291572625334],[127.72392344279837,34.572866798819156],[127.72395652634258,34.57280353601653]]],[[[127.68218290321842,34.577408748320565],[127.68208883307229,34.57740689750517],[127.68197290450532,34.57741244425055],[127.68098572055881,34.57747482715018]]],[[[127.65792243910973,34.58554476136138],[127.70492940463075,34.56495370991141],[127.63889756465369,34.555923519959784],[127.65792243910973,34.58554476136138]]],[[[127.56781003214611,34.58574229664833],[127.56739954753144,34.58564633385121],[127.56726534458751,34.58564828995828],[127.5664800739192,34.585696128142956]]],[[[127.60154036741334,34.59059794088768],[127.6017641497962,34.59053095693112],[127.60204814338913,34.59054462380806],[127.60214121451297,34.590537385619626]]],[[[127.56030389849573,34.58534364777673],[127.5596885636506,34.58531135179812],[127.55956150641104,34.58532550097532],[127.5594553769288,34.58536537825907]]],[[[127.56849954356434,34.591150654094825],[127.56829620437053,34.59114716715352],[127.56808741874022,34.59116831029486],[127.56782622400574,34.59123947285579]]],[[[127.68969899725116,34.594350960576094],[127.69211225248775,34.59143047644285],[127.6931620556073,34.591463405258196],[127.69411360530476,34.59148691323481]]],[[[127.62639133128746,34.593403239138944],[127.62645757269529,34.589599540616824],[127.62643934795373,34.589379269446546],[127.62635155041704,34.589150242552655]]],[[[127.57844924368221,34.59609158548311],[127.57815661677323,34.596054939977755],[127.57801499272692,34.59606519483281],[127.57792193027493,34.596088249389126]]],[[[127.65528211060033,34.60391483839319],[127.66007386037121,34.6038086679415],[127.66040637009593,34.603813357110674],[127.66061470221946,34.603798359338036]]],[[[127.60144343363645,34.59483781660086],[127.6011909661147,34.594797594740804],[127.59835698529461,34.594814947599076],[127.59826324792073,34.59483397722807]]],[[[127.58634355213334,34.612802973922534],[127.5829833797183,34.610967340559306],[127.58291004644352,34.61097280302871],[127.58286630262661,34.61098930234969]]],[[[127.54661503454666,34.617708413744296],[127.5466954218477,34.61770701046049],[127.54816534331324,34.617752883515934],[127.54892108350448,34.61794648890547]]],[[[127.6360224437631,34.624499182155354],[127.63649080843467,34.6242454680921],[127.63702838642867,34.624326577410805],[127.63841460429299,34.62391470191085]]],[[[127.54650887179982,34.629667523500004],[127.54919391324732,34.62926394402336],[127.54927726625395,34.62929433527594],[127.54978683424446,34.62943423726696]]],[[[127.51601358454042,34.63956805957235],[127.51654542933993,34.639456290115845],[127.51691543687569,34.639484719933094],[127.51699640261907,34.63945884782422]]],[[[127.55481281411605,34.63911959307154],[127.55819078416921,34.638013679488495],[127.5586611754636,34.638239382436275],[127.55873139066654,34.63825680654605]]],[[[127.51156482212319,34.760789763371825],[127.51164122271688,34.76064253604349],[127.51190297514668,34.76078624089897],[127.51194964947838,34.76080655522795]]],[[[127.49232522380021,34.766826461156036],[127.49265494917886,34.766371371742274],[127.49290721061506,34.766459606824434],[127.4929385380412,34.766462452855855]]],[[[127.3747086702471,34.00674565132491],[127.37439407093234,34.00616229270247],[127.3739391248558,34.006163671681115],[127.37300542510117,34.00629608011174]]],[[[127.37401539873771,34.011637755244266],[127.37373755565703,34.011408233482726],[127.37287094531112,34.01141085280079],[127.37131951994473,34.01301280245156]]],[[[127.32488333947558,34.02287468369746],[127.32497283735141,34.02277267058646],[127.32572715885003,34.02287186082589],[127.32586907450518,34.0228542928682]]],[[[127.37426751542947,34.02062205446529],[127.37121336825648,34.02008532269897],[127.37069777325411,34.02008687138184],[127.37038700059605,34.02034733514843]]],[[[127.31115078434777,34.02974977616939],[127.31279230658006,34.029517657850555],[127.31403019592999,34.02971840019979],[127.31417019759483,34.02971804365974]]],[[[127.30797091539385,34.0607843249128],[127.30775288159886,34.06076195023143],[127.30763626185573,34.06076688595307],[127.30756000003943,34.06077747912473]]],[[[127.29318818949247,34.06352188285413],[127.29335461382985,34.06342716949859],[127.29393245982445,34.06350345568527],[127.29410786698226,34.06350504113183]]],[[[127.26288980149731,34.21140184927971],[127.26278952715033,34.21139621359133],[127.26266839381746,34.21140569859956],[127.26221705001367,34.21145832450566]]],[[[127.20073467068067,34.21885129029039],[127.19712869772059,34.21546742233605],[127.19361314765324,34.21643292392639],[127.193279391502,34.216782337004624]]],[[[127.22052973769998,34.22466975373889],[127.22056840412642,34.22457622208083],[127.22148627330377,34.22460826963389],[127.2227956708379,34.22454046232485]]],[[[127.46436215601598,34.228844566795004],[127.46593040357229,34.22757589121255],[127.46481736119043,34.2271564968143],[127.4615130969954,34.226770252006474]]],[[[127.26739574672592,34.23078947281218],[127.26725761802433,34.230713396260214],[127.2671320623606,34.230739777059995],[127.26430595523932,34.23169458212189]]],[[[127.46242893138897,34.23423899659604],[127.46170420007455,34.23388178743076],[127.46102156250107,34.233884348258435],[127.46037883241127,34.23453038900311]]],[[[127.27005181384854,34.23662031549369],[127.26974041928912,34.236588078747886],[127.2696005859857,34.23661331331327],[127.26945959103453,34.236679063152714]]],[[[127.4480738168973,34.24121354890874],[127.44760312729964,34.24117187499679],[127.44722408312252,34.241173255506425],[127.44692204169708,34.24125803400474]]],[[[127.26043987265773,34.2471741944098],[127.26176998339977,34.24615390649786],[127.26282833333184,34.24571715011899],[127.26293367530711,34.24563568114126]]],[[[127.53535646060011,34.25321156749162],[127.5348334218971,34.25312714219069],[127.53414402111957,34.253436095118005],[127.53391798456853,34.2537015881235]]],[[[127.45031592483302,34.252881317985064],[127.4501434999238,34.252598273929294],[127.44986464285715,34.25267653679288],[127.44960213807423,34.252761023130866]]],[[[127.54235798300039,34.25795037306223],[127.5418422910297,34.25783612924911],[127.54143369125906,34.257837929253164],[127.54100110722942,34.25794767702159]]],[[[127.5334592224843,34.26783419943228],[127.53567156954134,34.26769835535705],[127.53665364128672,34.26801929826786],[127.53800645979823,34.2683581613471]]],[[[127.3742511056361,34.2950367090752],[127.37613257587147,34.29488905509497],[127.37871465418633,34.295548361215566],[127.37960559098475,34.29541118145877]]],[[[127.3590597638213,34.28824639555129],[127.35998170675461,34.28794590500043],[127.36118202563922,34.28868956428911],[127.36155407977223,34.28905551346492]]],[[[127.39848648986515,34.28336453629261],[127.39848470744839,34.282985491837636],[127.39887551931358,34.28096949566898],[127.39887065008833,34.27993512533439]]],[[[127.75405089285748,34.73804703715821],[127.75384253397488,34.737735011113415],[127.75372980903782,34.73766287633412],[127.75214760887248,34.73679528853667]]],[[[127.7482072554834,34.747180650032725],[127.74918273118925,34.7464871957692],[127.75098831606246,34.744866546270295],[127.75518480284208,34.7416810869833]]],[[[127.73674938867975,34.74124141065294],[127.73734234014528,34.74139782643856],[127.73752903408464,34.741429151036606],[127.73761220903269,34.74142714015234]]],[[[127.73002627551357,34.757965276413024],[127.7303124632879,34.75781632362125],[127.73122305367761,34.75700379167967],[127.73144625594433,34.756789061090764]]],[[[127.73002627551357,34.757965276413024],[127.72813564235877,34.759369719242585],[127.72745403465721,34.75970225684459],[127.72326879151098,34.76015713991482]]],[[[127.72913028209786,34.7404274717713],[127.72928444704608,34.73989571026803],[127.72795260993432,34.739738181992294],[127.72637154469734,34.73891207981433]]],[[[127.72928444704608,34.73989571026803],[127.7294103588698,34.739477297818425],[127.72947848850879,34.73925089746123],[127.73005790524712,34.73859926547591]]],[[[127.73406817949702,34.73229336136667],[127.73678149711463,34.73226556472533],[127.73570403830516,34.72987632750325],[127.73437962548972,34.72433008817309]]],[[[127.74364197357698,34.67663405077198],[127.74301185631295,34.676424725419594],[127.74296664336906,34.676432034368],[127.74292538105503,34.67645697622988]]],[[[127.70363922421095,34.71003436370337],[127.70591586422694,34.70952690134883],[127.70695748247945,34.70990034330124],[127.70711458229519,34.709939168754325]]],[[[127.71176871918712,34.71197711142946],[127.71155689304089,34.71197745505639],[127.71144515106472,34.711992193907996],[127.71137939000822,34.71201936606227]]],[[[127.71200088136989,34.72131807793623],[127.71235451814036,34.72096328751465],[127.71257397676436,34.72106935671786],[127.71264921689409,34.72109930349631]]],[[[127.72353202364604,34.718129675434824],[127.72375015905105,34.71801083025371],[127.72381771246577,34.717987525824725],[127.7238807636828,34.71797542437346]]],[[[127.71238848273796,34.7246102639488],[127.71199404525585,34.724385492618346],[127.71042745981829,34.72385643352383],[127.70945585975258,34.72388437050662]]],[[[127.71292169468828,34.75582505995958],[127.71381288235744,34.75600853975711],[127.7140209932835,34.75605135853168],[127.71632189945278,34.75451977161906]]],[[[127.70055621439217,34.76233329883705],[127.70182772197441,34.76210928580863],[127.70315489279184,34.7616402772278],[127.7044662345111,34.761176840212286]]],[[[127.72145574209966,34.78658553367019],[127.71859224632195,34.78448946759487],[127.71845730409413,34.78435501728062],[127.72026026663062,34.78313954785925]]],[[[127.71433058648049,34.78623949732702],[127.71278168254368,34.78437494757569],[127.71167054233733,34.78323855452242],[127.71081194331951,34.78241917012619]]],[[[127.76930756679438,34.80495746709389],[127.73487854517381,34.74884991411066],[127.72521566385001,34.79908052254291],[127.76930756679438,34.80495746709389]]],[[[127.68835489992063,34.76644032031906],[127.68512524790255,34.764999866136776],[127.68269570850414,34.76518506176923],[127.68099013300183,34.76551966234996]]],[[[127.69390070363472,34.76147598635634],[127.69204579637405,34.76067190240664],[127.68870898229325,34.7552599380528],[127.69014508439544,34.75297066286567]]],[[[127.68214398262964,34.77137415625482],[127.68249646079654,34.77048989908035],[127.68265988072905,34.76970563851691],[127.68268544823029,34.7691695181873]]],[[[127.69688566553864,34.79163499094192],[127.69662008502243,34.7881905633123],[127.69686744242208,34.7861445732175],[127.69625688069763,34.78478442116997]]],[[[127.64763645025944,34.841220206732324],[127.6474983042922,34.841145002854375],[127.64495782267154,34.841151570102376],[127.64474263075915,34.841172108889815]]],[[[127.64634379073703,34.84755670930972],[127.64567726896672,34.84754635999033],[127.64560341984588,34.8475467514096],[127.64552544124165,34.8475613090552]]],[[[127.76930756679438,34.80495746709389],[127.6334321484179,34.810860154703406],[127.69505135875134,34.864885622719825],[127.76197455925602,34.86482952873936],[127.76930756679438,34.80495746709389]]],[[[127.71949969304912,34.86345371920183],[127.71937124099603,34.863448235620886],[127.71923937055776,34.86345325277521],[127.71895547283631,34.8634851834679]]],[[[127.7270772772948,34.86702614808485],[127.7270022759757,34.867024688393904],[127.72693808345193,34.86702846936171],[127.72687426910139,34.867039681006354]]],[[[127.72502505827643,34.89522810545899],[127.75122791219938,34.87775385671683],[127.69752269042526,34.872722965647284],[127.72502505827643,34.89522810545899]]],[[[127.41011783771718,35.04867033332701],[127.4328113542312,35.00431088182995],[127.38205235071537,34.967992196412574],[127.31207053956788,34.98577860941193],[127.32139358368906,35.069389383817516],[127.41011783771718,35.04867033332701]]],[[[127.24622316319638,35.110012989392445],[127.32139358368906,35.069389383817516],[127.30864016486696,35.00641462244154],[127.18350336189174,35.03464757977255],[127.18767157370833,35.12373995980871],[127.24622316319638,35.110012989392445]]],[[[127.30964831418349,35.007042046777705],[127.3161927086055,34.95096355487661],[127.23843911762101,34.92315938905287],[127.20106452850334,34.98842401854927],[127.17493298556175,34.977896517798946],[127.20840784356963,35.041141169725485],[127.30964831418349,35.007042046777705]]],[[[127.305791004301,34.945564814777455],[127.30621285482944,34.90256713479597],[127.22732673163615,34.8956606540669],[127.305791004301,34.945564814777455]]],[[[127.3673468121883,34.96017798286579],[127.4008697063173,34.92684877857077],[127.3565477630529,34.864137478634234],[127.30361771244371,34.90095998205166],[127.305791004301,34.945564814777455],[127.31375782597009,34.984483901563046],[127.3673468121883,34.96017798286579]]],[[[127.39101905103124,34.90402786651028],[127.46488847850947,34.9051548145418],[127.49236057993305,34.846646931604774],[127.38006117599197,34.84297330455865],[127.39101905103124,34.90402786651028]]],[[[127.46592782686703,34.94049919715877],[127.47127086587366,34.89910242918628],[127.39889120080545,34.89388307359165],[127.36238933174798,34.95343757381909],[127.41160481696659,34.991690958925815],[127.46592782686703,34.94049919715877]]],[[[127.59294746236525,34.89523624748794],[127.53780618064356,34.88198677196445],[127.53226127495456,34.83586990070494],[127.52608950624534,34.95040799705426],[127.54993313544419,34.96450430680477],[127.59294746236525,34.89523624748794]]],[[[127.52994373117605,35.08809000418267],[127.54907877011203,34.981971907671536],[127.50715137844912,34.96822269349678],[127.40443157422824,35.03287969077842],[127.52994373117605,35.08809000418267]]],[[[127.46108007333545,35.16229934171928],[127.53374674997089,35.106597218658386],[127.47086647839942,35.051445975083006],[127.40014633192074,35.13838228671041],[127.40642289002257,35.1890871812297],[127.46108007333545,35.16229934171928]]],[[[127.4378225270645,35.06119367878809],[127.33525186822656,35.08794539001265],[127.40152940783214,35.135281970783176],[127.4378225270645,35.06119367878809]]],[[[127.42754509875249,35.002797320765104],[127.48387993909913,34.953063827710416],[127.41376706599307,34.97409455229053],[127.42754509875249,35.002797320765104]]],[[[127.49031510604789,34.96418489529674],[127.48854390156178,34.96116532870628],[127.4870570127957,34.961188551814026],[127.48553869956837,34.96126853166531]]],[[[127.50715137844912,34.96822269349678],[127.50675046626914,34.966174399796294],[127.50592729177517,34.96405512166464],[127.50557298078462,34.963440951403385]]],[[[127.5032103065115,34.961816288523366],[127.50340348093287,34.95897371728933],[127.50295307697411,34.95793254467657],[127.50279940849659,34.95710290991191]]],[[[127.5210328110425,34.954256759416715],[127.52193932899625,34.95204418877261],[127.5231722134952,34.950329765586474],[127.52512447995016,34.95069712887883]]],[[[127.50245708220676,34.943839624776416],[127.50399127850719,34.94375729463156],[127.50528077109401,34.94324295789498],[127.50600263830091,34.9428716196071]]],[[[127.4882430530064,34.94672892811955],[127.48894537225709,34.94627193017738],[127.49301854698466,34.946424149833106],[127.49367146473892,34.94639089110947]]],[[[127.48387993909913,34.953063827710416],[127.48384354008434,34.95236418207976],[127.48378085891127,34.95108380225066],[127.48452892042143,34.95034638974984]]],[[[127.49191481080933,34.95213069625723],[127.49465334903586,34.94904550484794],[127.49301854698466,34.946424149833106],[127.48894537225709,34.94627193017738]]],[[[127.48854390156178,34.96116532870628],[127.48858142155939,34.96095381055586],[127.4888874623968,34.95960749542553],[127.48891252201454,34.95949732097694]]],[[[127.51922876013911,34.91819422160128],[127.49535840791991,34.874466429180096],[127.46661924576365,34.92893996190519],[127.51922876013911,34.91819422160128]]],[[[127.55252704192259,34.98377756059258],[127.55482487769072,34.982121065262675],[127.55641048851167,34.981180093059066],[127.5567919366918,34.9805017312719]]],[[[127.52608950624534,34.95040799705426],[127.52512447995016,34.95069712887883],[127.5231722134952,34.950329765586474],[127.52193932899625,34.95204418877261]]],[[[126.89206178709185,35.078161321118365],[126.87860498679075,34.952161013371324],[126.81908728129447,35.05298964620417],[126.89206178709185,35.078161321118365]]],[[[126.73539614592977,34.968371534236134],[126.76880663799209,34.90322204870966],[126.72643056765625,34.889208601425],[126.70197532939623,34.93321003422409],[126.73539614592977,34.968371534236134]]],[[[126.71589788223696,34.97247979960823],[126.70854466454,34.93428732230277],[126.60776637945698,34.962501732864226],[126.71589788223696,34.97247979960823]]],[[[126.66850485545969,34.94508066100345],[126.67664770342785,34.88301209366844],[126.63101685954366,34.88853785519338],[126.66850485545969,34.94508066100345]]],[[[126.61386375255475,34.9714336671632],[126.6453716874581,34.92393557398977],[126.58399172855766,34.915782950079446],[126.56155068265201,34.965355616853614],[126.61386375255475,34.9714336671632]]],[[[126.5698603100593,34.97635138416418],[126.55320348085341,34.863241891140184],[126.51362248392843,34.9221309270839],[126.5698603100593,34.97635138416418]]],[[[126.68334951539326,35.05810503733898],[126.64613404087638,34.966079744578764],[126.5912566784004,34.99125444211769],[126.59302517888446,35.032246258465584],[126.6330491279201,35.017492857786756],[126.64283643697976,35.06688414466192],[126.68334951539326,35.05810503733898]]],[[[126.66771379657287,35.1051365477463],[126.68334951539326,35.05810503733898],[126.64283643697976,35.06688414466192],[126.6330491279201,35.017492857786756],[126.59302517888446,35.032246258465584],[126.5936422836832,35.09779633586587],[126.66771379657287,35.1051365477463]]],[[[126.744639608605,35.10399643584819],[126.7709346560564,35.071571656270514],[126.74568997748868,35.04762334084938],[126.68095455687791,35.06021443444635],[126.66771379657287,35.1051365477463],[126.744639608605,35.10399643584819]]],[[[126.77828148934118,35.05316334851234],[126.76866055254408,34.97774935157167],[126.73288748313546,35.03675016062037],[126.77828148934118,35.05316334851234]]],[[[126.81908728129447,35.05298964620417],[126.83451696946265,35.012560927547824],[126.80221270279617,34.99247893946437],[126.77828148934118,35.05316334851234],[126.81908728129447,35.05298964620417]]],[[[126.87860498679075,34.952161013371324],[126.87099667148033,34.89120365676653],[126.81165393108962,34.874510930336974],[126.8114459645547,35.003155558067455],[126.87860498679075,34.952161013371324]]],[[[126.79443572440881,34.99840372951297],[126.82662506628333,34.9650657576028],[126.80637807236866,34.868079345842894],[126.73539614592977,34.968371534236134],[126.79443572440881,34.99840372951297]]],[[[126.73777290929478,35.01711171025273],[126.73717828429825,35.01563022606651],[126.73730580953956,35.01530638512515],[126.73769827371643,35.01439324365499]]],[[[126.71591651193425,35.00812849350251],[126.71642449721702,35.007818767443],[126.71552863500226,35.00665977874431],[126.71477259919031,35.00573249708187]]],[[[126.73399679231653,35.04035302725561],[126.73376411496378,35.0400101542104],[126.73331275814324,35.038331707296905],[126.73288748313546,35.03675016062037]]],[[[126.74019783534317,35.046883128523554],[126.73671683131313,35.044361033384455],[126.73575855642278,35.042949057927856],[126.73399679231653,35.04035302725561]]],[[[126.76044109175709,34.9824991983561],[126.76046042257364,34.98235615800054],[126.7604508436956,34.9821286766408],[126.76040012767554,34.98195586400863]]],[[[126.70486936206582,34.99921096017104],[126.7277339630488,34.97047196816714],[126.63776351993481,34.983760236598116],[126.70486936206582,34.99921096017104]]],[[[126.7922089941588,35.00819343198091],[126.79154136771112,35.007477099471835],[126.78621241461971,35.00637248146913],[126.78546873591996,35.00628711533643]]],[[[127.65491138604634,34.97061780164229],[127.57984935606893,34.921792530522964],[127.59294746236525,34.89523624748794],[127.5460250235607,34.971468448196305],[127.64143183175966,34.999525845557486],[127.65491138604634,34.97061780164229]]],[[[127.5967016531204,34.99453523787073],[127.54978195827341,34.98598434254736],[127.53345324282708,35.10655333894804],[127.58073128068699,35.10864082202588],[127.5967016531204,34.99453523787073]]],[[[127.60280638311318,35.11814513654863],[127.64749851894207,35.07721622379521],[127.63375315836105,34.98895650690946],[127.60092411551008,34.98576842627467],[127.5830386920855,35.04126618895008],[127.60280638311318,35.11814513654863]]],[[[127.72392258335961,34.98774401567655],[127.7300091908224,34.96321230637111],[127.65491138604634,34.97061780164229],[127.63891745891047,35.02618066099895],[127.69423843148006,35.032559662130474],[127.72392258335961,34.98774401567655]]],[[[127.73448010703474,35.04900246404937],[127.71784722736412,34.98745548648608],[127.62161637322838,35.10623371447228],[127.65513475919519,35.11826330479929],[127.73448010703474,35.04900246404937]]],[[[127.7770639540832,35.02562623927713],[127.73334817833927,34.95543693122839],[127.73448010703474,35.04900246404937],[127.7770639540832,35.02562623927713]]],[[[127.6680991002604,35.152347283610844],[127.75223202155846,35.0516880851905],[127.60280638311318,35.11814513654863],[127.624741102571,35.184489949051276],[127.6680991002604,35.152347283610844]]],[[[127.7015006297196,34.96893950286605],[127.63998041799172,34.886359313495966],[127.61334602038771,34.92044824548298],[127.7015006297196,34.96893950286605]]],[[[127.72147733667241,34.94735577341251],[127.68776784425697,34.92428625364427],[127.68514843783635,34.9597496436616],[127.72147733667241,34.94735577341251]]],[[[127.72877924690957,34.963203886921704],[127.72946035505491,34.96123659274414],[127.73091777579633,34.958336983483385],[127.73104423847074,34.95776564442111]]],[[[127.76878763560684,34.94106162191159],[127.76876376621861,34.93370326905145],[127.76613869159812,34.933676644085146],[127.7657994834899,34.93367877623888]]],[[[127.78481953857715,34.91548769190833],[127.77613866117748,34.886420506062095],[127.7029565486529,34.931079614796154],[127.78481953857715,34.91548769190833]]],[[[127.00369031216816,35.34945482158408],[127.0219764024975,35.32101420229901],[126.97930772589802,35.289785600911266],[126.93161230782353,35.33537505951315],[127.00369031216816,35.34945482158408]]],[[[126.97567463949666,35.289803534455],[126.96703497971794,35.24487061979635],[126.9094651314703,35.2588142787947],[126.97567463949666,35.289803534455]]],[[[126.96703497971794,35.24487061979635],[127.01208281639627,35.19905292243921],[126.96132522815454,35.188825231969226],[126.93260477697146,35.241486451931266],[126.96703497971794,35.24487061979635]]],[[[127.04836961378041,35.18746556719113],[127.07201079844693,35.115844041724365],[126.96619310262324,35.184121679448545],[127.04836961378041,35.18746556719113]]],[[[127.02100886241341,35.274479522283016],[126.99143831472652,35.26339431430441],[127.04707008362487,35.23652346454724],[127.04116336584578,35.17877534658081],[126.96703497971794,35.24487061979635],[127.02100886241341,35.274479522283016]]],[[[127.08092542447133,35.248134357141645],[127.11673064851723,35.18922807776035],[127.04836961378041,35.18746556719113],[127.04592414069957,35.238128829430245],[126.99143542785312,35.26352045171855],[127.08092542447133,35.248134357141645]]],[[[127.01387127155051,35.30926338174773],[127.0893982663759,35.30671943037508],[127.09828757908635,35.26263301047008],[126.9798054522447,35.27543344528371],[127.01387127155051,35.30926338174773]]],[[[127.07027850345123,35.36612182589624],[127.06548516760836,35.310355443650785],[127.01480461671406,35.30659706955891],[127.00647485220766,35.372863292183574],[127.07027850345123,35.36612182589624]]],[[[127.04786051359737,35.40560334058354],[126.9761173833259,35.34622877016791],[126.95731465755198,35.38637694386319],[127.00001460588884,35.461574896374245],[127.03462769738933,35.46580180010976],[127.04786051359737,35.40560334058354]]],[[[126.96147770358908,35.39491189347331],[126.96836764884885,35.326999985534464],[126.88771985577608,35.325870637883504],[126.91959960987842,35.4019725286734],[126.96147770358908,35.39491189347331]]],[[[126.9575862767356,35.30402535179697],[126.91205631795589,35.26053755603763],[126.88013289204089,35.321052285063],[126.93161230782353,35.33537505951315],[126.9575862767356,35.30402535179697]]],[[[126.88013289204089,35.321052285063],[126.92256631297535,35.276065573525216],[126.88755141349074,35.24628799258445],[126.85467285466646,35.29420792859016],[126.88013289204089,35.321052285063]]],[[[127.25120203405989,35.31696010814238],[127.3298503155103,35.2833672396628],[127.24789628153744,35.22681281317292],[127.25120203405989,35.31696010814238]]],[[[127.32597606219848,35.27288491679818],[127.37044959560778,35.240021418468814],[127.36714518405068,35.18601694093974],[127.25561682018329,35.22696342919447],[127.32597606219848,35.27288491679818]]],[[[127.25559406945192,35.22860443761739],[127.26499693943592,35.19642766902384],[127.21797616750275,35.17684010622817],[127.18835517568124,35.21181448860957],[127.21521707508595,35.25313029363531],[127.25559406945192,35.22860443761739]]],[[[127.26998000638947,35.12853536035776],[127.24120314060619,35.10180037486485],[127.1956447155991,35.18017193240873],[127.27049575940424,35.19789281504266],[127.26998000638947,35.12853536035776]]],[[[127.34468610403283,35.09847291669359],[127.32139358368906,35.069389383817516],[127.24539288264914,35.114797484287735],[127.32007291849496,35.14841046921762],[127.34468610403283,35.09847291669359]]],[[[127.37700921824744,35.19377233162135],[127.41221149173417,35.14942856850684],[127.3757421664999,35.10084900009051],[127.32100324446986,35.14824571678984],[127.27012075376956,35.128076225885934],[127.26375654815548,35.20896028075217],[127.37700921824744,35.19377233162135]]],[[[127.3844510762062,35.30327636997462],[127.40334887438503,35.23491087444303],[127.37106195290117,35.22575805178863],[127.3236491538305,35.30899670572052],[127.3844510762062,35.30327636997462]]],[[[127.1860981696332,35.336194469449545],[127.12098938523532,35.25213447984675],[127.09553968992658,35.30133590955121],[127.1860981696332,35.336194469449545]]],[[[127.23741237845529,35.328136545688245],[127.22849256726676,35.25690958160411],[127.16734469654314,35.287626140570346],[127.23741237845529,35.328136545688245]]],[[[127.22849256726676,35.25690958160411],[127.18835517568124,35.21181448860957],[127.13353065396153,35.26509583218857],[127.17126593421789,35.28904807827786],[127.22849256726676,35.25690958160411]]],[[[127.13371714042724,35.25927569523751],[127.18445589707815,35.21418850284825],[127.10552189080653,35.199022099296556],[127.0913245194384,35.289092881851445],[127.13371714042724,35.25927569523751]]],[[[127.40293093209706,35.23358450144272],[127.48435389544751,35.20667237203883],[127.46338536835799,35.16343152128772],[127.37700921824744,35.19377233162135],[127.3677015086006,35.228222149689685],[127.40293093209706,35.23358450144272]]],[[[127.49615506133641,35.199714411669596],[127.53364847620074,35.17378148696417],[127.5173702193658,35.12460815621078],[127.46108007333545,35.16229934171928],[127.49615506133641,35.199714411669596]]],[[[127.6213662541375,35.18851362765889],[127.60280638311318,35.11814513654863],[127.52111996829672,35.12057170628178],[127.53572274645148,35.190798745356155],[127.6213662541375,35.18851362765889]]],[[[127.57744981030764,35.308958991688115],[127.6213662541375,35.18851362765889],[127.49946707027883,35.19544994610697],[127.52701582456632,35.29281576326242],[127.57744981030764,35.308958991688115]]],[[[127.52701582456632,35.29281576326242],[127.48202561955371,35.200721540271815],[127.46180294342545,35.230770610642196],[127.52701582456632,35.29281576326242]]],[[[127.5142936435883,35.29623854639841],[127.46903454852924,35.221299437503845],[127.42411311728902,35.271963484953424],[127.5142936435883,35.29623854639841]]],[[[127.428903400193,35.274730153742425],[127.45959527160811,35.22088350642314],[127.4025979619192,35.23074981774022],[127.39072977190828,35.27297134069613],[127.428903400193,35.274730153742425]]],[[[127.51422209020194,35.35134092699875],[127.5726507058658,35.31204568476985],[127.38161402515476,35.28009492463678],[127.43724755334938,35.36319174265396],[127.51422209020194,35.35134092699875]]],[[[127.31575171328377,34.61708652684659],[127.27711158789727,34.56759698524441],[127.20220844050904,34.600483084626696],[127.22557064334053,34.63903611570658],[127.31575171328377,34.61708652684659]]],[[[127.27710613340489,34.378941448496114],[127.27692634499385,34.378904639938455],[127.27668732839324,34.37896298916496],[127.27651557954687,34.37903463476771]]],[[[127.24595538513324,34.41407402092635],[127.24694274223766,34.413908161579634],[127.25022136660573,34.414781899538],[127.25071131439988,34.41478090236206]]],[[[127.14714926652924,34.498017247703295],[127.14768071942433,34.497517526830464],[127.1477872358615,34.497627061452604],[127.14797430664345,34.49772525783293]]],[[[127.14835479852233,34.500830613279746],[127.14815515840522,34.50079782581604],[127.14799733149329,34.500847021389056],[127.1475602788807,34.50123038610426]]],[[[127.16470927298705,34.51968710233029],[127.16470877202768,34.51943060999227],[127.16450415799284,34.51925691871614],[127.1622763046607,34.517987453810996]]],[[[127.13583219167509,34.52026009772209],[127.13668172028504,34.5183608927648],[127.13692494077549,34.51837622252982],[127.13716708220413,34.51838262791002]]],[[[127.12802305480486,34.582983293827965],[127.12652260700003,34.58275122913305],[127.12615102316533,34.582839421928256],[127.12600488551416,34.58310869061737]]],[[[127.18374765305175,34.53132919905518],[127.11213818599857,34.546166528275364],[127.14847413353604,34.60065652368768],[127.14787725864355,34.53896542223436],[127.18374765305175,34.53132919905518]]],[[[127.10984495326427,34.59852755721571],[127.1111821398807,34.59642598448422],[127.1111817082439,34.59609804835987],[127.11090183298293,34.5959056886005]]],[[[127.27711158789727,34.56759698524441],[127.27381663989813,34.51282834739641],[127.23040546376396,34.51784851196999],[127.19901988923262,34.59434480869394],[127.27711158789727,34.56759698524441]]],[[[127.19954746882253,34.59534212689959],[127.21176458556648,34.51640922262739],[127.14765301058526,34.539454402198515],[127.19624822943427,34.65172273797607],[127.19954746882253,34.59534212689959]]],[[[127.21444463229449,34.41732727844659],[127.21390248774763,34.417149090377706],[127.21292666163032,34.41729985575557],[127.2126253126879,34.417367383033664]]],[[[127.12408689031072,34.42077105608394],[127.1235346936628,34.42061214472771],[127.12282343537424,34.42080836896049],[127.12242944648125,34.420969391317016]]],[[[127.22766314345968,34.42907308412542],[127.22728507091861,34.42890786598337],[127.2266620458846,34.428979968456936],[127.22632138546089,34.42930841875791]]],[[[127.22736736521662,34.43954633840338],[127.2266893476369,34.439205587690495],[127.22619508605374,34.4393060904473],[127.22401244199098,34.44001833995581]]],[[[127.09387509272707,34.44122068413491],[127.09347853518939,34.44106546831895],[127.09262211958674,34.44106465804233],[127.09238370824384,34.44114383772034]]],[[[127.0893215269288,34.46376070862648],[127.08949322446821,34.463760584623564],[127.08997125395481,34.463847103015],[127.09041308370975,34.464024809758776]]],[[[127.23644557742381,34.494319524826835],[127.23500786675433,34.49210169544542],[127.2323709748044,34.49355747656999],[127.23157265042339,34.494161126066516]]],[[[127.22794430561389,34.48927421004389],[127.2084976080179,34.429512533245635],[127.09904761425759,34.4434099238438],[127.114668767313,34.49035931045782],[127.22794430561389,34.48927421004389]]],[[[127.33165113264465,34.43440497876732],[127.33146351418432,34.43434907944487],[127.32905268505228,34.43465025837817],[127.32861075662505,34.43489050415623]]],[[[127.3211544663629,34.436935372054315],[127.32254443838715,34.43572492776154],[127.32289253611651,34.43573492141138],[127.32731925374603,34.43468969207615]]],[[[127.29389139743571,34.43607024912039],[127.29226511155072,34.43605508368843],[127.29157638842554,34.436166468652225],[127.29144324187932,34.436613016862246]]],[[[127.30286568406284,34.44240827700273],[127.30365578595351,34.4420964463335],[127.30527479786667,34.44213233426549],[127.30975621255801,34.44236178053201]]],[[[127.306097239464,34.442951214982536],[127.30541632777637,34.442891982752116],[127.30438271816112,34.443213177850154],[127.30417957327329,34.44335423898345]]],[[[127.29310278141696,34.449051815768755],[127.29377477526447,34.44896071612332],[127.29477030642057,34.44902806742444],[127.29509113846883,34.448876919669395]]],[[[127.28396982820117,34.45350288584315],[127.28378197572273,34.45345549484639],[127.2835856019768,34.45345594731691],[127.28239913187622,34.45407247378982]]],[[[127.34983426775479,34.47769849564647],[127.34941326405146,34.47744357498758],[127.34878369440088,34.477462722507255],[127.34721750171279,34.477694148736006]]],[[[127.27169697615909,34.49661894475738],[127.27151547192834,34.496366982521984],[127.2711359145535,34.49636782241662],[127.26940722033862,34.496781201486066]]],[[[127.38791591737737,34.50658399424451],[127.32523584502988,34.47656205534856],[127.32764310639656,34.44133662117661],[127.26709967350031,34.48293128395717],[127.2789638880402,34.54212275649466],[127.38791591737737,34.50658399424451]]],[[[127.43769303006808,34.55092058680444],[127.43754618438182,34.55087261301353],[127.43740635244058,34.55089627706693],[127.43733252746543,34.55098426493386]]],[[[127.44506815780612,34.552836954177266],[127.44437726441757,34.552644059784136],[127.44420440977184,34.552644686133235],[127.4440158338186,34.552651157779756]]],[[[127.45869625850027,34.554011056634344],[127.45849717391918,34.5539675326912],[127.45832406095853,34.554043709157824],[127.45810789266005,34.554272871738775]]],[[[127.45478405724506,34.57085930812022],[127.45555660214322,34.57020622305399],[127.45602230414676,34.570448743557826],[127.45650725922815,34.57062941955154]]],[[[127.45314584098902,34.572220151136406],[127.45279558150438,34.572158552595795],[127.45166534066428,34.57287642341582],[127.45135994147789,34.57359190611302]]],[[[127.45122311713196,34.56918750763874],[127.4515181992718,34.567468777104885],[127.45175142367532,34.566258961954574],[127.4535497329161,34.56267248267022]]],[[[127.39878206316577,34.5886436672457],[127.42934145559728,34.51182679084484],[127.27593090516358,34.54401505008369],[127.34546421654225,34.63739452825816],[127.39878206316577,34.5886436672457]]],[[[127.49429424124746,34.40000513074751],[127.49675118830544,34.39857380751189],[127.49691432701339,34.39858047628333],[127.49713076798656,34.398543672321104]]],[[[127.54430706838077,34.44382757841961],[127.54504292440315,34.443339930916736],[127.5456389750808,34.44338971257679],[127.54573251428948,34.44338180919105]]],[[[127.44850325736229,34.465485975004526],[127.44932352972019,34.464268058092344],[127.44959395924901,34.46439124536054],[127.44977329926499,34.46441678757566]]],[[[127.4616325952573,34.47375050546294],[127.53849285283044,34.43110767094245],[127.4876752006299,34.413228220294],[127.4616325952573,34.47375050546294]]],[[[127.4052094231238,34.47470450529779],[127.40359029585701,34.474546332739635],[127.40260397375374,34.47455128635329],[127.402307212766,34.47462334765687]]],[[[127.44216292697193,34.468990096637945],[127.44195833399485,34.468924892566434],[127.44092418146072,34.469045289185935],[127.44055888575983,34.46928531979244]]],[[[127.39792875181757,34.489536859696194],[127.39781220130902,34.489509693279295],[127.39771481901637,34.48951000860782],[127.3975896600015,34.48953807030781]]],[[[127.46544654408778,34.543802966054834],[127.50561050172884,34.49035151820538],[127.4419877898962,34.49027893582064],[127.46544654408778,34.543802966054834]]],[[[127.44551227267863,34.53815507987858],[127.44528833551189,34.53813827638691],[127.44502116424671,34.53815847063034],[127.44243829118524,34.538637869035554]]],[[[127.4452425429028,34.662659210722985],[127.49235561064053,34.64399466999492],[127.39872961311603,34.620006139813555],[127.39878206316577,34.5886436672457],[127.31868202280278,34.66514057677399],[127.4452425429028,34.662659210722985]]],[[[127.4671884918947,34.563224889818834],[127.46708805222053,34.563206123193076],[127.46657093185736,34.56320809382339],[127.46644768339432,34.56325323703338]]],[[[127.47597108276447,34.57141125373469],[127.47327873786092,34.57100091080818],[127.47314551284627,34.57101144985808],[127.47309722636773,34.57104169217222]]],[[[127.41721149153923,34.58178276887824],[127.42282781641428,34.58141821568746],[127.42295065879895,34.58153568048185],[127.42326679018619,34.58160197750894]]],[[[127.40866201445202,34.58976147490118],[127.39872961311603,34.620006139813555],[127.47210632512329,34.63806126700173],[127.50846004275382,34.593311080069505],[127.40866201445202,34.58976147490118]]],[[[127.46979465040367,34.67354233072962],[127.46954187944253,34.67347384071525],[127.46899716708944,34.67351052179129],[127.468803123697,34.67409641471488]]],[[[127.45123695483177,34.6780134243921],[127.45072114959954,34.67799166233447],[127.44903794595977,34.67854436022696],[127.44883967118767,34.67865220271083]]],[[[127.45372579449013,34.68307791154726],[127.45308701450865,34.68303120438446],[127.45263874283567,34.68343475479398],[127.45032979914323,34.68557685078442]]],[[[127.45814394451352,34.68289115254711],[127.45766660382077,34.68275401643838],[127.45711317772619,34.68302688624552],[127.45469273094649,34.685081800076695]]],[[[127.43323709999738,34.703477639412746],[127.43282426192734,34.70335146881769],[127.43238286994604,34.70342903547483],[127.43190251390952,34.70355108109902]]],[[[127.45065806269135,34.70462611971216],[127.45035752531581,34.70455885683166],[127.44999555829308,34.70458379206582],[127.44973338775934,34.704695010821624]]],[[[127.42182481347383,34.707590587194396],[127.42215615019114,34.70732832960433],[127.42491427596102,34.70766703757473],[127.42547248420698,34.70769583346081]]],[[[127.42047373675489,34.71133769126933],[127.41762460817743,34.7112298934607],[127.4171752293882,34.71127385482976],[127.4160319515126,34.711074648581565]]],[[[127.4460797933708,34.710142974172136],[127.4460054972058,34.70990214968638],[127.44576909809874,34.709401345417824],[127.44562964968463,34.709226506993744]]],[[[127.4452425429028,34.662659210722985],[127.31726375984323,34.68170549154383],[127.38301019742634,34.72299790759557],[127.45204737700118,34.6949934190135],[127.402136339859,34.7028573257471],[127.4452425429028,34.662659210722985]]],[[[127.39681125451287,34.72418367838479],[127.39691474723669,34.723634897467086],[127.39750074830485,34.72405291100665],[127.39816863836938,34.72400477834673]]],[[[127.32219928360406,34.68868139346628],[127.3217411079921,34.68858812493067],[127.32028418135495,34.688763475463155],[127.31933861633458,34.68896026907966]]],[[[127.31372216531696,34.72720469172357],[127.31428371755834,34.726798128936906],[127.314511382571,34.72660908511646],[127.3155059270375,34.72565037121274]]],[[[127.30087208514863,34.72571888094304],[127.30035839535596,34.72570535030748],[127.30011834050968,34.72574708256202],[127.29998754660504,34.7259827598822]]],[[[127.3083532383485,34.73211824414752],[127.3080935340152,34.73207605030098],[127.30739522376285,34.73217821665252],[127.30714910342611,34.73230266455836]]],[[[127.30968129626743,34.73518228917461],[127.30954974643244,34.73510139032813],[127.30920686991793,34.73514943273141],[127.30743201869237,34.73658541249503]]],[[[127.31313177572089,34.736680769192475],[127.31267309128842,34.73663543546589],[127.31242980375401,34.73663605663364],[127.31227067866324,34.73669124580808]]],[[[127.38301019742634,34.72299790759557],[127.37073050328499,34.69544795000932],[127.33293888375259,34.71441290345244],[127.3295184666081,34.76581389436185],[127.39412333844369,34.775891074669595],[127.38301019742634,34.72299790759557]]],[[[127.39108077206235,34.789991846681616],[127.27642926587984,34.7922682068945],[127.34312166586896,34.82787971494185],[127.39108077206235,34.789991846681616]]],[[[127.27642926587984,34.7922682068945],[127.33596624392287,34.765419362873345],[127.26149772475588,34.73192515613274],[127.2374518057224,34.75922517192544],[127.27642926587984,34.7922682068945]]],[[[127.31796332760207,34.66949581927104],[127.34546421654225,34.63739452825816],[127.31966898867248,34.616795443755265],[127.22557064334053,34.63903611570658],[127.26238586864899,34.71585838306719],[127.31796332760207,34.66949581927104]]],[[[127.1179111245468,34.76138569940474],[127.07691621710245,34.71195624247358],[127.01157874619562,34.77003151365161],[127.09676362079074,34.79300885813193],[127.1179111245468,34.76138569940474]]],[[[127.41842176038767,34.785106488257576],[127.42331427069817,34.78452250439789],[127.42612709953133,34.785519082100436],[127.42617758517142,34.78558424709054]]],[[[127.47457594754887,34.791885676711246],[127.47359597437901,34.79166954253966],[127.4728638007057,34.791978397284275],[127.47176103146978,34.79309191336646]]],[[[127.46581256961842,34.80153018142233],[127.46579049437848,34.80119553153109],[127.46596328465827,34.80123169601257],[127.46604840495293,34.80123424655796]]],[[[127.44419079264368,34.80725840991565],[127.44362313741672,34.807150144755894],[127.44174101921159,34.807260532523365],[127.44157915317439,34.80727753359791]]],[[[127.30361771244371,34.90095998205166],[127.4276577099961,34.81334713704476],[127.38741932922683,34.78999847087253],[127.23019085199273,34.83336750379879],[127.30361771244371,34.90095998205166]]],[[[127.08448997380432,34.869288880012625],[127.08676780664945,34.791928263619575],[127.03875617183402,34.76261894099771],[127.02172221623137,34.81951464191101],[127.08448997380432,34.869288880012625]]],[[[127.11273726530446,34.841893755707936],[127.1179111245468,34.76138569940474],[127.07725491140954,34.80661182011001],[127.11273726530446,34.841893755707936]]],[[[127.15089923015,34.87074739145454],[127.21223153924763,34.80826284118953],[127.12307397163606,34.79118600443754],[127.11238401876517,34.84284580570964],[127.15089923015,34.87074739145454]]],[[[127.22595488191764,34.89871962624031],[127.25316406173715,34.87361019207881],[127.2183524205312,34.835765372630476],[127.1427311952761,34.86377108330679],[127.22595488191764,34.89871962624031]]],[[[127.18662745943799,34.89296810752314],[127.08203476766383,34.85169177658785],[127.115937045284,34.95280309867047],[127.18662745943799,34.89296810752314]]],[[[127.23843911762101,34.92315938905287],[127.18662745943799,34.89296810752314],[127.11481987404112,34.957281319836014],[127.1998109132134,34.988984148792866],[127.23843911762101,34.92315938905287]]],[[[127.2910192743825,34.810797958856064],[127.23375451381625,34.76264334013025],[127.18947487219907,34.796951191797035],[127.22425750405564,34.83975844781378],[127.2910192743825,34.810797958856064]]],[[[127.22878205645675,34.763536680295324],[127.17798309109588,34.69133443593007],[127.11026469644722,34.73415860482735],[127.12450293573526,34.79031106522941],[127.22878205645675,34.763536680295324]]],[[[127.17591123662059,34.69135299475268],[127.12443092713484,34.70122276057908],[127.04662891144277,34.634706146683484],[127.0242779948667,34.675876722384714],[127.11901397881515,34.73593887194629],[127.17591123662059,34.69135299475268]]],[[[127.0693830220264,34.715283088399296],[127.0242779948667,34.675876722384714],[126.97206745761667,34.70606518959064],[127.02012567425352,34.741126562983816],[127.0693830220264,34.715283088399296]]],[[[127.02932620239751,35.08652361807995],[126.97878240159528,35.01552666856588],[126.89016815914523,35.045955531867186],[126.916655861463,35.09117934851841],[127.02932620239751,35.08652361807995]]],[[[126.99378004582105,35.02178641382471],[127.10557265726834,34.94396142328892],[126.96363813316226,34.97152938565258],[126.99378004582105,35.02178641382471]]],[[[126.96060344914298,34.974261914695816],[127.00835742813658,34.94142176850252],[126.91975851197475,34.890805601317915],[126.90866297733231,34.96466254667319],[126.96060344914298,34.974261914695816]]],[[[126.99067611040691,34.93756193986056],[126.98374354393349,34.85490812075711],[126.94131844432134,34.82430099692445],[126.90592846852074,34.84658492846169],[126.99067611040691,34.93756193986056]]],[[[127.08121453344151,34.92665232668853],[127.06097128624309,34.84717790820153],[126.9810837108486,34.84400408709161],[127.00875429920691,34.953982513866926],[127.08121453344151,34.92665232668853]]],[[[126.97560776925677,35.0156634706086],[126.96060344914298,34.974261914695816],[126.926202449544,35.003818029755536],[126.97560776925677,35.0156634706086]]],[[[126.94441988388793,35.021234801695336],[126.91168644035523,34.96320702336856],[126.86859126936916,35.009693227997246],[126.89945005253004,35.0484468955152],[126.94441988388793,35.021234801695336]]],[[[126.90866297733231,34.96466254667319],[126.91990577750693,34.86116005239882],[126.82389167774454,34.87112085721252],[126.87114381930897,34.89137684637293],[126.88556853760024,34.97956257527208],[126.90866297733231,34.96466254667319]]],[[[127.08808070985454,35.13136259726186],[127.13310592459452,35.11570339289266],[127.09374195840213,35.06897341169555],[126.99786645112515,35.11202326956386],[127.08808070985454,35.13136259726186]]],[[[127.18445589707815,35.21418850284825],[127.19687040362874,35.131566120321054],[127.0860672970574,35.13359624024411],[127.06547599532861,35.18438313598084],[127.18445589707815,35.21418850284825]]],[[[127.19301352354216,35.13014366102594],[127.18350336189174,35.03464757977255],[127.10194470645767,35.04139385913241],[127.13308656769664,35.11583746434352],[127.19301352354216,35.13014366102594]]],[[[127.18350336189174,35.03464757977255],[127.1732231474631,34.97382622863295],[127.10792010399442,34.945181907382306],[127.05168214100215,35.000884747821154],[127.09647648882606,35.047412966099216],[127.18350336189174,35.03464757977255]]],[[[127.09374195840213,35.06897341169555],[127.07984596485424,35.018527480471974],[127.0064307412505,34.99475935441685],[127.0088758356061,35.0805326131621],[127.09374195840213,35.06897341169555]]],[[[126.86918888880643,34.713615328556024],[126.98189023963182,34.68816354302321],[126.87912212344362,34.62629372203559],[126.86918888880643,34.713615328556024]]],[[[126.99319294614506,34.58320551988313],[126.97820068958013,34.511128354367465],[126.92752267241373,34.495710704801034],[126.86585226086503,34.59100447679067],[126.99319294614506,34.58320551988313]]],[[[126.92752267241373,34.495710704801034],[126.87306222977257,34.456096744331234],[126.88521954918676,34.421962391376596],[126.8467175769463,34.44785870260088],[126.8770588875439,34.53979278824308],[126.92752267241373,34.495710704801034]]],[[[126.93749298383185,34.6601499583031],[127.00846516720794,34.60961921453457],[126.99319294614506,34.58320551988313],[126.85627402053115,34.599602179199614],[126.93749298383185,34.6601499583031]]],[[[127.01323521586549,34.6207283226875],[127.01534138336072,34.61908338488619],[127.01568149780832,34.61913475520756],[127.0164186289737,34.6192325801951]]],[[[127.0242779948667,34.675876722384714],[127.02842957090118,34.6278916257141],[126.93646718083073,34.653544998239425],[126.95823761163514,34.686640532667724],[127.0242779948667,34.675876722384714]]],[[[127.01588827389999,34.78770756590985],[126.98149950201561,34.70972717738962],[126.92513834569371,34.73461598712812],[127.01588827389999,34.78770756590985]]],[[[127.03744334243704,34.83802935894775],[126.96098978746654,34.75928455128587],[126.89445041303378,34.83243901506245],[127.03744334243704,34.83802935894775]]],[[[126.90730389223033,34.859253382602844],[126.92135280841664,34.77611661110367],[126.84739160137866,34.716285849969296],[126.79575423159184,34.78069485008365],[126.80724790786043,34.82872819501949],[126.86270941436024,34.87275355389652],[126.90730389223033,34.859253382602844]]],[[[126.91984324908972,34.77348522892406],[126.94786588810872,34.711728857942546],[126.87243959116576,34.700899875269194],[126.91984324908972,34.77348522892406]]],[[[126.93151347491792,34.429110215970134],[126.93116882425235,34.42907997273149],[126.92956884956345,34.42949920216844],[126.92949564913633,34.429559767326175]]],[[[126.94100828885539,34.43709548961312],[126.94073683075686,34.4370828603195],[126.94015947162528,34.43715931994384],[126.93985429855813,34.437282421161086]]],[[[126.96369237546345,34.46551775790598],[126.9651373556779,34.4649010624725],[126.96555299541512,34.46494878702885],[126.96567975374721,34.464948824435545]]],[[[126.96730509214896,34.5048289919608],[126.97748429436857,34.469893011040455],[126.89961654046382,34.45526711274383],[126.90256424228207,34.49509411893607],[126.96730509214896,34.5048289919608]]],[[[126.76724980764223,34.6661931323552],[126.7649858272049,34.589224241046836],[126.6823299106409,34.6326981262972],[126.76724980764223,34.6661931323552]]],[[[126.82876448684506,34.67120380656799],[126.86749272607423,34.670351745788324],[126.87462609941922,34.62002461961671],[126.78152816624376,34.6171667530354],[126.77031289405897,34.67013150838064],[126.82876448684506,34.67120380656799]]],[[[126.84973301511324,34.61845432508353],[126.88581160099643,34.544447212351095],[126.79015590398181,34.53790164029115],[126.78064129240495,34.621651708974646],[126.84973301511324,34.61845432508353]]],[[[126.78952630531515,34.460683845358965],[126.78929541144446,34.46065794990461],[126.78888786607978,34.46069338862611],[126.78871098980223,34.460786185436696]]],[[[126.86291480602286,34.528273019775845],[126.78501684783343,34.46920056769991],[126.79621652257275,34.545543666991506],[126.86291480602286,34.528273019775845]]],[[[126.84511598090641,34.45133857905553],[126.79675319150887,34.46769167458193],[126.84491308168559,34.504184205301385],[126.84511598090641,34.45133857905553]]],[[[126.78240666307866,34.53051747232764],[126.78215260050938,34.53047065177942],[126.78198400460869,34.53047757659165],[126.7818519609207,34.53048794451431]]],[[[126.6980543300956,34.63014819815354],[126.76992734449416,34.59190837605901],[126.76055406450361,34.511767810747116],[126.66765695244649,34.53648259519052],[126.6980543300956,34.63014819815354]]],[[[126.75052534583868,34.44953705276557],[126.75031301007388,34.44952822813011],[126.75013785487604,34.44960691257055],[126.74995924461065,34.450014328618714]]],[[[126.76055406450361,34.511767810747116],[126.73485039066526,34.454619484005065],[126.68413502595301,34.4696202417178],[126.69696207765188,34.53604074389434],[126.76055406450361,34.511767810747116]]],[[[126.74325128995075,34.756728175669615],[126.71938121586012,34.71470001820009],[126.77031289405897,34.67013150838064],[126.70761210244405,34.65758887921979],[126.65597288590949,34.731515931909314],[126.74325128995075,34.756728175669615]]],[[[126.78945880653859,34.734410235495325],[126.82876448684506,34.67120380656799],[126.71938121586012,34.71470001820009],[126.74325128995075,34.756728175669615],[126.78945880653859,34.734410235495325]]],[[[126.83539458173335,34.73637010207997],[126.85701884389921,34.68313575061109],[126.82876448684506,34.67120380656799],[126.78805993108409,34.73337586256092],[126.83539458173335,34.73637010207997]]],[[[126.7958725288643,34.78050058357262],[126.83539458173335,34.73637010207997],[126.75612696267399,34.74279484743258],[126.7958725288643,34.78050058357262]]],[[[126.6315971842326,34.54871864431794],[126.47661514439385,34.52779608859289],[126.58438662179832,34.59625514911291],[126.62951403780436,34.58726191725784],[126.6315971842326,34.54871864431794]]],[[[126.65135186378545,34.48360896613988],[126.62033422333573,34.45536889652275],[126.54100400649476,34.52920101130119],[126.63334800535465,34.548526460099026],[126.65135186378545,34.48360896613988]]],[[[126.46138857596671,34.42572992306272],[126.46107208600499,34.42567036338617],[126.46036148955248,34.42609527569491],[126.46014399372731,34.42636174611419]]],[[[126.44120740540109,34.43248557954337],[126.44086491312888,34.43236099690863],[126.44069429572481,34.43244012841589],[126.44048811882892,34.43244171658764]]],[[[126.42966722479515,34.4338104856222],[126.42923691065805,34.43378671333597],[126.42824092917952,34.43391490356357],[126.42814153870785,34.434066918582936]]],[[[126.43310178339125,34.4362659152974],[126.43292630869722,34.436253597094826],[126.43204589329595,34.436535521563414],[126.43172973780555,34.43683270679972]]],[[[126.4283211969068,34.44332140275721],[126.42806397787128,34.44331596101412],[126.42386782110637,34.44520188503722],[126.42329459125904,34.44692383658695]]],[[[126.41852514265904,34.4519790956106],[126.41832465925555,34.451887211882095],[126.41792192462648,34.45189697407098],[126.41362527762246,34.45579598240475]]],[[[126.41692010481188,34.45966811921916],[126.41386191667573,34.45935405628019],[126.41332682450604,34.45935240258711],[126.41291892284283,34.45973363294636]]],[[[126.54065409846176,34.52048038885571],[126.47648020364154,34.4266250635431],[126.46364522122484,34.518216056841254],[126.54065409846176,34.52048038885571]]],[[[126.62033422333573,34.45536889652275],[126.58689044861597,34.385058926777965],[126.57035066855427,34.42213849359106],[126.50804108744414,34.42674581118176],[126.56459147874786,34.51259987006624],[126.62033422333573,34.45536889652275]]],[[[126.50880405039514,34.298059941880965],[126.50830512375822,34.297800495733],[126.50780979525267,34.297992316814245],[126.50773766185829,34.300240867889755]]],[[[126.50334345218194,34.314928083848685],[126.50194121984693,34.31468664954018],[126.50179543205007,34.31474163066175],[126.50168838965685,34.314792189396314]]],[[[126.47402105436903,34.34270312624155],[126.47408293743895,34.34269933246299],[126.47414336724498,34.342714260232206],[126.4742505422051,34.342758873325984]]],[[[126.47465134678312,34.37055050418342],[126.47456674973125,34.370542672189586],[126.47432133320378,34.37055027825766],[126.47423294894705,34.37055639736564]]],[[[126.46929983788351,34.38021257995907],[126.46921021283961,34.380206995066935],[126.4691297976246,34.38021583325621],[126.46892643611422,34.38026056711156]]],[[[126.58689044861597,34.385058926777965],[126.5617188411505,34.343152761535116],[126.59945757681884,34.312503800305656],[126.52521154561147,34.29216841241363],[126.51985368812977,34.360764718179254],[126.4646802289362,34.36195910672991],[126.5119282333952,34.42224886331508],[126.57035066855427,34.42213849359106],[126.58689044861597,34.385058926777965]]],[[[126.6168303333837,34.340584524374876],[126.61696687802558,34.34052810047979],[126.61716974122082,34.34053380367182],[126.61726192938863,34.340523403242635]]],[[[126.64778347290897,34.403414022595356],[126.64755487819541,34.40340367888341],[126.64640144105594,34.40351438096569],[126.6450378781078,34.40378520924166]]],[[[126.66562537781479,34.42612752958018],[126.61789843755302,34.40197576850541],[126.60596532465335,34.314729259630624],[126.56421763325719,34.33358019373837],[126.62033422333573,34.45536889652275],[126.66562537781479,34.42612752958018]]],[[[126.71461938731989,34.43477127099642],[126.71160799551461,34.43370756683857],[126.7076203624991,34.43300053770388],[126.70749321249713,34.43299029898301]]],[[[126.68144704255214,34.51113968929955],[126.68413502595301,34.4696202417178],[126.73485039066526,34.454619484005065],[126.67374750203874,34.41562286347011],[126.6343908309813,34.46763082369418],[126.68144704255214,34.51113968929955]]],[[[126.67270933745226,34.59401560553869],[126.69508023888852,34.56380751247349],[126.65135186378545,34.48360896613988],[126.60941401472512,34.59756068294396],[126.64653063918493,34.63273012842485],[126.67270933745226,34.59401560553869]]],[[[126.67006206434786,34.69100774403872],[126.70565773120818,34.68170038449709],[126.67270933745226,34.59401560553869],[126.53808738900352,34.665477887935246],[126.67006206434786,34.69100774403872]]],[[[126.52527878852307,34.661495810828306],[126.52393314858857,34.661243202275784],[126.52228651337992,34.66127796729161],[126.51739457621512,34.66171211754125]]],[[[126.62261276236303,34.63248294660631],[126.60528930663281,34.59187696452015],[126.5289740000722,34.577981428953784],[126.47923085537901,34.679847198426266],[126.62261276236303,34.63248294660631]]],[[[126.42363702084045,34.53515860233061],[126.42336459032694,34.53513938115171],[126.42320141824158,34.535146821093576],[126.42308848208161,34.53518220199532]]],[[[126.46512910948225,34.594580531896],[126.53454643553567,34.577399453250614],[126.46364522122484,34.518216056841254],[126.34539060250896,34.56919411490326],[126.37659680499219,34.618153057326296],[126.46512910948225,34.594580531896]]],[[[126.39081511153682,34.730184583559286],[126.52297958701874,34.6283264511279],[126.46512910948225,34.594580531896],[126.40534661066332,34.6255222431017],[126.41934638583933,34.655981442122204],[126.39110818277055,34.628329838936885],[126.3782454656982,34.708890608440356],[126.34427754997861,34.687581302704814],[126.39081511153682,34.730184583559286]]],[[[126.30383727180215,34.58881265179948],[126.30438671252197,34.58865478109265],[126.30463995999759,34.58867981639103],[126.30483489786184,34.58867406653471]]],[[[126.26701126571773,34.64336705325877],[126.36861057076011,34.640019113955596],[126.37395720698808,34.575007368872875],[126.31384029471504,34.566634870295516],[126.26701126571773,34.64336705325877]]],[[[126.31843152107044,34.56185924204487],[126.31821738241578,34.56184644557578],[126.31801297447815,34.56188533331741],[126.31777659718294,34.56197669535863]]],[[[126.33147338621865,34.563662378833016],[126.3302555712064,34.56314430383619],[126.32982771740492,34.5633443446303],[126.32938315872224,34.56355055031238]]],[[[126.24103510203867,34.700603310348946],[126.24201930190331,34.700390399559204],[126.24311274143867,34.700481038163446],[126.24346953059472,34.70045346660693]]],[[[126.3606618410297,34.638546917399566],[126.25933155493136,34.653390493798696],[126.28607511081023,34.75858507286382],[126.33524327317573,34.73834476876061],[126.3606618410297,34.638546917399566]]],[[[126.7485690631318,34.81878899700567],[126.7958725288643,34.78050058357262],[126.68699484738252,34.75388845583207],[126.65171406530584,34.820003839908175],[126.7485690631318,34.81878899700567]]],[[[126.4588293234814,34.79335229738201],[126.56624867833091,34.72450075423955],[126.50751096110152,34.69555136258557],[126.4717796706236,34.73767082552045],[126.36359552508337,34.74096937457723],[126.4588293234814,34.79335229738201]]],[[[126.72646266380042,34.85337761736684],[126.74736702620606,34.816550749231645],[126.64112841635921,34.81927988946539],[126.72646266380042,34.85337761736684]]],[[[126.76587293301814,34.89940218825764],[126.85873152496644,34.86922635509446],[126.80074492258255,34.80297618751418],[126.72646266380042,34.85337761736684],[126.76587293301814,34.89940218825764]]],[[[126.70264855137401,34.93441792196097],[126.72646266380042,34.85337761736684],[126.62169000114753,34.879716495098144],[126.67530279709558,34.88190892769068],[126.66250464011335,34.93510066481877],[126.70264855137401,34.93441792196097]]],[[[126.6286445004124,34.92036883720588],[126.59111162785946,34.8085236529796],[126.54366942289242,34.81412537768288],[126.57450332197115,34.91525349839446],[126.6286445004124,34.92036883720588]]],[[[126.69130772987093,34.85149247025861],[126.59111162785946,34.8085236529796],[126.64599646029941,34.87929216481687],[126.69130772987093,34.85149247025861]]],[[[126.6412673629419,34.820026664956],[126.68686034747601,34.75391878441931],[126.65615565745912,34.731693194496245],[126.58953898103384,34.789225287721486],[126.6412673629419,34.820026664956]]],[[[126.59111162785946,34.8085236529796],[126.59904495283504,34.7257995322631],[126.53463857341208,34.80308609085141],[126.59111162785946,34.8085236529796]]],[[[126.53463857341208,34.80308609085141],[126.55752394522163,34.737174977949884],[126.64907845474823,34.744921399686184],[126.67006206434786,34.69100774403872],[126.6350877263981,34.674131147823864],[126.531924209759,34.73434300211746],[126.53463857341208,34.80308609085141]]],[[[126.61410815270669,34.68180175904861],[126.50751096110152,34.69555136258557],[126.57505273932242,34.72549904464524],[126.61410815270669,34.68180175904861]]],[[[126.46488178709684,35.0378402489083],[126.51292084042751,34.96698054925345],[126.4175811741255,34.97573962592118],[126.46488178709684,35.0378402489083]]],[[[126.55320348085341,34.863241891140184],[126.5135385182633,34.776118874811736],[126.46230998175064,34.79257006912647],[126.4976203699494,34.83534215604398],[126.45378628470264,34.875118017611584],[126.55320348085341,34.863241891140184]]],[[[126.39878192536833,34.85717379788289],[126.39830797471078,34.857106192435204],[126.398144652082,34.857114057043766],[126.39798153156158,34.857208467306265]]],[[[126.38165288308525,34.85808920197608],[126.38133362994795,34.8580464037283],[126.3812304818256,34.85804914364423],[126.38110489014466,34.8580756956819]]],[[[126.45258992532376,34.87053356111925],[126.4976203699494,34.83534215604398],[126.46230998175064,34.79257006912647],[126.39292509887575,34.88234508224801],[126.45258992532376,34.87053356111925]]],[[[126.54075147998907,34.975226161892905],[126.5418680896105,34.91990103439311],[126.51355276106536,34.91904746127593],[126.55320348085341,34.863241891140184],[126.46372716520585,34.88019505728427],[126.47522586243576,34.96437389932687],[126.54075147998907,34.975226161892905]]],[[[126.38536992424885,34.88522611344062],[126.38529746682563,34.88521291897147],[126.38517059665024,34.885217636388504],[126.38510699201197,34.88526940764683]]],[[[126.38466078888074,34.920797162509174],[126.38149059355078,34.92036582767591],[126.38135407350467,34.920369266888834],[126.3812825388908,34.92045428835069]]],[[[126.41679455634353,34.9773840668976],[126.47522586243576,34.96437389932687],[126.45258992532376,34.87053356111925],[126.38632343448735,34.87785884112569],[126.38665698820225,34.97493916276388],[126.41679455634353,34.9773840668976]]],[[[126.37421985865464,35.02216486017926],[126.37411044109328,35.022073485774655],[126.37394288784817,35.02210995133789],[126.37229293703103,35.0242252319223]]],[[[126.4570420976651,35.07428678523835],[126.4543204698404,34.99738631042039],[126.41679455634353,34.9773840668976],[126.38075386462967,35.04821350961108],[126.33105942882008,35.0614387163066],[126.34990902573178,35.09979288644803],[126.36799014799672,35.062534891547095],[126.39175374218652,35.086440685054335],[126.41835878075896,35.02695994438871],[126.4570420976651,35.07428678523835]]],[[[126.31935832016218,35.0133929128332],[126.31769674226615,35.00963747616052],[126.31737238822137,35.00688851556455],[126.31681026165893,35.006635591476666]]],[[[126.38926346303595,35.02510401390172],[126.3921688008255,34.96593901042274],[126.3330582594119,34.991966335986206],[126.38926346303595,35.02510401390172]]],[[[126.31169823841782,35.04306465424729],[126.31276064712019,35.042888114498005],[126.31360732464776,35.043094983462645],[126.3137684079104,35.043128059468486]]],[[[126.33505781538524,35.09167174370809],[126.29515625392504,35.04090021578596],[126.23963247100005,35.10756796258404],[126.34591750563918,35.159757868184656],[126.33505781538524,35.09167174370809]]],[[[126.3367697575609,35.16247247361144],[126.33664857647261,35.162468191037846],[126.33656769976513,35.16247546247314],[126.33633781491024,35.162539275439016]]],[[[126.32544256675678,34.922397335300914],[126.3229611642602,34.92231349636423],[126.32248202360967,34.922350486481626],[126.32234529525455,34.92237207862905]]],[[[126.3579953701368,34.99127623921561],[126.3691145429152,34.919565100453376],[126.30661119388273,34.927993747195465],[126.30497067288961,34.98450330216422],[126.3579953701368,34.99127623921561]]],[[[126.49132034378704,35.11460145108954],[126.53118301297894,35.05326507876597],[126.46968924025155,35.020935810030544],[126.47742746306866,35.06488336429817],[126.4357654378156,35.08633851670868],[126.49132034378704,35.11460145108954]]],[[[126.41972592089827,35.185484623350405],[126.48551324768589,35.13267717748582],[126.46512603065476,35.09622725987687],[126.36864543804008,35.16502758119218],[126.41972592089827,35.185484623350405]]],[[[126.53076896513281,35.18263337665934],[126.4872487678457,35.11036258971878],[126.436221681628,35.161868157665594],[126.53076896513281,35.18263337665934]]],[[[126.58813121997818,35.05839907501644],[126.59867871731657,34.99599105147283],[126.53463491339802,34.98456883606156],[126.52737426146237,35.053022992456135],[126.58813121997818,35.05839907501644]]],[[[126.52614429497395,35.050998508739106],[126.54075147998907,34.975226161892905],[126.48047350076254,35.026662596607544],[126.52614429497395,35.050998508739106]]],[[[126.53025494871234,35.17179858694572],[126.58705669644779,35.05714078778007],[126.53085737526479,35.05198335524937],[126.49004100183393,35.10579519154834],[126.53025494871234,35.17179858694572]]],[[[126.6511837739217,35.15069173035669],[126.64722295584393,35.095809494418965],[126.5478891139271,35.1068360887808],[126.56549835163146,35.14892589118306],[126.6511837739217,35.15069173035669]]],[[[126.61597432243488,35.15540060372674],[126.54862424396866,35.13383255459348],[126.53076896513281,35.18263337665934],[126.60777553315113,35.195343693718364],[126.61597432243488,35.15540060372674]]],[[[126.65312064077364,35.19240305704587],[126.67104930599182,35.16943936754929],[126.61597432243488,35.15540060372674],[126.5894775771017,35.22947996287241],[126.65312064077364,35.19240305704587]]],[[[126.51573497347728,35.33166653453454],[126.55793869500214,35.311778520203696],[126.51459422531366,35.23663238260834],[126.45646995555295,35.32430895293432],[126.51573497347728,35.33166653453454]]],[[[126.44839450684465,35.350338789052934],[126.45763043431127,35.284689505739784],[126.32608195765395,35.2474726860165],[126.39695999508044,35.368873476835454],[126.44839450684465,35.350338789052934]]],[[[126.39731913905017,35.37212680672002],[126.39711034195372,35.37208844888817],[126.3936532599968,35.37219084944942],[126.3934098944535,35.372236048492994]]],[[[126.40797821976665,35.41643840964919],[126.40807564561423,35.416297579968244],[126.40854740299929,35.416415212649525],[126.40871449292817,35.41645564417858]]],[[[126.447567236087,35.4298060953062],[126.49046811931301,35.3950454679885],[126.41909414975657,35.3694258945107],[126.40330140420974,35.406139438535355],[126.447567236087,35.4298060953062]]],[[[126.64473425322905,35.319865237484784],[126.60254183285683,35.26882005245447],[126.54156011506291,35.29790641287478],[126.64473425322905,35.319865237484784]]],[[[126.59838806402601,35.26796236329054],[126.58097003894753,35.19602338641644],[126.51459422531366,35.23663238260834],[126.54156011506291,35.29790641287478],[126.59838806402601,35.26796236329054]]],[[[126.5108133819007,35.23940064136376],[126.56496126033936,35.19072491882613],[126.47304447877245,35.19303659292345],[126.5108133819007,35.23940064136376]]],[[[126.5108133819007,35.23940064136376],[126.42511400525525,35.26388680178625],[126.46315872656399,35.2994787496447],[126.5108133819007,35.23940064136376]]],[[[126.42511400525525,35.26388680178625],[126.48578718691316,35.239809574901265],[126.43530681785553,35.17291084423511],[126.38653165155998,35.256775895869026],[126.42511400525525,35.26388680178625]]],[[[126.35707081454511,35.16919297305275],[126.35692836943007,35.16918718007858],[126.35688318975204,35.16918694034563],[126.35653466619503,35.16919415225319]]],[[[126.41972592089827,35.185484623350405],[126.35933302752227,35.16886257653831],[126.37663505331376,35.21177412686543],[126.30700863465101,35.17822699946984],[126.30600513687261,35.248118366075396],[126.38734193976147,35.258919222715846],[126.41972592089827,35.185484623350405]]],[[[126.47758367090441,35.386099224945525],[126.5095836406837,35.33564144551832],[126.43139611323072,35.33649412637033],[126.42592776414152,35.3707056949781],[126.47758367090441,35.386099224945525]]],[[[126.20890220302076,35.18285480388617],[126.2088199170762,35.18285343698061],[126.20823039768507,35.182854128701244],[126.20801959474669,35.1828642449633]]],[[[126.22336751652001,35.19103917183459],[126.22329563672454,35.19101363241041],[126.22323234735063,35.191017276736986],[126.22300146194506,35.19103514876205]]],[[[126.24974082323156,35.201900647523324],[126.24704232310532,35.200764193330635],[126.24454545483015,35.200813285303916],[126.2442736404536,35.200858648358754]]],[[[126.15072418039844,35.206233220191955],[126.148311363231,35.203747503549835],[126.14812008603211,35.203209637027534],[126.14807000042364,35.20303606686104]]],[[[126.10035412143563,35.25621771979729],[126.10062339204543,35.255653761692386],[126.1008284898336,35.255966419320934],[126.10088067526839,35.256000181529245]]],[[[126.08350445024543,35.25644188309478],[126.08345330740698,35.25643811874297],[126.08340357866543,35.25643861932836],[126.08293005038688,35.25648978182872]]],[[[126.11468924559827,35.255524813073],[126.11463881864833,35.25551870515552],[126.11450538046724,35.25553024971628],[126.11445295567532,35.25553767556168]]],[[[126.21199735988294,35.28166113842663],[126.21195481330778,35.281655739031045],[126.21191280402961,35.28165695966854],[126.21186520865022,35.281671738954536]]],[[[126.20387930108691,35.29287368329917],[126.20338434805943,35.29243891835999],[126.20055986787395,35.2936086411044],[126.19911844057434,35.29447173491283]]],[[[126.15252615127912,35.29019776152804],[126.15243647225087,35.28977808279501],[126.15207210884826,35.28831363479261],[126.15197022156639,35.288099815734036]]],[[[126.2243634203651,35.30808984631652],[126.22405351116024,35.3079979973165],[126.22282611889689,35.308259652765315],[126.22157785118489,35.30879070619915]]],[[[126.00092820958876,35.33149731950141],[126.00128689837146,35.33147156594792],[126.00144209650365,35.331531606773794],[126.00149406060558,35.33156364262706]]],[[[125.99160968362665,35.33719631442575],[125.99188444640092,35.337142461586254],[125.99243030870205,35.33732950471256],[125.99229083326794,35.33752486773104]]],[[[126.02588456569201,35.35964901835651],[126.01396484671668,35.33166572273795],[125.99583295335731,35.35687897865654],[126.02588456569201,35.35964901835651]]],[[[126.06056898086825,35.36571027210221],[126.05965099742183,35.364912249924686],[126.05540782320226,35.3668492150598],[126.05518980931797,35.366952923286505]]],[[[126.13072329544514,35.370216339248564],[126.13062535500812,35.37021017033718],[126.13051226636546,35.37021454069033],[126.13003471688728,35.37023702506896]]],[[[126.05693847102432,35.37506543347067],[126.05783165678787,35.37276423515251],[126.0578120619487,35.37266835118524],[126.0577890529884,35.37258636238998]]],[[[126.86138301740114,35.32122642046832],[126.78499343178869,35.26763340377916],[126.76560325931263,35.30086109809582],[126.82014865066915,35.38762238639293],[126.86138301740114,35.32122642046832]]],[[[126.85467285466646,35.29420792859016],[126.85882891367244,35.239736441332475],[126.79486047044975,35.26889106747742],[126.85467285466646,35.29420792859016]]],[[[126.84435360012053,35.23438689101049],[126.75395661766375,35.23693184971181],[126.79440061226343,35.27264299437744],[126.84435360012053,35.23438689101049]]],[[[126.73979780965678,35.25158694938144],[126.6917967172687,35.21318152687252],[126.69257734398617,35.30868245431813],[126.74613771251694,35.2964487069341],[126.73979780965678,35.25158694938144]]],[[[126.70407826740188,35.236402683293],[126.65312064077364,35.19240305704587],[126.58400543042431,35.253847978787334],[126.70407826740188,35.236402683293]]],[[[126.6854783173378,35.34458576481346],[126.70407826740188,35.236402683293],[126.60982760394448,35.2712594234548],[126.6854783173378,35.34458576481346]]],[[[126.71943429137023,35.364920868525715],[126.78492975450494,35.28836475691586],[126.76812160409534,35.256251483350894],[126.678273628825,35.32242743485962],[126.71943429137023,35.364920868525715]]],[[[126.79168183992117,35.35236461156512],[126.77356907746345,35.30733394568049],[126.71323089143613,35.357307977368365],[126.75624677882382,35.38660131335746],[126.79168183992117,35.35236461156512]]],[[[126.75396491777491,35.416243185399075],[126.82261086108088,35.38906120971048],[126.8015335969769,35.3513499261989],[126.73070637887243,35.380194937158684],[126.75396491777491,35.416243185399075]]],[[[126.81357380788494,35.468847317303464],[126.83251620950604,35.381325488865855],[126.73811794165826,35.449033582916684],[126.81357380788494,35.468847317303464]]],[[[126.86869217100137,35.461388959784685],[126.92574545582869,35.39687439285198],[126.88013289204089,35.321052285063],[126.84726968251016,35.3246695448431],[126.81396336477084,35.48294246231824],[126.86869217100137,35.461388959784685]]],[[[126.73779857037083,34.3578393751464],[126.73658693265274,34.35764014052144],[126.73634389357551,34.35764153200513],[126.7361036842368,34.357666618589136]]],[[[126.72960296831373,34.37910280354949],[126.77775840502574,34.28740743686546],[126.66519218014622,34.32379362250346],[126.72960296831373,34.37910280354949]]],[[[127.08464718775062,34.18755007233878],[127.0758307147272,34.18596689774883],[127.07167365861393,34.18707464788768],[127.06776766373183,34.19032362831948]]],[[[127.16540911632069,34.202674363171916],[127.15816830088514,34.20260676258374],[127.15584771949833,34.202686773202345],[127.15371361631453,34.20322884539093]]],[[[127.01191710445512,34.22590551675748],[127.01354458196782,34.22500469653239],[127.01717897410721,34.22554896457839],[127.01881435427612,34.22506391625255]]],[[[127.06517260501916,34.307700504212754],[127.06464534062344,34.30690026022127],[127.06271454439187,34.30733788421237],[127.06174965617873,34.30828442034494]]],[[[127.10015526796258,34.30179897889605],[127.09942093455821,34.301764274274596],[127.09721598370463,34.301770669664],[127.09403031413203,34.30313787427893]]],[[[127.13928464803155,34.30817305647327],[127.1411114991691,34.30735644904049],[127.14180763085795,34.30599470180766],[127.1416757373077,34.305182931927035]]],[[[127.08951002813339,34.31992556757296],[127.08868137514125,34.319873319982264],[127.08530334048267,34.31992852054978],[127.08078000523841,34.32209774871516]]],[[[127.00881905579772,34.369683221471824],[127.00709686796893,34.36948653147242],[127.00608733106061,34.36958495782565],[127.00472150917656,34.370470548318735]]],[[[127.03487075835085,34.37610000311322],[127.1029189527761,34.336945787338806],[127.04017202702026,34.30796939376518],[127.05177013470126,34.339372008057296],[126.98510976343103,34.360056218387975],[127.03487075835085,34.37610000311322]]],[[[127.02777760396692,34.38051993603415],[127.02513653295338,34.380446715768414],[127.02498256572892,34.3804467459003],[127.02482297159948,34.38045411468305]]],[[[127.09597504047625,34.3874454571207],[127.09627366837314,34.38712310897617],[127.09657402452618,34.386070338241396],[127.09659639341776,34.38545857012033]]],[[[127.04632413119742,34.394909603399554],[127.04607840964246,34.394188334289254],[127.04603410481002,34.39400660215046],[127.04627827165227,34.39398725556501]]],[[[126.4772750502142,34.17188431452234],[126.47756264842734,34.17181402672135],[126.47776065388562,34.171896396713656],[126.47813532985496,34.17186785640047]]],[[[126.6117220847482,34.17166274981149],[126.6112795677686,34.17160201481396],[126.61080249783821,34.171765521308295],[126.61048162940267,34.17208005260037]]],[[[126.56431370850507,34.17361214342681],[126.56424403693377,34.173296138678275],[126.56654851199384,34.173462221601284],[126.5670239331625,34.17344414643902]]],[[[126.61956541748083,34.17847193526907],[126.61875810461606,34.1782176833718],[126.61820116687164,34.17846768350308],[126.61819983784883,34.17876136803204]]],[[[126.62076185543053,34.182083833835875],[126.61944941312586,34.18178606891952],[126.61843749176323,34.182076603686816],[126.61797836483899,34.18304015124075]]],[[[126.6235633972278,34.189340521439696],[126.62315969001116,34.18921341408845],[126.62255310382417,34.189253490488],[126.62174362572038,34.18946079078759]]],[[[126.4866043566841,34.19061592117547],[126.48673889486614,34.19018092623188],[126.48677589879497,34.187203291192745],[126.48636441485473,34.18685142037323]]],[[[126.62005171684444,34.193654327399855],[126.6197899692134,34.19363813054452],[126.61955448699096,34.193667634885934],[126.61922617223712,34.19374967994568]]],[[[126.49027965447065,34.19588555369143],[126.49006608531785,34.19584768532249],[126.48982145038124,34.19585335272387],[126.48962253553883,34.19589379128353]]],[[[126.51071520824938,34.19971598834223],[126.51227961255302,34.19953681884533],[126.51464525390357,34.19984287122024],[126.51508831237605,34.200474991298584]]],[[[126.54716653839287,34.19937986093605],[126.5407644414852,34.197397924596096],[126.53995182248066,34.19773138999216],[126.53954544331518,34.19791343473411]]],[[[126.62648532088042,34.211344516075556],[126.62662666160794,34.21129900301633],[126.626895363237,34.2113512377484],[126.6270294567399,34.211338897564154]]],[[[126.51620254035261,34.20792919863928],[126.51526331280247,34.20790013630332],[126.50963718483244,34.207885295729554],[126.50921043592025,34.2079526847442]]],[[[126.62056246449008,34.22212404043696],[126.62036863194321,34.2220822324951],[126.61961191795925,34.222084590502654],[126.61880542366889,34.22213011699335]]],[[[126.40514646080955,34.22413753610778],[126.40459163636875,34.22402846313367],[126.40399308061127,34.224061006538115],[126.40369217105109,34.22430780177725]]],[[[126.56818994827337,34.23442922011409],[126.62390200447578,34.20666820083835],[126.61486174470784,34.17829299030792],[126.54777629772434,34.18897285079688],[126.56818994827337,34.23442922011409]]],[[[126.42198536748644,34.224008738254184],[126.41772252074193,34.2224279637815],[126.4174216571938,34.2226748035899],[126.4175464393894,34.22317195262716]]],[[[126.58247147750093,34.23790626255317],[126.58225309666179,34.237900214622655],[126.58199988095608,34.237910356381676],[126.58182514755721,34.23793454946569]]],[[[126.56985478760103,34.24451123083442],[126.56615810916719,34.241273957784635],[126.56585587252461,34.241272883559624],[126.56507834627647,34.24134177293769]]],[[[126.45080965261457,34.259605477566176],[126.45071690366844,34.259604645711946],[126.45062469173192,34.259612871535154],[126.4505326012967,34.259627578649294]]],[[[126.42787802293995,34.26485942226056],[126.42432498171028,34.26372877166977],[126.42401536316764,34.26372731363697],[126.42365340965623,34.263832721382755]]],[[[126.42913503559615,34.2697496500336],[126.42851662911306,34.2696182261782],[126.4280262199615,34.26963735521425],[126.42257336170053,34.27083281459504]]],[[[126.45216904512813,34.26995210799898],[126.4519689182455,34.26991827470441],[126.45182725257096,34.26992483840573],[126.45168812358087,34.26994651701228]]],[[[126.47730204456391,34.28822439315443],[126.47786138769978,34.28769976472121],[126.47873482712637,34.287769359796386],[126.47929538335552,34.287047107750894]]],[[[126.56642583009605,34.28202499810773],[126.56649514253353,34.282016022943054],[126.5665393422134,34.28201837610622],[126.56665733742918,34.282037843139044]]],[[[126.61256264511421,34.28979012674809],[126.61244729377884,34.28975706772642],[126.61231181233829,34.28976980273252],[126.61168496839089,34.28898512212694]]],[[[126.56986653836665,34.29702298890959],[126.56976131780063,34.297022013228336],[126.56966266113618,34.29703377749774],[126.56958497300346,34.29705349613859]]],[[[126.592268328394,34.29501555871031],[126.59381678866163,34.29298702764046],[126.59386534377333,34.292917695094104],[126.59397967756249,34.29272784086152]]],[[[126.565635686329,34.30809417357992],[126.56555285315696,34.30809231884445],[126.56549217788954,34.308098588806914],[126.56542916708834,34.30811261626127]]],[[[126.64133631159848,34.319551145516364],[126.64122114321387,34.319542605903656],[126.64110048508913,34.31954781091322],[126.6410128828519,34.31956700382977]]],[[[126.73927203927293,34.399050384943415],[126.73931293435746,34.39904684803773],[126.73935969100707,34.39904766810587],[126.7393994140716,34.39905065745645]]],[[[126.72960296831373,34.37910280354949],[126.64340196910297,34.32715020608905],[126.6239427142707,34.400590381278306],[126.72960296831373,34.37910280354949]]],[[[126.71136657600366,34.41816801347394],[126.71302071967013,34.41654024050617],[126.71449817777777,34.41675840428725],[126.71733688645983,34.416442102437536]]],[[[126.68759232277365,34.42244548911547],[126.68784221274315,34.42231373965359],[126.68791436910398,34.4223411229954],[126.68797748286468,34.42238881514305]]],[[[126.90050282150506,34.28374710173933],[126.89791120226661,34.28181488698358],[126.89690358184023,34.28237102484342],[126.89645728230055,34.282773118769256]]],[[[126.86827498432233,34.281731351476466],[126.86753122376635,34.28144740640525],[126.8660628804546,34.281711515175395],[126.8647702487657,34.282110247865184]]],[[[126.83640958406093,34.29754324983152],[126.8348867568269,34.29748898437758],[126.83446760149188,34.29748841253486],[126.83375420816112,34.29772652375312]]],[[[126.86435347674602,34.29653858092924],[126.86333442935697,34.29608212304051],[126.86294081393476,34.29692725584221],[126.86207468122917,34.29887764069367]]],[[[126.89048126748247,34.30349402923103],[126.88997264427907,34.30335294055881],[126.88955613340495,34.303518759179084],[126.88558981923143,34.30626351692191]]],[[[126.90687848381424,34.32517453832619],[126.90623083385594,34.32515413902278],[126.90573088610111,34.325455025313744],[126.9050649348771,34.325996585210454]]],[[[126.90599862137235,34.3363962416831],[126.90567324265768,34.33627793785387],[126.90503601864758,34.336310445555],[126.90461087637271,34.336710066224065]]],[[[126.79432005824778,34.35077647059228],[126.79283947505326,34.35041101032237],[126.79233791769715,34.35052884805597],[126.79115495026818,34.35089048501835]]],[[[126.8394950807118,34.353147866922924],[126.89791744606761,34.3445409038962],[126.8839274824934,34.30925154592603],[126.7510882933234,34.333710951520686],[126.8394950807118,34.353147866922924]]],[[[126.76987222369223,34.35408482843548],[126.76957907293996,34.35405724451701],[126.76944374204245,34.3540569888796],[126.76928515747224,34.35408823350124]]],[[[126.85659977858664,34.38640798196526],[126.85633498462505,34.38631819714978],[126.85591096492196,34.38631769567422],[126.85566321377556,34.38633063640774]]],[[[126.87307848826596,34.413497956744806],[126.87287725672417,34.4133894563539],[126.87266850600614,34.41339675655664],[126.87101452892982,34.4137845945093]]],[[[126.86250178402724,34.41242115213456],[126.86209215133563,34.41223074192655],[126.86184476144017,34.41225607661807],[126.86136605880337,34.41241160443125]]],[[[126.85996164851996,34.423110141319235],[126.86045235341548,34.42263760986729],[126.86087375706083,34.422687660895264],[126.86103826102891,34.42268784947657]]],[[[126.87762780157578,34.41438094672665],[126.8775466290962,34.4134572246195],[126.87729690339411,34.41352591614537],[126.87712687297159,34.41357990044132]]],[[[126.85743554143987,34.42531313808284],[126.85729061121887,34.42525287880923],[126.85654652660786,34.425272847991764],[126.85488810600586,34.42538677907001]]],[[[126.83340842096194,34.43322154776907],[126.86772004450211,34.39042539573725],[126.76605878955748,34.358768318861635],[126.774792796993,34.421757430833765],[126.83340842096194,34.43322154776907]]],[[[126.91283666076743,34.40669942121268],[126.9120992030497,34.40664349838885],[126.91189001129037,34.40665909890654],[126.91169856223819,34.40683123122341]]],[[[126.94371153968744,34.412989188782944],[126.94894088010739,34.36726321641117],[126.86377856029245,34.37457052224222],[126.86467679698717,34.41105433107427],[126.94371153968744,34.412989188782944]]],[[[126.95281876982126,34.41006062485959],[126.95265437405348,34.410011021755366],[126.9525711150129,34.41001099007879],[126.95245345913108,34.4100353103536]]],[[[126.9307664833283,33.98717655410549],[126.93329531558615,33.984054327010526],[126.93489565152905,33.98158755462657],[126.93695604510435,33.97939776835611]]],[[[126.8487603575085,34.18852464412351],[126.84813211116783,34.188361572638556],[126.847985722325,34.188378079515886],[126.84660727017238,34.18884156242662]]],[[[126.848050031464,34.20461510349676],[126.84821388541079,34.20449955025862],[126.85043905452349,34.2046721614085],[126.85317201400181,34.20446506112878]]],[[[126.76984216739052,34.190379361228615],[126.7693925044542,34.18965808993838],[126.7692415215466,34.18949149807775],[126.76879014136433,34.18900768241902]]],[[[126.8959638140542,34.212353181796445],[126.93058696421954,34.18845258139311],[126.91545395355467,34.15424323597747],[126.85630470436446,34.150475702542764],[126.85722915714625,34.199366467615725],[126.8959638140542,34.212353181796445]]],[[[126.776332733435,34.222424089575874],[126.77382608194489,34.221699918915206],[126.77186203728573,34.222535192400166],[126.77163209947507,34.22263604603929]]],[[[126.60500930717008,34.10097156600426],[126.60554432682197,34.09978019460635],[126.6053927854503,34.098665317858625],[126.60436651440057,34.09749884289126]]],[[[126.62975490332484,34.19594212890954],[126.62951240526444,34.19591380282579],[126.6292881966617,34.19594949854049],[126.62907111118865,34.19603043844671]]],[[[126.66120000060577,34.194895987995174],[126.6592139760566,34.110495150315245],[126.62717707889587,34.147392512630155],[126.66120000060577,34.194895987995174]]],[[[126.63549733596524,34.20397387250767],[126.63319944681271,34.20386305846916],[126.63267762729433,34.203861491055065],[126.63159771921875,34.20493313679609]]],[[[126.62689220278908,34.238778814018325],[126.62612201360409,34.2378771270601],[126.6245762499082,34.23729423365611],[126.62294845995791,34.23773888608244]]],[[[127.04152155197991,34.40187855601779],[127.04122068801067,34.40167469850339],[127.04083703398167,34.402186558423224],[127.04075457248072,34.4023370083334]]],[[[127.03935318996685,34.40280873697368],[127.03921019866443,34.40279054983118],[127.03901346836322,34.40279061132212],[127.03873966294012,34.40287321428098]]],[[[127.04961123011776,34.4032879638934],[127.04913075854324,34.40296997547976],[127.04807416880817,34.40304992304997],[127.04778629712759,34.40360686732928]]],[[[127.03608332681479,34.40484409937517],[127.03588979619873,34.40433361424873],[127.03625030036301,34.40435607856441],[127.0364339850414,34.40429515144044]]],[[[127.1169304154578,34.40689517831666],[127.11608948821586,34.406482655652546],[127.11566797708103,34.40648305103027],[127.11535689234834,34.40651555988251]]],[[[127.03435904901598,34.42079945187246],[127.03395932573673,34.42078886979226],[127.03368962778949,34.4208634359607],[127.03344777980354,34.42102380944389]]],[[[127.0198581664418,34.423488365305786],[127.01964944530954,34.42342825842066],[127.01949049844437,34.42344376759246],[127.0193293316687,34.423498787306066]]],[[[127.08502605301952,34.40548149440649],[127.08448730577366,34.40543037568594],[127.08256070655489,34.405671883322334],[127.08156007438622,34.40592344643395]]],[[[127.01231646796164,34.436066363973396],[127.01131549514453,34.43585931147181],[127.00998088581152,34.435859412342666],[127.00772862877537,34.43416789013972]]],[[[127.0175918499612,34.44389729133385],[127.01709126764335,34.44362117079725],[127.01675761192227,34.443759321900295],[127.01638225236488,34.44393196389324]]],[[[127.02419180670003,34.446573318142605],[127.02214720813896,34.44605719708485],[127.02031374278216,34.44679977401283],[127.02004746858992,34.44713067623906]]],[[[127.04766444025171,34.45710414487201],[127.06144724409735,34.39962221854267],[127.02204782310217,34.4543618637383],[127.04766444025171,34.45710414487201]]],[[[126.5192187808975,34.11661949946992],[126.5189997363745,34.116585515995126],[126.51862109464223,34.1165840284434],[126.51768358029511,34.11672938531074]]],[[[126.56772664648828,34.12824461692898],[126.56748298098388,34.12793810554986],[126.56631731866001,34.1280868033643],[126.5655779669084,34.12879732473871]]],[[[126.58860497641164,34.143076550925024],[126.5884751514239,34.143040076663716],[126.5883701063718,34.14303972323776],[126.58823966349276,34.14304038594301]]],[[[126.58725962690625,34.152765762364254],[126.5867943716968,34.152741448107356],[126.58641113680179,34.152740153865814],[126.58587671176785,34.15286340306596]]],[[[126.5492526017534,34.1795094744722],[126.62473561740674,34.157110500768475],[126.51245788156278,34.121157627075846],[126.50430100148125,34.16059682853258],[126.5492526017534,34.1795094744722]]],[[[127.0170218920924,34.239820834547785],[127.01618311731866,34.239263721837155],[127.01567991207209,34.23926378148286],[127.01521865453356,34.23933348666002]]],[[[127.01544769830231,34.28208080241982],[127.01605391293276,34.28057190833296],[127.01718020769503,34.28078731739428],[127.01856628877965,34.28028417772384]]],[[[127.00585164517175,34.290598861086],[127.00602976547741,34.290538662035864],[127.00635811571892,34.29060309049381],[127.00661861772912,34.29053730009996]]],[[[127.0048826579182,34.29935526015243],[127.00516910740755,34.29918015821192],[127.00551567300502,34.29918816887329],[127.00566671736722,34.29914640297459]]],[[[126.9977452668292,34.30561390474441],[126.99742868084597,34.30554827939292],[126.99690102937468,34.30561387644669],[126.99653166300628,34.30602945095241]]],[[[127.01843398206127,34.318560228575265],[127.01808697261151,34.31848181196567],[127.01775854208148,34.318531376364824],[127.01697205347214,34.319056251906126]]],[[[127.01440301248815,34.31945614507948],[127.01387793558108,34.31910375860464],[127.01294458767424,34.31911835326579],[127.01258323257235,34.31920652999958]]],[[[126.98876840436387,34.337338199437156],[127.01638245746659,34.32328456074432],[126.95946987090188,34.3077970687751],[126.98876840436387,34.337338199437156]]],[[[126.21955172366407,34.53352561908409],[126.2194747250197,34.53351916500318],[126.21939833464018,34.533518672292544],[126.21855720742262,34.533639872623425]]],[[[126.24219498061481,34.53204532285015],[126.30320400548705,34.47564230691102],[126.21738777460716,34.44920282366523],[126.19802251358645,34.509664670888704],[126.24219498061481,34.53204532285015]]],[[[126.2202745329088,34.55311985155755],[126.22412100081033,34.55234212992132],[126.22453246362426,34.55240528182894],[126.22501519639424,34.55247726703543]]],[[[126.30964641960637,34.55472475771766],[126.3094190585621,34.55469167400454],[126.30915329870714,34.5547057974307],[126.30775702140299,34.55500422705953]]],[[[126.31665919367644,34.55562842774291],[126.3155228763409,34.55555744284539],[126.31486081822936,34.55570645397686],[126.31445426486363,34.555892165040405]]],[[[126.32544556759579,34.541333190148485],[126.34757826076408,34.51600159828636],[126.29091953936907,34.50370465288459],[126.31721084810803,34.48163174771556],[126.26006866475875,34.496949668210675],[126.23821219002161,34.58378741312752],[126.32544556759579,34.541333190148485]]],[[[126.36567164596809,34.41744596334428],[126.36699499782496,34.41708827661841],[126.36827982278972,34.41734732213222],[126.37031719246285,34.416600684820864]]],[[[126.35263485847436,34.53910907859042],[126.35266916156856,34.539038485692764],[126.35464787183767,34.53919377608139],[126.35480396916887,34.53919460174675]]],[[[126.34253799519712,34.41555787601724],[126.29091953936907,34.50370465288459],[126.34757826076408,34.51600159828636],[126.33904256686839,34.55163442312055],[126.38454592361535,34.48178852096746],[126.34253799519712,34.41555787601724]]],[[[126.2960026848241,34.32506558351198],[126.29606055690701,34.325027650493254],[126.2966523708582,34.325092584161865],[126.29709949337109,34.3251370140391]]],[[[126.30170797363095,34.32746725101868],[126.30177812415546,34.327447983091425],[126.30183182517023,34.3274754625144],[126.30218307656983,34.3276459404377]]],[[[126.34506363808723,34.384928036097975],[126.34488106895655,34.384922080669725],[126.34469168083952,34.3849528743766],[126.34455253999818,34.38503936749645]]],[[[126.32863925748192,34.38439169629232],[126.32781708938111,34.38306424413057],[126.32727954718149,34.38316292006519],[126.32701722725385,34.383364762172405]]],[[[126.32572540846533,34.389908946551174],[126.32559844202117,34.38990297106623],[126.3253512252014,34.389978843994044],[126.32514791075992,34.390102427479995]]],[[[126.32818309778007,34.39400176592219],[126.32746161152195,34.39396039944745],[126.3272265027607,34.39396546101339],[126.326997733679,34.39402011957152]]],[[[126.31369636125055,34.39435515208092],[126.31344152150153,34.39433358765223],[126.31290335566813,34.39443511941585],[126.3126884279075,34.394541451821254]]],[[[126.35107640761598,34.39784791999907],[126.35100873289015,34.3978409035009],[126.35091969869983,34.397853147380275],[126.3508269157495,34.39788416323837]]],[[[126.35255203092129,34.40288676223334],[126.35237885540249,34.40284011518651],[126.35189768311963,34.402844094725836],[126.35162111192479,34.40290795975439]]],[[[126.34253799519712,34.41555787601724],[126.29268211870759,34.40882476656279],[126.28603798928523,34.364443848338645],[126.2326757193516,34.45224323976191],[126.32067158075459,34.48151081730393],[126.34253799519712,34.41555787601724]]],[[[126.21313738270034,34.34584808665613],[126.21306292189401,34.34583836386411],[126.2130214563888,34.34584072158593],[126.21298170202871,34.3458493455631]]],[[[126.12309412955639,34.354543071960606],[126.12303847527127,34.35453538882436],[126.12299864898037,34.3545361924036],[126.1227816301832,34.35476721507323]]],[[[126.12438017324288,34.36661836680547],[126.12467639286787,34.36656937520208],[126.12488814800457,34.366579969640846],[126.12493340720151,34.36657937896049]]],[[[126.23223486108942,34.450547674004184],[126.26740367310144,34.378077453439985],[126.12961183356052,34.35944071354944],[126.23223486108942,34.450547674004184]]],[[[126.0835940500384,34.42529759626525],[126.08352413820646,34.42529247888599],[126.08323321603274,34.42530381307466],[126.0831578727679,34.425310706709105]]],[[[126.08428564825218,34.437024418137995],[126.08260847672075,34.43669058987062],[126.0820001298258,34.43677743898102],[126.0811672041063,34.43694314199392]]],[[[126.1023381264356,34.453907609948246],[126.10227122221234,34.45390458340195],[126.10198019999552,34.45391350977687],[126.10181706481352,34.45392075493038]]],[[[126.16821202894111,34.48602605281733],[126.16815404112805,34.48602261275769],[126.16806384066713,34.48602294604983],[126.1679620649286,34.4860432986845]]],[[[126.16391906323275,34.511921799857696],[126.16640957805971,34.51149889612709],[126.16898969271021,34.51170625042412],[126.16964408569845,34.5114294820313]]],[[[126.20642283965174,34.498307592831196],[126.20353067137727,34.428215503084466],[126.11709523607726,34.378972366753835],[126.09730421788626,34.43708099406372],[126.20642283965174,34.498307592831196]]],[[[125.94477373414448,34.14080485504204],[125.94363972292052,34.14070689820788],[125.94267499341947,34.14129349200194],[125.94198857219418,34.14195839803541]]],[[[125.86206509867354,34.194662452633274],[125.8607593103882,34.19412877717975],[125.85774858911678,34.195410450817505],[125.85645257113647,34.195967227111765]]],[[[125.8806023093139,34.20887094324591],[125.88013278800348,34.20878301772159],[125.87980274172745,34.208938610624756],[125.87956514715647,34.209074352716414]]],[[[125.86309991121118,34.2131313652122],[125.86595005833914,34.2118059288119],[125.8659565790503,34.21131982094541],[125.8658837041698,34.21000209322759]]],[[[126.05846500254002,34.21794725662586],[126.05840646038018,34.217907640581835],[126.05817051659756,34.21790582602879],[126.05801705825075,34.217914435915326]]],[[[126.16231368917335,34.2203827851367],[126.1619491187694,34.22035957102737],[126.16157168601602,34.22036639943912],[126.16109066499516,34.22056294863258]]],[[[126.149861884363,34.2268946413122],[126.15000456328613,34.22684647271801],[126.15033038943169,34.226880766643724],[126.1506409913019,34.226885418841924]]],[[[126.16451033776619,34.22661106815411],[126.16423226004775,34.22654647806522],[126.16233958399009,34.22676991506857],[126.16190535178285,34.22686982623363]]],[[[125.84744896167747,34.21952574517169],[125.84666407410677,34.21912473264989],[125.84622543104062,34.2191206016884],[125.84306167982217,34.21926184388574]]],[[[125.98786379351188,34.22923072882831],[125.98644902219145,34.22904858632076],[125.98603830728017,34.22908935535154],[125.98575646964481,34.229280849357174]]],[[[126.07842398490625,34.23202329935603],[126.07717666301532,34.23118691385223],[126.07401928555375,34.23144697540969],[126.07351077203849,34.231723870821405]]],[[[125.9634828586641,34.23606550062716],[125.96332596051262,34.23601831458652],[125.96312189149221,34.236028979485916],[125.9612790782439,34.23666609664457]]],[[[126.06664429695535,34.2406328448615],[126.06724509116286,34.24053698278971],[126.06750692141337,34.24055096832611],[126.0676572449498,34.24047950344882]]],[[[125.94174147908045,34.2444858596829],[125.94256809542647,34.244151781656626],[125.94451476417925,34.244680377926024],[125.9458383107647,34.24571541018907]]],[[[126.08971775330524,34.24845626941615],[126.0908073604314,34.248224730334336],[126.09114024602941,34.24761167188842],[126.09085126715344,34.247151381326006]]],[[[126.05392837526384,34.25013100920871],[126.05864454290446,34.24929625804485],[126.05873863607978,34.249304697504975],[126.0591791837358,34.24937564602315]]],[[[125.92374405460257,34.25522202196087],[125.92396984551965,34.25517338114073],[125.9252959211429,34.255200614450665],[125.92546220154931,34.25518074233943]]],[[[126.18387023936774,34.261871943652245],[126.184236065349,34.260465649778716],[126.1846080863654,34.26054911491773],[126.18469999483895,34.2605521357074]]],[[[126.05501642317009,34.2565668399889],[126.04954617769948,34.255926352122714],[126.04924173484845,34.2559633941599],[126.04880438632156,34.25605863595641]]],[[[126.17395153664508,34.264489269448184],[126.17476856852818,34.26399174064659],[126.17507661233294,34.264033725466554],[126.17514656779683,34.26404174906432]]],[[[125.92577716092029,34.25727738035833],[125.92592638953637,34.25626097054923],[125.92552473274789,34.25569205036674],[125.9242637254696,34.2557092401805]]],[[[126.01313213353686,34.262753899683524],[126.01207647757646,34.261868801991746],[126.01161110866875,34.26187146491612],[126.01125716219639,34.26200261797903]]],[[[126.14192841365472,34.269346920316245],[126.14539984239156,34.26906295901903],[126.14899150756777,34.269139372202055],[126.15128304302759,34.26915529403847]]],[[[126.12248393304628,34.26578175925457],[126.12219987352164,34.26560182607751],[126.12193614409898,34.26575806220895],[126.11919015700083,34.26855172644355]]],[[[126.10310459568362,34.26731457481678],[126.10352890115155,34.26731220580473],[126.1042219034552,34.267384910161624],[126.10481283449042,34.26754116472982]]],[[[126.05588485298215,34.26895141406795],[126.05571095096468,34.268938622010744],[126.05558541984163,34.268950194274126],[126.05546819017935,34.26897834819906]]],[[[125.99756870834452,34.27083968381341],[125.99741870205233,34.27035720735562],[125.99639284199924,34.267853654608224],[125.99630877149158,34.26662454224127]]],[[[126.00585137178562,34.28984079167957],[126.00568726662317,34.2898328042699],[126.00553244545364,34.289887002730595],[126.00540970085633,34.28998948717329]]],[[[126.00014500026795,34.28759990536513],[125.99164830550956,34.28708971919909],[125.99145181646178,34.28723715906489],[125.99138862603898,34.28750994826148]]],[[[125.97445832180773,34.304623025903396],[125.97463405536797,34.304437269862454],[125.97591283368192,34.30456194352377],[125.97671309065119,34.30430426484488]]],[[[126.01215999962713,34.30454906401217],[126.0120614347298,34.30453678610173],[126.011729402032,34.30458527259129],[126.01138970987908,34.304722696108136]]],[[[125.90461482750293,34.305172790674625],[125.90365964854288,34.305058576439095],[125.90341891538145,34.30507382357208],[125.9032432737175,34.30512778564603]]],[[[125.99034883714653,34.31203677431126],[125.99059357197332,34.31200798149879],[125.99105605874513,34.31204903865271],[125.99129316651941,34.31206897379628]]],[[[125.94915045187398,34.305750433875694],[125.94926332616592,34.305578693932056],[125.94924000811736,34.30539302012779],[125.94912137216208,34.305251303185734]]],[[[125.96454702147349,34.31047714599521],[125.964119509697,34.31018722083289],[125.96399489929223,34.310110391734234],[125.963580772202,34.30990798742707]]],[[[126.01632746164866,34.316344502283336],[126.01753297275347,34.31296974141441],[126.01760941736295,34.31283426852606],[126.01766166090408,34.31275587915384]]],[[[126.04034383627364,34.31884649847526],[126.08894518625796,34.312198685667624],[126.09396847215122,34.27289516628343],[126.0151435305277,34.29112945585386],[126.04034383627364,34.31884649847526]]],[[[125.97518641138161,34.321537472291304],[125.97590899885824,34.320985767786766],[125.97603467069659,34.32086314238104],[125.98002388322055,34.31624101685653]]],[[[126.02606048707833,34.3247169380539],[126.02621401283722,34.324657945087125],[126.02639850874772,34.324665487630725],[126.02653179926482,34.3246603575239]]],[[[125.97760372089454,34.323252443942195],[125.97737505382109,34.32323121263179],[125.97672921718755,34.32326426890714],[125.97603038202968,34.32340496501504]]],[[[126.03019477162903,34.340583388364664],[126.06119204337944,34.32126408182587],[125.99234765876716,34.338566698186334],[126.03019477162903,34.340583388364664]]],[[[125.97398847034826,34.345858413755394],[125.9743478580656,34.345747902111476],[125.97473072639113,34.345812464053076],[125.97488306039646,34.345813741729735]]],[[[125.95332261491525,34.35305510788213],[125.95496910087634,34.35205075095356],[125.95542890048807,34.352101448120976],[125.9558157477766,34.352074969236]]],[[[125.9888289027391,34.35406509040566],[125.9880828922436,34.35318120233985],[125.98788809205801,34.35258981071445],[125.98781955456134,34.352325656631876]]],[[[125.93189541787818,34.350813732205246],[125.93171268145677,34.35063695024753],[125.93094059669517,34.351090079365285],[125.92966467867866,34.351992149462866]]],[[[126.01458831753465,34.36094508309527],[126.01710106681192,34.3601801999488],[126.01721689523681,34.36013998676137],[126.0186330634976,34.359554657046914]]],[[[126.04364457015934,34.37400945495382],[126.04357402083102,34.373992463473876],[126.04348528532793,34.373995734683945],[126.04280053159073,34.37413592123455]]],[[[125.93670689678109,34.36413122521786],[125.93633754915187,34.36412499337234],[125.9353058460331,34.364214663351234],[125.93507382611008,34.36429837934469]]],[[[125.97066050560636,34.37987349681818],[125.97077979222654,34.379748833720214],[125.97107232129079,34.37939846931571],[125.97112665028891,34.379304834717935]]],[[[126.04050601779313,34.38000761886662],[126.04044228256593,34.380001330088206],[126.04037091407189,34.38001944839412],[126.03925601376886,34.38037910721603]]],[[[126.0038353897886,34.37376169891473],[126.00358413659316,34.37373360637413],[126.00326815868749,34.373861287162384],[126.00315733140356,34.373925509400216]]],[[[126.01762187809021,34.38304253612332],[126.01730891407777,34.382991083149626],[126.01724725859114,34.38299519355201],[126.01705507935225,34.38301601075305]]],[[[126.0405888310655,34.39305258099899],[126.04028467049348,34.39301439694263],[126.040002515773,34.39307035089338],[126.03947061253017,34.39318868439682]]],[[[126.0116642246056,34.39598061918673],[126.01161102532959,34.39596650557999],[126.01151157224422,34.395965441544256],[126.01131035315008,34.39599262623684]]],[[[126.05450291934642,34.39269299644538],[126.0519404778726,34.39240228147977],[126.05071024176267,34.39275194128191],[126.04843884174866,34.39402093543485]]],[[[126.0055189035543,34.42459708405849],[126.0054139918408,34.424582896416695],[126.00535116780905,34.424582867932244],[126.00498048751633,34.42463939179156]]],[[[126.00113509845326,34.45322576975651],[126.00100061819835,34.45305452459985],[125.9999876741454,34.453055749257196],[125.99896279327827,34.453094991144525]]],[[[126.02672504890943,34.45630783360862],[126.02663390405404,34.456279119895754],[126.02655858560948,34.45628984862516],[126.02647562726119,34.45632698124644]]],[[[126.08157728439461,34.48434274169876],[126.08143373457285,34.484338731601454],[126.08129091585383,34.48435424756728],[126.08113690450689,34.48438688060223]]],[[[126.11077909818268,34.49180718803007],[126.11091912634821,34.49059157118588],[126.11088797262063,34.490474643017095],[126.11073407735495,34.48996734526794]]],[[[126.05858841374122,34.49672146586317],[126.0594387668424,34.49304715473361],[126.06266885332627,34.493573949667265],[126.06469306367913,34.493422163717]]],[[[126.08895921265916,34.51551875029591],[126.08851247467126,34.51543490980813],[126.08830905220358,34.51543338920947],[126.08727904593364,34.51548046450772]]],[[[126.09666356078311,34.51870162568428],[126.09641033103057,34.5186764513611],[126.0941671165838,34.51984150011283],[126.09402255252805,34.5200423093708]]],[[[126.10645520079711,34.528089351049715],[126.10611412789689,34.52799254441369],[126.10582357918302,34.52799041425565],[126.1050398620169,34.52803157438751]]],[[[126.23244651160765,34.995618310594246],[126.23236362923866,34.99561276540228],[126.23227335776173,34.99561813432316],[126.22995091735949,34.9958041869603]]],[[[126.25192485022805,35.0061318483394],[126.25621553150503,35.005804578504744],[126.25848108413523,35.00609788086213],[126.25857227257335,35.0061469465893]]],[[[126.19669868434676,35.005617458402604],[126.19645735163195,35.005606661477444],[126.1963578812061,35.00562526285034],[126.19626299326276,35.00566577688726]]],[[[126.21499909042906,35.027887562842615],[126.21490182690572,35.027883300262964],[126.21482868090777,35.02789065670744],[126.21465374308549,35.02791070049335]]],[[[126.2145947748539,35.034110426868004],[126.21444754531649,35.03409427533105],[126.21431236219252,35.03409898677263],[126.2141231761661,35.034140807932445]]],[[[126.22121325533983,35.03331608694275],[126.22108321880053,35.03329874693724],[126.22099612071766,35.03329818674831],[126.2208938970003,35.0333034639856]]],[[[126.12615055391952,35.03726075777449],[126.126036385923,35.037254290258005],[126.1258778452907,35.037273188368104],[126.1257210822104,35.03731895752706]]],[[[126.15520307122493,35.056141756009815],[126.19571114235423,35.01017872824577],[126.12653799215114,35.04775388943461],[126.15520307122493,35.056141756009815]]],[[[126.1536596725758,35.06011980204381],[126.15353953257105,35.060100293773246],[126.15340665764712,35.06010986375527],[126.15325025333817,35.06014168290648]]],[[[126.15522889870056,35.069173458014966],[126.15509864215824,35.06915155690298],[126.15496250679247,35.06915870107869],[126.15484509026803,35.06920002866474]]],[[[126.14964375049088,35.072668200643484],[126.14949523638133,35.07262430816062],[126.14932912593675,35.07262995798959],[126.14921878652935,35.07266449910515]]],[[[126.15527301529295,35.0752290748405],[126.15513188528394,35.07517598410762],[126.15497626688797,35.07517489824686],[126.15483336974853,35.07522534182531]]],[[[126.15538009842666,35.08265531605027],[126.15524842579615,35.08264260681233],[126.155125323755,35.08265424499294],[126.15498175043767,35.08267879836477]]],[[[126.24767630607303,35.097107539322174],[126.25592189792566,35.0126821262118],[126.16109190121114,35.066947196971945],[126.19030748333783,35.11278794582415],[126.24767630607303,35.097107539322174]]],[[[126.19365825488764,35.117276183994406],[126.1933876729341,35.117237121980125],[126.19174571066512,35.11790425831421],[126.19009607448949,35.118805323957105]]],[[[126.20746381194857,35.11113625644127],[126.20299812243739,35.111008497127365],[126.20280647530257,35.11110084523728],[126.1997418068992,35.114666024457044]]],[[[126.207005112031,35.122169366286506],[126.20689033633619,35.12216644297463],[126.20657868532905,35.12219046241278],[126.20643824772024,35.1222280769675]]],[[[126.21924941815504,35.126260045511195],[126.21909329595198,35.12622605689479],[126.21896698828816,35.1262252411251],[126.21883329524992,35.12625774240434]]],[[[126.20247856892604,35.1386741979046],[126.2017088381725,35.13774947584074],[126.20104141188595,35.13699061410639],[126.20089135905761,35.13689714943073]]],[[[126.3498744228384,34.806293943373596],[126.34974311785989,34.806277747355665],[126.34931267444601,34.80629065313214],[126.34919083629322,34.80631067482004]]],[[[126.33862788521243,34.8098154966373],[126.33852248253746,34.809810872879915],[126.33839136058226,34.809822776153474],[126.33828433929945,34.8098604899304]]],[[[126.30607049013263,34.8378071466138],[126.30573017785228,34.837739288079206],[126.30558757705403,34.83777644989853],[126.3052586170313,34.837956098143096]]],[[[126.3116732986317,34.841361372743016],[126.31151468460726,34.84135464985164],[126.31114707419015,34.841414433954455],[126.31092149605045,34.84146512877791]]],[[[126.29272755708398,34.845050527613914],[126.2918988765335,34.84475734796933],[126.29173400322581,34.84485035220204],[126.29133511405797,34.845909745366704]]],[[[126.21917688870617,34.84737417650898],[126.21908003025409,34.84736545954321],[126.2190463980412,34.84736613141646],[126.21892762553617,34.84738110889278]]],[[[126.37014335238506,34.86248832231648],[126.36958057217997,34.86247288340686],[126.36942955636958,34.862554814771194],[126.369263917827,34.8627187767661]]],[[[126.37899219123979,34.877017848965956],[126.37808972458906,34.87550087601515],[126.3777045807623,34.87509534138842],[126.37761997281305,34.87500732060589]]],[[[126.3484169715488,34.87587924487427],[126.34830608763865,34.875802066733605],[126.34812837197175,34.875812936489815],[126.34802063679298,34.87589719114686]]],[[[126.21971331297807,34.89133011885229],[126.21958809643367,34.89132306511581],[126.21948175393157,34.89133532665529],[126.21934406534855,34.891392577254024]]],[[[126.25937337916865,34.903541284203094],[126.26011507027779,34.90341328983385],[126.26222229930067,34.90355931608227],[126.2624667364133,34.903553229569916]]],[[[126.35237514344526,34.90961013987132],[126.35246120849196,34.909440038210505],[126.35286579606677,34.90874381928082],[126.35291081126893,34.90867185343966]]],[[[126.27623354560164,34.912018772443744],[126.27610427620077,34.91201419737842],[126.27602593268958,34.91204921420734],[126.275941577768,34.912130738886745]]],[[[126.30344339782157,34.91923334681094],[126.35165722071642,34.898420469243995],[126.31304144482448,34.87899269056708],[126.36786074365492,34.8575211516277],[126.35756845977753,34.81460862085025],[126.32864279617597,34.85111915224057],[126.2265865926545,34.84746779133885],[126.30344339782157,34.91923334681094]]],[[[126.28839519187007,34.9202438124628],[126.2883164006518,34.920240951052634],[126.28811052490033,34.920249123778135],[126.28784004055716,34.92030316146049]]],[[[126.2759956693256,34.926459368332374],[126.2758390193903,34.92642758631114],[126.27527439003832,34.92653280459673],[126.2751638876278,34.92656244070715]]],[[[126.2757220788665,34.93410399570092],[126.27598389502722,34.93404224577373],[126.2765927079487,34.93411094184322],[126.27664099779491,34.93410901976205]]],[[[126.23859201109575,34.93299026553045],[126.23871789788558,34.93296294344605],[126.23875636087774,34.93296740124131],[126.24298277287272,34.934729781080996]]],[[[126.27191972156274,34.938580755534886],[126.27203197373917,34.938578947260105],[126.27211904034787,34.93859801791017],[126.27218562517086,34.93863592679024]]],[[[126.2748036549114,34.946658273252105],[126.27503441072054,34.94640843851211],[126.27523154022579,34.94641216400382],[126.27531815109283,34.94640689147439]]],[[[126.25350423707887,34.94253125133763],[126.25241477145569,34.94244267784939],[126.25075491429106,34.94313995910544],[126.25069760461527,34.94403344944433]]],[[[126.22925755770635,34.95696793457752],[126.2293591237709,34.95696019335157],[126.22951739742616,34.95696840892425],[126.22957337781791,34.95696946522857]]],[[[126.24120456219858,34.95584536985113],[126.24170816232967,34.955167023134294],[126.24284287759723,34.9554788810373],[126.24302573395369,34.955523873854425]]],[[[126.27451121841564,34.969375053476334],[126.27904056203305,34.96740536452907],[126.28017402432667,34.96662951434703],[126.2802884266979,34.96653539939914]]],[[[126.16804597550191,34.922539382431616],[126.16889228486252,34.92045551891532],[126.17016022704408,34.92062092062811],[126.17117480290877,34.92073234049714]]],[[[126.1748239697608,34.923996206154825],[126.17179273840851,34.92240831066316],[126.17064277332135,34.92313183178873],[126.1706359293402,34.923810929925516]]],[[[126.151326433713,34.92884650301124],[126.15253311197927,34.928083791320894],[126.15304308666687,34.928092642231206],[126.1537458865605,34.92808067150359]]],[[[126.17302025682389,34.93291729264718],[126.17397674002204,34.932505885275944],[126.17486449343154,34.93261639186378],[126.17581520617216,34.93277959206447]]],[[[126.17945503623179,34.93641417788053],[126.17935512630216,34.93624632594234],[126.17887260980537,34.93624306007022],[126.17864279245109,34.936366888015066]]],[[[126.11690756716519,34.94798812185376],[126.11679465497454,34.94798054778557],[126.11662731194441,34.94797932889399],[126.11649639538035,34.94799413427298]]],[[[126.12434885227312,34.961118596248454],[126.12405688529707,34.96107701469061],[126.12378310304622,34.961142645718155],[126.12222271842136,34.962008971161055]]],[[[126.23447042622766,34.97228845582505],[126.23434352890528,34.972148024046646],[126.2340167679103,34.97214595919406],[126.23386111639458,34.9722721310858]]],[[[126.21470751803908,34.98635329088164],[126.21608930653734,34.98535921122905],[126.21914456080236,34.98475202626924],[126.22492992603128,34.985666816180554]]],[[[126.09940354375101,34.99858648305149],[126.09913258440285,34.997626242177624],[126.09911138706393,34.99755459574079],[126.09904559114983,34.99734914158876]]],[[[126.19106864892116,34.99328757494282],[126.19093786906336,34.993281883541826],[126.19080737767466,34.99329454307025],[126.19071305059093,34.99331874431663]]],[[[126.10206048240559,35.00985247120596],[126.10193420868978,35.00983423866245],[126.10178575538563,35.009851223170195],[126.10163375345836,35.00988572353739]]],[[[126.1052596948772,35.016815622490455],[126.10515650661193,35.016796349326896],[126.10498818643077,35.01680559127339],[126.10475432257182,35.016832350410105]]],[[[126.10975147658299,35.01615668650242],[126.1095363613769,35.01610136886336],[126.10929205619698,35.01610301619427],[126.10911159386767,35.01611733807373]]],[[[126.14477131275855,35.02600404615749],[126.18766371765027,34.986506324596334],[126.1579727054442,34.937889089950815],[126.12401683913812,34.945995893238155],[126.13442037778174,35.00020864105994],[126.0971385192188,34.99976473490548],[126.14477131275855,35.02600404615749]]],[[[126.11107789389095,35.02829160691503],[126.11177401681921,35.027929181821825],[126.11223648042399,35.02796025226692],[126.11254017909874,35.02796247587902]]],[[[126.11483085900228,35.052858885094295],[126.11366697362253,35.05226868062861],[126.11249081650347,35.05239168516827],[126.11170617880398,35.05287443189843]]],[[[126.1228297780769,35.06257926262259],[126.12220792883949,35.062542820408964],[126.12106819265097,35.06365276330153],[126.12086998369723,35.06400275516298]]],[[[126.13310001241639,35.06865045080708],[126.13450012933153,35.068410535492745],[126.13564158857028,35.06865393036999],[126.13583587321324,35.06865531718709]]],[[[126.13262230569003,35.07006374196131],[126.13246212428865,35.07005662499341],[126.13219705000805,35.07008277662573],[126.13195807773326,35.070128007028]]],[[[125.92327439454142,35.07694586944364],[125.91967593743311,35.07676515057809],[125.91683611204571,35.08023008511502],[125.91658712283667,35.08088689285161]]],[[[126.14426870023641,35.09337255704152],[126.14627910953065,35.09176251626578],[126.14639003248895,35.09165004119875],[126.14651025430588,35.091458175449205]]],[[[126.04826069475737,35.09571661234517],[126.0476601207715,35.09558157639718],[126.04629241376682,35.09588000165573],[126.04607661214088,35.095949091440865]]],[[[126.03772214180543,35.09785206328749],[126.03755253334005,35.0978206926171],[126.03732954595272,35.09783259780924],[126.037125859709,35.09789119285782]]],[[[126.02211583894037,35.09967260233938],[126.02311419137209,35.09943538545637],[126.02523673653475,35.09675449642201],[126.02575391235564,35.09512351388962]]],[[[126.0596133402532,35.113389562296604],[126.06109711431047,35.11136216133289],[126.06133867855185,35.111729736682896],[126.06152266602584,35.11192599284123]]],[[[126.04940179988589,35.11081989578418],[126.04986491166358,35.11044687779851],[126.05093307736908,35.110643590963676],[126.05169908669718,35.11052404095464]]],[[[126.14989556499191,35.130456111804826],[126.15031429758494,35.13035774971444],[126.15079848452457,35.1304869169884],[126.15094393053725,35.130501263871274]]],[[[126.17049238323814,35.1281234233046],[126.17033193000636,35.128101756357765],[126.17009903442582,35.12812043974497],[126.16816436612612,35.12833339822225]]],[[[126.16194536751912,35.143576489131114],[126.10864320445069,35.049033462909804],[126.036690054685,35.06512839165191],[126.1132349932041,35.143836742984874],[126.16194536751912,35.143576489131114]]],[[[125.97106124383488,34.862148830387476],[125.97071586186487,34.86211028955549],[125.97028226218129,34.86221341267373],[125.96781032325588,34.86283325041364]]],[[[126.00878202857717,34.910325124619995],[126.00394288974897,34.90877107000784],[126.00342587581571,34.90891826701655],[126.00297843828498,34.909399215625385]]],[[[126.02019489624388,34.919404531690255],[126.02001076918778,34.91939039156633],[126.01869920937253,34.92025469966135],[126.01427254207763,34.92408295296913]]],[[[126.01716710516595,34.931870911971],[126.018045041249,34.93141917237655],[126.01917882004669,34.9315495542075],[126.0200405602057,34.93157383329864]]],[[[126.06264969980927,34.93567328613665],[126.10406825658822,34.90107671880574],[126.0853437171321,34.863621802268455],[125.96804552915341,34.86979247783148],[126.06264969980927,34.93567328613665]]],[[[125.90654969005072,34.70795996554024],[125.9057025046931,34.70792905347825],[125.90297301650722,34.708921098083124],[125.90204166720366,34.70990800926227]]],[[[126.03965005147904,34.72741652183665],[126.03948202257281,34.72653297041042],[126.03870565313463,34.72686992878201],[126.0379829970558,34.72769744160647]]],[[[126.0371326445527,34.737592824205976],[126.03928038134251,34.73687461580464],[126.04088251716335,34.73708333048679],[126.04574821511858,34.73256332303769]]],[[[125.88496395587256,34.73363029500986],[125.88473282989565,34.73347783041346],[125.88404114698746,34.73365839234444],[125.8839337063116,34.733692992292]]],[[[125.95278364019987,34.739071231679745],[125.95262542684496,34.73905985483322],[125.95157945890391,34.73907880089537],[125.95147189113538,34.739085686902186]]],[[[126.02049025626887,34.76580440453331],[126.02102240489295,34.76436457014266],[126.02198963155516,34.76533509896787],[126.02234866503721,34.7654654159396]]],[[[125.92178800557804,34.78184551023065],[125.9211534160314,34.78160091931824],[125.92080432074663,34.781693397431944],[125.92008494507155,34.78350319110199]]],[[[125.90620938412684,34.78486071993033],[125.90534036069424,34.78480511611492],[125.90493327877284,34.784897043516224],[125.90341957682796,34.785361328813586]]],[[[125.91068452693146,34.79562742746454],[125.91409297398388,34.79505469240532],[125.91441761115011,34.795074527923106],[125.91461628825536,34.795037851420986]]],[[[125.95519908403432,34.799564316242794],[125.95582171579171,34.79921323124855],[125.95696836532039,34.79933153064706],[125.95716936388645,34.79933325528807]]],[[[125.99708298412803,34.80470925056823],[126.00016911696528,34.76205795691614],[125.94152709059178,34.752653903087165],[125.94241964214216,34.72142381445468],[125.88607322667126,34.73047012925886],[125.8988334416692,34.78119000500666],[125.99708298412803,34.80470925056823]]],[[[125.83821363181403,34.58225493223413],[125.83810851343219,34.58224331078066],[125.83796036032906,34.582249998453435],[125.83784068613711,34.58226742597203]]],[[[125.8764717081389,34.59563873738985],[125.87639610569877,34.59563235637639],[125.87630416823447,34.5956413316321],[125.8746378568338,34.59612637699585]]],[[[125.86972421840125,34.60137501466317],[125.86914683781865,34.600698719433446],[125.86889102685753,34.60070875943684],[125.86875332629106,34.600881420670085]]],[[[125.87054563018467,34.602455518439164],[125.87044295490432,34.602436397466676],[125.87035961975742,34.602438112751],[125.87030797266377,34.60244589759683]]],[[[125.8795518499274,34.6100481996478],[125.879927903762,34.609443825347654],[125.8813953225389,34.60976122048857],[125.8813920559262,34.61000432778902]]],[[[125.86893910093973,34.6131939658021],[125.86881585418419,34.61318759734525],[125.86869679733492,34.6132021413522],[125.86859550637466,34.61322816760968]]],[[[125.88139571421944,34.61863647103554],[125.88110380566965,34.61845146240932],[125.87977360522098,34.61886469011767],[125.87632279856142,34.621072320259]]],[[[125.86585578384559,34.619839229206384],[125.86576172554922,34.619829013481976],[125.86542403811205,34.61983117118465],[125.86523417373775,34.6198360200219]]],[[[125.85385103777428,34.6190113390376],[125.81827569767658,34.59283680305621],[125.80070712418602,34.62083914170125],[125.85385103777428,34.6190113390376]]],[[[125.95505619887888,34.653582762231416],[125.95749967380281,34.653519688604774],[125.95777482849554,34.653606061189635],[125.95829776133837,34.65364654352563]]],[[[125.88536495409949,34.65564448930851],[125.88411804010043,34.65559815165779],[125.88358807038738,34.655698028942275],[125.8829704785889,34.65602405376015]]],[[[126.0144354719815,34.68307391358914],[126.01086088470878,34.68232093045327],[126.01072012970116,34.682321489850125],[126.01062635593637,34.68235170796742]]],[[[125.96866404487326,34.727609478502345],[126.01048431020993,34.72153557602967],[126.00838618317995,34.68443393514949],[125.9213435355829,34.67041503833497],[125.91590773427319,34.71118676078439],[125.96866404487326,34.727609478502345]]],[[[125.98638077100543,34.73606559162786],[125.98625568035693,34.73605707225889],[125.98611549916218,34.73605874250873],[125.98595765471356,34.736081761892166]]],[[[125.1027796432067,34.09593208714411],[125.14480268747786,34.04945688194809],[125.08203428922612,34.0745574239513],[125.1027796432067,34.09593208714411]]],[[[125.0953665842855,34.1153031464008],[125.0924550004423,34.11382691373719],[125.09227300595246,34.11385951997628],[125.09203573665975,34.113979880420565]]],[[[125.08483497915432,34.11914272458457],[125.08489364230955,34.119094464416946],[125.08509906155417,34.11912053515439],[125.08514890452136,34.11911421571395]]],[[[125.46899242697485,34.203331829995626],[125.46875194063915,34.20271821536449],[125.4670911891979,34.20279671659633],[125.46542538945903,34.204412441164436]]],[[[125.29335304382465,34.392870844464504],[125.29688464986313,34.3929126472641],[125.29849893020544,34.39380696921758],[125.29822749888973,34.394776442310764]]],[[[125.28800079769206,34.419934850290964],[125.28557831208676,34.417234172025935],[125.28370740506251,34.41720790799515],[125.28202907424598,34.417395013360974]]],[[[125.2961437264289,34.453241427918165],[125.2953606901501,34.45188869228646],[125.29516250020178,34.45099010585764],[125.29506592413435,34.45050409048953]]],[[[125.29905680418335,34.45503179044396],[125.29977277976451,34.45431652252686],[125.3001310330049,34.454355750460316],[125.3005965010967,34.4543622285827]]],[[[125.30279169868217,34.461601406874394],[125.30293724130901,34.46131431718651],[125.30304723289902,34.460709203532154],[125.30322924794726,34.459421219365126]]],[[[125.30431577557208,34.46369450923125],[125.30347011255652,34.46338057330984],[125.30269049401181,34.46428610557104],[125.3004677269099,34.4686718396024]]],[[[125.4795021717096,34.655203879485654],[125.47939710677429,34.65386603688893],[125.47862879242973,34.64984681707366],[125.47800000962143,34.64882318349324]]],[[[125.39529070292394,34.697416969213776],[125.39371738905346,34.69553667714528],[125.39362722239365,34.6946499787054],[125.39376361913517,34.6931464191927]]],[[[125.44219472845555,34.700452572094015],[125.46570126313169,34.68730297147467],[125.39294556119694,34.6282328215267],[125.40727995483716,34.69556798066981],[125.44219472845555,34.700452572094015]]],[[[125.46859888091753,34.69641725119549],[125.46817352793224,34.696199321019556],[125.46567458265143,34.69666387097905],[125.46304780409488,34.69939431029516]]],[[[125.20151887855991,34.71155671266492],[125.2009311450544,34.711286839567876],[125.20048960347498,34.711574153342454],[125.20099322782322,34.713899613432254]]],[[[125.207129282535,34.68529267533945],[125.17258677601276,34.67353551048226],[125.20850728005605,34.71693537657181],[125.207129282535,34.68529267533945]]],[[[125.40921634053872,34.715473995968125],[125.40660472918353,34.71416893461226],[125.40574581933916,34.71415768660599],[125.4050213740276,34.71485696828822]]],[[[125.20377229135792,34.71786108597202],[125.20314918465498,34.717394812010106],[125.20287224126783,34.71739072298027],[125.20278179429442,34.717911767702205]]],[[[125.18963001850155,34.71910546878177],[125.18847874510548,34.71745593997355],[125.18974120831577,34.71763797842961],[125.1919060360168,34.716364216935574]]],[[[125.44530915943692,34.72671491179343],[125.44488885431365,34.72665606470015],[125.44427310981149,34.72664819466649],[125.44387268320719,34.72725805196764]]],[[[125.19965008796362,34.7234792490484],[125.19854721245052,34.72323438835046],[125.1980703022586,34.7233252750472],[125.19797839986366,34.723911574330266]]],[[[125.45552214377783,34.743289367592276],[125.45619341593995,34.74253897871525],[125.45750366596762,34.74277243599023],[125.45895946511122,34.74224881294272]]],[[[125.43977526413016,34.74278160279402],[125.44033858932985,34.74255704912938],[125.440453955551,34.74253481785255],[125.44072513637506,34.742633097880095]]],[[[125.44077410212712,34.74305153551341],[125.43977526413016,34.74278160279402],[125.43763114420715,34.74363625952549],[125.4375694340491,34.743860628813586]]],[[[125.4344302858094,34.74423933446589],[125.43380628278597,34.74381432382394],[125.43057780699048,34.7440854551825],[125.42987879751252,34.744284926153306]]],[[[125.4271403601041,34.7570157050007],[125.42714800452677,34.75661298932686],[125.42787061062664,34.7571146689556],[125.43379483303795,34.75499791637913]]],[[[126.00586855589991,34.587768960753884],[126.00607621804792,34.58732478370496],[126.0049263011151,34.587594069456145],[126.00437209417302,34.588815671161804]]],[[[126.00150042106027,34.58801936488144],[126.00096753739874,34.58745764396159],[125.99941360664609,34.587667836810745],[125.99826500848418,34.587825608135944]]],[[[125.9894694428965,34.591249113600874],[125.98873088262152,34.5909643058207],[125.98812250075102,34.59107073167878],[125.98764562093211,34.59145689171287]]],[[[125.97647909716399,34.60256675586244],[125.97542638274052,34.600782344256814],[125.97887303364892,34.60209362608041],[125.97994998330775,34.60190535463076]]],[[[126.00022964361858,34.597611294718746],[125.99804653740478,34.597539495459124],[125.997459861929,34.597534669887104],[125.99712971748725,34.59788205077238]]],[[[125.99707698374039,34.63056497121244],[125.99828080562388,34.630080223049696],[125.99921602526918,34.63058256501231],[125.99920582894073,34.631430475754215]]],[[[125.94331556327766,34.63047961361285],[125.94224278637216,34.62810202625369],[125.941211933689,34.62821451200221],[125.93904263113035,34.631110434813806]]],[[[126.01952383141953,34.643054793159955],[126.02014662982704,34.639839947751184],[126.01957031626576,34.639110831374055],[126.01840820708084,34.63845748287717]]],[[[125.96910620467924,34.63854080683001],[125.9694926562476,34.637025934387914],[125.97090551883889,34.63576264742144],[125.97230783117315,34.635349401655326]]],[[[126.01255593456497,34.64694286523533],[126.01246609526164,34.64629816209219],[126.01139377133016,34.64628946185658],[126.00836601863037,34.646747826015144]]],[[[126.01136782179934,34.656673360017926],[126.0101032357976,34.65642159347227],[126.00912253048139,34.65689659541777],[126.0088204512159,34.657699112782424]]],[[[126.04874301860038,34.65934821988452],[126.06532199857293,34.58294248765908],[126.01947336199542,34.5635899822468],[126.00984280806013,34.63136721429715],[126.04874301860038,34.65934821988452]]],[[[126.02024542318573,34.66455332696633],[126.01888129570253,34.66446184877782],[126.01868533762178,34.664540761809704],[126.01515131743109,34.66652463430091]]],[[[126.02887355754426,34.67057966631742],[126.02508333516835,34.67020516957888],[126.02454090405276,34.67023524536903],[126.02432878548336,34.67054332650411]]],[[[126.03619594434703,34.672014640897444],[126.03665620389366,34.67188059724303],[126.03690518188493,34.67198583412712],[126.03685869777158,34.6723985018101]]],[[[126.08141764960862,34.68856430996762],[126.08351829497278,34.68444605559362],[126.08434147525551,34.67968215270133],[126.08478981415217,34.67396139503965]]],[[[126.04298662201823,34.543139431167575],[126.04292543875574,34.54313560542613],[126.04008498076095,34.54348457337884],[126.0400248567558,34.54350282721369]]],[[[126.1519300226874,34.56296780362561],[126.15033019962367,34.56237793741577],[126.1496271906564,34.56237303487137],[126.14706963021317,34.5630139394579]]],[[[126.14916027075449,34.58075478290865],[126.14949207616532,34.579824958711],[126.14957916858864,34.57916175133592],[126.14958752011283,34.5783430974994]]],[[[126.08325554590978,34.61371148156814],[126.10110514110507,34.553117745272445],[126.02521858420187,34.534404321757926],[126.08036293851566,34.57825978694523],[126.0491973395219,34.62892534011108],[126.08325554590978,34.61371148156814]]],[[[126.09485379986293,34.634961328691396],[126.0947247649566,34.634895278119565],[126.0945902860578,34.63491946557202],[126.0941078679542,34.635133585302]]],[[[126.09170708999896,34.63993195126202],[126.09149074442566,34.6398757047166],[126.09120574445498,34.639897611174305],[126.08878428531042,34.64020590933212]]],[[[126.0875248365753,34.63399781789093],[126.08828842094906,34.63370021615226],[126.08841620747386,34.633632851467766],[126.08857276106116,34.63349156634217]]],[[[126.19980988193343,34.56600421913862],[126.1986814595335,34.56591194007571],[126.19764463510816,34.566331949284674],[126.19720805202293,34.56682875548248]]],[[[126.19676266119036,34.57009123145496],[126.19556197720843,34.56988450526904],[126.19374823220095,34.57060577216764],[126.19337752206134,34.57090728095456]]],[[[126.19517996617662,34.57348702843385],[126.19230395265369,34.572968558180655],[126.19111428296816,34.57304256005902],[126.18748804246952,34.57545057172989]]],[[[126.18664162981187,34.58362909064376],[126.18446356595535,34.58321381535621],[126.1829261107184,34.5842134610685],[126.18353730226063,34.58550641279616]]],[[[126.12395411274609,34.610707304625706],[126.12371519280451,34.61065804496689],[126.12347808987367,34.61068761650567],[126.12333273924685,34.61073694529153]]],[[[126.11406436342611,34.61184667440788],[126.10997385529966,34.61108493360705],[126.1098676178453,34.61108415756715],[126.10966712455324,34.61109411410332]]],[[[126.18231675485553,34.61812935807976],[126.18237812830688,34.61807024996638],[126.18380196029783,34.618480345199345],[126.18392365075887,34.618489324684]]],[[[126.17783566306558,34.61232705774867],[126.17749237797338,34.612091169816345],[126.17626199572095,34.61260190657852],[126.17581933868256,34.61288437421092]]],[[[126.19987845452545,34.626731566681045],[126.20010701267022,34.62649560709776],[126.20042943883497,34.62655898031959],[126.20057693666254,34.62654937785302]]],[[[126.12086857585005,34.6269082915437],[126.12489179826355,34.622885038671114],[126.12507493420372,34.62272416843372],[126.12538505355494,34.62228772643015]]],[[[126.20544212583413,34.63488575374099],[126.20522491339142,34.63487553961879],[126.20504513503491,34.63487512752901],[126.2042357844331,34.63489351327841]]],[[[126.18741820907769,34.660496025369795],[126.18704595821272,34.66049201308284],[126.18691254080635,34.66051011793069],[126.18679226835357,34.66053316854687]]],[[[126.14745011743487,34.67399258071406],[126.20258851669108,34.63486824226977],[126.12156694611917,34.615303408981454],[126.14745011743487,34.67399258071406]]],[[[126.15476830675404,34.67453724106388],[126.1546637209489,34.674528535816094],[126.1545521844079,34.67453166165423],[126.15446347627488,34.674551825533605]]],[[[126.21093186694534,34.66882515751283],[126.21056503976683,34.66867107942011],[126.21024476620258,34.66868034022761],[126.21003899059764,34.668709088749736]]],[[[126.19930446852281,34.6948963322486],[126.20030763341826,34.69191625799964],[126.20129746803748,34.690314554264916],[126.19663166196533,34.68339150215555]]],[[[126.05629664375707,34.763006889548734],[126.05584323216199,34.76176986401232],[126.05651964426532,34.7598477778588],[126.05888323055247,34.75755330035395]]],[[[126.05087638724979,34.77090528860635],[126.05003662791891,34.77074454625838],[126.04871605195376,34.77173643556165],[126.0487936080983,34.773124724069945]]],[[[126.0812405810572,34.778888311717466],[126.19627887951827,34.71945305948518],[126.12590971033887,34.6832655939403],[126.06713926287397,34.707020813612154],[126.0812405810572,34.778888311717466]]],[[[126.14394538871771,34.81808921510457],[126.14402330675729,34.81804735106827],[126.14431731970951,34.81810963391182],[126.14442377302575,34.81812875731719]]],[[[126.17027547132221,34.80322674385142],[126.16964517507603,34.757794069062385],[126.08135553788094,34.788688953739104],[126.17027547132221,34.80322674385142]]],[[[126.17465409617824,34.822536213527805],[126.173346299182,34.8224103160628],[126.17168738345069,34.823395360100605],[126.17167920885187,34.824210473754526]]],[[[126.0854178649639,34.80515968231974],[126.08530773895981,34.805157649037646],[126.08497435701926,34.80517846927767],[126.08491933791869,34.80518927258509]]],[[[126.08125465098358,34.811579669198885],[126.08118361303919,34.81155891466824],[126.08109520592855,34.81156874522447],[126.08102867833882,34.81159131188788]]],[[[126.06946021631227,34.82335072494195],[126.0693755603033,34.8233364441231],[126.06928564721743,34.82333575633298],[126.0691570929833,34.82334784870422]]],[[[126.05092699954326,34.82280991125553],[126.05302825533455,34.82167395482864],[126.0530672873176,34.82171081139907],[126.05309904408305,34.82173753411697]]],[[[126.06245357045759,34.82912903070483],[126.06235989262227,34.82910892264192],[126.06225619347008,34.82912716220031],[126.06026738413621,34.82948074596412]]],[[[126.0576522995817,34.84235711224633],[126.05754170576063,34.84234100959615],[126.05496432253881,34.842517997539886],[126.05478229526977,34.842573173343325]]],[[[126.15749732880174,34.85548005976848],[126.15719586629281,34.85529246033736],[126.15701907526272,34.85529123285189],[126.15685319611805,34.8553411642806]]],[[[126.18080602868008,34.87758253702091],[126.18070628863764,34.877560093839264],[126.18060591855523,34.87756913577675],[126.1805038994252,34.87761262190003]]],[[[126.1157912094031,34.88217297809498],[126.15791610602815,34.862048245174925],[126.09388131642964,34.79662079831341],[126.05837046659074,34.84959376486328],[126.11528079381304,34.85090714259719],[126.1157912094031,34.88217297809498]]],[[[126.16885387498398,34.875106019582724],[126.16788474817744,34.874704924251965],[126.16779016891309,34.87470985062895],[126.16773091122914,34.87471432727208]]],[[[126.11986848548759,34.88495632660206],[126.11713894027797,34.88442368034728],[126.11708052792898,34.88442325563164],[126.11703205741169,34.88443545106438]]],[[[126.10629014892228,34.884424346951334],[126.10548226954498,34.88434828907288],[126.10532830051844,34.88435672129942],[126.1052212954599,34.88437414989291]]],[[[126.16771885186056,34.888916987244684],[126.1675909920862,34.888904084813184],[126.16745809215661,34.88892099409591],[126.16736841668815,34.88896338062096]]],[[[126.1641734388552,34.889727473380454],[126.16405600506074,34.88967164124691],[126.16391299230895,34.88967656221381],[126.16289507414119,34.88998968194622]]],[[[126.16928502178908,34.90018198575253],[126.16976339763399,34.899224352757805],[126.1706540527849,34.89946829304728],[126.17084987224955,34.899458407416674]]],[[[126.19915757396159,34.90075328902369],[126.19919728263663,34.90066752356051],[126.19955060653594,34.900679602155],[126.19974592493135,34.90067561925442]]],[[[126.17842158749352,34.90330028299483],[126.17920702850414,34.902865834574506],[126.1795017326582,34.90312918584835],[126.17969774540691,34.90319687639848]]],[[[126.87077252585772,35.209024568859626],[126.83535983466543,35.22999218792003],[126.93316569132507,35.24832179083437],[126.87077252585772,35.209024568859626]]],[[[126.91246626547164,35.11046651796314],[126.91207456081935,35.11014081953913],[126.91183426017218,35.10997253163397],[126.91061479723537,35.10986215747425]]],[[[126.90468739674606,35.167626364571426],[126.90505148257449,35.168411811653186],[126.90478868900506,35.16845949934369],[126.90504585925358,35.16903930027237]]]]}},{"type":"Feature","properties":{"regionCode":"30","name":"대전광역시"},"geometry":{"type":"MultiPolygon","coordinates":[[[[127.4484635114297,36.31924845096915],[127.44831660680303,36.3188839014448],[127.44969144590584,36.31771851634333],[127.45076926535614,36.316113947258884]]],[[[127.48099713312492,36.30044491506197],[127.4484635114297,36.31924845096915],[127.48025757882758,36.334268401743465],[127.48099713312492,36.30044491506197]]],[[[127.46266654959284,36.32155332560176],[127.46126146338221,36.32129666638516],[127.45745178775887,36.32001885229708],[127.45741572108136,36.3199803569605]]],[[[127.47076525060884,36.32950091438412],[127.47065849476789,36.328602469149665],[127.46836622823183,36.324237877759785],[127.46757681091704,36.322858822630444]]],[[[127.45699157906355,36.34387879820462],[127.45630125863951,36.34122014553293],[127.45508203669554,36.337598125385426],[127.45364108584913,36.33430363761485]]],[[[127.44829539617275,36.34197507267728],[127.44578574377648,36.33939210760282],[127.4449813192551,36.338561176237555],[127.44429490937696,36.33785212897693]]],[[[127.46390326046053,36.35076234357809],[127.46482169958747,36.34519488251357],[127.4618142878688,36.34500791622315],[127.45699157906355,36.34387879820462]]],[[[127.44139935077831,36.35237127862153],[127.44145660541346,36.35067623157413],[127.43756307220094,36.34941701425027],[127.43197042833606,36.34744237536387]]],[[[127.43197042833606,36.34744237536387],[127.43133511836811,36.346908942945156],[127.42991319926081,36.34571501504193],[127.42848545848796,36.344516155818624]]],[[[127.48921132565803,36.4327033866873],[127.55725127828721,36.39724266103409],[127.48436884896371,36.29955212777724],[127.4513107917012,36.38091130499545],[127.48921132565803,36.4327033866873]]],[[[127.46162187462845,36.3009283021564],[127.49130536511399,36.298440351316565],[127.49333941591435,36.24020132771541],[127.44280915922533,36.19405956763937],[127.43061155725721,36.290095119774925],[127.46162187462845,36.3009283021564]]],[[[127.44262667820973,36.33565961188422],[127.44075563298085,36.33149618415106],[127.44076977154025,36.3311484853642],[127.44021023626132,36.32812278110007]]],[[[127.43795006630982,36.325386566240944],[127.44079795478066,36.32645721071997],[127.44464773866446,36.32618084230133],[127.44502554968268,36.32549024557355]]],[[[127.45158020009862,36.33236534737432],[127.45189739635244,36.33197733092529],[127.45220760624818,36.33157353288814],[127.45216262988968,36.33134709564866]]],[[[127.43760600549713,36.33837500803693],[127.43590186411822,36.3384379598127],[127.42922707835605,36.34079277059832],[127.42890221621418,36.34109643915784]]],[[[127.42070236323761,36.344457063938094],[127.42320990671918,36.343681837133055],[127.42533074055899,36.34300071800241],[127.42572995085477,36.34286770977694]]],[[[127.42545192266293,36.332822956058074],[127.42720777709162,36.331489819808745],[127.42926052173996,36.32984102701506],[127.4308743037643,36.32782929002738]]],[[[127.4132733890208,36.33461760706858],[127.41370990490893,36.33431269280082],[127.41501245838323,36.33340280639378],[127.41495950360328,36.33328921477565]]],[[[127.41277071753848,36.343694952695245],[127.41321916994104,36.34268294633013],[127.41359973235637,36.34200506471033],[127.41389190327865,36.34148463476351]]],[[[127.4308743037643,36.32782929002738],[127.43254368103703,36.325773223031575],[127.43343894594321,36.32467078358262],[127.43087534426725,36.32406393999466]]],[[[127.43803487398444,36.31838785874918],[127.44021980906199,36.31297140632301],[127.43887051058124,36.311215750612305],[127.43787635045419,36.31168938708055]]],[[[127.45584676177457,36.300688790451375],[127.4561743894435,36.29899443232565],[127.45722541480593,36.2945275942573],[127.45751642867843,36.29413902991338]]],[[[127.43089941035404,36.31969211381566],[127.43099454725404,36.31961977553166],[127.4314936141995,36.319173875734265],[127.43138653676705,36.31882812909424]]],[[[127.43887051058124,36.311215750612305],[127.43884998641694,36.31118578260027],[127.43845559845079,36.31067106985007],[127.43747621686356,36.309421569494795]]],[[[127.40444431764014,36.33786096133768],[127.40414561096449,36.33758386997977],[127.40258732587148,36.33590663038001],[127.40265966595298,36.33552616859922]]],[[[127.4119458202728,36.32231749987335],[127.40363533606643,36.319880789984516],[127.40241735514876,36.323198521649246],[127.40239995906829,36.323431235940824]]],[[[127.39962323681131,36.33302233793488],[127.39998996198746,36.33059041234403],[127.40033754068155,36.32963168142653],[127.4009230883956,36.327966178194956]]],[[[127.39858456330099,36.333877276692355],[127.39809281328513,36.3328935212831],[127.39801287677045,36.332733586851255],[127.39481390216687,36.32580965894877]]],[[[127.39795416366775,36.312399453495466],[127.39610235260751,36.31192068590882],[127.39435639781145,36.3114692541008],[127.39261847867937,36.31102698534775]]],[[[127.40363533606643,36.319880789984516],[127.40236656055433,36.31371849977592],[127.39795416366775,36.312399453495466],[127.3972532580922,36.314374890243194]]],[[[127.41675719649608,36.3222545574989],[127.41588889146517,36.32169225433523],[127.4146838466355,36.318746821020675],[127.41432826797835,36.31785514228176]]],[[[127.4094910592694,36.30262415939503],[127.40808929161616,36.30210190485484],[127.4031982721844,36.30158568046738],[127.40146541088579,36.301703655177974]]],[[[127.39610235260751,36.31192068590882],[127.43912321075959,36.26993036939894],[127.41950102150506,36.20717397118918],[127.36929110585139,36.28188590123634],[127.39610235260751,36.31192068590882]]],[[[127.37990961031542,36.3109832294025],[127.38195426873077,36.31018296475351],[127.38450327987906,36.308734818231315],[127.3832806089238,36.30757542099963]]],[[[127.3861484919487,36.320966919611486],[127.3859145533517,36.320560809073285],[127.38579483566049,36.32028698102399],[127.38568236652915,36.31994623804553]]],[[[127.36368176559141,36.33128890832827],[127.36379059510976,36.33049859673102],[127.36396641775329,36.32974031551491],[127.36404961791048,36.32953894576557]]],[[[127.37221658450227,36.309943510211255],[127.37122099876086,36.30886318912419],[127.37021687982786,36.30669958255266],[127.37105041564844,36.30621453236775]]],[[[127.38123343151115,36.32871433092188],[127.3847182019555,36.32828248437507],[127.3851216028072,36.32820431129343],[127.38547201715156,36.328120940074605]]],[[[127.40195021350449,36.33818047921421],[127.39765777250555,36.33463441795848],[127.39812614113083,36.334251782908915],[127.39368392374574,36.3307334736271]]],[[[127.39524746401229,36.348982614423655],[127.40309454694106,36.3489608062529],[127.40327579128642,36.34590117769133],[127.39964449329715,36.3432957183514]]],[[[127.39526974229392,36.35768257508433],[127.39526648927156,36.35641182083552],[127.39524746401229,36.348982614423655],[127.38294120013444,36.349082657959904]]],[[[127.39481479141634,36.364803514860014],[127.39562073565499,36.364822212774094],[127.39609519049306,36.364792133572465],[127.39823430203548,36.362728807371965]]],[[[127.39134930833254,36.3398811293638],[127.3868667096315,36.33641834872801],[127.38250046212099,36.33295027835593],[127.38194870809461,36.33341731211497]]],[[[127.39368392374574,36.3307334736271],[127.39021218615574,36.327195357429225],[127.38970444693945,36.32647416097567],[127.38582001951323,36.32799645059098]]],[[[127.38250046212099,36.33295027835593],[127.38299402722572,36.332546869201245],[127.38439454879467,36.33140213370643],[127.38446743193032,36.33134255713513]]],[[[127.37426019295712,36.3577947208084],[127.37430720548014,36.35735031295122],[127.37429312408534,36.35279243824047],[127.37421241616312,36.352618427207624]]],[[[127.37319650853803,36.35054747735014],[127.37487475219325,36.34983299197882],[127.37665360076883,36.348794156416794],[127.37774902037498,36.347662390011024]]],[[[127.36842138358762,36.35782488042173],[127.36840582128987,36.35697953452164],[127.3678713973988,36.35368854527524],[127.36716325464425,36.35397960047089]]],[[[127.3795064151807,36.36485976044381],[127.37948221351348,36.35777980194511],[127.37426019295712,36.3577947208084],[127.37426077638794,36.35791706487548]]],[[[127.36601672185046,36.36493052883343],[127.36849391572885,36.36226656165347],[127.3694111818444,36.36226374066764],[127.36983677014783,36.36226242992625]]],[[[127.39499367141202,36.372673128006255],[127.39465590977983,36.37197856183245],[127.39472969781859,36.36572135790927],[127.39481479141634,36.364803514860014]]],[[[127.34515002571231,36.303439039058105],[127.35087328770538,36.30447762992842],[127.35828670878772,36.30628354080955],[127.36119622243869,36.304542500051774]]],[[[127.33182814704378,36.28417203912457],[127.3646287776763,36.247550941396135],[127.33393697993405,36.18327060324673],[127.27807800236758,36.244069337306655],[127.33182814704378,36.28417203912457]]],[[[127.34515002571231,36.30343903905813],[127.34368848802873,36.303253679436736],[127.34336607054775,36.30319794301618],[127.34273692409477,36.30308915858786]]],[[[127.33182814704378,36.28417203912457],[127.32684786131456,36.2818406821442],[127.32657610913769,36.28175091583893],[127.31898923374769,36.27924448859286]]],[[[127.40283531623355,36.35733283131693],[127.40315504889904,36.35628738000218],[127.40318356563242,36.35581184871761],[127.40326436936259,36.35446430684202]]],[[[127.26800797247095,36.33159191689934],[127.3391790083734,36.31422718777966],[127.28299554219018,36.26491335032372],[127.24682635954292,36.290441312505514],[127.26800797247095,36.33159191689934]]],[[[127.38042141589584,36.37286599867304],[127.37647832279826,36.371318120836506],[127.37474675834706,36.370544263594596],[127.37335130925987,36.36985037351261]]],[[[127.38163471032176,36.42133721964021],[127.40073203420557,36.37496090825025],[127.33033130180002,36.38381050736917],[127.32698089232836,36.422034654278065],[127.38163471032176,36.42133721964021]]],[[[127.41499031291762,36.410394113347394],[127.4148803267898,36.40908216581814],[127.41407523521517,36.404852566180374],[127.41387411780478,36.40137450522934]]],[[[127.3359392216892,36.381985210943355],[127.335118684997,36.380080804834456],[127.33454177665108,36.378741786935116],[127.33411523021718,36.377766871869426]]],[[[127.3956687444112,36.491611550688155],[127.38338328618822,36.42319839739494],[127.34071762557373,36.43097601346038],[127.36034838383773,36.490222788369316],[127.3956687444112,36.491611550688155]]],[[[127.41345308618205,36.42227895235815],[127.4137482683191,36.42224447685916],[127.41452451086298,36.421956732838176],[127.4151821376513,36.42147251196028]]],[[[127.32698089232836,36.422034654278065],[127.32449486680298,36.37667826741342],[127.27884380891486,36.39623992330707],[127.32698089232836,36.422034654278065]]],[[[127.3151795778612,36.37596508499125],[127.3156298935085,36.372511187465825],[127.31550247048986,36.372381353367125],[127.31539095438913,36.372345651534346]]],[[[127.42756815725198,36.355028586921925],[127.42792193755321,36.35258819284215],[127.42725285784196,36.35252476696872],[127.42583465898882,36.35054876278228]]],[[[127.4211544148299,36.36832773968532],[127.4218329178315,36.367835690306705],[127.42149282236214,36.366648712372516],[127.42146010227641,36.3652286552545]]],[[[127.45965044848121,36.40397008083275],[127.40939613209395,36.37878865579546],[127.41747080233111,36.41877367693358],[127.45965044848121,36.40397008083275]]],[[[127.46390326046053,36.35076234357809],[127.46280410377041,36.35119196421294],[127.45854110208104,36.35299327221771],[127.45799691262057,36.353030590787675]]],[[[127.42990921886627,36.36731733458071],[127.43071479087997,36.36448550339564],[127.43076951291579,36.36449590642289],[127.43130212844123,36.36459721599148]]],[[[127.42750252599238,36.37597409826848],[127.42824268267508,36.37322125000394],[127.42910686497677,36.37027900312529],[127.42990921886627,36.36731733458071]]],[[[127.4513107917012,36.38091130499545],[127.45028027196936,36.37953111612829],[127.44931769959064,36.37876437535328],[127.44756164299076,36.37786660504175]]],[[[127.48341894832788,36.47780249879657],[127.50293260489101,36.45004747182597],[127.45965044848121,36.40397008083275],[127.42625513833822,36.456920992233314],[127.48341894832788,36.47780249879657]]],[[[127.42664748793206,36.455342063637254],[127.42687971259718,36.45464083551075],[127.42851930981064,36.44836508794349],[127.42905133623584,36.44623404211854]]],[[[127.4192300584709,36.44844675190413],[127.41987163152191,36.44819799064616],[127.42079216863499,36.4477616873844],[127.4209102261161,36.44769056760038]]],[[[127.41462667452606,36.45487050867792],[127.41519173431894,36.45381014320518],[127.41711213720617,36.45047864301267],[127.41717392219708,36.45039787850606]]],[[[127.44251954275715,36.35185266483594],[127.44139935077831,36.35237127862153],[127.441478674962,36.35356162749982],[127.4408622517476,36.35407767705138]]],[[[127.30402108666102,36.36130160896229],[127.32508860550261,36.326929530964726],[127.26800797247095,36.33159191689934],[127.30402108666102,36.36130160896229]]],[[[127.3343869325301,36.34852787844586],[127.30355360316118,36.364834255660426],[127.36363924817779,36.363967500295566],[127.3343869325301,36.34852787844586]]],[[[127.33032680054603,36.3320741713149],[127.3337773439978,36.33408376768009],[127.3356903688415,36.33563687868652],[127.33675768427626,36.33842917862506]]],[[[127.32475677567952,36.34675949190671],[127.32634856315129,36.348461509765905],[127.3343869325301,36.34852787844586],[127.33563887107144,36.34852570505546]]],[[[127.36119622243869,36.304542500051774],[127.35828670878772,36.30628354080955],[127.35087328770538,36.30447762992842],[127.34515002571231,36.303439039058105]]]]}},{"type":"Feature","properties":{"regionCode":"31","name":"울산광역시"},"geometry":{"type":"MultiPolygon","coordinates":[[[[129.3314955513831,35.56100609395663],[129.3318447181389,35.5605119255285],[129.33241012313815,35.56113012360025],[129.3351460366287,35.559168945366345]]],[[[129.35404650538004,35.548023249427516],[129.3530287036569,35.54843553073281],[129.3516219524018,35.548810768650874],[129.34823836691444,35.54963915761711]]],[[[129.34364299462234,35.55931849603053],[129.34140437597588,35.558211656064756],[129.3403045908455,35.559384100859354],[129.33988157755914,35.55807295187738]]],[[[129.31408817205812,35.562762931690656],[129.31364436952956,35.562667048389606],[129.3132653726559,35.56255879244896],[129.31562110999315,35.55786102589596]]],[[[129.28759647549307,35.57806580327818],[129.28874733438892,35.57792262173394],[129.29354793435476,35.576843702326826],[129.2941638265001,35.57660943870113]]],[[[129.28389505249464,35.583990485642325],[129.28952303078972,35.548602665200626],[129.2569087069196,35.57850392918281],[129.28389505249464,35.583990485642325]]],[[[129.35228749273827,35.57217980566842],[129.35204412851397,35.569833616422216],[129.35191501211096,35.56858861373018],[129.3533069025004,35.5646305217955]]],[[[129.34843983338465,35.59528110229815],[129.34859579288366,35.592106018804294],[129.34833254025955,35.588891273416316],[129.3481333847571,35.586459070215774]]],[[[129.34139511110428,35.577296145524755],[129.3399870490269,35.575252421993845],[129.33908870919734,35.574622560260266],[129.33884270291125,35.57445007245449]]],[[[129.31820735207745,35.59405727397198],[129.32201556579156,35.562580469899345],[129.28534386269635,35.57903818025504],[129.31820735207745,35.59405727397198]]],[[[129.32201556579156,35.562580469899345],[129.3225107963003,35.5609670260925],[129.32283345999073,35.55953207018704],[129.3232862495588,35.558439584019695]]],[[[129.3087427761205,35.55228424713286],[129.30811662709172,35.54910897888806],[129.30835212298786,35.5485337295475],[129.3083678606284,35.548496241035444]]],[[[129.3128727965418,35.5380952826717],[129.31445742114803,35.53400477211761],[129.30899184731345,35.53259725918101],[129.3074935220726,35.53220977253475]]],[[[129.31615368450642,35.55056444157703],[129.32025388768227,35.54004776130593],[129.3134689448747,35.53825299728106],[129.3128727965418,35.5380952826717]]],[[[129.32381724413133,35.53123106975015],[129.32130295308195,35.527848906019905],[129.32106148225466,35.52794839974573],[129.320695420537,35.52809922708135]]],[[[129.32619918927585,35.541602263426576],[129.32025388768227,35.54004776130593],[129.31615368450642,35.55056444157703],[129.32185156611047,35.5510869132493]]],[[[129.33044641265232,35.53169708650976],[129.33040230279744,35.53165366401038],[129.3303307004399,35.53158319152033],[129.32896907553598,35.53078559656266]]],[[[129.3309862897484,35.549962291519066],[129.3402794117305,35.54925334357344],[129.3415474976181,35.549156928221734],[129.3446950359321,35.5494940376436]]],[[[129.28952303078972,35.548602665200626],[129.29175512508354,35.546512913825694],[129.2926207241892,35.54570247897317],[129.29457775049758,35.54531988883476]]],[[[129.26055288229233,35.55210671634575],[129.26272520934268,35.550713931963436],[129.26281951459222,35.5506534644072],[129.2628539923012,35.5506313525152]]],[[[129.29467017131714,35.54275482380646],[129.303794894888,35.49453789685782],[129.25511222246115,35.533828346266795],[129.29467017131714,35.54275482380646]]],[[[129.37329192058073,35.532905776114276],[129.3866354512544,35.50102520061259],[129.33026839507264,35.52110895396888],[129.37329192058073,35.532905776114276]]],[[[129.33281433906396,35.519404202261036],[129.33281239983,35.519364554237974],[129.33279331174634,35.519269445092526],[129.33237048762751,35.519292291968284]]],[[[129.32130295308195,35.527848906019905],[129.32022286636885,35.525635817135964],[129.31985383392472,35.52469354078069],[129.3198316093545,35.524624428754976]]],[[[129.33281433906396,35.519404202261036],[129.38932646398152,35.48774480307969],[129.36491508412257,35.45666239714397],[129.30907271405385,35.49726939124375],[129.33281433906396,35.519404202261036]]],[[[129.41081240214055,35.49482377329518],[129.43807018811438,35.484645592892925],[129.40559086155434,35.47204776689677],[129.38744415050067,35.52725696045001],[129.41081240214055,35.49482377329518]]],[[[129.43242515211358,35.5075645971729],[129.43207912385486,35.505384895359285],[129.43371769866138,35.50426423126622],[129.43725731937636,35.50673084772773]]],[[[129.4250146356989,35.49777283095702],[129.4269558704806,35.496955013056336],[129.42765874346188,35.4968913927387],[129.42769200734438,35.49688524925671]]],[[[129.40783339100213,35.51632474374143],[129.4083648118723,35.51600294082728],[129.40995673714656,35.515319120231496],[129.41041198149645,35.515321702478]]],[[[129.43143399495273,35.51972143589765],[129.4397527260509,35.51990430185154],[129.44636661318154,35.5200560273036],[129.44630325535607,35.51743239522916]]],[[[129.43492919342398,35.53263867326755],[129.43430218881787,35.53247245172127],[129.43292936307267,35.532181077662514],[129.42843224597863,35.53780475724069]]],[[[129.43430218881787,35.53247245172127],[129.4350703975217,35.527543790685264],[129.43705882456442,35.52753144821636],[129.43842458980677,35.52852802114212]]],[[[129.4530979786348,35.54670289984289],[129.40700823971503,35.54861608611195],[129.45280694903363,35.57268315034416],[129.4530979786348,35.54670289984289]]],[[[129.43278429398677,35.5125535401741],[129.43235420067995,35.51160066740719],[129.4325119708122,35.51118681118916],[129.43349612386302,35.5112689713056]]],[[[129.3837046457089,35.608847099849555],[129.34529130485942,35.631516559153674],[129.3773728825607,35.666139424288836],[129.3837046457089,35.608847099849555]]],[[[129.36455070753226,35.67876787715019],[129.36441003511553,35.67776152552833],[129.36440948624224,35.67763935883634],[129.36443688487088,35.67754268514764]]],[[[129.34529130485942,35.631516559153674],[129.34843983338465,35.59528110229815],[129.28947295603658,35.59543047270178],[129.30357010391245,35.656968549059926],[129.33720541987205,35.66890036370551],[129.34529130485942,35.631516559153674]]],[[[129.45000815531807,35.65094846895011],[129.46506116956888,35.58588750086644],[129.4043870352572,35.56080116709423],[129.3734732648931,35.6698358249029],[129.45000815531807,35.65094846895011]]],[[[129.39787704038238,35.569203222988364],[129.35083234306728,35.55279890964753],[129.3626426262247,35.58823668531046],[129.39787704038238,35.569203222988364]]],[[[129.3837046457089,35.608847099849555],[129.38495573579692,35.60755528688079],[129.38533000643667,35.6073937667009],[129.38984129488728,35.60593635471381]]],[[[129.41210446303805,35.56070384957024],[129.41371971277266,35.55906631915669],[129.41154251688374,35.55739378186913],[129.40805282707203,35.55623048078127]]],[[[129.4084400840918,35.54532239007117],[129.4083648118723,35.51600294082728],[129.38218575561592,35.532426931738634],[129.4084400840918,35.54532239007117]]],[[[129.3465058265487,35.389417505065275],[129.2844243340084,35.43196386100056],[129.33935311294323,35.47430396080298],[129.37335179610844,35.4472448784722],[129.3465058265487,35.389417505065275]]],[[[129.21466158418625,35.62542387383767],[129.20581401640422,35.54232155050905],[129.16937456533347,35.53520791382649],[129.10878389054633,35.5668969599713],[129.09096374410402,35.62963882654749],[129.21466158418625,35.62542387383767]]],[[[129.2977103317914,35.4572916810201],[129.29336368184067,35.377170806557814],[129.2033959549884,35.385153719966716],[129.2169877440974,35.44848428440362],[129.2977103317914,35.4572916810201]]],[[[129.29580796064099,35.6443030989463],[129.26437185605877,35.5558929502732],[129.20326474096984,35.5436357149292],[129.21466158418625,35.62542387383767],[129.29580796064099,35.6443030989463]]],[[[129.3465058265487,35.389417505065275],[129.358990016441,35.355572528580495],[129.2798561764195,35.34151435380756],[129.2659506433053,35.39399422955823],[129.3465058265487,35.389417505065275]]],[[[129.23667284454936,35.53622137933872],[129.33935311294323,35.47430396080298],[129.2435751938259,35.451341193733256],[129.25605381964237,35.48153539698635],[129.20682463942657,35.52095622097655],[129.23667284454936,35.53622137933872]]],[[[129.21005027772233,35.51441452970302],[129.2442433172726,35.45100011667417],[129.13979335204368,35.44899998377897],[129.21005027772233,35.51441452970302]]],[[[129.2560356097542,35.70078479686128],[129.2424877059618,35.62950595597017],[129.14626693329998,35.6103031072068],[129.20207669919895,35.718708798546956],[129.2560356097542,35.70078479686128]]],[[[129.20091485996664,35.716016046591186],[129.1672319402951,35.621335637344856],[129.09269429630143,35.63294424018175],[129.0885657076513,35.70201710859793],[129.20091485996664,35.716016046591186]]],[[[129.09269429630143,35.63294424018175],[129.12260543048845,35.601426477184795],[129.09514950942543,35.543861826291376],[129.01171727980872,35.523132623676204],[128.97364753026324,35.55223198706079],[129.02318375163148,35.590773945636045],[129.007734402281,35.626807266157],[129.0812058572966,35.64343175839386],[129.0885657076513,35.70201710859793],[129.09269429630143,35.63294424018175]]],[[[129.13843581249594,35.54147114029699],[129.0943458572521,35.497425080234706],[129.0519958565484,35.515732812390226],[129.1038754081114,35.561023980316854],[129.13843581249594,35.54147114029699]]],[[[129.20581401640422,35.54232155050905],[129.18439146964894,35.47554703014663],[129.13461562014396,35.45671719853133],[129.09469634886685,35.49774471050075],[129.20581401640422,35.54232155050905]]],[[[129.33125439438277,35.56106094331955],[129.33118682903725,35.56098245037051],[129.33117541164333,35.56073930985663],[129.33119278416936,35.55967016490854]]]]}},{"type":"Feature","properties":{"regionCode":"36","name":"세종특별자치시"},"geometry":{"type":"MultiPolygon","coordinates":[[[[127.30161101266826,36.58212438160885],[127.25867455648542,36.61878050000098],[127.2888543458004,36.63713145737415],[127.30161101266826,36.58212438160885]]],[[[127.37706206444109,36.56744441360377],[127.4088066988029,36.49529747859688],[127.35134100369655,36.49838121322293],[127.37706206444109,36.56744441360377]]],[[[127.21852923818633,36.55280547548248],[127.24535848260463,36.46049710268067],[127.21067515846498,36.43548572573543],[127.17001846888749,36.50903787621189],[127.2076846957202,36.57821046890479],[127.21852923818633,36.55280547548248]]],[[[127.25867455648542,36.61878050000098],[127.29519071964678,36.54802031217204],[127.18959244142971,36.58580064784553],[127.25867455648542,36.61878050000098]]],[[[127.24812272724559,36.69507117872107],[127.18720234345142,36.59229579320283],[127.15559470532158,36.60614085321765],[127.15194906689403,36.70749240663426],[127.24812272724559,36.69507117872107]]],[[[127.27033080693273,36.694284314561415],[127.30759952760648,36.681714977316844],[127.2794250960631,36.629036971410024],[127.20982971173184,36.61947066970837],[127.21618618700026,36.68417808185312],[127.27033080693273,36.694284314561415]]],[[[127.2029216097686,36.72617528145414],[127.20418182423832,36.72484393853742],[127.20347028857262,36.72336673319337],[127.20393682280722,36.72137211496237]]],[[[127.25619891699597,36.482494074697264],[127.25900166944027,36.48357859033756],[127.26241984739968,36.4788987343522],[127.25702523587348,36.475867759645816]]],[[[127.26106494614892,36.525370472480546],[127.26097638967909,36.524984988488534],[127.26065186830895,36.52369207938298],[127.25947888330577,36.520450028596]]],[[[127.25309742078464,36.507193142164745],[127.25425322883434,36.50657979994349],[127.25457992841497,36.505021845791056],[127.25495926712607,36.50111341596495]]],[[[127.28528158315494,36.47205594647505],[127.27884397815632,36.47717191881104],[127.28287914523504,36.47877261885831],[127.28994761871463,36.48192072725473]]],[[[127.24859130742101,36.527931677245455],[127.24829721369456,36.52684237282212],[127.2480720557889,36.525639707287304],[127.24776938439983,36.52459563538095]]],[[[127.25633678221398,36.49515718883219],[127.25624916773427,36.49439395553029],[127.25550820815194,36.49451447157864],[127.25534460455165,36.49367211482412]]],[[[127.27884397815632,36.47717191881104],[127.28528158315494,36.47205594647505],[127.28605992676599,36.471341695952994],[127.28599425470397,36.471274525752634]]],[[[127.27291098561955,36.50610974475874],[127.2668578674962,36.5081135562994],[127.26466458967066,36.50847226432951],[127.26335270141324,36.50857554838999]]],[[[127.31785963321882,36.48088684438553],[127.36333370582031,36.51708430482271],[127.32790097210388,36.422500589834364],[127.21257314580365,36.434960147504626],[127.31785963321882,36.48088684438553]]],[[[127.29885811213815,36.49202715649381],[127.30285349965665,36.489614215635875],[127.30454540921383,36.48873325692545],[127.30560703145959,36.48650237878993]]],[[[127.29641069665159,36.54349105129113],[127.29468061611041,36.542103585799936],[127.29294585173494,36.53792618961563],[127.29294585173494,36.53792618961563]]],[[[127.29294585173494,36.53792618961563],[127.29676349909515,36.53148105335233],[127.30120903000633,36.53069476916333],[127.30191357326315,36.52987705098375]]],[[[127.34655527644395,36.51736789632692],[127.29568585109823,36.544492637062866],[127.30328919211811,36.5855652318995],[127.35270518528087,36.56032452188677],[127.34655527644395,36.51736789632692]]],[[[127.29641069665159,36.54349105129113],[127.34624865891759,36.51845940323591],[127.32086208623096,36.479240196568696],[127.29641069665159,36.54349105129113]]],[[[127.25547376130463,36.49104868896667],[127.25597255800695,36.489010595014676],[127.2563680511572,36.48784467092008],[127.25698455314661,36.48648144428118]]],[[[127.25900166944027,36.48357859033756],[127.27320818639026,36.529345992704954],[127.32086910486441,36.524343701479545],[127.26980147589788,36.462238344762156],[127.23497842477482,36.47060756803169],[127.25900166944027,36.48357859033756]]],[[[127.25425322883434,36.50657979994349],[127.25670440057984,36.50753363396135],[127.25962494437657,36.50829583457432],[127.26129180603893,36.50852606559733]]]]}},{"type":"Feature","properties":{"regionCode":"41","name":"경기도"},"geometry":{"type":"MultiPolygon","coordinates":[[[[127.00611881535663,37.3380699870098],[127.00706178037204,37.33499130693701],[127.0070222477137,37.33467002452412],[127.00642428858987,37.33235548359935]]],[[[126.97273596524737,37.30552026162965],[126.97304324791064,37.303044415932526],[126.97284172215477,37.30148242491314],[126.97283474124806,37.301425327020944]]],[[[126.9970875531925,37.30313613820339],[126.99726492248377,37.3027638760176],[126.99752099516236,37.302223004248],[126.9978581370733,37.30136811689046]]],[[[127.00935124032038,37.29536576579804],[127.01095739417953,37.293228160428804],[127.00064414960288,37.289778988611694],[126.99864825117264,37.28910807330247]]],[[[127.01761461509767,37.2878335985725],[127.01693663340579,37.28833119632776],[127.01650457778135,37.288639272580035],[127.01481031867287,37.28944697115501]]],[[[127.01278295341129,37.31652986185568],[127.01282411860691,37.31395134393361],[127.00995152918028,37.311763357573874],[127.009629501329,37.311715827528786]]],[[[127.0255208558682,37.29782824821867],[127.02543528629414,37.297653712562976],[127.02540785798719,37.29763061715349],[127.02478218387346,37.297318368496164]]],[[[127.03344092364888,37.34470695410112],[127.01870272173116,37.28714741680899],[127.00267722203644,37.32819568177912],[127.03344092364888,37.34470695410112]]],[[[126.99769537663626,37.29784529674503],[126.99733464866256,37.297478658807485],[126.99392136138856,37.29439547575152],[126.99260035813428,37.293860790472756]]],[[[127.02403420558068,37.30746938838325],[127.02394544005001,37.30734170581385],[127.02386840276755,37.30725464182738],[127.02316041819084,37.30678983002715]]],[[[127.01219316316816,37.26630088771367],[127.01117837601832,37.264848816889014],[127.00841533127655,37.259512415264126],[127.00789366251277,37.25660998644537]]],[[[127.02025690065864,37.253132988262045],[127.01873578581933,37.250166756955174],[127.01809917552809,37.248869487699906],[127.01800041858104,37.248667447860704]]],[[[127.02067671924755,37.264501184152486],[127.02043374098994,37.26402921810833],[127.01937680098271,37.26197425996611],[127.01704032574978,37.257429609607044]]],[[[127.00102287396122,37.26339576972796],[126.99758056517456,37.230232378401766],[126.95272101599312,37.249093574321286],[127.00102287396122,37.26339576972796]]],[[[126.99313963695145,37.27737439111898],[126.99539459598233,37.27361946027393],[126.99743132393749,37.269899946385955],[126.9986698127897,37.266192543483314]]],[[[126.96973333937055,37.28776517857115],[126.96963557492447,37.287048149988976],[126.96957726973373,37.28661526893942],[126.97427822076641,37.28552216777181]]],[[[126.9621145103767,37.273163233281124],[126.96384846462196,37.27190577176123],[126.96772751747234,37.267941356585716],[126.96949018851895,37.26536905846022]]],[[[127.0425353552713,37.25116137228451],[127.04124395945787,37.249814417558426],[127.03974442211306,37.24735679785299],[127.03955699721548,37.247003397449795]]],[[[126.9610752166736,37.3019687121463],[126.9614146731943,37.302050985596395],[126.96424250277566,37.30272262512767],[126.96425500176927,37.30266854354947]]],[[[126.96004391207836,37.28009225686305],[126.95949933163718,37.27984599974467],[126.95938198417447,37.279792930889435],[126.9621145103767,37.273163233281124]]],[[[127.03506998150024,37.25286747838009],[127.0342793995722,37.251016219184415],[127.03348878264846,37.24916549674857],[127.03344915490356,37.249072983485476]]],[[[127.02510290104524,37.289508060133016],[127.0252537109414,37.28950509831293],[127.02542493368547,37.2892995873542],[127.02561074981573,37.28901137254719]]],[[[127.03880513434268,37.284797001572805],[127.03840962110554,37.28374428294417],[127.03659801417326,37.283878830403104],[127.03361906780715,37.283106743732546]]],[[[127.04407293717225,37.28542697885888],[127.04352053222296,37.285155626640474],[127.0417838318746,37.284126963453836],[127.04172577298739,37.28406373139534]]],[[[127.03114602853935,37.27818907453989],[127.03168570340898,37.27814050387189],[127.03203695440195,37.27810696759769],[127.03241647518463,37.278070158120826]]],[[[127.01821455528597,37.27225443794452],[127.01887399377364,37.27032250587551],[127.01879442079502,37.26831646595076],[127.01879492124874,37.2681261657835]]],[[[127.01177861703475,37.27385057709098],[127.01170796239502,37.272128625907726],[127.01150435734331,37.27112723997431],[127.01124959400741,37.270401757031344]]],[[[127.00993391004774,37.279353843438955],[127.01070616377939,37.27758579975104],[127.01076814138945,37.27737758200681],[127.01077131320834,37.27688749031751]]],[[[127.00920787956647,37.285520867887655],[127.00821037812003,37.28432467377737],[127.00816035201866,37.28377006103715],[127.00873856669712,37.2825657251037]]],[[[126.98612771298066,37.28941155338559],[126.9879397848043,37.289816048479935],[126.98821565146882,37.28970791753093],[126.98841815457678,37.28958372520589]]],[[[127.01974140720436,37.27526115388375],[127.01821455528597,37.27225443794452],[127.0175306786163,37.271150770748456],[127.01734318872653,37.27128089867509]]],[[[127.04405384082548,37.274707160443825],[127.04798617070318,37.273521151638114],[127.04335362054294,37.271493309709236],[127.04317903151659,37.27119736653324]]],[[[127.0554243963517,37.26715277796769],[127.05514643019755,37.26719004580915],[127.05392243809459,37.26747614010461],[127.05346356003206,37.26759271827532]]],[[[127.06155053215493,37.26450175228054],[127.06066164136624,37.26245239975031],[127.06046836191774,37.26150747017282],[127.06008713726287,37.257747204947854]]],[[[127.0554243963517,37.26715277796769],[127.05905294209707,37.266130377578925],[127.06155053215493,37.26450175228054],[127.060486468502,37.26275822416024]]],[[[127.08336115172489,37.254743006546995],[127.08243871904678,37.25445083748968],[127.08077317145397,37.25461742279751],[127.08073906774412,37.25416097667385]]],[[[127.06676134835496,37.246690858674604],[127.06517375183277,37.245042484975855],[127.06488506584935,37.24465864831999],[127.06441694970003,37.24375439282019]]],[[[127.05166042533368,37.234314662996674],[127.05194133968948,37.23452215653166],[127.05202205743684,37.23604042569037],[127.05206920333057,37.23701190735208]]],[[[127.05351498664938,37.282791489218425],[127.05463673735035,37.28230250636595],[127.05517420032518,37.282694746468565],[127.05684942584713,37.28391728697372]]],[[[127.06061731958967,37.31094262670583],[127.0588710161431,37.30610468613662],[127.05835962784417,37.30527237405106],[127.05829529418138,37.305155341850046]]],[[[127.08831098648984,37.29317439401815],[127.08791901897686,37.29069983422356],[127.08789383640881,37.29027828429297],[127.08791230540166,37.290178906076676]]],[[[127.14458097510234,37.43954905979738],[127.14451041625522,37.43952243291917],[127.14447626778014,37.43954354218162],[127.14078770151768,37.437419524806344]]],[[[127.1504848807989,37.45680267316978],[127.15012925925164,37.45640503028448],[127.14986829294462,37.455985076674914],[127.14932215100383,37.452310374977635]]],[[[127.15225372691619,37.442591061906526],[127.14782750819232,37.44091888734549],[127.14458097510234,37.43954905979738],[127.1441698394986,37.43974785242069]]],[[[127.12019337649987,37.45309806301532],[127.12032546082563,37.4528895736064],[127.12038840795198,37.45281926624921],[127.12259245942577,37.45129402525092]]],[[[127.13741591102351,37.453070982995094],[127.13715226335216,37.451329454986755],[127.137640548426,37.45030339192716],[127.1394426039195,37.44643977225673]]],[[[127.13613305393076,37.442204477482804],[127.13176378446163,37.440900852608046],[127.13074384959472,37.44304470568912],[127.13038721932358,37.443812474339076]]],[[[127.14015133448736,37.45307715869381],[127.1402987687498,37.45268324136383],[127.14032310180826,37.45261909196146],[127.14063201646083,37.45185724882512]]],[[[127.14078770151768,37.437419524806344],[127.14006729975195,37.436984043068904],[127.13821736735031,37.43587759611555],[127.1379831944333,37.435737625321984]]],[[[127.1346710524672,37.434657716556856],[127.13251931266147,37.43421629875243],[127.13077583563046,37.433890684831134],[127.1258821339138,37.43303818444421]]],[[[127.16084827827204,37.45417943838781],[127.15961994275389,37.45078562008082],[127.1573141433014,37.44569409769763],[127.15663377491057,37.44529192075936]]],[[[127.15384094537947,37.4634093945967],[127.15482317211575,37.4631283512519],[127.15486707240814,37.46311045211513],[127.15492235806914,37.4630756855589]]],[[[127.16084827827204,37.45417943838781],[127.16022696064498,37.45624741319168],[127.15977833017607,37.456691173517655],[127.15898857098291,37.457402105519705]]],[[[127.12658929140393,37.46885064813597],[127.12819728761413,37.46814255469602],[127.12863078319992,37.46795237747064],[127.12869019121302,37.46792642452985]]],[[[127.11674713187564,37.458594296695395],[127.11680299170636,37.45695511509741],[127.11816175078775,37.45475577161871],[127.1186649254541,37.454205204499]]],[[[127.1182618202275,37.44063829293977],[127.11859740430393,37.43980786286726],[127.11873912491751,37.43930693266377],[127.11875811464728,37.438627585715295]]],[[[127.11778538144125,37.42219925112955],[127.11912098040757,37.421393392102814],[127.1193815121643,37.42113733977522],[127.11964753359361,37.42077201297996]]],[[[127.14451041625522,37.43952243291917],[127.14788964181213,37.43471924594991],[127.14848437888855,37.434300750398194],[127.14846755368495,37.43350749363398]]],[[[127.17543404063144,37.44575870167573],[127.17532917663203,37.44533821784795],[127.1742396430195,37.44468510587622],[127.1730028466251,37.44394369278531]]],[[[127.17543404063144,37.44575870167573],[127.17410081109972,37.4459060811214],[127.17338972041424,37.44596834091139],[127.17304396049573,37.446022593904665]]],[[[127.1723226422227,37.45410812444452],[127.1727848863491,37.453424350557526],[127.17256834905936,37.45317590564028],[127.17245865852121,37.453050536602845]]],[[[127.18105370146309,37.473289546856094],[127.18101070377993,37.472955677076904],[127.18094573676068,37.47245318056013],[127.18097046013372,37.471792995789535]]],[[[127.19572052907094,37.44505918785409],[127.19596143208892,37.44387878897706],[127.19589530915613,37.44363299501396],[127.19542926132456,37.442941605434775]]],[[[127.16255811654197,37.440440683480766],[127.16138909948528,37.439393993481175],[127.16123218714871,37.439250451084526],[127.16046667208366,37.43854743795015]]],[[[127.16878408526662,37.44229035458207],[127.16710787175828,37.44046258979111],[127.16432495961652,37.4373132108061],[127.16273910124626,37.437339344966325]]],[[[127.1588362533504,37.42838540126991],[127.15962005610659,37.42797643799473],[127.15845264887174,37.42730151773944],[127.15782927896548,37.42613018270132]]],[[[127.19439406731631,37.432769954626586],[127.19523060864046,37.431031221967686],[127.19439895628815,37.42987080482462],[127.19335894221092,37.42609698689695]]],[[[127.15998149239401,37.441154265883995],[127.15986954422074,37.4405985952658],[127.15894082558741,37.43990186293907],[127.15800754388982,37.43986781655767]]],[[[127.16077265206819,37.37416070311407],[127.16087809617515,37.37409905083669],[127.1608678670475,37.37386240879843],[127.16052109061826,37.37278529021694]]],[[[127.1394819152213,37.359960688320946],[127.1339446102722,37.358477799991036],[127.13382288737176,37.358692627623824],[127.13373889153269,37.35883996909605]]],[[[127.12175541356355,37.38223932551649],[127.11873788114828,37.38004826841281],[127.11865560901997,37.37998825970411],[127.12026455589091,37.377590159633066]]],[[[127.13039100898982,37.37534402836914],[127.12562448369782,37.371962351508756],[127.12083339906663,37.36850381157208],[127.1194199923109,37.36967895496388]]],[[[127.12083339906663,37.36850381157208],[127.12415851224706,37.364887337583816],[127.12318919050122,37.36349176939804],[127.12309673137385,37.363490348086124]]],[[[127.1339446102722,37.358477799991036],[127.13173657886057,37.35120127164445],[127.12803419931241,37.352978948189545],[127.12792078539043,37.353055227186736]]],[[[127.16866419060432,37.39544890432711],[127.16835948132105,37.39490505057439],[127.16829158722578,37.39267611966476],[127.1683919367876,37.39249499857584]]],[[[127.1428147713159,37.378861505037065],[127.14287212621493,37.37761326516363],[127.14288785276098,37.37727416814167],[127.14289490023748,37.377126588316415]]],[[[127.14571523219931,37.394682756234545],[127.144323639824,37.39418048786114],[127.1432596265324,37.39312267002406],[127.1433333533139,37.39185410847057]]],[[[127.12450171595944,37.40531081223611],[127.12451615753663,37.40071845903325],[127.12453172170942,37.39575980766484],[127.1245324094349,37.39547925610092]]],[[[127.13388401482212,37.4169640719078],[127.13388045748256,37.409432585362595],[127.1270898907321,37.40985474889903],[127.12629476401703,37.40985954035626]]],[[[127.17425924843835,37.40542693949518],[127.17189350042014,37.40153995892479],[127.1717591505377,37.40128305390736],[127.17161619680242,37.40100953046627]]],[[[127.13388045748256,37.409432585362595],[127.13413421262305,37.40946600068073],[127.13505665415381,37.409586075490665],[127.13569442296154,37.409652265393945]]],[[[127.13173657886057,37.35120127164445],[127.13285549753294,37.350536611872386],[127.13263746349982,37.34931426128926],[127.13257589856373,37.34926253792146]]],[[[127.08899026681333,37.40096990242821],[127.07660677220562,37.35406012535863],[127.02794237427015,37.37214238803066],[127.08899026681333,37.40096990242821]]],[[[127.10345269242214,37.3761062683393],[127.10178446512442,37.34647902231767],[127.07706615705251,37.371171091429105],[127.10345269242214,37.3761062683393]]],[[[127.11750985881885,37.35370138106863],[127.11967620765635,37.35233831299024],[127.12024747779884,37.3512866466648],[127.1207325523969,37.35039353847122]]],[[[127.11872945731801,37.40835600978638],[127.11881963668236,37.40771249494295],[127.11913536584035,37.40545487768529],[127.1195115879841,37.40324321442961]]],[[[127.10188935863161,37.39114167429865],[127.10223962317573,37.38926010033421],[127.1023276597312,37.38876801965824],[127.10289220202654,37.38561058629382]]],[[[127.12075952543432,37.394686802320386],[127.12031208951268,37.39113022786164],[127.11655221282123,37.386705773112425],[127.11175544541744,37.38164690817991]]],[[[127.10900509657834,37.37851222905698],[127.11234063682852,37.37549219050917],[127.11154834118535,37.37497731213984],[127.11091258981351,37.37453127178816]]],[[[127.11659848251716,37.37163703085187],[127.11594088574563,37.37118315672302],[127.11532206872553,37.37072427169191],[127.11523157974163,37.370609601106665]]],[[[127.04675308945164,37.73872098712326],[127.04614502660759,37.7391282437375],[127.04613295560682,37.73920734782963],[127.04531537385238,37.73913223982984]]],[[[127.0504234410366,37.72366715436955],[127.0501822589461,37.723313498874134],[127.0500425440329,37.72310835761764],[127.04945687920113,37.722248383442114]]],[[[127.07342545740411,37.719915203033125],[127.07379059207436,37.71844288318879],[127.07517045394425,37.716980953733135],[127.07683097699886,37.715412982695874]]],[[[127.07342545740411,37.719915203033125],[127.07112340884521,37.721770372381634],[127.06602874829267,37.72210775245334],[127.06546664706076,37.722057235692475]]],[[[127.08268104423784,37.752222475685066],[127.07993882789451,37.749708238548116],[127.08022860308566,37.74930255374247],[127.08083858387035,37.74844959493129]]],[[[127.08977285802266,37.73222157615359],[127.09046021425145,37.731597224043014],[127.09025323742419,37.73096976263337],[127.0881783794826,37.73039846445933]]],[[[127.12543404543239,37.76329933582198],[127.1221548855164,37.76540908910933],[127.12018650785039,37.765554111422205],[127.11847701873288,37.765680029079334]]],[[[127.04231923643141,37.75789858399076],[127.0422975149796,37.75658711507739],[127.04228548622937,37.754854280203745],[127.04239364500621,37.75376748240198]]],[[[127.03932026799674,37.74607400094367],[127.03931275714393,37.74523021732551],[127.03827012573862,37.7446912504484],[127.03830188447202,37.743813939285324]]],[[[127.05276161561467,37.761371560904436],[127.05224957141567,37.76077592270379],[127.04880794797452,37.75497519494921],[127.04878006198015,37.7548246487742]]],[[[127.0434768600329,37.73092766826614],[127.04516427564809,37.73022552491162],[127.04656303408456,37.73009571487837],[127.0466025857331,37.73009339737796]]],[[[127.08456003751515,37.745826608458955],[127.0863163466045,37.745396097580155],[127.08802273716843,37.74562286822176],[127.08915466830189,37.74574274061198]]],[[[126.92783917945513,37.40083385540447],[126.92786321680583,37.40081602544491],[126.92789770282006,37.4007888447489],[126.92850130402525,37.4002940633119]]],[[[126.93708309918546,37.414185777625214],[126.93654780144816,37.413536949125906],[126.93522363535774,37.4133152046067],[126.93305941619663,37.41379445082369]]],[[[126.91987546681882,37.40050779009172],[126.91688156324047,37.39885147314837],[126.91680593415084,37.39879163678375],[126.91674400492226,37.398742630305414]]],[[[126.92332361143556,37.39645387485057],[126.91885163771633,37.39446918763845],[126.91886781775638,37.39442487195649],[126.91885140780502,37.3943848317479]]],[[[126.92826900102736,37.39573539891088],[126.93014248983101,37.394297666735476],[126.92670823241413,37.39245216366583],[126.92713573237741,37.39192949595941]]],[[[126.93600949037386,37.383260523291774],[126.93382471153873,37.38389555838013],[126.93376981552683,37.383967405361844],[126.93223664932829,37.38579545708728]]],[[[126.93149101039933,37.39742301101459],[126.93767185192755,37.39464700279096],[126.93805199108719,37.39443468021106],[126.93869643316626,37.39407273977572]]],[[[126.93600949037386,37.383260523291774],[126.93624278304563,37.38266321595332],[126.93644455175716,37.382211237678995],[126.93650844647182,37.38206844916588]]],[[[126.9158429707659,37.39174130269607],[126.91695643015193,37.391009920137584],[126.91731991522362,37.39075369435182],[126.91864362913203,37.38784540022555]]],[[[126.93102571728235,37.44782068134244],[126.94802308901768,37.42230604900096],[126.91360851003951,37.41318844291441],[126.93102571728235,37.44782068134244]]],[[[126.90049098886135,37.43736038439732],[126.90192185647521,37.436370485591574],[126.90304150385468,37.431406250559235],[126.90334373161669,37.429820248468005]]],[[[126.90744711222618,37.4076121368092],[126.90325070715254,37.404867703741004],[126.89792435658016,37.40349090164839],[126.89748016123899,37.403404135603125]]],[[[126.91335551381744,37.40262091285511],[126.91285643084841,37.402600845299446],[126.91284050184665,37.40155741543989],[126.91110745310836,37.401555197414595]]],[[[126.89351285969265,37.416105501187786],[126.89257902910673,37.414985287785726],[126.89221344662366,37.41448455669753],[126.89184415836701,37.413978739712384]]],[[[126.93819655859437,37.41303560636773],[126.9400818769655,37.411807005046725],[126.94016761390806,37.411674459169554],[126.94005454946952,37.41073424668245]]],[[[126.94542734502902,37.39860232249193],[126.94290418961421,37.39719673638188],[126.94261939591287,37.39703765429528],[126.93996624983467,37.39555475626446]]],[[[126.96133149133797,37.42924148728207],[126.95962082226522,37.42807821349294],[126.95879577325773,37.426703546981756],[126.95863699556,37.42488149153448]]],[[[126.95096347244915,37.3911043189809],[126.94816498912802,37.389110915023366],[126.94811698660725,37.38907279730184],[126.94438496891215,37.39211996916155]]],[[[126.9551678087734,37.3925408217705],[126.95096347244915,37.3911043189809],[126.94978862033805,37.39336208738579],[126.94971295278872,37.3935040168354]]],[[[126.97854277722558,37.40319228066285],[126.97648423461317,37.40230130000346],[126.9728918460708,37.404404233664934],[126.97265962020855,37.40450472407986]]],[[[126.97854277722558,37.40319228066285],[126.9803693950313,37.40304460243515],[126.98045411061025,37.40302943416817],[126.98083268484922,37.40281589457139]]],[[[126.9599964349423,37.40193149699481],[126.96050680914993,37.40086694589484],[126.96407186863766,37.39554601551741],[126.96411903236148,37.39547626836735]]],[[[126.9795063009424,37.39589204939503],[126.98182997895643,37.39437891677716],[126.9817108100739,37.39414967018548],[126.9815022268195,37.39382309866454]]],[[[126.96943899650667,37.390841176430655],[126.96972384451779,37.38829167942054],[126.9596148027107,37.38514969809466],[126.95920488265196,37.38501713494502]]],[[[126.97292657317108,37.38675788854935],[126.97279657593296,37.38676857623711],[126.97248800273587,37.38404887232557],[126.97244913224624,37.383687887815505]]],[[[126.96319051600585,37.37220308954152],[126.96295217140056,37.372069055479294],[126.96288819287312,37.37203383663645],[126.96199799515607,37.37155093470466]]],[[[126.94811698660725,37.38907279730184],[126.94974583230366,37.38781732234502],[126.95008617885104,37.38752257833847],[126.95017580987178,37.38743060439844]]],[[[126.9657573579049,37.37275301377359],[126.96572943091337,37.372721610783735],[126.9653662106099,37.37197852115409],[126.96534834418,37.37191315734372]]],[[[126.95623505707991,37.39053345362596],[126.95920488265196,37.38501713494502],[126.95283411985122,37.38287698284105],[126.95271625656592,37.38284313348923]]],[[[126.96147685105127,37.380860892712064],[126.95919963677936,37.37807652029594],[126.95629720591818,37.37709655115635],[126.9558032844964,37.376942616801244]]],[[[126.97143779858476,37.38026703261198],[126.96777871746814,37.37520625142109],[126.96624555303862,37.37330194744563],[126.96319051600585,37.37220308954152]]],[[[126.86267885612388,37.486482576538755],[126.86247323740959,37.48331996491331],[126.8610740490459,37.483010462621586],[126.85939719371034,37.48310102716925]]],[[[126.86247323740959,37.48331996491331],[126.86153703012623,37.481371323599696],[126.86145356655696,37.48119403122267],[126.86138542461258,37.4810607130768]]],[[[126.86153703012623,37.481371323599696],[126.86222122440836,37.47713191635563],[126.86055215809262,37.47764568844414],[126.85953377801638,37.47793085599673]]],[[[126.86055215809262,37.47764568844414],[126.8598114730361,37.475968550827645],[126.85761581540197,37.476401678062196],[126.85425695385275,37.476057763083894]]],[[[126.84960992876245,37.48080149024427],[126.84938211874776,37.479990447421216],[126.85042301128607,37.47710139550413],[126.85051965676344,37.47705467326409]]],[[[126.8455505375182,37.474529350396665],[126.84594342292951,37.47429607118598],[126.84673304028628,37.47404355326369],[126.84833205330064,37.473548864396086]]],[[[126.8598114730361,37.475968550827645],[126.86016219134018,37.47603692556198],[126.86027515055781,37.47595502802326],[126.8603555166083,37.47589670284936]]],[[[126.87474246807251,37.485382052103006],[126.87397741920489,37.48505125149168],[126.87080182294797,37.486655694477584],[126.87035063981546,37.4884536459352]]],[[[126.87397741920489,37.48505125149168],[126.87390901761702,37.48333383210486],[126.8727845005877,37.48280505641308],[126.87211368575774,37.48153170913997]]],[[[126.88065449417017,37.47185013170166],[126.87472458648688,37.46844086718771],[126.8742326005968,37.46835274916663],[126.87415872440603,37.468484160695596]]],[[[126.86222122440836,37.47713191635563],[126.86292431039122,37.47681912994356],[126.86379505581783,37.476082457583],[126.86391556335583,37.47595804238417]]],[[[126.8742326005968,37.46835274916663],[126.87318817626841,37.46807678553268],[126.87243991971928,37.467880148794514],[126.87158372931025,37.46766039942696]]],[[[126.87973526646964,37.4625736747437],[126.8766307015079,37.460887988919986],[126.87611829651112,37.46059515908414],[126.87550525946742,37.46099311299045]]],[[[126.88676713326149,37.46467771640881],[126.88865011557395,37.46247360090581],[126.88908463774038,37.46153280123432],[126.8890998898233,37.46139542282007]]],[[[126.88578180848421,37.465816183841135],[126.87973526646964,37.4625736747437],[126.87472458648688,37.46844086718771],[126.88065449417017,37.47185013170166],[126.88578180848421,37.465816183841135]]],[[[126.88637908528393,37.456198509418826],[126.88717001816573,37.45557166172728],[126.88948111664273,37.45275345995212],[126.88952646022693,37.45252739682991]]],[[[126.87260808845912,37.42384729932036],[126.87345836209535,37.4244408691524],[126.87485338014147,37.42497530862455],[126.87602470097652,37.4243614338862]]],[[[126.86644334121067,37.443610634748765],[126.87498748064499,37.401574776899864],[126.83883242602121,37.45569767026412],[126.86644334121067,37.443610634748765]]],[[[127.09973905245128,36.97372878313742],[127.03173369240481,36.92833964863846],[126.98532527286692,36.932466894329366],[126.97351030605837,36.97866750946503],[127.09973905245128,36.97372878313742]]],[[[126.94947890196114,37.02109705512676],[126.98025520236345,36.958019381516884],[126.89707587141754,36.987232622215686],[126.94947890196114,37.02109705512676]]],[[[126.902125883118,37.01284074721791],[126.89132654010187,36.93372453981923],[126.77751112452437,37.00194785320772],[126.902125883118,37.01284074721791]]],[[[127.12269547734505,37.14450996211115],[127.12388622014078,37.077236206821816],[127.04074333364723,37.09503157005563],[127.05570355173397,37.13351825144233],[127.12269547734505,37.14450996211115]]],[[[127.05233410345497,37.1296238754659],[127.04548265923543,37.07539415045506],[126.99512804999782,37.07004808930581],[126.9980983283942,37.12308776706459],[127.05233410345497,37.1296238754659]]],[[[127.04270620102169,37.06729561840306],[127.01253606236138,37.04563789151808],[127.04715062419736,36.991118107448436],[126.99081310628272,37.057141505747744],[127.04270620102169,37.06729561840306]]],[[[126.9986545619828,37.02636864972514],[127.03472456947983,36.97775470507992],[126.96247374140327,36.976712643958344],[126.94837363144073,37.03150115432431],[126.9986545619828,37.02636864972514]]],[[[126.99512804999782,37.07004808930581],[126.99652078822267,37.02419504369228],[126.86071574182878,37.02988612207166],[126.90491409371272,37.073637689690514],[126.99512804999782,37.07004808930581]]],[[[126.89707587141754,36.987232622215686],[126.98532527286692,36.932466894329366],[126.9086368769204,36.90509655991407],[126.89707587141754,36.987232622215686]]],[[[127.04548265923543,37.07539415045506],[127.04625496313304,37.07441585000123],[127.04633750769071,37.074367714216855],[127.04654634969704,37.07424682149661]]],[[[127.06790276532018,37.02615865086966],[127.07584686095254,37.06899623883478],[127.12830320105463,37.06329491385307],[127.11605917517281,37.02511864031334],[127.06790276532018,37.02615865086966]]],[[[127.06526290098586,37.07182583920394],[127.06513286709556,37.07196257652732],[127.06499778017901,37.07210292881576],[127.06490372416552,37.07219723344161]]],[[[127.10375287673754,37.075244106336555],[127.1044391871654,37.074712233061035],[127.10482166344728,37.07441580854542],[127.10341881361762,37.073648343469124]]],[[[127.05901834107485,37.09133748710983],[127.05463812961705,37.08128266826738],[127.05293814314997,37.081110635984544],[127.05070885395055,37.080552343848474]]],[[[127.05460222904843,37.07251393118909],[127.0543311476415,37.072677399462805],[127.05407660755446,37.07270351166119],[127.0539738215976,37.07269938518151]]],[[[127.08751232480327,36.994754853254676],[127.0939733901024,36.99351407640931],[127.09536955828571,36.99325852566399],[127.09572543758412,36.993193227434205]]],[[[127.10633730720222,37.02282509985139],[127.10993137579057,37.02324004023436],[127.11328687278606,37.02495632811079],[127.11479246528144,37.025457313842374]]],[[[127.12701246808068,37.00132367484909],[127.14112435338306,36.978718571267436],[127.0939733901024,36.99351407640931],[127.12701246808068,37.00132367484909]]],[[[127.07525603888145,37.91123322436443],[127.0753132489243,37.91079988866314],[127.07633678482141,37.90937143341539],[127.07645299885007,37.90923075350327]]],[[[127.05652951657358,37.90343552336678],[127.05597329432216,37.896371783678205],[127.05236599957895,37.89584773152056],[127.04959079344636,37.895964841255534]]],[[[127.05775795223356,37.91305586619394],[127.05834502329543,37.909081719374],[127.05800809448901,37.90357190293576],[127.05652951657358,37.90343552336678]]],[[[127.12089698081648,37.91702757330068],[127.11475250848996,37.916126862224615],[127.11419267266191,37.91555028869968],[127.11327167495621,37.914606187384074]]],[[[127.1556523276474,37.89567570812824],[127.10918530066955,37.85985148862908],[127.05597329432216,37.896371783678205],[127.1556523276474,37.89567570812824]]],[[[127.09171276213635,37.97144153038342],[127.09221307415329,37.94041744394196],[127.01233721888572,37.91842727966797],[127.04881853950795,37.97885226261309],[127.09171276213635,37.97144153038342]]],[[[127.0515746835032,37.92012226049937],[127.04626428011824,37.89384944743832],[127.00790110245758,37.91614543827301],[127.0515746835032,37.92012226049937]]],[[[127.05597329432216,37.896371783678205],[127.05658259900063,37.8963560256874],[127.0572851646701,37.89631698507323],[127.05736196975,37.89631164079487]]],[[[126.87811594541968,37.319455876629235],[126.87775436155367,37.31846804706473],[126.87731453592887,37.31808602696729],[126.87723544034698,37.31798699340847]]],[[[126.85857134456198,37.30440316025466],[126.85868929097366,37.304285567066685],[126.85895165007041,37.30361996618632],[126.8590892740904,37.30294242191625]]],[[[126.85775095342932,37.29304700220426],[126.85737727786784,37.29146755332036],[126.85733485649537,37.291317538318616],[126.85645494959675,37.28824121815571]]],[[[126.89841236208623,37.293997542886615],[126.89954818777986,37.290203972228724],[126.89878461072496,37.28957588667329],[126.89769862546504,37.28905995592359]]],[[[126.87520411141182,37.298992583306166],[126.87453127715676,37.29703873373839],[126.87453832613355,37.29697352886838],[126.87454577944106,37.296904730515976]]],[[[126.87448869628828,37.302851219247664],[126.87833796968935,37.30238393482108],[126.8785091038468,37.299109214490706],[126.87520411141182,37.298992583306166]]],[[[126.88731185228832,37.34674796765817],[126.88753948220736,37.34600213067333],[126.88769763395531,37.34399175273625],[126.88767266739676,37.34359051082679]]],[[[126.85448528430472,37.360291234159355],[126.85629231650884,37.35780762278332],[126.8568868073819,37.3569904895936],[126.85688725216214,37.35669088449567]]],[[[126.84182184228685,37.328070500349334],[126.84361169354834,37.327987597052086],[126.84735572109622,37.327814953994995],[126.84929979798969,37.32772480555806]]],[[[126.93042700862954,37.30706491420128],[126.92737455910199,37.278797346317106],[126.87694300642914,37.31695058555658],[126.93042700862954,37.30706491420128]]],[[[126.89109725252328,37.375271248747616],[126.89128039787796,37.37479443901067],[126.89386980512116,37.36635398592839],[126.8955590360616,37.360453771242454]]],[[[126.85702880423354,37.31511422065603],[126.85704305751284,37.315075173714256],[126.85810027307981,37.31409052222255],[126.85901560072716,37.31361549901073]]],[[[126.84374798926241,37.30704413215504],[126.84341800394564,37.30411506854374],[126.84335087761683,37.303523146937344],[126.84334398209609,37.30346228439954]]],[[[126.83710280269062,37.33903200973119],[126.83702367989586,37.33887260523898],[126.83670750693157,37.338239870344665],[126.83591698572421,37.33683041587056]]],[[[126.83127104047672,37.33325485475838],[126.8318734988518,37.33284802070957],[126.83246144061263,37.33280964630251],[126.8327795418968,37.32995554581058]]],[[[126.84182184228685,37.328070500349334],[126.84159807118981,37.32809514739817],[126.84139347274514,37.32551382539888],[126.84124036140173,37.32357726473087]]],[[[126.78923264561244,37.340243527373346],[126.79077367344847,37.33925044666786],[126.79052383583814,37.33891450597558],[126.79038919533312,37.33856215943171]]],[[[126.79760789368694,37.3282737806629],[126.79864669760049,37.3294437809984],[126.79938117093143,37.33027176365411],[126.79992215210214,37.33249009368354]]],[[[126.79084193682777,37.33920645606016],[126.7929351576272,37.33937897873751],[126.79821809652334,37.33805386836179],[126.79888136711682,37.33751697690795]]],[[[126.81709022088722,37.33160556554949],[126.81632012185375,37.29800573092627],[126.71715962084404,37.30751608020175],[126.81709022088722,37.33160556554949]]],[[[126.80807536240586,37.33445910798426],[126.81660485806626,37.334003926234935],[126.81709022088722,37.33160556554949],[126.81678392844671,37.33161292815078]]],[[[126.80807536240586,37.33445910798426],[126.8034581850568,37.33470130389688],[126.80302197345725,37.335191060941064],[126.8023188916497,37.3362888960945]]],[[[126.84075152292982,37.36368909455812],[126.8409270401017,37.36323149987164],[126.84101122385644,37.36188373302181],[126.84060650683017,37.3592107209512]]],[[[126.46927547751118,37.08244660845777],[126.46844600888129,37.0824270021254],[126.46807875203537,37.08259732457898],[126.46775032757334,37.08280854645009]]],[[[126.46506179691613,37.08914103585085],[126.46445735545005,37.08870309231633],[126.4621007297381,37.08871291115672],[126.4614576669719,37.088779482215614]]],[[[126.45294054090682,37.094756067125495],[126.45222344754757,37.09472731529342],[126.45209126761621,37.09477779670778],[126.45163522565205,37.094951969777014]]],[[[126.39708255120742,37.10330640832932],[126.39772402602891,37.102479731672354],[126.39773072522044,37.101629115086425],[126.39687334372786,37.100708492282415]]],[[[126.63079103532462,37.18556752450231],[126.63024923779965,37.18541143932423],[126.62994078938347,37.18559960143711],[126.62993162813076,37.18609078072184]]],[[[126.61779084813544,37.22367428986764],[126.61496973490814,37.22345720937245],[126.6146824199781,37.22352853791174],[126.61444873284252,37.2236786417237]]],[[[126.61393536240124,37.22774563412474],[126.61361071963333,37.22768351088165],[126.61285365421706,37.22777924718569],[126.6127464537171,37.22784568695999]]],[[[126.62875176567252,37.247501131812754],[126.62842703274053,37.24724410287093],[126.62800480880857,37.24737620070814],[126.62707801757428,37.248724916395155]]],[[[126.59566147285304,37.301886914849504],[126.56925247055692,37.27205466565069],[126.65054110597875,37.225286075806245],[126.64562174141162,37.19166176701374],[126.6218002501429,37.23612281007232],[126.53481768545012,37.19836323924117],[126.56676236614577,37.23717224834127],[126.53294423678892,37.289145328641],[126.64665661436678,37.32176266195389],[126.59566147285304,37.301886914849504]]],[[[126.8303746851196,37.31683371134435],[126.83675263160475,37.316493276723],[126.84310756896042,37.31628989999681],[126.84262242015615,37.315807348613895]]],[[[126.84573800038112,37.66707142081359],[126.84448943366205,37.66558959612642],[126.8439354506042,37.66509763667129],[126.84363308982783,37.66483006322515]]],[[[126.85254993171426,37.68880042009899],[126.89381054607355,37.658998965940576],[126.85259160503047,37.65301472491393],[126.85254993171426,37.68880042009899]]],[[[126.86221597158065,37.65348598335153],[126.8635429590895,37.652109139438046],[126.86376204877244,37.65054023164057],[126.8640614507779,37.6492007274632]]],[[[126.85259160503047,37.65301472491393],[126.85198227613762,37.651301108162585],[126.8498309653692,37.65027754272218],[126.84927363678631,37.64922408627988]]],[[[126.84927363678631,37.64922408627988],[126.84902720323606,37.648282286294595],[126.84901120955263,37.64824839819698],[126.8487196757979,37.647638391908764]]],[[[126.99173632766428,37.67946543249626],[126.97507466788086,37.63138628651299],[126.90021791080915,37.650598556104185],[126.99173632766428,37.67946543249626]]],[[[126.90021791080915,37.650598556104185],[126.90527090887042,37.648914873430456],[126.90758429277841,37.64649416089275],[126.91222682533144,37.644377663610754]]],[[[126.92970874242381,37.74853178461585],[126.8855802966167,37.67018120727831],[126.87273053949203,37.7081043721669],[126.92970874242381,37.74853178461585]]],[[[126.88270471484641,37.71931311068625],[126.86187610880783,37.684474290868266],[126.83563195260213,37.72806795134153],[126.88270471484641,37.71931311068625]]],[[[126.81607639720839,37.64634727913608],[126.81757852964003,37.61642280451214],[126.77399907497714,37.62219154401614],[126.81607639720839,37.64634727913608]]],[[[126.84310830253428,37.645504915618],[126.8428184222541,37.64533839844567],[126.8424470098256,37.64512494008584],[126.84231135003269,37.64492251144218]]],[[[126.84840897118042,37.629507529084236],[126.84680604615528,37.62920473447149],[126.84665180042853,37.629175596657106],[126.84569406032718,37.62910719614293]]],[[[126.8308587204531,37.62649463176293],[126.82682266145918,37.587993134081664],[126.79794633826815,37.61085688097573],[126.8308587204531,37.62649463176293]]],[[[126.83427332895528,37.62427530109129],[126.83536361186235,37.623603159061076],[126.83675303261843,37.6227456982295],[126.83850376109547,37.621625308270886]]],[[[126.84449596372656,37.61842088098006],[126.84490236166987,37.61835328454129],[126.8452887597969,37.618223609060614],[126.84557053325749,37.61799081730859]]],[[[126.90103131509832,37.612457094366334],[126.90115224310271,37.61236916077496],[126.90120663914644,37.612329561665476],[126.90187164468651,37.610003203362936]]],[[[126.88224101754084,37.59093660473637],[126.88049109329704,37.5898108690653],[126.88036726020512,37.58970793415009],[126.88028648989977,37.5896407938631]]],[[[126.84112977412035,37.6295400007294],[126.84136548739573,37.62910659792147],[126.84250639506385,37.62798445615454],[126.84312471604814,37.62782434864253]]],[[[126.83351991361275,37.683086000822385],[126.83218361485817,37.67937621159468],[126.83232276718599,37.67840137250393],[126.8323827894021,37.677892887989564]]],[[[126.77788386492571,37.68277190956982],[126.78031167614148,37.68231266533979],[126.78171283457895,37.68212494846688],[126.78136497842264,37.68405271245277]]],[[[126.7855753162536,37.67272310743429],[126.78830447669822,37.66802886210146],[126.78321307668608,37.666145811309384],[126.78198395659814,37.668238417865055]]],[[[126.79915129277695,37.68340054932264],[126.79928994901503,37.68253382613056],[126.79934508888462,37.681686199407714],[126.79935126741552,37.6815911827334]]],[[[126.8020897341256,37.64499561694317],[126.80114650761915,37.64465997241375],[126.79728813944271,37.642408109729494],[126.7968217404182,37.641310642248655]]],[[[126.78830447669822,37.66802886210146],[126.79020126729553,37.664640048413446],[126.79253468241522,37.66017448604478],[126.79281626079563,37.65938453212157]]],[[[126.78808589038209,37.6522577459788],[126.78563272995738,37.6513267721432],[126.78510540609669,37.651122077237275],[126.78444966591593,37.65086460362336]]],[[[126.7563250073263,37.66356271025799],[126.79433996478957,37.62867040230311],[126.74092368353017,37.6389250758077],[126.7563250073263,37.66356271025799]]],[[[126.77095311439827,37.662620889300435],[126.77225844082949,37.66116758700422],[126.77230306395315,37.6611178433688],[126.77245116006014,37.660952516848354]]],[[[126.83563195260213,37.72806795134153],[126.84807881323648,37.686329911860575],[126.77373427346723,37.70261785010149],[126.83563195260213,37.72806795134153]]],[[[126.79237985904214,37.63974616503571],[126.78784187975027,37.635961286840214],[126.78771404844005,37.63599669535238],[126.78602119354797,37.637278993018654]]],[[[126.77512097209055,37.69207918292275],[126.77394787075278,37.68935539926172],[126.76825083210127,37.682793722750034],[126.76250717864356,37.685816794601486]]],[[[126.77729436481646,37.67887166522915],[126.76825083210127,37.682793722750034],[126.77394787075278,37.68935539926172],[126.77512097209055,37.69207918292275]]],[[[126.76825083210127,37.682793722750034],[126.77729436481646,37.67887166522915],[126.77755614097613,37.678758027116714],[126.77324939405467,37.672983367423505]]],[[[126.76105504138904,37.69907205967008],[126.76450602319078,37.699109767625615],[126.76592505313785,37.69923309467602],[126.76824648496185,37.69968910606775]]],[[[126.77324939405467,37.672983367423505],[126.7699838653056,37.66825488565687],[126.76986017626872,37.66807610888693],[126.76974445075919,37.6679282515775]]],[[[126.76547143164561,37.67633760118165],[126.75832549738966,37.66597840965691],[126.75804008495156,37.66610280866648],[126.7553206404871,37.66725508204061]]],[[[126.76141457455458,37.68748076582293],[126.76250717864356,37.685816794601486],[126.75813619406254,37.679515058370654],[126.75100984048376,37.66919369556602]]],[[[126.75946123031005,37.68796312491018],[126.74092368353017,37.6389250758077],[126.68932153135165,37.66618115775095],[126.75946123031005,37.68796312491018]]],[[[126.7283766701156,37.70393599838929],[126.72795234198927,37.690960340468386],[126.72906108188901,37.68723868256285],[126.72907938778185,37.68191212851011]]],[[[127.00070836845134,37.43784082935803],[127.00013344992651,37.43775533480206],[126.99998077544932,37.43798153609884],[126.99955585959076,37.43859072132927]]],[[[127.00150044641046,37.42952119636371],[127.0004385797558,37.427310598604805],[127.00037370420708,37.42718638621522],[127.00017629840175,37.426810356937075]]],[[[127.00070836845134,37.43784082935803],[127.00264944897744,37.434062157986155],[127.0027642350556,37.433583788340506],[127.00278569762177,37.43340133449968]]],[[[127.02986111865329,37.4654453005473],[127.03126894028551,37.46577535727362],[127.03272117313513,37.4652527121224],[127.03314241413148,37.4650234025453]]],[[[127.035413112466,37.441172670533135],[127.0353928889123,37.441120156667395],[127.03539300308054,37.44098833206388],[127.03541040488126,37.44082839865031]]],[[[127.12902788881225,37.64169399412112],[127.12913214244993,37.641528701540594],[127.12922508487796,37.64093185488045],[127.12943535564429,37.637392501481564]]],[[[127.15026170865916,37.63942569345341],[127.14895095615879,37.60466918065842],[127.11567458701147,37.61929460112488],[127.15026170865916,37.63942569345341]]],[[[127.14895095615879,37.60466918065842],[127.14920394408742,37.60402773175104],[127.14708356349271,37.60350876126369],[127.14661434563989,37.60331018768407]]],[[[127.1358942647365,37.60054990217329],[127.13673998354587,37.59728738014507],[127.13736350217249,37.59484213962087],[127.13557435750973,37.59435484074308]]],[[[127.13792981935092,37.59235614597395],[127.13787265935791,37.592334575322276],[127.13789275338075,37.58775700923493],[127.13789700253334,37.58701782173889]]],[[[127.15657640703334,37.595933457071915],[127.16286568457514,37.594541314047206],[127.1618837897248,37.593612482679255],[127.16133119498933,37.5935376638391]]],[[[127.15075817545443,37.59434533790011],[127.15070966540324,37.5941015969621],[127.15055797809931,37.59353442542296],[127.14998200385342,37.591956504252714]]],[[[127.16856621812114,37.5789466401408],[127.16662379436175,37.57892027848271],[127.16227748842206,37.576421776862425],[127.15290680366344,37.57067018806569]]],[[[127.25819758345447,37.63885677839307],[127.29256747519621,37.60691758724026],[127.25914028371805,37.53564603922326],[127.20243278652127,37.58817950224885],[127.25819758345447,37.63885677839307]]],[[[127.25972576839244,37.768400739149236],[127.24577283130732,37.71052412202129],[127.14339114578864,37.67115820768643],[127.14670654041863,37.75483612452198],[127.25972576839244,37.768400739149236]]],[[[127.3671412279449,37.690109808559654],[127.34532410816071,37.61093500898132],[127.25819758345447,37.63885677839307],[127.27658543178256,37.69868794135512],[127.32036875775873,37.66469544427474],[127.3671412279449,37.690109808559654]]],[[[127.23501857423469,37.67393440337234],[127.14845282114298,37.631818440554426],[127.18285647169101,37.68851774069883],[127.23501857423469,37.67393440337234]]],[[[127.24607596476051,37.71091696199071],[127.27483816961444,37.6810306911592],[127.18235404491922,37.699280563244],[127.24607596476051,37.71091696199071]]],[[[127.14248418667157,37.74777052728048],[127.1421560869164,37.67469083246052],[127.08492587944606,37.69084335023972],[127.14248418667157,37.74777052728048]]],[[[127.15115400777837,37.66340257375772],[127.15102713216616,37.66326819302672],[127.15059539454714,37.662840663453025],[127.14909360742271,37.661539776446055]]],[[[127.35545440472052,37.72368992399443],[127.37213074812362,37.691570983307365],[127.3244228443834,37.664715032549495],[127.24560379032935,37.71247063550012],[127.266523837898,37.780450292744206],[127.35545440472052,37.72368992399443]]],[[[127.34532410816071,37.61093500898132],[127.28906482999521,37.50713574450646],[127.2569360981494,37.57394127397545],[127.34532410816071,37.61093500898132]]],[[[127.27198753582618,37.67957180806443],[127.2603630245505,37.64240907597216],[127.22450970219698,37.659474313236345],[127.27198753582618,37.67957180806443]]],[[[127.2603630245505,37.64240907597216],[127.25819758345447,37.63885677839307],[127.25458740380388,37.63867462759598],[127.25420236300693,37.638791000681955]]],[[[127.23494282612933,37.6334324367467],[127.23361688639585,37.63282336540066],[127.23081665649798,37.63148527448076],[127.23076730259187,37.631459347381956]]],[[[127.21430647602887,37.61823387457929],[127.20243278652127,37.58817950224885],[127.16701384031407,37.627744132623015],[127.21430647602887,37.61823387457929]]],[[[127.1723285383699,37.612534682855966],[127.17319824486788,37.61272672863291],[127.17290013685574,37.61196524986949],[127.17261246887358,37.611845545730354]]],[[[127.15536952685402,37.60510097905675],[127.1535001767408,37.60501817984347],[127.15205104862737,37.604776759466624],[127.15066015409153,37.604449628735345]]],[[[127.1421560869164,37.67469083246052],[127.12902788881225,37.64169399412112],[127.08603443399842,37.65591267225598],[127.10419460599671,37.696003248128875],[127.1421560869164,37.67469083246052]]],[[[127.10094927307202,37.146087206018066],[127.09962832493359,37.145278237798074],[127.0991654494894,37.14537132192356],[127.09894620740955,37.14640716477741]]],[[[127.07813706142623,37.14876349023624],[127.07836716586266,37.131826775499924],[127.0783725988051,37.13084753289983],[127.07911248631962,37.12975338856771]]],[[[127.06672376806823,37.154598066151074],[127.06740290737952,37.15187801022153],[127.06717350558363,37.14905714288745],[127.06636673557821,37.143162373121875]]],[[[127.04775896392529,37.18310166850715],[127.05795028617786,37.1766415601287],[127.05996701628557,37.17496474983575],[127.06164169909844,37.173169129104124]]],[[[127.04250711207189,37.19763832290502],[127.06863618418403,37.190618454132235],[126.9952535935849,37.17501377206125],[127.04250711207189,37.19763832290502]]],[[[127.05570355173397,37.13351825144233],[127.05374288496782,37.13225455983916],[127.05329926649972,37.13194866131979],[127.05237136687553,37.13071806880974]]],[[[126.80106459775043,37.463748195580365],[126.82399593468568,37.442344732101645],[126.78685848990101,37.43966890067767],[126.80106459775043,37.463748195580365]]],[[[126.77831583751951,37.450789381866805],[126.77880726305888,37.44891532689159],[126.77888232506034,37.44867696261491],[126.78235256892148,37.445110651559396]]],[[[126.79161929877499,37.42822778335943],[126.78465410151576,37.39169420223909],[126.74384491411273,37.400374764745756],[126.79161929877499,37.42822778335943]]],[[[126.82204513190803,37.44183649517707],[126.82312850220855,37.44045908946257],[126.82588391415281,37.43605582315026],[126.82590692521669,37.43601143621632]]],[[[126.85023842307494,37.403632296280136],[126.84864872653235,37.40180329989725],[126.84859312590021,37.401619340205905],[126.8486354038467,37.40154896910183]]],[[[126.87700377716085,37.40205411663258],[126.86483126548198,37.3615167217338],[126.82000983673598,37.36740587141651],[126.87700377716085,37.40205411663258]]],[[[126.83883242602121,37.45569767026412],[126.85023842307494,37.403632296280136],[126.81714886797248,37.424401890791074],[126.83883242602121,37.45569767026412]]],[[[126.70178109285449,37.32850676354001],[126.72403484836917,37.314689378557006],[126.67106449501567,37.32988698791891],[126.70178109285449,37.32850676354001]]],[[[126.72903081421997,37.356452805427956],[126.72189771840956,37.3492200675334],[126.72055638891405,37.34785681402754],[126.7123647053845,37.33939729949828]]],[[[126.72177265164201,37.360970279241414],[126.7341964791537,37.36807455266485],[126.73813255649789,37.36678510591331],[126.740347694897,37.366059107403416]]],[[[126.7661087602496,37.36103286756586],[126.76570635456045,37.36020266521209],[126.76568057266337,37.36014779660193],[126.7656253409903,37.360029744903336]]],[[[126.7393591064626,37.35009973473865],[126.74118481471562,37.3489531476485],[126.75153296245601,37.34255539917752],[126.75733119765553,37.33897153989179]]],[[[126.82219097090872,37.3713922940006],[126.82066657660435,37.37074478321062],[126.81997341693028,37.36854811691438],[126.82000983673598,37.36740587141651]]],[[[126.79132819936385,37.367792431430004],[126.79162440210379,37.367218986671034],[126.79446634623962,37.36636164604493],[126.7971701490592,37.36572420720092]]],[[[126.77338973502786,37.39380456730929],[126.76650999740721,37.36101096452188],[126.73351453430665,37.3890324783675],[126.77338973502786,37.39380456730929]]],[[[126.82225944512952,37.38896599882366],[126.79162440210379,37.367218986671034],[126.78731126618165,37.40704753824057],[126.82225944512952,37.38896599882366]]],[[[126.79132819936385,37.367792431430004],[126.79103507794386,37.368789470296974],[126.79081122768285,37.36895037454351],[126.79061651052734,37.36909004560292]]],[[[126.96213627602094,37.36155526752112],[126.96202055975083,37.36148272843534],[126.96200737413938,37.36143865871737],[126.96051616918426,37.35639429176955]]],[[[126.94528282471565,37.37701267337136],[126.94468991016687,37.3763175380363],[126.94575390310236,37.37400650225791],[126.94559467322,37.37377820388944]]],[[[126.93489382592921,37.37699615257404],[126.93487137881367,37.376546620303344],[126.9348220934493,37.37498349237876],[126.93480882969364,37.37449330678787]]],[[[126.94562262234655,37.35913877581014],[126.9441922594238,37.359874648219204],[126.94336632523128,37.36079735252608],[126.9414547376285,37.362525250314214]]],[[[126.94669408597204,37.37565818924537],[126.94575390310236,37.37400650225791],[126.94468991016687,37.3763175380363],[126.94528282471565,37.37701267337136]]],[[[126.94562262234655,37.35913877581014],[126.94562263141505,37.359040826821776],[126.94561770654416,37.3589427789916],[126.94559722239772,37.35884916511918]]],[[[126.93685751317658,37.35105040110393],[126.93672560735871,37.35082135492419],[126.93622134961073,37.35081301266396],[126.93606716188661,37.35076608210173]]],[[[126.92438518879226,37.35789716811032],[126.92688834850992,37.353557923989534],[126.92684978715859,37.35347317266469],[126.92670922557652,37.353163832970495]]],[[[126.92438518879226,37.35789716811032],[126.91961738989797,37.35942536469274],[126.91838789708405,37.35961537478845],[126.9142368644219,37.359398841710686]]],[[[126.92141780726472,37.376518614550996],[126.92265161062221,37.374977634874966],[126.922977283238,37.37457137973602],[126.92490101350894,37.37307432881648]]],[[[127.01687051023275,37.35374554764737],[127.0188076940644,37.35156311737541],[127.01850993547828,37.350443073873905],[127.01776490704651,37.350086247016215]]],[[[126.97119432204674,37.33178863450821],[126.97069840912758,37.33005614258977],[126.96726654347697,37.32442812590834],[126.9670148459593,37.324207280282145]]],[[[127.01613153950261,37.35664268299994],[127.01687051023275,37.35374554764737],[127.01362692951903,37.35291203549288],[127.01014575142742,37.35312076262165]]],[[[126.98864943164423,37.37960689386807],[126.98842983448105,37.377839794071704],[126.98720903856318,37.37498450041022],[126.98440038459026,37.374032564815515]]],[[[126.98864943164423,37.37960689386807],[126.9883081100205,37.37951867457152],[126.98819282991109,37.37948888102163],[126.98695390655017,37.379484639530226]]],[[[127.04675185046257,37.41360037457231],[127.01613153950261,37.35664268299994],[126.98640181504798,37.370069622249225],[126.98578430859381,37.40664470151531],[127.04675185046257,37.41360037457231]]],[[[127.2361832118215,37.550453194220744],[127.28758295516984,37.51349671607281],[127.20374767391733,37.48079723930375],[127.2361832118215,37.550453194220744]]],[[[127.20872174572632,37.53624113696282],[127.2081888011349,37.536067414867475],[127.20404418195845,37.538213620937654],[127.2042940667151,37.53853422890651]]],[[[127.2361832118215,37.550453194220744],[127.22941424927762,37.550145386749],[127.22590952837317,37.547003484214315],[127.22633607602032,37.54516596554635]]],[[[127.20256479201879,37.53877550595408],[127.20404418195845,37.538213620937654],[127.2081888011349,37.536067414867475],[127.20773362189347,37.53601898955662]]],[[[127.20256479201879,37.53877550595408],[127.20224518493546,37.53784630214514],[127.19825690334608,37.53658715828256],[127.19388883892624,37.5404456043175]]],[[[127.17413486917228,37.50714405197806],[127.17246070626011,37.508520115086114],[127.17016540899711,37.510168034242156],[127.16815321420395,37.512563046464656]]],[[[127.19931642473107,37.528117734528486],[127.19966349492603,37.52678572816198],[127.20329950727793,37.52725235851417],[127.20569069597951,37.52788253289684]]],[[[127.18355190345548,37.54582646715933],[127.18384839714668,37.54479075764749],[127.18389325934945,37.544680786097906],[127.18391376223344,37.54464277219991]]],[[[127.19773784446664,37.5555813546398],[127.19559347691644,37.55479286921364],[127.19285328730209,37.55349458084655],[127.19356792589434,37.55230779260151]]],[[[127.22185549059084,37.56466872084184],[127.21944044849383,37.5647883588828],[127.21921876437412,37.553923947047316],[127.22472965100606,37.55389513925699]]],[[[127.20243278652127,37.58817950224885],[127.20618533626214,37.58510494777836],[127.2026829579274,37.581210267067405],[127.19984330902082,37.58233124854565]]],[[[127.27860339037379,37.3054397161021],[127.24023750567781,37.26117302097432],[127.17239394121778,37.27065537854944],[127.20134818125896,37.32712876546082],[127.27860339037379,37.3054397161021]]],[[[127.28334323898032,37.34531376107707],[127.2532916080407,37.291993843496776],[127.13723693863422,37.32063872888066],[127.28334323898032,37.34531376107707]]],[[[127.18869702760682,37.08636494526573],[127.10866960737441,37.12480560063334],[127.1786826959951,37.1856397168133],[127.18869702760682,37.08636494526573]]],[[[127.17440601828793,37.224585755859266],[127.27329438999574,37.16511697667998],[127.18869702760682,37.08636494526573],[127.17440601828793,37.224585755859266]]],[[[127.34840245330716,37.204355912754615],[127.35609405237155,37.15028620556017],[127.30570384126248,37.107114029945926],[127.26856316640165,37.16023905627],[127.303085009734,37.21104988154533],[127.34840245330716,37.204355912754615]]],[[[127.37038447071039,37.20391896061082],[127.42982266646477,37.14773652311438],[127.41612009408827,37.09309235381268],[127.32672014092037,37.11944201824201],[127.37038447071039,37.20391896061082]]],[[[127.33879971089392,37.27053918912106],[127.33703817721283,37.21745301446044],[127.2860141411144,37.199594901909514],[127.23199592041588,37.249373236648076],[127.27779638374172,37.29039846086429],[127.33879971089392,37.27053918912106]]],[[[127.21183629037954,37.24041665196981],[127.22063679897792,37.21459343492175],[127.17541115094386,37.222180569013986],[127.21183629037954,37.24041665196981]]],[[[127.1769138422099,37.254663564930226],[127.17604492768035,37.25387793661775],[127.17577741076036,37.252947071797266],[127.17566557257463,37.25189261505841]]],[[[127.21402197978516,37.26543470062048],[127.21581941363333,37.26233507723764],[127.21742987769873,37.25998341433887],[127.21844875813859,37.25733588327683]]],[[[127.24665238431884,37.23864059753415],[127.27953263306397,37.16423296322256],[127.2098846973015,37.23464300450603],[127.24665238431884,37.23864059753415]]],[[[127.1320872077426,37.28126080621586],[127.13453231363634,37.276665008573374],[127.1341485750008,37.274649180632025],[127.13414614227082,37.27456917420381]]],[[[127.09982225171957,37.258864552221574],[127.10150253367328,37.26033875014668],[127.10197333542213,37.26098225521226],[127.10331641755744,37.26127621604718]]],[[[127.14983127526253,37.221693126372],[127.08878178576394,37.21644118895723],[127.10206359128354,37.247611923690805],[127.14983127526253,37.221693126372]]],[[[127.09378549713254,37.24361535967814],[127.09362313464568,37.24329334542204],[127.09326537335747,37.242583769215614],[127.0919896235346,37.239767090746554]]],[[[127.16723530480509,37.3016928272869],[127.16707312981967,37.301044551799706],[127.16694413157335,37.30071292691971],[127.16338979763395,37.29502183943311]]],[[[127.13725415313553,37.3243896982132],[127.13706271574861,37.32342348675869],[127.13723693863422,37.32063872888066],[127.1390336966271,37.319587345411854]]],[[[127.1496126245572,37.290323342661516],[127.15209518726051,37.28080914211682],[127.15226112018536,37.27984306809829],[127.15189028250315,37.2790923194001]]],[[[127.1258468293068,37.31522540906975],[127.12459265496366,37.31395154276178],[127.12442966131567,37.313735521269],[127.124265472932,37.313517793928305]]],[[[127.15913412153554,37.25342822265524],[127.15905373650463,37.25265391388024],[127.15889873898648,37.25132164859237],[127.15864436220629,37.24950910054688]]],[[[127.10385585832722,37.29308884356025],[127.10703085990343,37.29284253871364],[127.10744184745383,37.29259376605467],[127.10767484784262,37.29239848568498]]],[[[127.08552868391035,37.270508152007324],[127.08718210866547,37.27124295702091],[127.0899015632105,37.271375070739275],[127.09211683121555,37.27099775445797]]],[[[127.10277595201102,37.33319368179427],[127.1027648189821,37.332372256019035],[127.10276351152822,37.33224968109094],[127.10276293433105,37.33219422585375]]],[[[127.09762539239672,37.320947834827706],[127.09728163046265,37.32019851321902],[127.1003517281152,37.31896162585717],[127.09993343467417,37.31363863786479]]],[[[127.08018833505835,37.33175237422384],[127.08061758880812,37.328134802038576],[127.08070765457093,37.327417383188525],[127.08080993372053,37.3272623735772]]],[[[127.11120947365602,37.32682635475575],[127.11248580656328,37.32719786484731],[127.11484644437746,37.32869376338169],[127.11589233259953,37.32916222287277]]],[[[127.11274845641292,37.3356886543662],[127.11307623547509,37.334233987721724],[127.11326034228152,37.33341658133607],[127.11326901636605,37.33337604728956]]],[[[127.07454050281174,37.3531672449378],[127.10277595201102,37.33319368179427],[127.01609156596106,37.35693103138642],[127.07454050281174,37.3531672449378]]],[[[127.07216846950377,37.31032571413888],[127.07275245396589,37.309497307373526],[127.07217287597653,37.309030153073785],[127.0723315560882,37.30842614800125]]],[[[127.09392587384336,37.31313732013338],[127.09439574895787,37.31237933273496],[127.09287586968513,37.31153461111432],[127.09229343127315,37.30993829121793]]],[[[127.08303447734238,37.317926060762886],[127.08265821007089,37.317349030328195],[127.08216741960837,37.31655745692783],[127.08144185508304,37.31536618685579]]],[[[126.79865628190475,37.89281705210446],[126.84841310566983,37.87151588688019],[126.75355301545623,37.83100059881719],[126.73426805532566,37.892965585751355],[126.79865628190475,37.89281705210446]]],[[[126.83008838295618,37.85338825376009],[126.85901888559836,37.81926042026375],[126.788929574682,37.80225730014128],[126.78257500800112,37.8497902467417],[126.83008838295618,37.85338825376009]]],[[[126.94599632321982,37.88846205776746],[126.93648521599881,37.84079098368371],[126.87876105982886,37.81525174210869],[126.83008838295618,37.85338825376009],[126.89764569040965,37.92669836415939],[126.94599632321982,37.88846205776746]]],[[[126.83038681898725,37.78107282593078],[126.85646910601163,37.73457065756975],[126.78003710906857,37.737226911523464],[126.83038681898725,37.78107282593078]]],[[[126.8331884985154,37.80290932914924],[126.79663127133593,37.76292321327424],[126.75177983602497,37.82184013274587],[126.8331884985154,37.80290932914924]]],[[[126.75959128932851,37.82845763324961],[126.73290134957533,37.75559680729431],[126.67617415563828,37.75499986306866],[126.67175719138531,37.83286700419698],[126.75959128932851,37.82845763324961]]],[[[126.90230760650456,37.82472352968232],[126.936291199406,37.77420810549826],[126.88465702539511,37.7182000469524],[126.8331884985154,37.80290932914924],[126.90230760650456,37.82472352968232]]],[[[126.9007622423601,37.927104111898494],[126.8556414715551,37.87551686246332],[126.79700138826107,37.882810742247216],[126.8336569680303,37.956349329157405],[126.9007622423601,37.927104111898494]]],[[[126.99214685442607,38.0033704871662],[127.01704422262794,37.986928911972434],[126.94599632321982,37.88846205776746],[126.8336569680303,37.956349329157405],[126.84809303346353,37.98704214174964],[126.88775853286057,37.9661382845875],[126.89469489081323,37.99944720580592],[126.99214685442607,38.0033704871662]]],[[[126.79938877464357,37.74914163665825],[126.79734581227777,37.74881971379633],[126.79706536895458,37.74869298457003],[126.79631839865337,37.74831110302201]]],[[[126.80401467084032,37.76205111144213],[126.80268365724055,37.76083772329877],[126.80158652985484,37.758288405543894],[126.8015293286125,37.758166038152005]]],[[[126.78768224461852,37.77082463139222],[126.73460465001847,37.75756261846421],[126.72179840931501,37.78836190266019],[126.78768224461852,37.77082463139222]]],[[[126.70497461010797,37.71561199097919],[126.70492702558626,37.71761118620086],[126.69966641202593,37.71915853996837],[126.6993298217493,37.721197425222385]]],[[[126.76924435524991,37.74519681192866],[126.77019600858685,37.743547994765706],[126.77094835605659,37.7417197618479],[126.77199302970278,37.73949759169562]]],[[[126.74104432039567,37.73693836973638],[126.74150416146831,37.73431850199893],[126.74165084956363,37.73394973713312],[126.74168833083746,37.73385551187387]]],[[[126.76317114838392,37.716625344224916],[126.76250496588571,37.71505905123247],[126.76177440537062,37.71337779503257],[126.76134288271071,37.711948348429715]]],[[[127.63077297346217,37.165666176965395],[127.6319542704812,37.096837074979774],[127.56121440666097,37.100532769822316],[127.57637441325473,37.18915503657138],[127.63077297346217,37.165666176965395]]],[[[127.52905302238655,37.3170662371822],[127.51149491178064,37.220276715970535],[127.45662611949909,37.26235482399282],[127.52905302238655,37.3170662371822]]],[[[127.44884279867433,37.35219272518913],[127.45924641599575,37.29981465327227],[127.35889581784592,37.2884609765868],[127.44884279867433,37.35219272518913]]],[[[127.52905302238655,37.3170662371822],[127.46228809685262,37.29668433208758],[127.44732440945742,37.34976619652816],[127.52905302238655,37.3170662371822]]],[[[127.44917052316994,37.21129616956216],[127.37224454943393,37.18602995644528],[127.41869404530837,37.25557544658278],[127.44917052316994,37.21129616956216]]],[[[127.35714117461356,37.29460415034164],[127.42155783976852,37.25914412131067],[127.36109030137203,37.200430105438805],[127.3308723539218,37.22304211587494],[127.35714117461356,37.29460415034164]]],[[[127.52549899837878,37.22757406556385],[127.50520204244579,37.17208531316867],[127.47208522749567,37.197085077128826],[127.47468459268194,37.250263216891625],[127.52549899837878,37.22757406556385]]],[[[127.47208522749567,37.197085077128826],[127.4991174442394,37.1470124728502],[127.41231635590003,37.1550669045995],[127.47208522749567,37.197085077128826]]],[[[127.57050788128811,37.170227823535804],[127.55767368326796,37.099490022714114],[127.44781609026155,37.144749383303264],[127.51597293569685,37.185316010691665],[127.57050788128811,37.170227823535804]]],[[[127.56066765566544,37.101218117655804],[127.60421961102078,37.06854948944194],[127.49036203567988,37.051656369052665],[127.51183051555043,37.10018402739944],[127.56066765566544,37.101218117655804]]],[[[127.44924194418668,37.277080785316286],[127.44861842125461,37.277523329372706],[127.44770647375054,37.278055883099775],[127.44459604775625,37.27986402939267]]],[[[127.44043737048676,37.28044001477006],[127.4680133433692,37.19533875162068],[127.41734417245097,37.26412319283719],[127.44043737048676,37.28044001477006]]],[[[127.43146533763189,37.304968987830705],[127.43092937404043,37.304990080802206],[127.43088786986874,37.3049910264747],[127.43065713756559,37.30499555623486]]],[[[127.43146533763189,37.304968987830705],[127.43233565590072,37.30488279683297],[127.43573147594604,37.30419843041404],[127.43867695312773,37.30293127852145]]],[[[127.21654107530723,37.02524006764643],[127.17968099497733,36.96738092007818],[127.11949890893676,36.96912796526028],[127.17524110911322,37.03186343966896],[127.21654107530723,37.02524006764643]]],[[[127.35231768093279,37.10017941910496],[127.35090525123765,37.0221879561401],[127.29036861638517,36.998538164518955],[127.29586890245554,37.10253629285353],[127.35231768093279,37.10017941910496]]],[[[127.39000780117195,37.03108049088535],[127.40185704887993,36.96774918631385],[127.29657377301295,36.929565034382236],[127.29036861638517,36.998538164518955],[127.39000780117195,37.03108049088535]]],[[[127.29425395051932,36.97124162979436],[127.289801866995,36.893818800322194],[127.20988003185738,36.93129551410471],[127.29425395051932,36.97124162979436]]],[[[127.26731845575415,36.97776462167237],[127.21250127733872,36.938189856815065],[127.15539399790197,36.96571704313559],[127.24021100474118,37.002356022127046],[127.26731845575415,36.97776462167237]]],[[[127.2821935721629,37.067447525454156],[127.20127237494441,36.98496021707324],[127.20311147730932,37.05201244220146],[127.2821935721629,37.067447525454156]]],[[[127.2669436996165,37.15532991845062],[127.27288427880025,37.10237045174948],[127.22812565901503,37.0858062007875],[127.24923677432014,37.06007744604255],[127.18816942336942,37.015641852436],[127.17681927126874,37.0748444970467],[127.2669436996165,37.15532991845062]]],[[[127.18623374004416,37.084492615124],[127.15225774477769,37.002577425156666],[127.10532657659633,37.0351929945959],[127.12305828090808,37.09134760785021],[127.18623374004416,37.084492615124]]],[[[127.450333390046,37.148076999719734],[127.51394205597394,37.104285292593495],[127.48970403988564,37.05249301766658],[127.4126575580028,37.11787561487084],[127.450333390046,37.148076999719734]]],[[[127.46803673152135,37.0529979060048],[127.39543326196166,36.99843756616671],[127.38100247545421,37.074284316875385],[127.42306812278723,37.111190942186184],[127.46803673152135,37.0529979060048]]],[[[127.41612009408827,37.09309235381268],[127.38100247545421,37.074284316875385],[127.39000780117195,37.03108049088535],[127.33602008170075,37.03064182015873],[127.35826812426541,37.10728856851676],[127.41612009408827,37.09309235381268]]],[[[127.30410127008835,37.10909114702309],[127.29506866308205,37.071114507133935],[127.22695858860618,37.078276598695076],[127.27435794450851,37.13364376342522],[127.30410127008835,37.10909114702309]]],[[[127.29036861638517,36.998538164518955],[127.29099998782291,36.99764161151676],[127.29109755829874,36.99750306942565],[127.2916623817832,36.996701769933466]]],[[[127.2712668552664,37.0071874223893],[127.29425395051932,36.97124162979436],[127.23927731377405,37.002192847890605],[127.2712668552664,37.0071874223893]]],[[[127.28104727561467,37.02255185143022],[127.24108380311769,37.018830636208364],[127.25930374692811,37.04690247377677],[127.28104727561467,37.02255185143022]]],[[[126.64376728696053,37.683112573236365],[126.58424492756507,37.661864837384236],[126.55913801325957,37.69231119113349],[126.6028717660418,37.73576039580448],[126.64376728696053,37.683112573236365]]],[[[126.74092368353017,37.6389250758077],[126.80078804748985,37.588003506064844],[126.72512592212895,37.59200096855635],[126.74092368353017,37.6389250758077]]],[[[126.66704641081864,37.689140199901644],[126.65253007862938,37.6410667149811],[126.6178341234928,37.6457169949951],[126.6276949434403,37.605968774960736],[126.56365041532166,37.58697000197513],[126.6075322051353,37.67831242475635],[126.66704641081864,37.689140199901644]]],[[[126.55033923811096,37.599448301323434],[126.55037677485281,37.59942193243034],[126.55061218133291,37.59975469271411],[126.55087102919904,37.59994379857941]]],[[[126.562993025078,37.682783511281144],[126.62186053592971,37.66395411755645],[126.5660605971418,37.59417042151969],[126.5229825306347,37.67651724683649],[126.562993025078,37.682783511281144]]],[[[126.59201263822247,37.75773544207882],[126.5647290781081,37.683387692756924],[126.5254483638461,37.68740831003247],[126.51456397746584,37.76694862256429],[126.59201263822247,37.75773544207882]]],[[[126.53782524057863,37.77386112312217],[126.53696556262106,37.77377298363252],[126.535828769469,37.77382001684118],[126.53329321403844,37.773813885783106]]],[[[126.67617415563828,37.75499986306866],[126.64661177855291,37.682358210445905],[126.59074386673407,37.74012327379938],[126.66700405635578,37.784517209504884],[126.67617415563828,37.75499986306866]]],[[[126.73579707227482,37.64154735518557],[126.73227503845888,37.6367113989224],[126.73093025557338,37.634647646202],[126.73076786155276,37.63435250311089]]],[[[126.73873812123905,37.61011652015969],[126.73528265564413,37.61142054347746],[126.72886103272232,37.61473843216901],[126.7273074921732,37.61356219887888]]],[[[126.73873812123905,37.61011652015969],[126.74041161593858,37.60940427195497],[126.74059240220514,37.609311868480575],[126.74055911418219,37.60917538224528]]],[[[126.69523637494109,37.634295751839424],[126.69269964408221,37.63444065919357],[126.69193628578282,37.63441853347868],[126.6915555287348,37.634387758646405]]],[[[126.63345685021635,37.64631887769601],[126.63391144744408,37.64467041594084],[126.62997545779575,37.643927179902185],[126.62963599800383,37.64352930967237]]],[[[126.67524467717773,37.649428267651665],[126.67427168858543,37.64878607634012],[126.67320006093303,37.6480744231063],[126.67178075133172,37.64713152316252]]],[[[126.68932153135165,37.66618115775095],[126.69588418847394,37.63439142790732],[126.663596183273,37.661937752072],[126.68932153135165,37.66618115775095]]],[[[126.9703933011367,37.229196744879594],[126.9842175984551,37.195726780358086],[126.93059510921017,37.143532084975455],[126.90726486269031,37.2333741684365],[126.9703933011367,37.229196744879594]]],[[[126.55814522047211,37.06116859531651],[126.55366877435902,37.05834893791015],[126.55288481600186,37.05929264664795],[126.55475901669008,37.061669223519594]]],[[[126.73169762464205,37.072226362333396],[126.73087305101352,37.072073412327576],[126.73055640174526,37.072133861392956],[126.73031935965183,37.07217911556406]]],[[[126.53985144455416,37.0994514745266],[126.53909844836645,37.09905069074012],[126.53786475045834,37.10356004372604],[126.53719470262902,37.10698552779972]]],[[[126.80685368241353,37.01272366026244],[126.74435454464347,37.03919427473869],[126.75980985231188,37.11711721418873],[126.81037741914623,37.14016009408119],[126.80685368241353,37.01272366026244]]],[[[126.99913797382357,37.12363515812487],[126.88376283917516,37.066483933191584],[126.90638609421514,37.149557534780534],[126.99913797382357,37.12363515812487]]],[[[126.84096961190143,37.26592072103681],[126.86270253032426,37.168812279282],[126.78196386390901,37.15158677684552],[126.77806327506215,37.245949095728285],[126.81061338665515,37.28677876735512],[126.84096961190143,37.26592072103681]]],[[[126.92737455910199,37.278797346317106],[126.95384215753904,37.24285659360508],[126.85272497796203,37.27203661068024],[126.92737455910199,37.278797346317106]]],[[[126.91236912205225,37.23860293362009],[126.89416974861608,37.193029419843185],[126.82370121235066,37.236848614375454],[126.85272497796203,37.27203661068024],[126.91236912205225,37.23860293362009]]],[[[126.78641070349616,37.232984768457015],[126.780800316734,37.16668379544819],[126.71849845786596,37.17653250991159],[126.78641070349616,37.232984768457015]]],[[[126.6583679255228,37.201810853039966],[126.65827038365981,37.20180725480271],[126.6580933556194,37.201830784857734],[126.65799883918079,37.20184363385252]]],[[[126.66312946986254,37.20344421992138],[126.6630048849187,37.20343625568859],[126.66208360207683,37.20369677793791],[126.66193195955631,37.20378021007948]]],[[[126.76638756759318,37.259446222845845],[126.76630595628157,37.25940886495939],[126.76617691295954,37.25941595230402],[126.76304710613721,37.260035365484434]]],[[[126.78173731882099,37.234390867755934],[126.7062343082029,37.19277743585312],[126.64808034245569,37.24901074918441],[126.78173731882099,37.234390867755934]]],[[[126.67280464999918,37.27360738549692],[126.67091735962774,37.27345822958582],[126.66875816095292,37.273452101038075],[126.66773782494586,37.27388354840103]]],[[[126.74061818796707,37.289004826445556],[126.74246466514818,37.287658751098675],[126.74538358956491,37.28798519216027],[126.74560784881494,37.287487483588976]]],[[[126.61493824316584,37.11967181942516],[126.61497383809336,37.1196648289291],[126.6153900756471,37.1196790768233],[126.61557820422613,37.11959372207278]]],[[[126.63880764574577,37.13948789544096],[126.63866187684258,37.13934649912511],[126.63827123298718,37.13934897701621],[126.63816564710375,37.13934970654948]]],[[[126.62464364318319,37.176873458121506],[126.62457089646675,37.17683235822067],[126.6244765621454,37.17683166119123],[126.62439550693429,37.17683894935958]]],[[[126.71893322393582,37.19442242405582],[126.7464613309041,37.16000063400451],[126.68254988196176,37.11178267837569],[126.68925710725122,37.16784379521867],[126.64983430285612,37.15401621562867],[126.65105680885321,37.19108673342916],[126.71893322393582,37.19442242405582]]],[[[126.89990363128334,37.19404073115911],[126.93804644106014,37.15700912610741],[126.87983078331644,37.09349459390715],[126.83840664429907,37.152584561000985],[126.86332733173724,37.201329046876324],[126.89990363128334,37.19404073115911]]],[[[126.87983078331644,37.09349459390715],[126.85310775280576,37.02000238905766],[126.80685368241353,37.01272366026244],[126.83361415355047,37.098819217070584],[126.8054960933244,37.14891014312663],[126.87983078331644,37.09349459390715]]],[[[126.99512804999782,37.07004808930581],[126.90491409371272,37.073637689690514],[127.0023398120118,37.12387742024854],[126.99512804999782,37.07004808930581]]],[[[126.9842175984551,37.195726780358086],[127.03563343269566,37.136019580557736],[126.9438731457111,37.15280189768171],[126.9842175984551,37.195726780358086]]],[[[127.09101567294364,37.16477925501155],[127.08895355840001,37.160524542726584],[127.08400274396953,37.16108370614944],[127.0838205058632,37.16084804457762]]],[[[127.05040747069674,37.196326586017896],[127.0499010944054,37.195978764186414],[127.04985225942855,37.19595979244593],[127.04974582077287,37.19591845513893]]],[[[127.04498933939965,37.233173413920106],[127.04480548225726,37.23251342447195],[127.04421804791195,37.228688822122784],[127.04428316298286,37.22869400155458]]],[[[127.03892188618156,37.210811962030434],[127.03933852421613,37.21027704096364],[127.039826319203,37.20965041564465],[127.04049930666456,37.20878542846707]]],[[[127.0513411696315,37.21087085211746],[127.05095955693778,37.21131679597766],[127.0505082954517,37.211807764386236],[127.04954088560723,37.21073225695158]]],[[[127.06667990835032,37.24014808570359],[127.06778404708177,37.239046779639736],[127.06798394822248,37.23883793366103],[127.06805168409994,37.238756500421175]]],[[[126.99758056517456,37.230232378401766],[127.00368395585323,37.229291369782516],[127.00809612297202,37.22784499164046],[127.00756943531317,37.22753167323309]]],[[[127.02262819268907,37.224897164093015],[127.02341157705472,37.22539427281861],[127.02409212557994,37.224118837294775],[127.02591250664298,37.22063771718785]]],[[[127.08347298241424,37.20047576427915],[127.08391589663096,37.199205077131474],[127.08390225663429,37.198097426298325],[127.08384555826612,37.19726342622892]]],[[[127.07558339692721,37.22589990688454],[127.07877569920811,37.22284877246504],[127.08191780568684,37.22015457062858],[127.08232467998782,37.21982812080007]]],[[[127.06437508597052,37.2120757921021],[127.06360553617003,37.212278948198474],[127.06352682681889,37.212235878483725],[127.06338428151456,37.212157607087754]]],[[[127.13795522139029,37.34117306428036],[127.14026643453045,37.342717800930025],[127.14195630653036,37.34389738171045],[127.14330877007586,37.345118806786004]]],[[[127.36239098438129,37.40642202092611],[127.28994274990156,37.34823371184321],[127.26862388181252,37.37903822460746],[127.30281786379136,37.44381325556548],[127.36239098438129,37.40642202092611]]],[[[127.44592026105894,37.363421628293246],[127.36835741973763,37.31490081825068],[127.30106001958612,37.351899044706194],[127.39718533811437,37.415730341529304],[127.44592026105894,37.363421628293246]]],[[[127.3635860332541,37.3158835667024],[127.33879971089392,37.27053918912106],[127.27596490255716,37.27360196036829],[127.28641755902235,37.34737671469185],[127.3635860332541,37.3158835667024]]],[[[127.38047987527717,37.48993935027654],[127.37933540147107,37.407131209451485],[127.26007405996104,37.461399137870785],[127.38047987527717,37.48993935027654]]],[[[127.3835896785573,37.50241849819006],[127.25367149969273,37.48497140133987],[127.32762646771577,37.53439016091243],[127.3835896785573,37.50241849819006]]],[[[127.26585036367607,37.41385852949058],[127.26424578756762,37.411886668754136],[127.26212595978431,37.411005976006436],[127.26205514058668,37.4097110824494]]],[[[127.25354171577888,37.43707906568681],[127.24419459744404,37.40763608627373],[127.19335894221092,37.42609698689695],[127.25354171577888,37.43707906568681]]],[[[127.21928458331321,37.378138187062305],[127.21876731608656,37.37971719770172],[127.22027832151592,37.38284811564255],[127.22194202556665,37.38522243804946]]],[[[127.02177488014834,37.827900948827015],[127.00210093119051,37.75140269662043],[126.92869340965667,37.75759073326544],[126.94148870070238,37.82431183339763],[127.02177488014834,37.827900948827015]]],[[[127.01004604364417,37.92757262710981],[127.05946162770375,37.87023361224167],[127.01995182768334,37.82768286614048],[126.9909284388196,37.84550262448637],[127.01004604364417,37.92757262710981]]],[[[126.97335568839246,37.94203426604021],[127.00119721046451,37.9356134574587],[126.99146876436353,37.85019169561167],[126.94599632321982,37.88846205776746],[126.97335568839246,37.94203426604021]]],[[[126.99146876436353,37.85019169561167],[127.01752135164735,37.83043326367316],[126.99349995059157,37.80727122060088],[126.94402041549172,37.82592259504712],[126.94615359492555,37.78735097147034],[126.90389467124947,37.79094941161407],[126.94728490580202,37.88599281573723],[126.99146876436353,37.85019169561167]]],[[[127.00210093119051,37.75140269662043],[127.00862503813086,37.684869471420576],[126.90805166764257,37.67026007440398],[126.9312623909926,37.75567212851535],[127.00210093119051,37.75140269662043]]],[[[127.05750340848712,37.801332423261],[127.06429346247386,37.76358815997275],[126.99615150284973,37.76884835915395],[127.02663874049476,37.81517383900322],[127.05750340848712,37.801332423261]]],[[[127.1198262403528,37.809690096078235],[127.06393007328718,37.76385266284548],[127.06734191319948,37.81106941939212],[127.1198262403528,37.809690096078235]]],[[[127.08787787049752,37.872078270750535],[127.09146640088963,37.87120978058801],[127.0959776820183,37.867395929373124],[127.09766044394237,37.86671103975238]]],[[[127.06443982545325,37.831876754108265],[127.06203018566598,37.801672753951024],[127.02177488014834,37.827900948827015],[127.05492395086357,37.856345447879875],[127.06443982545325,37.831876754108265]]],[[[127.0736008686622,37.84180662846336],[127.073630522243,37.840945088722336],[127.07452104715577,37.840674148953056],[127.07551460182708,37.83965942384102]]],[[[127.0748226562552,37.827921866177476],[127.07615230718244,37.82746645956753],[127.07817038982947,37.82642601724811],[127.07964256102763,37.82586337515063]]],[[[127.15555401448415,37.838403932032236],[127.19199673359248,37.80010926062382],[127.16625631459223,37.752942866020845],[127.10434295102165,37.7796703467051],[127.15555401448415,37.838403932032236]]],[[[127.25918422097244,37.84950344040127],[127.18423911831793,37.87079875090481],[127.24776414388894,37.91750443798154],[127.25918422097244,37.84950344040127]]],[[[127.28036268236994,37.85543489454788],[127.25972576839244,37.768400739149236],[127.18090554893648,37.76309516194946],[127.28036268236994,37.85543489454788]]],[[[127.25181220040055,37.843800862507635],[127.19199673359248,37.80010926062382],[127.15546997523323,37.83660168092726],[127.18423911831793,37.87079875090481],[127.25181220040055,37.843800862507635]]],[[[127.14328730420118,37.99126182848662],[127.25899336372565,37.965417261340804],[127.24776414388894,37.91750443798154],[127.12089698081648,37.91702757330068],[127.09081243947863,37.98755072464265],[127.14328730420118,37.99126182848662]]],[[[127.18662363845847,38.064436539756514],[127.24146758757526,38.05084557493329],[127.19604144062839,38.015776271678945],[127.21963331240345,37.9540785185445],[127.11435597742941,38.039980614295956],[127.18662363845847,38.064436539756514]]],[[[127.23917501745495,38.048444366451754],[127.29589829609863,38.03656593574129],[127.28508965300588,37.95730210093775],[127.20061496966997,37.99839091082857],[127.23917501745495,38.048444366451754]]],[[[127.31035714263282,38.029100608011845],[127.38504385560881,37.982412605983754],[127.35689885440105,37.922060176571875],[127.28263335407321,37.91709406262432],[127.25567582595099,37.95242614332925],[127.30010526085584,37.96897104104868],[127.27544697837102,38.00879850092847],[127.31035714263282,38.029100608011845]]],[[[127.43056731236592,38.115281264381494],[127.44665862114408,38.0542279929282],[127.40649769016719,37.99162927412094],[127.30831936470638,38.00190431216729],[127.3509450054256,38.044697197420405],[127.3382083387864,38.10078389195828],[127.43056731236592,38.115281264381494]]],[[[127.33739004471947,38.08981567229383],[127.3509450054256,38.044697197420405],[127.31183311791473,38.028941874789865],[127.20442411550545,38.06768544268148],[127.26868474309254,38.125152770587604],[127.33739004471947,38.08981567229383]]],[[[127.28657787243627,38.18033508543072],[127.26814498332786,38.10867761182211],[127.18662363845847,38.064436539756514],[127.17937718266585,38.18465332788373],[127.22189093358902,38.13763007064966],[127.28657787243627,38.18033508543072]]],[[[127.25567582595099,37.95242614332925],[127.32899413853706,37.92203087704592],[127.32236218194573,37.87147582727931],[127.2586806059312,37.84951027789763],[127.25567582595099,37.95242614332925]]],[[[127.20928135194966,37.902801075535535],[127.18423911831793,37.87079875090481],[127.15340104999119,37.89054980181925],[127.20928135194966,37.902801075535535]]],[[[127.18423911831793,37.87079875090481],[127.15555401448415,37.838403932032236],[127.10886622140538,37.85893549052528],[127.18423911831793,37.87079875090481]]],[[[127.59900260945147,37.2510584315916],[127.64674175707854,37.17116095744541],[127.51754814726603,37.18213408598463],[127.54952562753938,37.264016618170714],[127.59900260945147,37.2510584315916]]],[[[127.74639733270124,37.22963235958411],[127.69205498596313,37.137625708874836],[127.62876285826114,37.15379586087151],[127.66967062495392,37.24119115975573],[127.74639733270124,37.22963235958411]]],[[[127.61995627471846,37.319788654770456],[127.59824405202264,37.25037727716039],[127.53736836209346,37.24662732097421],[127.56258675247257,37.361491811313925],[127.61995627471846,37.319788654770456]]],[[[127.56258675247257,37.361491811313925],[127.54272540967368,37.29475268435292],[127.47049352258136,37.3615159535646],[127.53909098886683,37.39142783362284],[127.56258675247257,37.361491811313925]]],[[[127.53695642392431,37.411310828932244],[127.4424563377744,37.358444301586474],[127.50800565566843,37.439810014472016],[127.53695642392431,37.411310828932244]]],[[[127.42645477068793,37.437744661157545],[127.50554748671546,37.43812230539852],[127.44592026105894,37.363421628293246],[127.39830889105122,37.41533357971125],[127.42645477068793,37.437744661157545]]],[[[127.64623823455142,37.40460550307141],[127.66365805221979,37.35007597505187],[127.61995627471846,37.319788654770456],[127.53574552890423,37.41036032888733],[127.64623823455142,37.40460550307141]]],[[[127.70779348223007,37.41066865875525],[127.73759727670638,37.31796244290445],[127.67959167446601,37.29374510975118],[127.64623823455142,37.40460550307141],[127.70779348223007,37.41066865875525]]],[[[127.75948478241624,37.36704394037488],[127.74639733270124,37.22963235958411],[127.69481448992134,37.229396998533026],[127.67747142494841,37.29292130126401],[127.73754591150191,37.31780936790435],[127.71981694581895,37.37108071371206],[127.75948478241624,37.36704394037488]]],[[[127.67747142494841,37.29292130126401],[127.68531309441346,37.24331756479108],[127.62063283579612,37.21997467463316],[127.63750318801652,37.30044702846953],[127.67747142494841,37.29292130126401]]],[[[127.63750318801652,37.30044702846953],[127.60258215650572,37.242818719390065],[127.59710847835068,37.28675855071815],[127.63750318801652,37.30044702846953]]],[[[127.66144853331274,37.346758484677636],[127.67747142494841,37.29292130126401],[127.61995627471846,37.319788654770456],[127.66144853331274,37.346758484677636]]],[[[127.17156448093188,38.121562971401566],[127.18662363845847,38.064436539756514],[127.05888229883995,38.061491656618465],[127.07685718099303,38.16968265967201],[127.17156448093188,38.121562971401566]]],[[[127.11422505265988,38.0560949132245],[127.08062060009252,38.05678207670124],[127.01259841670345,37.92819613256105],[126.97335568839246,37.94203426604021],[127.01704422262794,37.986928911972434],[126.98826339702873,38.009530773168706],[127.11422505265988,38.0560949132245]]],[[[127.05888229883995,38.061491656618465],[127.00989949521984,38.005164976214175],[127.00629219384153,38.08642347331061],[127.0511130723345,38.13674516861163],[127.05888229883995,38.061491656618465]]],[[[127.11435597742941,38.039980614295956],[127.14481802548235,37.991916514333326],[127.05325916400604,37.981338730967465],[127.08062060009252,38.05678207670124],[127.11435597742941,38.039980614295956]]],[[[127.01585861291642,38.05843820319554],[127.01080999668154,38.00527692098731],[126.92555189681119,38.02914132388591],[127.01585861291642,38.05843820319554]]],[[[126.8560695725988,38.09966091357722],[126.90470373297183,38.137892711102815],[127.02644972083166,38.12094608079766],[127.0025660741754,38.04957066473443],[126.8560695725988,38.09966091357722]]],[[[127.17937718266585,38.18465332788373],[127.14562594227397,38.112773542607066],[127.00799930376245,38.22611886894764],[127.10928347342096,38.29203792732757],[127.11270217821564,38.23803717662722],[127.15836147058523,38.23890408420614],[127.17937718266585,38.18465332788373]]],[[[126.98202763794984,38.2274611654325],[127.06849279470876,38.15489745086264],[126.96970533532985,38.106129098936094],[126.98202763794984,38.2274611654325]]],[[[126.87254005350819,38.01856307572189],[126.89345867710767,37.96803009712786],[126.80451096686137,37.970749998294856],[126.8318382035395,38.03374841982075],[126.87254005350819,38.01856307572189]]],[[[127.60759956798536,37.88985837892797],[127.52812258603554,37.83731724697696],[127.54439137623274,37.759541325608176],[127.50126302473362,37.718255606166736],[127.49139870663474,37.78383133493807],[127.41527055325422,37.81046461093223],[127.39873712376753,37.88845345175429],[127.60759956798536,37.88985837892797]]],[[[127.55986059362328,37.728512819109795],[127.56024678956815,37.58307587787476],[127.47472931254487,37.577246644222576],[127.41516113295094,37.72295707107409],[127.51603307618198,37.6967464197979],[127.55986059362328,37.728512819109795]]],[[[127.50730672950328,37.719672683308424],[127.41516113295094,37.72295707107409],[127.42706636640516,37.668161535537386],[127.37327728972767,37.647667942640446],[127.3534354562361,37.70382426773393],[127.4396058637594,37.80523504845391],[127.49139870663474,37.78383133493807],[127.50730672950328,37.719672683308424]]],[[[127.31210044654269,37.86611938251935],[127.34369912488353,37.80566848209017],[127.41644331741905,37.79869871984763],[127.41995566461493,37.749681499593365],[127.35545440472052,37.72368992399443],[127.266523837898,37.780450292744206],[127.31210044654269,37.86611938251935]]],[[[127.41437666217634,37.89885447410509],[127.42090302109969,37.80209526893685],[127.34369912488353,37.80566848209017],[127.31255452164541,37.86092882157278],[127.33097633275898,37.925907027292595],[127.39608748728683,37.94491770935286],[127.41437666217634,37.89885447410509]]],[[[127.53974106686961,38.00118093678474],[127.61376096988457,37.93938624574545],[127.60821944674133,37.890170880422666],[127.42826447954342,37.88658349715246],[127.37683260413878,37.952934126578675],[127.44565558352299,38.05098204376955],[127.47215844450999,38.006064222511974],[127.53974106686961,38.00118093678474]]],[[[127.55747870454603,37.46296272656942],[127.49931676514309,37.44630130766397],[127.45694400140601,37.50932061070891],[127.52784789066764,37.53352906644565],[127.55747870454603,37.46296272656942]]],[[[127.45604876152935,37.503183175253334],[127.50800565566843,37.439810014472016],[127.47923758211702,37.42351494322035],[127.42645477068793,37.437744661157545],[127.45604876152935,37.503183175253334]]],[[[127.44961329279836,37.506280141362815],[127.43130387418202,37.44055441802196],[127.3724651224478,37.444810659732084],[127.3835896785573,37.50241849819006],[127.44961329279836,37.506280141362815]]],[[[127.43526220001921,37.557147097814294],[127.40803435541225,37.49977990084227],[127.30598704575783,37.51946723258184],[127.33582573677681,37.58074189950793],[127.43526220001921,37.557147097814294]]],[[[127.47090725985504,37.59494721956718],[127.56508353955401,37.57717620084413],[127.42676842656638,37.50650252844246],[127.47090725985504,37.59494721956718]]],[[[127.47090725985504,37.59494721956718],[127.40880190967749,37.55294397350123],[127.33582573677681,37.58074189950793],[127.42814802810159,37.67154458324564],[127.47090725985504,37.59494721956718]]],[[[127.69615796002861,37.60048998888894],[127.68048763452586,37.489475487446484],[127.62901279031146,37.57154763809152],[127.56473725603634,37.57610611355355],[127.55898162627281,37.628449266439425],[127.60721939494087,37.651034674990285],[127.69615796002861,37.60048998888894]]],[[[127.84944404910682,37.55317710418489],[127.76486161799333,37.5027189477118],[127.67834856117055,37.53090316441339],[127.6973596417058,37.591587132202584],[127.84944404910682,37.55317710418489]]],[[[127.75936248977963,37.50365679332941],[127.80395435870858,37.42900567694624],[127.77779778784806,37.37119533935394],[127.70742317203722,37.37009360432551],[127.67219483887799,37.482173259455564],[127.69174765705762,37.516148201881556],[127.75936248977963,37.50365679332941]]],[[[127.64550193218783,37.502889875071965],[127.70203635742372,37.46371215174748],[127.68700200680493,37.39952964152345],[127.58548701717437,37.4287825777451],[127.64550193218783,37.502889875071965]]],[[[127.64550193218783,37.502889875071965],[127.58829619279376,37.447198993982056],[127.52794115597466,37.54084133516755],[127.60981936974133,37.58057495004966],[127.64550193218783,37.502889875071965]]],[[[127.55747870454603,37.46296272656942],[127.58649011668277,37.414634714508345],[127.50083166833554,37.447052832481795],[127.55747870454603,37.46296272656942]]],[[[127.21318416461884,37.55365873716121],[127.21035509930239,37.552356520621906],[127.21282624337442,37.551192598470436],[127.21283706263135,37.54929047328141]]],[[[127.17579207698006,37.48527851442624],[127.17578984302695,37.48520207974227],[127.17603375046762,37.48287920201944],[127.17558892452018,37.47814609731479]]],[[[127.1646152487135,37.469097701086106],[127.16152848914338,37.46694701182876],[127.15965576934502,37.46549155766489],[127.16083779960081,37.46432430462164]]],[[[127.02067671924755,37.264501184152486],[127.02307626652464,37.263906961259046],[127.02608889268416,37.26313707472398],[127.02934928316769,37.26228249007329]]],[[[127.17873186421609,37.48519373041981],[127.30281786379136,37.44381325556548],[127.19572052907094,37.44505918785409],[127.17873186421609,37.48519373041981]]],[[[127.07003539953409,37.25715279977698],[127.07128006929035,37.257406324089075],[127.07138638750855,37.25744082778839],[127.07166101990953,37.25753051820745]]],[[[126.80464424555693,37.29318333865403],[126.80825640411418,37.29347281752255],[126.81172538600889,37.29339547334421],[126.8146372309547,37.29280744855235]]],[[[127.08896314367269,37.21635856570277],[127.09052077967777,37.216762671497506],[127.09087945472784,37.21689855359366],[127.09105505839553,37.21696508056177]]],[[[127.09892058992234,37.20474996493321],[127.1034848931337,37.2043754077082],[127.10836906293213,37.20341594814416],[127.10980889025937,37.203323128488194]]],[[[126.71647595240353,37.37190346534954],[126.72322905280458,37.36797038654582],[126.72703339913033,37.37221590545746],[126.7341964791537,37.36807455266485]]],[[[127.05303293958856,37.245541792654784],[127.05688288760213,37.24565764964076],[127.05667006109955,37.24521712559479],[127.05637099834208,37.244893434685274]]],[[[127.11151380817074,37.180018959322176],[127.13383224261527,37.16486727671446],[127.09101567294364,37.16477925501155],[127.11151380817074,37.180018959322176]]],[[[126.63966594625147,37.64957509836766],[126.64111595408556,37.649824910872546],[126.64132969737872,37.64907372026482],[126.64228007008394,37.64807415150886]]],[[[127.136175312019,36.993372050045515],[127.13461838798128,36.99289657393613],[127.13059153155105,36.99326818912435],[127.12701246808068,37.00132367484909]]],[[[127.08895355840001,37.160524542726584],[127.09101567294364,37.16477925501155],[127.09656239844384,37.16479768834354],[127.0991860290107,37.1647955215188]]],[[[127.10533874409957,37.740803074444386],[127.10327177572394,37.742203418452625],[127.101550010528,37.743063390320316],[127.10043339726313,37.74176321933912]]],[[[127.09981230701213,37.27006941808218],[127.09933303150775,37.26973093198665],[127.09587594681635,37.270297202205484],[127.09211683121555,37.27099775445797]]],[[[127.12675855684623,37.26603242059482],[127.12537559828942,37.26463543523689],[127.12346061297332,37.26367158399747],[127.12164875297066,37.26418322091762]]],[[[127.15189028250315,37.2790923194001],[127.15326593068336,37.27863444531939],[127.1547075032337,37.27758622066198],[127.15749998181884,37.28037280299911]]],[[[127.1737026418841,37.2741256993214],[127.17165799599255,37.275577473778974],[127.17038178506083,37.27539151109989],[127.1692064200456,37.275259049513586]]],[[[127.14113212588735,37.51564465122405],[127.14466293981724,37.51554693704178],[127.14629311005663,37.5153300113358],[127.14761838060747,37.51516951011986]]],[[[127.26236864962992,37.40245272100383],[127.26277386220183,37.40351763691295],[127.26341666760099,37.40555069009472],[127.26356279252826,37.40672621883407]]],[[[127.25174453349331,37.41652217953665],[127.2530153578575,37.41738136779319],[127.25466400289852,37.41726528523352],[127.25506137371372,37.417943362661475]]],[[[127.23798184432574,37.381513977721234],[127.16835948132105,37.39490505057439],[127.21426588409254,37.42346994223243],[127.23798184432574,37.381513977721234]]],[[[126.92411514101259,37.331936012655945],[126.87275024046686,37.326214842888724],[126.89723786976528,37.35806727082639],[126.92411514101259,37.331936012655945]]],[[[126.94783680829823,37.33079162935364],[126.94498321933929,37.33101591686742],[126.94438260479859,37.331228360537175],[126.94374956646276,37.331775501697486]]],[[[126.92744512998748,37.33310888891191],[126.93150907946774,37.33439614241719],[126.93470344897541,37.33582261306482],[126.93656627203977,37.3350661215947]]],[[[126.73391317686983,37.891199008122925],[126.7563329463654,37.850657386639334],[126.65962111641913,37.839324352167324],[126.69217981196105,37.8684284346493],[126.67038387779681,37.95569988264043],[126.79640135844062,37.99369422547962],[126.83593890937223,37.9640341541065],[126.81167462334236,37.893692665618985],[126.73391317686983,37.891199008122925]]],[[[126.94479522572729,38.06070978571193],[126.92555189681119,38.02914132388591],[126.96993413889028,38.00495245796132],[126.94090539323933,37.98239391077789],[126.85237681383262,38.0350896711423],[126.86694940752719,38.08031858797679],[126.94479522572729,38.06070978571193]]],[[[126.7341964791537,37.36807455266485],[126.72703339913033,37.37221590545746],[126.72322905280458,37.36797038654582],[126.71647595240353,37.37190346534954]]],[[[127.17055636896745,37.22527539364159],[127.1701560448997,37.225647595450596],[127.1704979751881,37.22726078415903],[127.17169091581194,37.22934140176508]]],[[[127.14132417223757,37.3290757928241],[127.14085802826395,37.32893059634493],[127.13860947350373,37.32824166198981],[127.1375609235795,37.32830046272725]]],[[[127.08186133054967,37.30126726065535],[127.08156836598955,37.30160727011534],[127.08073670054975,37.3011082615445],[127.07981975142859,37.301988625871]]],[[[127.095108103919,37.00475175114094],[127.0958793112889,37.00512644715068],[127.09608840918051,37.00579378015222],[127.09697544690844,37.00619986877371]]],[[[127.06945180337735,37.027943559481116],[127.06921839648057,37.02913755438766],[127.06845014036791,37.035056807751225],[127.06793595952334,37.0370702907656]]],[[[127.06790276532018,37.02615865086966],[127.01320542502229,37.05590339638425],[127.05384893165798,37.06548331195716],[127.06790276532018,37.02615865086966]]],[[[127.08235007857411,36.998720084956155],[127.08077761085227,36.998130741877254],[127.07964943576786,36.99942898959814],[127.07693183046472,37.00152771832858]]],[[[127.08087839029324,36.995413385654274],[127.10089596055418,36.974405603279145],[127.04634864500423,36.994170916815015],[127.08087839029324,36.995413385654274]]],[[[127.07921715788159,36.99713085511059],[127.08077761085227,36.998130741877254],[127.08235007857411,36.998720084956155],[127.08258115874779,36.998978933998906]]],[[[126.89039129514236,37.43146244248586],[126.88858855489212,37.42820947216153],[126.88563563122628,37.42800814264967],[126.88304429348143,37.42638248150131]]],[[[127.04607516507325,37.75377495823746],[127.04743091306092,37.75147724310913],[127.04861647086194,37.75064023497232],[127.05000515147225,37.74965972490835]]],[[[126.88636131671231,37.6478781153139],[126.8858464123561,37.64898905222307],[126.8847436786194,37.651254660909366],[126.88505307125608,37.651964859376584]]],[[[126.8858464123561,37.64898905222307],[126.88636131671231,37.6478781153139],[126.88541688330292,37.647538969507906],[126.88506350140362,37.64741200252113]]],[[[126.84226585971915,37.619236565826824],[126.8427362767793,37.62056049545056],[126.84224166787888,37.62068858069741],[126.84217883291159,37.620819071749004]]],[[[126.7902680101869,37.68880601911062],[126.7896793856748,37.688322660752206],[126.78923257573884,37.68769848095391],[126.78726732523315,37.68660719360283]]],[[[126.7762467051871,37.694030623492324],[126.77597883860699,37.694061688897115],[126.77532057575985,37.694024935476946],[126.77275230819782,37.69356754143177]]],[[[126.72907938778185,37.68191212851011],[126.72906108188901,37.68723868256285],[126.72795234198927,37.690960340468386],[126.7283766701156,37.70393599838929]]],[[[127.23876315315135,37.359696578167814],[127.26391462120091,37.40217751696419],[127.28641755902235,37.34737671469185],[127.23876315315135,37.359696578167814]]],[[[127.19170961256933,37.34718425299487],[127.19220728812002,37.34786871130787],[127.19252046222206,37.34849009396722],[127.19223584335225,37.34888442165087]]],[[[127.1874555569972,37.36484817026434],[127.18706860087845,37.364574724916324],[127.18570421450362,37.3642141055769],[127.1840024707192,37.36395764413033]]],[[[126.7611099592967,37.71032227513478],[126.76787526738005,37.74763083772532],[126.79557983354394,37.73356126424819],[126.7611099592967,37.71032227513478]]],[[[126.72797867547429,37.707041486207956],[126.72661856229527,37.706778947710866],[126.72393000452843,37.70565737887461],[126.7228621957261,37.70498383816031]]],[[[126.73764447135378,37.735999986021035],[126.67654831891679,37.70008467370003],[126.67617415563828,37.75499986306866],[126.76224306288752,37.759647372310575],[126.73764447135378,37.735999986021035]]],[[[127.13255329650265,37.16818276975648],[127.11549304739418,37.18876648221808],[127.15545589464939,37.19773522795958],[127.13255329650265,37.16818276975648]]],[[[126.71202031561822,37.32229807163739],[126.70178109285449,37.32850676354001],[126.70317506537843,37.329935514839676],[126.70572423083622,37.33253292184918]]],[[[127.10626777523896,37.81566942969802],[127.073630522243,37.840945088722336],[127.10287005044195,37.86558632214773],[127.10626777523896,37.81566942969802]]],[[[127.06579602574914,37.1583997619603],[127.06292946476735,37.170549483381826],[127.06164169909844,37.173169129104124],[127.05996701628557,37.17496474983575]]],[[[127.07928031287224,37.128157786676354],[127.07911248631962,37.12975338856771],[127.0783725988051,37.13084753289983],[127.07836716586266,37.131826775499924]]],[[[126.77822206774202,37.49294467381762],[126.77721129318586,37.48879166511869],[126.77640625194661,37.4849930713871],[126.77484307774748,37.48516119064926]]],[[[126.78581571896652,37.497971175174094],[126.78680498425166,37.497954114663465],[126.78704065458777,37.499012791775215],[126.79050476344578,37.50169636332201]]],[[[126.76149732048492,37.496521560079024],[126.76077741333997,37.493388884919625],[126.76574910217498,37.49255842438744],[126.7644131009732,37.488477725251556]]],[[[126.7647217415464,37.512130783768406],[126.76397287160007,37.5082984792332],[126.76948655507567,37.50743208622628],[126.76922505087762,37.504004188544165]]],[[[126.74794608558855,37.48798582526161],[126.7479487108539,37.49727260985799],[126.75602874753937,37.497222922152716],[126.75351098755029,37.48760293946838],[126.74794608558855,37.48798582526161]]],[[[126.76461816439745,37.48671683592794],[126.76376005583803,37.48366706155317],[126.7640368398233,37.48049701808463],[126.7639036537436,37.47904735553307]]],[[[126.8020937377895,37.477748634560115],[126.80101182750532,37.4778238839245],[126.800219883916,37.47844571987485],[126.7983048447537,37.47831688878992]]],[[[126.80865801770064,37.484162041409114],[126.8112822199983,37.480351136184375],[126.81102588904176,37.48017343183137],[126.81109200747102,37.47832361355924]]],[[[126.81828730815717,37.521889055770416],[126.8180293065777,37.521540043540696],[126.81778742747505,37.521107914195326],[126.81753103217028,37.520920434793176]]],[[[126.7606752647558,37.535559183257924],[126.76277548536054,37.5347662877687],[126.76450906516963,37.533484907183926],[126.76458091727481,37.5311750738429]]],[[[126.78483997796772,37.49353737183004],[126.7844544449236,37.49190963093153],[126.78358330698863,37.487929852556036],[126.77721129318586,37.48879166511869]]],[[[126.7844544449236,37.49190963093153],[126.78883529988923,37.488568528148726],[126.7885674532884,37.48831239080214],[126.78879358627715,37.48778512412644]]],[[[126.78973758386738,37.48669438894278],[126.79010425902945,37.48689238110374],[126.7899544385678,37.48714600551694],[126.79014543021437,37.48773451805434]]],[[[126.79608285340944,37.489823570214746],[126.79518877654333,37.48966386008319],[126.79428651945324,37.488934057244705],[126.79301150059625,37.48865233036466]]],[[[126.7910804056476,37.506802293320945],[126.79021528785387,37.5063152146095],[126.78981726645323,37.506821870076294],[126.78540345330848,37.5057771543945]]],[[[126.79948449155218,37.492743706829884],[126.80108394945374,37.492498655781716],[126.80169730011711,37.49260017703499],[126.80228844952944,37.49244703928693]]],[[[126.81435947151455,37.49831427098729],[126.81336457937643,37.498444320311954],[126.81091308815414,37.497803523275174],[126.80964488280966,37.496758441383214]]],[[[126.81192315865415,37.485304652585015],[126.80918405573169,37.490764626408115],[126.80779115688735,37.489934161980116],[126.8068528056005,37.490437709885114]]],[[[126.76461816439745,37.48671683592794],[126.76529911782504,37.488326608314004],[126.7644131009732,37.488477725251556],[126.76574910217498,37.49255842438744]]],[[[126.7771164253501,37.50882996079887],[126.7749287150155,37.50886549844334],[126.77478807955718,37.50815980039461],[126.77143440006762,37.5093138861998]]],[[[126.77618935105497,37.50302897321957],[126.77761565747565,37.49782975156575],[126.7755548169345,37.49748429188044],[126.77179036361186,37.497970193900926]]],[[[126.7822682197366,37.50278882591816],[126.78034721126099,37.502545329808854],[126.77618935105497,37.50302897321957],[126.76922505087762,37.504004188544165]]],[[[126.767471649401,37.4957570172421],[126.76807443467027,37.49851501265436],[126.77124901607557,37.498045170580454],[126.77125225049414,37.497712351421335]]],[[[126.75828664668144,37.50537847735026],[126.75415340123062,37.505926593543286],[126.75091150859893,37.50571029144128],[126.74475959669907,37.50649342320302]]],[[[126.75602874753937,37.497222922152716],[126.7479487108539,37.49727260985799],[126.74794608558855,37.48798582526161],[126.74603579978987,37.48806378405939]]],[[[126.7743153508653,37.48518841706026],[126.77392730366788,37.47903106460068],[126.7731392978062,37.47922200772485],[126.77271266940365,37.47761391770849]]],[[[126.77994688146978,37.48459669981696],[126.77958750637018,37.48313811091411],[126.77836799995309,37.47710038649781],[126.77871379609913,37.476906709524236]]],[[[126.77807952739224,37.47181355690349],[126.77742836456328,37.47263066515298],[126.77790532665097,37.47412157427691],[126.77878625658887,37.47447937415831]]],[[[126.79978340553453,37.46417134670908],[126.79561852282183,37.47136998282313],[126.79560003268688,37.47857489804156],[126.7983048447537,37.47831688878992]]],[[[126.81590828327084,37.47399162347811],[126.81213927215269,37.46591669213198],[126.81165306159583,37.465365650990506],[126.81111737593022,37.46485347725405]]],[[[126.81475306932268,37.47466778953366],[126.81338055151814,37.47522389231015],[126.81303807674651,37.47506527048394],[126.81180812981317,37.47524411250121]]],[[[126.80698784826792,37.46201608412375],[126.81111737593022,37.46485347725405],[126.81165306159583,37.465365650990506],[126.81213927215269,37.46591669213198]]],[[[126.82555878046828,37.51984566665043],[126.82479483660066,37.51989024858084],[126.82454621700796,37.5202020870835],[126.82262192263235,37.520974216338615]]],[[[126.81042919807791,37.52185812002434],[126.81116079879436,37.52132397407527],[126.81138183869852,37.52134484181994],[126.81212516987246,37.52070307511833]]],[[[126.79440080024341,37.5358308630404],[126.79694769421121,37.52972759166417],[126.79818746694502,37.52859940136174],[126.79794457984515,37.5282846984789]]],[[[126.79694769421121,37.52972759166417],[126.798174259463,37.53000898916418],[126.8018157952125,37.52967815780745],[126.80486840870913,37.529226276709394]]],[[[126.80486314173841,37.521294489657315],[126.80486840870913,37.529226276709394],[126.8018157952125,37.52967815780745],[126.798174259463,37.53000898916418]]],[[[127.08071053882313,37.71129825831642],[127.08350848835875,37.71412852317006],[127.08545055324251,37.71484567732935],[127.08513160085636,37.7154504077372]]],[[[127.2111451875854,37.24129849296976],[127.22582811337682,37.26661764813944],[127.24665238431884,37.23864059753415],[127.2111451875854,37.24129849296976]]],[[[126.9707676931577,37.416312180825095],[126.9736964085328,37.41776195489714],[126.97424265894233,37.418278572643345],[126.97645764555864,37.418772343474195]]],[[[126.99140574935484,37.41776385296711],[126.98793726596831,37.41756740238841],[126.98693413140244,37.41730595938466],[126.98636801393239,37.416910298932]]]]}},{"type":"Feature","properties":{"regionCode":"51","name":"강원특별자치도"},"geometry":{"type":"MultiPolygon","coordinates":[[[[127.7936286849204,37.99232512841076],[127.82012582576525,37.94908632874323],[127.74381647391246,37.916905166203456],[127.66755565196216,37.96828749775724],[127.7936286849204,37.99232512841076]]],[[[127.95555570171075,37.87102370773274],[127.93200112359376,37.82674484612178],[127.89115081452505,37.86281942078243],[127.8484629015005,37.83544827796788],[127.74381647391246,37.916905166203456],[127.82012582576525,37.94908632874323],[127.95555570171075,37.87102370773274]]],[[[127.82530264655259,37.81045741856954],[127.8572294505504,37.767879564688734],[127.83088620177548,37.7398206913868],[127.7129138701939,37.742865731932845],[127.74552693624003,37.81219822459444],[127.82530264655259,37.81045741856954]]],[[[127.74760767877336,37.84203202670312],[127.7189392766047,37.762931319689194],[127.64601258745051,37.81227852844125],[127.74760767877336,37.84203202670312]]],[[[127.82256508135887,37.84577096260373],[127.82530264655259,37.81045741856954],[127.74531161910268,37.812582386250774],[127.76811053211807,37.868461764007556],[127.82256508135887,37.84577096260373]]],[[[127.64162711892052,37.69195443518267],[127.50764819246342,37.73069651765021],[127.59366423715072,37.787372377512796],[127.67158701072273,37.76015093888473],[127.64162711892052,37.69195443518267]]],[[[127.66990901353574,37.82453632500614],[127.64689534138526,37.8105659421221],[127.73066991810269,37.735234011112865],[127.67820962740205,37.695152327622395],[127.64143850557676,37.68269964100786],[127.67158701072273,37.76015093888473],[127.59366423715072,37.787372377512796],[127.53688828493794,37.73937094437693],[127.53409893776815,37.8429765363622],[127.66990901353574,37.82453632500614]]],[[[127.67044879372206,37.96970243842749],[127.71990504232731,37.926490910501855],[127.6737642940922,37.82732576353709],[127.54932006245474,37.846854206154774],[127.60616906288816,37.877142649548055],[127.62964824025964,37.99184209504924],[127.67044879372206,37.96970243842749]]],[[[127.7475812729534,38.03713317185943],[127.7754980200482,38.01425480282394],[127.75226704486421,37.976267356663314],[127.54432614845655,37.968120546960535],[127.56766612078995,38.08432212010379],[127.652435723241,38.02431951213848],[127.7475812729534,38.03713317185943]]],[[[127.90360691887965,38.05089760007235],[127.9362860172485,38.01433247017213],[127.95471343360748,38.03972158528564],[128.0293723172199,38.01433654681302],[127.98315765236285,37.99055937101096],[127.95617414830053,37.87106380688447],[127.79607856674218,37.959685931787774],[127.85299814548794,38.051261279098355],[127.90360691887965,38.05089760007235]]],[[[127.74073015484225,37.88054218534025],[127.7356051161655,37.87756322375176],[127.73458370125172,37.87877552018725],[127.7337089687239,37.8790969353609]]],[[[127.7356051161655,37.87756322375176],[127.73479068884103,37.87653290290944],[127.73338893806931,37.875149066726586],[127.73104222560418,37.87462437550391]]],[[[127.72764588390929,37.880513126772016],[127.72757177001087,37.87963480791297],[127.72839400284933,37.8783629462816],[127.72924142203195,37.87796600227007]]],[[[127.73608157154744,37.894469104322745],[127.73552079346445,37.891501087079924],[127.73436750398882,37.889059832044296],[127.73434323754847,37.88888458911166]]],[[[127.73436750398882,37.889059832044296],[127.73654032321924,37.88737959731262],[127.73490598054262,37.88646896233331],[127.73400746484815,37.885444775758245]]],[[[127.75265829227304,37.88364453649429],[127.74779211604444,37.88204450636775],[127.74192206553768,37.87938843396877],[127.74073015484225,37.88054218534025]]],[[[127.75265001189022,37.870343626617505],[127.75169237705356,37.87043789045809],[127.75120523359581,37.87138043863248],[127.75107011248744,37.87160696226571]]],[[[127.76418490037976,37.871338679640886],[127.76355260021127,37.87132763164142],[127.76292143671839,37.87142010367888],[127.76270479587447,37.87144604378844]]],[[[127.73338893806931,37.875149066726586],[127.73344511240106,37.8751184983794],[127.73378317040759,37.87492461433289],[127.73416257767622,37.874705889968084]]],[[[127.75169237705356,37.87043789045809],[127.75265001189022,37.870343626617505],[127.75270260381886,37.86995001359324],[127.75265824076638,37.86838166266479]]],[[[127.74192206553768,37.87938843396877],[127.74361085247648,37.87702006882718],[127.74410630360269,37.87696468027567],[127.7452055202896,37.87677095033427]]],[[[127.76418490037976,37.871338679640886],[127.76474950832731,37.87047468892522],[127.76483770127965,37.87041155948676],[127.76498502660036,37.870340232913996]]],[[[127.72629983685103,37.868156586957035],[127.73563704147297,37.86256631469561],[127.73572305384646,37.86250507883527],[127.73582445806,37.8624292081723]]],[[[127.720646459146,37.870697286142516],[127.71629959542672,37.83670116398392],[127.67578969594693,37.841405537588045],[127.720646459146,37.870697286142516]]],[[[127.74381647391246,37.916905166203456],[127.72562572911178,37.895185216576245],[127.71441664977694,37.93871426994664],[127.74381647391246,37.916905166203456]]],[[[127.863860157198,37.33210283385356],[127.88513496026252,37.244559738299415],[127.83816855803035,37.20699456155891],[127.78727972916707,37.27440458461322],[127.75732388417106,37.26482047082919],[127.75929301209295,37.35985676399336],[127.863860157198,37.33210283385356]]],[[[128.0373393967251,37.447909608968835],[128.09782663514844,37.406879798820945],[128.04231963563507,37.34692567271865],[127.94211093091607,37.40951793541307],[127.9767068285331,37.45865298797069],[128.0373393967251,37.447909608968835]]],[[[127.92168741854233,37.36294338798657],[127.91915128102178,37.36177700660249],[127.9189579336834,37.361662116472495],[127.91785789722611,37.35969997905158]]],[[[127.96431271052198,37.45033648056199],[127.92590119156453,37.39042962142484],[127.87302127520869,37.38852527500209],[127.86697997765373,37.447861350065914],[127.92681839336517,37.505811665336815],[127.96431271052198,37.45033648056199]]],[[[127.86952006833734,37.407729957281354],[127.91456359643604,37.384542462860125],[127.86376097555085,37.33206113416897],[127.75948478241624,37.36704394037488],[127.81447347087679,37.44262691359096],[127.86952006833734,37.407729957281354]]],[[[127.83816855803035,37.20699456155891],[127.82557942623531,37.152532352624036],[127.7678426463843,37.157345702019356],[127.75732388417106,37.26482047082919],[127.78727972916707,37.27440458461322],[127.83816855803035,37.20699456155891]]],[[[127.88513496026252,37.244559738299415],[127.93356996727411,37.17597231818705],[127.82506525499656,37.1522061678145],[127.88513496026252,37.244559738299415]]],[[[127.9102369104237,37.338531536643835],[127.92129035109753,37.22574591370968],[127.85992852863072,37.277708360620295],[127.86631557923202,37.33646776605559],[127.9102369104237,37.338531536643835]]],[[[128.05184218653972,37.31529410287684],[128.03838416494725,37.25033318078285],[127.93885603294913,37.2407085626912],[127.93619028464212,37.32492137930535],[127.98000784704347,37.290966460907676],[128.05184218653972,37.31529410287684]]],[[[128.1141396857209,37.30202901774631],[128.21754690521203,37.27763977514836],[128.16417240616437,37.21328177386784],[128.12681726033955,37.23471360853306],[128.03676466771714,37.18969392043941],[128.05184218653972,37.31529410287684],[128.1141396857209,37.30202901774631]]],[[[127.95017321484619,37.3638513297008],[127.95042231238631,37.36210320367273],[127.95179594885813,37.35786736918482],[127.9538911804288,37.353179634398636]]],[[[127.95544127693265,37.3476135794291],[127.95604115560621,37.34591806198595],[127.9548184712695,37.344258010600484],[127.95241298943773,37.34449397160289]]],[[[127.96544269080681,37.340213682137225],[127.96542140921166,37.33991329248172],[127.96472583987183,37.337603453779224],[127.96431075979469,37.33762822923319]]],[[[127.9548184712695,37.344258010600484],[127.95493941896645,37.3436912183651],[127.95508298114537,37.34269589445391],[127.9542290773557,37.34099072756902]]],[[[127.94723324571956,37.33244142313503],[127.94619698023958,37.33057363110792],[127.94590095777474,37.33004006154661],[127.94543184113815,37.32928408250087]]],[[[127.96472583987183,37.337603453779224],[127.96459090679862,37.337191566469215],[127.96448172907019,37.336867217596065],[127.96295906906677,37.33637215331888]]],[[[127.9464529711,37.35272754970068],[127.94647320050497,37.35269818745277],[127.94689483466615,37.352086319198385],[127.94768746129233,37.351047513386526]]],[[[127.9464529711,37.35272754970068],[127.945690953325,37.352733634824546],[127.94396399858023,37.35172922887774],[127.94357387456151,37.35157775127581]]],[[[127.94003053662163,37.36069542196874],[127.94014437412848,37.360122787387816],[127.94015488493916,37.36001294024191],[127.94014901466122,37.35975375194848]]],[[[127.94542374044887,37.377787907757465],[127.94435123864443,37.37524793168568],[127.94413081468507,37.37397977986201],[127.94392159293082,37.37298449849013]]],[[[127.97109654662813,37.37781182055749],[127.97679971245472,37.37356878819407],[127.97639931261261,37.3735281000606],[127.97610449107303,37.37340671791348]]],[[[127.97109654662813,37.37781182055749],[127.9677280893202,37.37773392516141],[127.96655424542223,37.37812776664006],[127.96590022953994,37.37825002350925]]],[[[127.99984324127524,37.359000230001335],[127.9994151696131,37.35840666910276],[127.996030423168,37.35472799794233],[127.99434029183504,37.35309404044116]]],[[[128.04231963563507,37.34692567271865],[128.04315664798585,37.345958670017794],[128.04211906708258,37.34196045595459],[128.0414373556831,37.340053916423706]]],[[[127.93799586443272,37.33995360210479],[127.93950567128215,37.33861760853563],[127.93910896723972,37.338413999535646],[127.93826881248911,37.33738321158126]]],[[[128.02417956777205,37.32567037096797],[127.95992779402599,37.2982127238301],[127.96544269080681,37.340213682137225],[128.02417956777205,37.32567037096797]]],[[[128.83726168999104,37.87674997756688],[128.66189200246822,37.872925840440224],[128.81003080555067,37.918337597179296],[128.83726168999104,37.87674997756688]]],[[[128.83877912430128,37.78741766683913],[128.85299865154838,37.67674932305117],[128.76390984104447,37.680100552513856],[128.7421627257745,37.741600338267425],[128.83877912430128,37.78741766683913]]],[[[128.85299865154838,37.67674932305117],[128.90521028969832,37.61756811664362],[128.8479389422793,37.514998297650756],[128.66865239628032,37.56080574203921],[128.76388316065024,37.68086988258918],[128.85299865154838,37.67674932305117]]],[[[128.88349107380446,37.72727731758177],[128.9457844287542,37.709826704444865],[128.894620565737,37.65511548335928],[128.83723638286548,37.71993017841037],[128.88349107380446,37.72727731758177]]],[[[129.0567497222786,37.65954891567676],[128.8872105602477,37.63078407539414],[128.96632377453207,37.75587338838046],[129.0567497222786,37.65954891567676]]],[[[129.0567497222786,37.65954891567676],[129.04675879844675,37.54639785809836],[128.90566185477977,37.55251178200135],[128.8968641512723,37.613483644005676],[129.0567497222786,37.65954891567676]]],[[[128.89152164941387,37.81932576815801],[128.81440849954691,37.75815483373847],[128.71330723798923,37.76213095219618],[128.81070341646534,37.84191959919849],[128.89152164941387,37.81932576815801]]],[[[128.66686220219526,37.88578240183472],[128.86144251095018,37.85329725171777],[128.71330723798923,37.76213095219618],[128.60237648887863,37.769343404224315],[128.58785083959236,37.861883063260194],[128.66686220219526,37.88578240183472]]],[[[128.89033014884882,37.756433112341306],[128.89028720058957,37.75554736825131],[128.88996864207994,37.75406834983212],[128.88842099626683,37.751550301430996]]],[[[128.9039012608476,37.75396509106377],[128.9023985196554,37.75277927077237],[128.90077849536297,37.751510001026084],[128.89775353982796,37.74985085663998]]],[[[128.9071973083117,37.75772435395331],[128.9039012608476,37.75396509106377],[128.90242178473443,37.75455215992483],[128.9000108361962,37.75537165543962]]],[[[128.89164919275947,37.757346023428944],[128.89033014884882,37.756433112341306],[128.8900968207266,37.7565765735124],[128.88987314253873,37.75667700599034]]],[[[128.89601594797534,37.78071574164825],[128.8964288552861,37.77983095331452],[128.89933646464013,37.773955392238605],[128.900599074793,37.7708568110947]]],[[[128.91907083311537,37.77013302921292],[128.92057524477525,37.76868996975235],[128.92076408312573,37.768454153998505],[128.91940119865063,37.76782496872517]]],[[[128.91990395660855,37.782939922351815],[128.9184122104775,37.779706091589894],[128.9180231131205,37.77888875774635],[128.91798262486114,37.77880372053603]]],[[[128.91576324301056,37.79907792334523],[128.91770484223133,37.7968888391348],[128.9184005587287,37.7962162067954],[128.9185968543838,37.796028108437476]]],[[[128.95166709923436,37.7688717449026],[128.95101471812464,37.769032561470446],[128.94578557735898,37.7703213749048],[128.9436396631592,37.770550440707446]]],[[[128.89316859603755,37.74833196160711],[128.89313999205345,37.747352199712495],[128.89340998591373,37.74591425159177],[128.89336749880422,37.74470635853874]]],[[[128.95341302016251,37.75084827369059],[128.93314150412584,37.716878792415514],[128.88352599004844,37.72705783268948],[128.95341302016251,37.75084827369059]]],[[[128.95166709923436,37.7688717449026],[128.95149382457254,37.768789856832115],[128.9515757455461,37.76822016440002],[128.95184911938244,37.7677102208751]]],[[[128.91576324301056,37.79907792334523],[128.87049885628406,37.75810683111167],[128.83877912430128,37.78741766683913],[128.91576324301056,37.79907792334523]]],[[[129.11474711216144,37.53614355616437],[129.11650239862718,37.53438082231654],[129.12174018320243,37.529387721270496],[129.1247836756354,37.52581489265963]]],[[[129.14218223757655,37.49216539489303],[129.13591910807133,37.48819894209567],[129.13380897379062,37.487627021384704],[129.12550567698253,37.48537609148615]]],[[[129.11572154159617,37.512170318112226],[129.0494804256497,37.45652877840371],[129.07672119152915,37.5138599847644],[129.11572154159617,37.512170318112226]]],[[[129.10177484679738,37.53943407432548],[129.10211901019562,37.53932249401935],[129.10281907734895,37.53920023121964],[129.1029560628174,37.539188631354975]]],[[[129.10240512396996,37.54998166620944],[129.10281396421175,37.549269298561605],[129.1047511500072,37.54822170910969],[129.10617246222478,37.54745293136842]]],[[[129.11258122188445,37.54980607594895],[129.11224187758464,37.549350437002246],[129.11230961316807,37.54820436081415],[129.11253397589627,37.54442801096525]]],[[[129.11258122188445,37.54980607594895],[129.11054161525647,37.55247213528846],[129.10878345883557,37.55596401965244],[129.108469604963,37.556263376645646]]],[[[129.1600003477274,37.476741345063935],[129.15929446685783,37.47660999379631],[129.15782967635178,37.475801475541495],[129.15502081429995,37.473994793896026]]],[[[129.11150379368044,37.581598911343846],[129.04590801469388,37.54593331495536],[129.05521407309487,37.597454857798674],[129.11150379368044,37.581598911343846]]],[[[129.04590801469388,37.54593331495536],[129.0757322160845,37.48184253252692],[129.0045383295433,37.426571747731586],[128.95907530236383,37.444103835999336],[128.99058409958388,37.48451243393207],[128.968877283577,37.53043530634512],[129.04590801469388,37.54593331495536]]],[[[129.00553589136288,37.15857248217153],[129.00170692170875,37.1599381414427],[129.0002069390323,37.16046996693146],[128.99253333585682,37.16318826786828]]],[[[128.99762358663887,37.21297008710705],[129.08940164414952,37.14297000184692],[129.0211709667378,37.11957529021569],[128.97518428402913,37.18786945664949],[128.99762358663887,37.21297008710705]]],[[[129.01844665093918,37.303285820382534],[129.0107003047367,37.22098828903112],[128.9718492611604,37.20431519129723],[128.9918651218682,37.17293794080306],[128.91761327779113,37.16110138851596],[128.94367114435707,37.30607830015082],[129.0065949899551,37.3458561850777],[129.01844665093918,37.303285820382534]]],[[[128.9804294448491,37.17079914442507],[128.99332154836006,37.13445546261205],[128.91783457404975,37.16110295174972],[128.9804294448491,37.17079914442507]]],[[[129.023030682912,37.119046208535416],[129.09579552619093,37.100461449573395],[129.06009196785598,37.0647910020896],[128.99521615662303,37.0812229698105],[129.023030682912,37.119046208535416]]],[[[129.01201329703554,37.109729151534005],[129.01206068780112,37.107796613526574],[129.01189662628263,37.10369074137599],[129.01249140165467,37.10355780963887]]],[[[129.09364515334786,37.10494835794976],[129.0229529058083,37.13065043425685],[129.09081768528574,37.14370218321478],[129.09364515334786,37.10494835794976]]],[[[129.00213935799246,37.148557146585645],[129.01201329703554,37.109729151534005],[128.8763031063668,37.073261044102026],[128.91761327779113,37.16110138851596],[129.00213935799246,37.148557146585645]]],[[[128.60116032660164,38.21410444626606],[128.60116862133535,38.2134948821601],[128.60086037372974,38.21340409189225],[128.59992424319123,38.21322994570071]]],[[[128.60116032660164,38.21410444626606],[128.60149081720235,38.214441852455344],[128.60179967035947,38.21467706625523],[128.60194265742822,38.214705049617955]]],[[[128.5839112278652,38.21192610985906],[128.58384942086212,38.211374362968996],[128.58841193074105,38.2077917846408],[128.58846952939038,38.20774770454816]]],[[[128.58862632893644,38.20052039034391],[128.58456926677172,38.19963120266443],[128.58480020744045,38.19862039978537],[128.58441103364964,38.196415518357675]]],[[[128.57221650513205,38.20886930851499],[128.56355914382806,38.17390990835104],[128.49087342840332,38.19148241790319],[128.57221650513205,38.20886930851499]]],[[[128.60172157608685,38.180903831218096],[128.60064307053977,38.18203719208516],[128.59952339622188,38.18204834161653],[128.59892631927104,38.181919061781464]]],[[[128.6061654184498,38.18786122220344],[128.60570428079407,38.18728785887782],[128.6052230328191,38.186658681059534],[128.60287906908255,38.18355734584649]]],[[[128.49087342840332,38.19148241790319],[128.61517161633435,38.18082808639012],[128.46537748651357,38.11948821008657],[128.4198210581941,38.177562090497894],[128.49087342840332,38.19148241790319]]],[[[129.10285852181346,37.29502521464644],[129.16511278521008,37.18484223905347],[129.01683017213682,37.181388786635964],[129.0054390061355,37.2923142686662],[129.10285852181346,37.29502521464644]]],[[[129.36409557005865,37.14636173194536],[129.23112648796717,37.07688124069386],[129.23811522244876,37.15660720641058],[129.16909415196383,37.203534647929494],[129.32170242694067,37.28295123760406],[129.36409557005865,37.14636173194536]]],[[[129.1972510025614,37.41846177034547],[129.26045905259005,37.38056720345921],[129.3122939803769,37.25798666170063],[129.23444648410995,37.2268492318617],[129.2175067172205,37.287768995106816],[129.16866222416309,37.306420329293715],[129.20129567150656,37.32867424775483],[129.1643045877841,37.38360868344965],[129.1972510025614,37.41846177034547]]],[[[128.9576199957539,37.44676402694436],[129.0045383295433,37.426571747731586],[129.01470255981235,37.353629110211244],[128.94367114435707,37.30607830015082],[128.9081741100604,37.21636510750269],[128.84895821140685,37.355606745861415],[128.90297050377052,37.43751492348295],[128.9576199957539,37.44676402694436]]],[[[129.1643045877841,37.38360868344965],[129.20134785247942,37.33101746235414],[129.1657319512662,37.31182491399567],[129.22856550360166,37.24793974984846],[129.16837827467862,37.20344228508829],[129.11923354460535,37.23624116438042],[129.0995304305033,37.36044108275819],[129.1643045877841,37.38360868344965]]],[[[129.07484010213253,37.456136527758176],[129.13717862296247,37.38644358140024],[129.01335053073214,37.36056777992273],[129.00062533976418,37.422182419250966],[129.07484010213253,37.456136527758176]]],[[[129.23112648796717,37.07688124069386],[129.2385907334837,37.038975485379915],[129.18543934239165,37.042087201580976],[129.09579552619093,37.100461449573395],[129.08923844558643,37.16449577639002],[129.16909415196383,37.203534647929494],[129.22246064826007,37.18660137135629],[129.23112648796717,37.07688124069386]]],[[[129.10014697463183,37.35922851937996],[129.10070338119516,37.293921826088955],[128.99778677897916,37.31951317713011],[129.01335053073214,37.36056777992273],[129.10014697463183,37.35922851937996]]],[[[129.1707638167353,37.4417273943861],[129.1972510025614,37.41846177034547],[129.15419029001345,37.37774070080619],[129.1357205227402,37.40726025967229],[129.1707638167353,37.4417273943861]]],[[[129.13488548835298,37.45315898557961],[129.1710201927933,37.44731207148855],[129.13761078345803,37.407526871184025],[129.07484010213253,37.456136527758176],[129.13488548835298,37.45315898557961]]],[[[129.18981947799242,37.449239257598556],[129.13488548835298,37.45315898557961],[129.1600003477274,37.476741345063935],[129.18981947799242,37.449239257598556]]],[[[129.19252246138186,37.432183618190216],[129.19065906989616,37.432957357500655],[129.1875289714621,37.43185774566152],[129.18564909307892,37.431552168558895]]],[[[127.96535284316171,37.70743310584254],[127.89367174431827,37.67661906794957],[127.91558103329801,37.60016420998962],[127.80003955049372,37.63386298245219],[127.89373443177233,37.74518132901739],[127.96535284316171,37.70743310584254]]],[[[127.96110535880094,37.86572830793564],[127.9684510163868,37.81186956679709],[128.1065878667613,37.75409036060864],[128.11352117855927,37.70906587625608],[127.9716316307205,37.702167458131576],[127.90397688099078,37.74856732620055],[127.85466042350664,37.83462676585026],[127.89115081452505,37.86281942078243],[127.93200112359376,37.82674484612178],[127.96110535880094,37.86572830793564]]],[[[128.15637387090922,37.895211690341704],[128.00629238695115,37.809603901122216],[128.02280299732467,37.78374079075256],[127.96830383144282,37.812144588701216],[127.99343788136817,37.94267409533597],[128.15637387090922,37.895211690341704]]],[[[128.18454912236672,37.830578584918634],[128.18850891716582,37.78489276615561],[128.127164284487,37.73269586340022],[128.00188802952724,37.80291639726202],[128.15637387090922,37.895211690341704],[128.18454912236672,37.830578584918634]]],[[[128.21438742345393,37.8120590446648],[128.31841676038482,37.730000488585866],[128.24783596661132,37.625137510339734],[128.09257288150897,37.69822605346654],[128.18845304026422,37.78480214180958],[128.18454912236672,37.830578584918634],[128.21438742345393,37.8120590446648]]],[[[128.09257288150897,37.69822605346654],[128.11194405477033,37.65364410515931],[128.01920990050337,37.61329738943292],[127.97160811695625,37.638169862384444],[127.92660990641214,37.60446853741582],[127.89731140282419,37.64082023977089],[127.92678190228487,37.70651914159786],[128.09257288150897,37.69822605346654]]],[[[127.79691642375938,37.654000860048164],[127.89265629622142,37.59691308325591],[127.8716793749382,37.55649840082731],[127.69793809885931,37.5915782965698],[127.75187925390225,37.69438595630944],[127.79691642375938,37.654000860048164]]],[[[127.64162711892052,37.69195443518267],[127.71964647766765,37.706564468036596],[127.69695737566867,37.60085102182167],[127.53522891647377,37.646372516736],[127.56721484581419,37.73265067869615],[127.60835622229067,37.67603284983871],[127.64162711892052,37.69195443518267]]],[[[127.85466042350664,37.83462676585026],[127.90235506964841,37.76833083551607],[127.87421364257767,37.68965983704275],[127.79640451237577,37.653993303457405],[127.75858770337916,37.695963131831476],[127.71817906122016,37.65625895671115],[127.69855522431084,37.71673369813325],[127.84132666070745,37.74634204744772],[127.81437404824327,37.83879269815497],[127.85466042350664,37.83462676585026]]],[[[128.56689912041114,37.875673261051155],[128.58257037141675,37.82097825139126],[128.5282930784697,37.73254439670462],[128.457533165978,37.73056666097831],[128.43532537894998,37.69228725654325],[128.32280606736788,37.688090852544995],[128.30766276422702,37.748610586372294],[128.21771249590645,37.78722645339156],[128.29213918346133,37.86956502542428],[128.3455538963884,37.82531268844478],[128.41255047068108,37.88487144867718],[128.56689912041114,37.875673261051155]]],[[[128.04745479117892,37.51663702236519],[128.0373393967251,37.447909608968835],[127.95119076306803,37.45478067500707],[127.92850352356064,37.5068230186112],[128.02354985382675,37.546738998037405],[128.04745479117892,37.51663702236519]]],[[[128.13970416345393,37.52139198362284],[128.16105248065895,37.48553569064284],[128.12065651188593,37.47193874419317],[128.1134704386788,37.407065409321625],[128.0373393967251,37.447909608968835],[128.05086080900472,37.51972612550839],[128.13970416345393,37.52139198362284]]],[[[128.15135560948022,37.477057970505186],[128.2456117927579,37.45469840007871],[128.26563673266682,37.40799083238937],[128.1048215352283,37.39434857266307],[128.15135560948022,37.477057970505186]]],[[[128.2992072193343,37.51157523718221],[128.2009679898484,37.44881270700426],[128.13805359193577,37.51874297461318],[128.1848658627917,37.50768428552613],[128.2547745250973,37.62946143504075],[128.2992072193343,37.51157523718221]]],[[[128.10151610509686,37.65058815326247],[128.11384033701123,37.57382481656375],[128.19352468992062,37.53618232381256],[128.1848658627917,37.50768428552613],[128.01404033328026,37.54268047608098],[128.0523866906714,37.630962539732046],[128.10151610509686,37.65058815326247]]],[[[128.25345365273932,37.62772659757675],[128.25886604295508,37.586441670664264],[128.19212673855543,37.532864664444496],[128.11412850657408,37.573464911728976],[128.09760790764187,37.64421833593243],[128.1366269699731,37.68111131507933],[128.25345365273932,37.62772659757675]]],[[[128.0523866906714,37.630962539732046],[127.98614018696234,37.50566257235206],[127.87198665068577,37.55676396323891],[127.97142078286498,37.63811271274332],[128.0523866906714,37.630962539732046]]],[[[127.87198665068577,37.55676396323891],[127.93208780271614,37.51387991971605],[127.85146267029583,37.39447640474145],[127.75936248977963,37.50365679332941],[127.87198665068577,37.55676396323891]]],[[[128.0969712038529,37.406080433486764],[128.1797618909725,37.380651511384166],[128.1721069069909,37.32257830674277],[128.04479018475652,37.321167157956204],[128.0969712038529,37.406080433486764]]],[[[128.57487048040022,37.26899233790032],[128.58919660875648,37.16313173297837],[128.4508418513214,37.11242103565744],[128.4301788538437,37.20660766283111],[128.49939840995808,37.28865697502414],[128.57487048040022,37.26899233790032]]],[[[128.89917202554474,37.14793724808775],[128.86717097854827,37.10901490503443],[128.89616512309843,37.044897631836406],[128.70774585990947,37.11620777373615],[128.82056540873526,37.17684275170319],[128.89917202554474,37.14793724808775]]],[[[128.74764751172233,37.21123283343297],[128.82056540873526,37.17684275170319],[128.70774585990947,37.11620777373615],[128.63055635716677,37.13245437502841],[128.57387024112913,37.2112986949191],[128.64671391339226,37.18261426941757],[128.74764751172233,37.21123283343297]]],[[[128.45286717867165,37.33465767354986],[128.50155126910403,37.28948223949048],[128.4378006114391,37.20472343220484],[128.3551251290136,37.27031910070798],[128.4087037873582,37.29433056085228],[128.41106347357038,37.33866092366673],[128.45286717867165,37.33465767354986]]],[[[128.43102685658147,37.20715774632605],[128.4451603901707,37.107387999052435],[128.38437070368178,37.15818443043261],[128.29778549009188,37.133796604854545],[128.26469243426646,37.16029050774643],[128.37097002144668,37.18171031861551],[128.39787149970525,37.233607618063196],[128.43102685658147,37.20715774632605]]],[[[128.371766350326,37.29156916710481],[128.3026314990672,37.27620335928131],[128.2813052950246,37.209623208581206],[128.20123498291508,37.24881519687057],[128.1999346564274,37.30274007232216],[128.30245515200554,37.28926792661639],[128.29765016143375,37.38915092008818],[128.371766350326,37.29156916710481]]],[[[128.294224150244,37.40063145106733],[128.2962206851779,37.284228063213696],[128.11636546972224,37.28251949755976],[128.119632762628,37.32375776026935],[128.18617798824488,37.34103972858367],[128.18399585082722,37.39076823637674],[128.294224150244,37.40063145106733]]],[[[128.70774585990947,37.11620777373615],[128.77752326084774,37.08304157497488],[128.75189847212044,37.02847415456862],[128.4901473320019,37.12285317507805],[128.6010022063507,37.164579290648796],[128.70774585990947,37.11620777373615]]],[[[128.36016838533132,37.28108598074398],[128.39787149970525,37.233607618063196],[128.31691785097846,37.16237208403608],[128.30085748485226,37.27329395015636],[128.36016838533132,37.28108598074398]]],[[[128.5063768602479,37.41857991839774],[128.38056520571695,37.288932000227696],[128.3313295845085,37.30394353266337],[128.29356865673736,37.39678953705987],[128.5063768602479,37.41857991839774]]],[[[128.5845947517882,37.310512979955675],[128.57862181230877,37.26676016938134],[128.46467648428512,37.30657502068367],[128.466067311611,37.38608494400356],[128.5389488913501,37.39960225188024],[128.5845947517882,37.310512979955675]]],[[[128.2992072193343,37.51157523718221],[128.44869529087464,37.42791360567315],[128.26563673266682,37.40799083238937],[128.24350869104055,37.47981953102502],[128.2992072193343,37.51157523718221]]],[[[128.52430178129552,37.46355316924112],[128.51118258733658,37.42125159471705],[128.45651477675537,37.42571760959141],[128.34077918289782,37.499468851424325],[128.49776264976538,37.59032739716782],[128.49362627001614,37.483567664442255],[128.52430178129552,37.46355316924112]]],[[[128.43532537894998,37.69228725654325],[128.37300220843554,37.57916748260489],[128.3977057287728,37.52186318411298],[128.2992072193343,37.51157523718221],[128.2547745250973,37.62946143504075],[128.27985954725133,37.67209400553039],[128.31251472388564,37.703713404011275],[128.43532537894998,37.69228725654325]]],[[[128.48797111879344,37.73373651401261],[128.51683943269495,37.644714326519356],[128.41093852574207,37.5205561188738],[128.37300220843554,37.57916748260489],[128.48797111879344,37.73373651401261]]],[[[128.59891160385072,37.77411382092247],[128.58714842893608,37.66124099542452],[128.68399440133055,37.58975803262513],[128.64082947076562,37.54085649224218],[128.58978019254997,37.560520302151154],[128.55251597547831,37.45683308771805],[128.49362627001614,37.483567664442255],[128.5155105193286,37.54059586024554],[128.48653647144909,37.60973063371837],[128.5168472959989,37.64480156124352],[128.48797111879344,37.73373651401261],[128.5282930784697,37.73254439670462],[128.58257037141675,37.82097825139126],[128.59891160385072,37.77411382092247]]],[[[128.71330723798923,37.76213095219618],[128.7653253379548,37.67484121517742],[128.73654009477747,37.609991024989526],[128.63568061492006,37.60457435333254],[128.58714842893608,37.66124099542452],[128.6150457581096,37.69051572873177],[128.5974748775541,37.772040535076776],[128.71330723798923,37.76213095219618]]],[[[128.56324687759874,37.46129637150894],[128.63914621954225,37.40622621484793],[128.74539673274745,37.40531194848165],[128.7595758089481,37.36706553092048],[128.63765275375187,37.33907898727734],[128.6573315640155,37.28114832282035],[128.60728595993774,37.297292367182926],[128.5060799734253,37.41665781421481],[128.5141939125822,37.455995821414646],[128.56324687759874,37.46129637150894]]],[[[128.88272813150832,37.22659148687168],[128.9158623444908,37.21144347537863],[128.90926534176037,37.148146558292034],[128.8168188741609,37.18326358475311],[128.8333329606047,37.22407690896398],[128.88272813150832,37.22659148687168]]],[[[128.88272813150832,37.22659148687168],[128.8333329606047,37.22407690896398],[128.8168188741609,37.18326358475311],[128.763208070487,37.20851446422232],[128.82007203552575,37.28655402018844],[128.88272813150832,37.22659148687168]]],[[[128.6573315640155,37.28114832282035],[128.74764751172233,37.21123283343297],[128.6430329124162,37.18273871348826],[128.57914614911752,37.220409886696366],[128.5845947517882,37.310512979955675],[128.6573315640155,37.28114832282035]]],[[[128.7159647708376,37.33621954272687],[128.8117981789415,37.28265910600026],[128.763208070487,37.20851446422232],[128.65293234015982,37.27228874696867],[128.63765275375187,37.33907898727734],[128.7159647708376,37.33621954272687]]],[[[128.63517838518598,37.539449925703856],[128.72386541889063,37.408488583486076],[128.63914621954225,37.40622621484793],[128.56324687759874,37.46129637150894],[128.58978019254997,37.560520302151154],[128.62536966804302,37.57340076739957],[128.63517838518598,37.539449925703856]]],[[[128.97313755512909,37.533970013690826],[128.98782364521583,37.47505912371453],[128.90212904504332,37.436760516741984],[128.84120031018884,37.33986815526812],[128.76129696993482,37.477024249882355],[128.8479389422793,37.514998297650756],[128.88275593943618,37.59205292243385],[128.97313755512909,37.533970013690826]]],[[[128.84582136150203,37.33961877777526],[128.90611804810214,37.217604112157275],[128.7159647708376,37.33621954272687],[128.77121323142336,37.41698609783062],[128.82999878879394,37.4001226006046],[128.84582136150203,37.33961877777526]]],[[[128.67400031351036,37.55592782907631],[128.803825475767,37.529769756431335],[128.76235611936536,37.40873969383852],[128.63148210361794,37.53093893463774],[128.67400031351036,37.55592782907631]]],[[[127.24543950967109,38.33367464570249],[127.22199477268383,38.21168941022095],[127.17937718266585,38.18465332788373],[127.15836147058523,38.23890408420614],[127.11300460083339,38.23758900900871],[127.13213411136545,38.3135733258415],[127.24543950967109,38.33367464570249]]],[[[127.48748851942888,38.303713134260896],[127.39883998383301,38.208596682437935],[127.34997943195121,38.23385294972725],[127.36858568246542,38.3101614835936],[127.48748851942888,38.303713134260896]]],[[[127.36351575127284,38.30550037606421],[127.34997943195121,38.23385294972725],[127.40593514198042,38.1941737544138],[127.33739004471947,38.08981567229383],[127.27674056363806,38.125447758318415],[127.29999214925436,38.18810947108178],[127.25320307204764,38.23014527871883],[127.32795549871192,38.275673882311544],[127.29841463176447,38.316863078171785],[127.37343442025573,38.3347934926459],[127.36351575127284,38.30550037606421]]],[[[127.29841463176447,38.316863078171785],[127.32795549871192,38.275673882311544],[127.25320307204764,38.23014527871883],[127.29983943342692,38.18690867682861],[127.22189093358902,38.13763007064966],[127.18619903566639,38.17093644837414],[127.21050769614877,38.260375026996826],[127.24543950967109,38.33367464570249],[127.29841463176447,38.316863078171785]]],[[[127.45245171676335,38.31700832577464],[127.35319994588741,38.303695466975945],[127.38486306996423,38.33991926700215],[127.45245171676335,38.31700832577464]]],[[[127.44052329987353,38.12440489591633],[127.37826911673258,38.11775614444037],[127.37009813341254,38.15949539844119],[127.45070357381371,38.268258536650016],[127.44052329987353,38.12440489591633]]],[[[127.61015385132075,38.34047431016935],[127.49528821748763,38.13274710077649],[127.44130682980546,38.12307569732082],[127.45252539163063,38.28291802512384],[127.61015385132075,38.34047431016935]]],[[[127.81280368573752,38.32529003342633],[127.88317522005634,38.11889337956719],[127.78322897537585,38.10116967793383],[127.76730772691188,38.13077752268327],[127.74964639269766,38.08372714281083],[127.68643690990453,38.09393375947784],[127.66250890355352,38.148931106849744],[127.7289545201083,38.23003410348018],[127.66880801243937,38.330272676026716],[127.77754244178908,38.3537612755625],[127.81280368573752,38.32529003342633]]],[[[127.88317522005634,38.11889337956719],[127.91430719957748,38.057990537516645],[127.7936286849204,37.99232512841076],[127.72685758611988,38.09105133957956],[127.76730772691188,38.13077752268327],[127.78322897537585,38.10116967793383],[127.88317522005634,38.11889337956719]]],[[[127.67636535563436,38.11214446664064],[127.7475812729534,38.03713317185943],[127.652435723241,38.02431951213848],[127.55432434659339,38.10173973190629],[127.56579919497656,38.133491532785776],[127.67636535563436,38.11214446664064]]],[[[127.66880801243937,38.330272676026716],[127.7289545201083,38.23003410348018],[127.66250890355352,38.148931106849744],[127.68555606627666,38.114676851237704],[127.49229011105493,38.155729510905964],[127.59206260546873,38.26108129026025],[127.61015385132075,38.34047431016935],[127.66880801243937,38.330272676026716]]],[[[127.55872993969294,38.1270443432436],[127.56349764232544,38.02197539169352],[127.4613934752372,38.0128987776764],[127.43056731236592,38.115281264381494],[127.53910823306543,38.15635051697721],[127.55872993969294,38.1270443432436]]],[[[128.0081450671898,38.19719629075408],[128.0387470111775,38.13467168750313],[127.98159534979202,38.02878554244685],[127.90773960556942,38.02542280557671],[127.87486127645053,38.15907101530681],[128.0081450671898,38.19719629075408]]],[[[128.10110302329167,38.10265214360566],[128.11260758389923,38.03533675567527],[127.9887186107122,38.00495480094822],[128.02918582687124,38.1562378120783],[128.10511636916175,38.18525699913337],[128.10110302329167,38.10265214360566]]],[[[128.11507505939153,38.22453775650987],[128.02918582687124,38.1562378120783],[128.00878039238216,38.31823057352811],[128.08267184564627,38.32071665942225],[128.11507505939153,38.22453775650987]]],[[[127.83978243492224,38.2890932645341],[127.94222726507203,38.30638460562619],[128.0009585545831,38.27737856830919],[128.01307350140618,38.20582996236406],[127.88122178073877,38.166416887855924],[127.83978243492224,38.2890932645341]]],[[[128.11507505939153,38.22453775650987],[128.08267184564627,38.32071665942225],[128.12322925399542,38.34072030602788],[128.16533253168274,38.298327450310914],[128.11507505939153,38.22453775650987]]],[[[128.40424395082832,38.09581538270528],[128.4288580211222,38.00724214203234],[128.33558167091837,38.027021331035044],[128.19832019944076,37.968689692960815],[128.08638979194103,38.15186523640203],[128.112810336976,38.20301332470067],[128.18715254707055,38.110319522226746],[128.40424395082832,38.09581538270528]]],[[[128.21605715640885,37.96775624582778],[128.22083393993904,37.92975517178944],[128.17520581986773,37.94623034208581],[128.14479727359264,37.892924897804534],[127.97722927110964,37.95676716859583],[128.06101226412625,38.04720280371524],[128.11260758389923,38.03533675567527],[128.10110302329167,38.10265214360566],[128.21605715640885,37.96775624582778]]],[[[128.41760545787577,38.254360005297606],[128.46537748651357,38.11948821008657],[128.40424395082832,38.09581538270528],[128.18715254707055,38.110319522226746],[128.1119789455992,38.20339131016015],[128.25252440033177,38.179082321836674],[128.31904609993452,38.266106775932194],[128.41760545787577,38.254360005297606]]],[[[128.48172080074553,37.893111775154246],[128.4357393154387,37.864119085934895],[128.21605715640885,37.96775624582778],[128.3255327151146,38.02524436209824],[128.42407352197287,38.00466064813331],[128.42534773715306,38.04927014652073],[128.48620461011106,38.05356061713945],[128.51310587525722,38.0108696343829],[128.46634202613808,37.9494004708634],[128.48172080074553,37.893111775154246]]],[[[128.31904609993452,38.266106775932194],[128.25252440033177,38.179082321836674],[128.11397430286712,38.216787313250656],[128.16533253168274,38.298327450310914],[128.12322925399542,38.34072030602788],[128.2039516077689,38.3776663404672],[128.31086204105068,38.32920965255909],[128.31904609993452,38.266106775932194]]],[[[128.41255047068108,37.88487144867718],[128.34578123015083,37.82534503846607],[128.293720045416,37.86990886412548],[128.21250386305482,37.81170009279614],[128.1567315498097,37.908747990055744],[128.17446907833244,37.94586536534669],[128.24414015058886,37.95251406379448],[128.41255047068108,37.88487144867718]]],[[[128.47915615128449,38.40244248074806],[128.47934938965145,38.330585344653905],[128.3685904002316,38.235397043729726],[128.31904609993452,38.266106775932194],[128.31086204105068,38.32920965255909],[128.2039516077689,38.3776663404672],[128.2553492870879,38.41714914290325],[128.47915615128449,38.40244248074806]]],[[[128.47915615128449,38.40244248074806],[128.2553492870879,38.41714914290325],[128.29925144461131,38.46785351761642],[128.4395570905207,38.47910249109223],[128.47915615128449,38.40244248074806]]],[[[128.4395570905207,38.47910249109223],[128.29925144461131,38.46785351761642],[128.31744308968533,38.60735598062054],[128.3582050746235,38.61695208067501],[128.4395570905207,38.47910249109223]]],[[[128.5606264939245,38.291407806499336],[128.4306800147447,38.2890288543418],[128.50120343070776,38.3848572820868],[128.5606264939245,38.291407806499336]]],[[[128.5606264939245,38.291407806499336],[128.58936046287445,38.234606376436886],[128.4865305578343,38.18922208499741],[128.39962180359402,38.263047493321324],[128.5606264939245,38.291407806499336]]],[[[128.64524371312916,38.10791114822555],[128.6099639628209,38.04746480749571],[128.5255671984238,38.11174197202039],[128.64524371312916,38.10791114822555]]],[[[128.46537748651357,38.11948821008657],[128.61279961435747,38.06819749998714],[128.56689912041114,37.875673261051155],[128.47357266413198,37.90006609282564],[128.51282533281406,38.01254167442802],[128.40414050096163,38.09638215901699],[128.46537748651357,38.11948821008657]]],[[[128.7043818823511,38.03990362683439],[128.64024382770313,38.00041409503783],[128.6099639628209,38.04746480749571],[128.64524371312916,38.10791114822555],[128.7043818823511,38.03990362683439]]],[[[128.7445102085234,37.99425428274403],[128.6883022413527,37.89259868278797],[128.57371185740533,37.86460826741153],[128.6114968846775,38.01054214422749],[128.7043818823511,38.03990362683439],[128.7445102085234,37.99425428274403]]],[[[128.81003080555067,37.918337597179296],[128.6883022413527,37.89259868278797],[128.7445102085234,37.99425428274403],[128.81003080555067,37.918337597179296]]],[[[128.60908205208852,38.16105184217339],[128.61224482504878,38.1056962408308],[128.46641982557097,38.119284578062405],[128.60908205208852,38.16105184217339]]]]}},{"type":"Feature","properties":{"regionCode":"43","name":"충청북도"},"geometry":{"type":"MultiPolygon","coordinates":[[[[127.82663628414495,37.01030014090605],[127.77221737878902,36.933199517157526],[127.74562081951666,37.0166778399613],[127.82663628414495,37.01030014090605]]],[[[128.04338123313414,36.95185102517066],[128.07217160071926,36.91159138030143],[128.03850441312127,36.85979561388968],[128.0207881347806,36.8908244951469],[127.89692099230537,36.89316574670016],[127.93705729993688,36.93758809573032],[128.04338123313414,36.95185102517066]]],[[[128.03850441312127,36.85979561388968],[128.13379006011664,36.82866915973918],[128.01129744277972,36.80673287091882],[127.94929662683292,36.87313447161185],[128.0207881347806,36.8908244951469],[128.03850441312127,36.85979561388968]]],[[[127.75202387703963,37.019555145133644],[127.77718505314891,36.982906591848995],[127.74180870073351,36.952894692077905],[127.65102469488919,36.98288230799873],[127.66657397747441,37.03310785889157],[127.75202387703963,37.019555145133644]]],[[[127.82225457635187,37.06819771422914],[127.78675401190355,37.01837431227249],[127.67133915692666,37.03471762753443],[127.68726220498117,37.08091712730616],[127.82225457635187,37.06819771422914]]],[[[127.74791916960423,37.21667839805168],[127.82225457635187,37.06819771422914],[127.69231731719381,37.081387528502304],[127.74791916960423,37.21667839805168]]],[[[127.92648963412799,37.0589479176906],[127.88864251589254,36.99047448204112],[127.85821845494469,37.037827978856924],[127.92648963412799,37.0589479176906]]],[[[128.0807796958641,37.04871648276338],[128.0851087145773,36.95047955046872],[127.90738199491196,37.02906044666533],[127.95486323030981,37.06413628049374],[128.0807796958641,37.04871648276338]]],[[[128.07601730212136,37.08377436026056],[128.06533241567274,37.04367303494691],[127.92260951818284,37.07665656499889],[127.97063286192025,37.14226081202189],[128.07601730212136,37.08377436026056]]],[[[127.92622233592917,37.16517766895826],[127.97201277398403,37.146246553880246],[127.924895785999,37.05521050662396],[127.87825837281548,37.0775781979588],[127.92622233592917,37.16517766895826]]],[[[127.8993754324145,37.15005306962392],[127.87825837281548,37.0775781979588],[127.78951349052662,37.14440303109371],[127.8993754324145,37.15005306962392]]],[[[127.88552403904168,36.97443765388354],[127.87277107579868,36.930786725364484],[127.92501558052228,36.89915569403537],[127.80007808822995,36.94828435734233],[127.82663628414495,37.01030014090605],[127.88552403904168,36.97443765388354]]],[[[127.87825837281548,37.0775781979588],[127.88996730645901,36.9734374747013],[127.80869341895479,37.03214326777822],[127.83302916637548,37.086159289957315],[127.87825837281548,37.0775781979588]]],[[[127.93479457300882,36.973362171599135],[127.93512948952939,36.973206041218226],[127.93850228967692,36.97107825677243],[127.93844344256047,36.97084005943434]]],[[[128.02817407280017,36.96528905113999],[127.9347237290998,36.98080469609382],[127.97048543493965,37.01729050053062],[128.02817407280017,36.96528905113999]]],[[[127.9347237290998,36.98080469609382],[127.93537442715242,36.97846197632546],[127.93539220365057,36.97817374001296],[127.93541776965732,36.97775909335662]]],[[[127.9383182695117,36.96831656105405],[127.93975714587086,36.9671676380622],[127.94292461655631,36.96475510640804],[127.94309210713367,36.96398157709714]]],[[[127.92991654027388,36.971124230070025],[127.93015669254524,36.970592480417444],[127.93258040606946,36.968680686228765],[127.93304188303053,36.96820067623213]]],[[[127.92914740075838,36.97311766377573],[127.92991654027388,36.971124230070025],[127.92972991361879,36.97121672909635],[127.92936878539615,36.97125307278087]]],[[[127.92881902755985,36.96445459552474],[127.92873067230188,36.96424639857848],[127.92854590981864,36.963807542559884],[127.92877650579081,36.96350927407235]]],[[[127.91378981469829,36.96916832425162],[127.91078061475326,36.911116504289275],[127.87202052965343,36.93395277129396],[127.8795054855767,36.974297904813305],[127.91378981469829,36.96916832425162]]],[[[127.92255865235664,36.97979958946044],[127.9221698996174,36.97931595310351],[127.9218016881514,36.97875916094863],[127.92187811047222,36.97806941353483]]],[[[127.93672639432658,36.999221028426355],[127.9360868668499,36.9988054289888],[127.93454423363733,36.99709172606031],[127.93389509590554,36.99637056555864]]],[[[127.96940053443244,36.9916531079062],[127.96788147656818,36.99053322590818],[127.96571073763573,36.98872736366181],[127.96548492724615,36.98855572791587]]],[[[127.97048543493965,37.01729050053062],[127.97516299347852,36.99011784464484],[127.91187342286344,37.00246103290483],[127.97048543493965,37.01729050053062]]],[[[128.16671829474834,37.21492359629616],[128.1732488493798,37.09602389531949],[128.0858337390348,37.074787012312825],[128.04048152657165,37.188978568528896],[128.12647247761834,37.23464514417714],[128.16671829474834,37.21492359629616]]],[[[128.24399110113174,37.07563228538202],[128.22134945038619,37.02559025744025],[128.1062490988665,37.05181198380013],[128.22872379179057,37.11462691416604],[128.24399110113174,37.07563228538202]]],[[[128.11116518825287,37.0647192248593],[128.25726587912507,36.99922270857338],[128.11925546276842,36.95742475357747],[128.07607214487862,37.00253628130993],[128.08308237252865,37.07413068525329],[128.11116518825287,37.0647192248593]]],[[[128.25385537436532,36.99753352878728],[128.24247761803153,36.878470844479175],[128.13194385049368,36.95412759296687],[128.25385537436532,36.99753352878728]]],[[[128.24247761803153,36.878470844479175],[128.21698838374462,36.81305023270754],[128.16413102411482,36.820122502350046],[128.08922310298968,36.92065426338064],[128.14691504756405,36.93917646344624],[128.24247761803153,36.878470844479175]]],[[[128.13204021843393,36.95522751529452],[128.0878465793604,36.902937642965426],[128.13958784272822,36.83424285087646],[128.04108174950673,36.84899581489136],[128.07217160071926,36.91159138030143],[128.04338123313414,36.95185102517066],[128.0881170267942,36.951959840775054],[128.09434667331806,36.99422051750293],[128.13204021843393,36.95522751529452]]],[[[128.0190381738289,37.244398646077755],[128.07601730212136,37.08377436026056],[127.92622233592917,37.16517766895826],[127.92289748384621,37.22793746101268],[128.0190381738289,37.244398646077755]]],[[[128.30147888906703,37.21699126210132],[128.32971328843527,37.202151434368766],[128.24566801208277,37.14616968626717],[128.16671829474834,37.21492359629616],[128.20341714222943,37.24901059271122],[128.30147888906703,37.21699126210132]]],[[[128.24014237812116,37.14863194720474],[128.24061417488716,37.14634895753196],[128.23943665107402,37.142387784239716],[128.2379682383245,37.13908421753361]]],[[[128.20210655156527,37.15519877717828],[128.14721050726615,37.14718528633113],[128.19388230965745,37.18774187624029],[128.20210655156527,37.15519877717828]]],[[[128.2211137267881,37.15508898534104],[128.22116045417755,37.15418969882038],[128.21961801891894,37.15017329071719],[128.21994452799586,37.149620222943156]]],[[[128.2234192579439,37.12465498920227],[128.2248254689821,37.12497646054346],[128.22735887714148,37.120410974387845],[128.22753836301854,37.119967277915016]]],[[[128.2446690685491,37.15387988956833],[128.24458319060736,37.153120865446084],[128.24331570480973,37.15209810630189],[128.24228188799128,37.151503871707284]]],[[[128.21531861837158,37.14243258931338],[128.21404237522142,37.13856509974337],[128.2098208864677,37.134947168059576],[128.20759672828123,37.13232203630978]]],[[[128.22224251684386,37.13682122228615],[128.22337667137168,37.13586228911001],[128.22355665501152,37.13567329862997],[128.2235784042404,37.135641566296705]]],[[[128.20190273066945,37.141289175373046],[128.1744655083425,37.10302522387764],[128.14971525079147,37.129930053471185],[128.20190273066945,37.141289175373046]]],[[[128.27185295543484,37.151309806939366],[128.30964965831302,37.11149029679],[128.24239798614218,37.076226332569966],[128.22224251684386,37.13682122228615],[128.27185295543484,37.151309806939366]]],[[[127.58562627525205,36.683746036928255],[127.6466427985798,36.62780632207629],[127.61462329712282,36.57367563451188],[127.54529215335944,36.64761925642654],[127.58562627525205,36.683746036928255]]],[[[127.72894538382073,36.68262364455693],[127.70897551356632,36.65451587404764],[127.76980086174736,36.604117253785134],[127.7467790894785,36.58554336223236],[127.65365334084738,36.60047398791573],[127.58562627525205,36.683746036928255],[127.66492445038257,36.72977946954048],[127.72894538382073,36.68262364455693]]],[[[127.61462329712282,36.57367563451188],[127.50446629944335,36.532151461362325],[127.56166539121959,36.56500375031843],[127.55816191644992,36.626803252698046],[127.61462329712282,36.57367563451188]]],[[[127.50468574870932,36.55061172976405],[127.4740682647466,36.58104873321461],[127.55747654815903,36.6010704322971],[127.56166539121959,36.56500375031843],[127.50468574870932,36.55061172976405]]],[[[127.50468574870932,36.55061172976405],[127.57644863730826,36.490535795651006],[127.51004375707333,36.40311573909526],[127.4459567082481,36.51228038919123],[127.44739299222971,36.54770388334386],[127.50468574870932,36.55061172976405]]],[[[127.50606602073806,36.65011514619046],[127.5060853932997,36.64875860970939],[127.50450084681593,36.645517477117146],[127.50403741765756,36.64506132729024]]],[[[127.49373909181679,36.636423150018345],[127.49363083697534,36.636131841349886],[127.49353870312699,36.635851106216336],[127.49350902580927,36.635705719969295]]],[[[127.50361982639329,36.63169076340535],[127.50298351445271,36.6306068330383],[127.50292723186341,36.63051102401031],[127.50270430089896,36.63013179653387]]],[[[127.50951510522877,36.62123882740854],[127.51035064190697,36.62116244213263],[127.51044784764127,36.62113782088151],[127.51066437732904,36.6210829688302]]],[[[127.50951510522877,36.62123882740854],[127.50831362758716,36.62149272754863],[127.50718031551561,36.62154400285262],[127.50533325362012,36.62118412888555]]],[[[127.54274125074363,36.66876357879128],[127.54518827266314,36.667819928933675],[127.54678420447202,36.667416333444386],[127.54904579001077,36.66645924278488]]],[[[127.53756159745596,36.64528131697109],[127.53688265516176,36.643902199144556],[127.53676064354572,36.64175204884693],[127.5368182185525,36.64126148937153]]],[[[127.55816191644992,36.626803252698046],[127.50066584102608,36.58607815776358],[127.53756159745596,36.64528131697109],[127.55816191644992,36.626803252698046]]],[[[127.45444136187287,36.601604351797405],[127.48507693429667,36.54488134152084],[127.38348836569338,36.54200512793119],[127.401014714893,36.59604002673605],[127.45444136187287,36.601604351797405]]],[[[127.48341894832788,36.47780249879657],[127.40262059825754,36.45569317858438],[127.39754992790805,36.52104861021405],[127.45168554048578,36.5412511212856],[127.48341894832788,36.47780249879657]]],[[[127.48252703982764,36.64465605434361],[127.48255766586743,36.64459588931824],[127.48326951147908,36.64217563202222],[127.48360780277386,36.64102536112261]]],[[[127.4831359845287,36.629078963657015],[127.48154259299004,36.62951948309756],[127.47744525780114,36.63019048225919],[127.47249058383326,36.62949117968937]]],[[[127.46894467117424,36.63985958858694],[127.46891802762089,36.638767241327606],[127.46923810939981,36.635464569897664],[127.46933655096647,36.634906208985676]]],[[[127.4831359845287,36.629078963657015],[127.48358348593489,36.62868940444512],[127.4838459307521,36.62846094898258],[127.48402740879563,36.628345661755816]]],[[[127.47752930751295,36.61394197429306],[127.48045127907241,36.61436181029846],[127.48072445061538,36.614338188579666],[127.48166749861322,36.6142543048242]]],[[[127.49543245997717,36.61493283448556],[127.49574253285748,36.614696145930616],[127.49648931735264,36.61313888930179],[127.49658692899972,36.612935333939596]]],[[[127.49340759545451,36.62009710224372],[127.49461978536645,36.61586362150511],[127.49268481644677,36.61417360885702],[127.49245995403095,36.613979310426416]]],[[[127.47910193590096,36.62099355219297],[127.47854528255212,36.61977740823859],[127.47843719605953,36.6184033734462],[127.47827107949509,36.6155072644958]]],[[[127.46542431034935,36.62896752741559],[127.46861153523686,36.62848196786176],[127.47077769005419,36.62399071436937],[127.46717593567693,36.62270473319394]]],[[[127.35967125191777,36.63557432577882],[127.30161101266826,36.58212438160885],[127.27670647626819,36.63851629568177],[127.30507580726504,36.66802991769191],[127.35967125191777,36.63557432577882]]],[[[127.38984559311095,36.58533046411814],[127.32190413849074,36.58265394574923],[127.37692759645103,36.65193372267879],[127.40803024839502,36.629732016308566],[127.37313368317253,36.62790569792416],[127.38984559311095,36.58533046411814]]],[[[127.42828382027069,36.68304107113973],[127.35967125191777,36.63557432577882],[127.28562590652612,36.69093404883944],[127.3169724631989,36.72481578977743],[127.42828382027069,36.68304107113973]]],[[[127.47161358317634,36.65929063103029],[127.47570835014582,36.65416881935444],[127.47614905023077,36.65349298867802],[127.47670581394354,36.652856681687126]]],[[[127.43184882819779,36.64442733306189],[127.43511165071705,36.64427939022096],[127.43666931637547,36.64222632076922],[127.43885680703762,36.64027495285269]]],[[[127.45452316509899,36.63262524574387],[127.45301837946155,36.63261979917735],[127.45286610912689,36.63250813259201],[127.45112820627331,36.63102124124107]]],[[[127.43885522612437,36.63266492456178],[127.43846700964541,36.632305239478185],[127.43831096027836,36.63211343795286],[127.43822088827083,36.63200272600199]]],[[[127.46886139137796,36.6428477369613],[127.46894467117424,36.63985958858694],[127.4682072563441,36.639860105359205],[127.46695163510793,36.63986095002946]]],[[[127.46886139137796,36.6428477369613],[127.45758699414797,36.64324174463054],[127.45460700426544,36.643350610120926],[127.45454474354194,36.64335214597076]]],[[[127.42273885326628,36.64622451930762],[127.43411465742543,36.59937766075569],[127.36670744723759,36.59360745912289],[127.40803024839502,36.629732016308566],[127.37443278884223,36.658479627247424],[127.42273885326628,36.64622451930762]]],[[[127.46303232756196,36.66933295034073],[127.46503807215048,36.66645594222355],[127.4643873299297,36.66550165988552],[127.46363054787483,36.66007409371989]]],[[[127.61115831298673,36.72902733838011],[127.53269109943489,36.665865814936176],[127.48507144467789,36.71885225290595],[127.61115831298673,36.72902733838011]]],[[[127.50134390269096,36.763945428436415],[127.44314050605891,36.682878367456084],[127.3169724631989,36.72481578977743],[127.35882590631203,36.76068496868921],[127.50134390269096,36.763945428436415]]],[[[127.61115831298673,36.72902733838011],[127.47751323123862,36.72179942918866],[127.56421959196943,36.779621831455124],[127.61115831298673,36.72902733838011]]],[[[127.51230353107275,36.67422416599921],[127.44664347627686,36.68529526382475],[127.48588780226241,36.723562939777466],[127.51230353107275,36.67422416599921]]],[[[127.48892951662063,36.65240696142192],[127.48896672097632,36.65212429094461],[127.48962029270284,36.651925198436835],[127.4903525940595,36.65188100466313]]],[[[127.48892951662063,36.65240696142192],[127.48881410607608,36.65240153355185],[127.48771319899545,36.65234978740332],[127.48749736640828,36.65258578014692]]],[[[127.50454914208571,36.65314292657293],[127.50301662997394,36.65343836381874],[127.5002432073711,36.653255395446],[127.4994732979287,36.65312297022347]]],[[[127.51230353107275,36.67422416599921],[127.51571566512318,36.672538751417754],[127.51865089992822,36.671668584787476],[127.52424874392933,36.66907647640004]]],[[[127.76079265621178,36.53969276987733],[127.76933199999355,36.4725892448559],[127.70630191498755,36.44693625890257],[127.66271800315654,36.524825544707916],[127.76079265621178,36.53969276987733]]],[[[127.90676261289681,36.507528879206596],[127.86163072893868,36.4696601728609],[127.76079265621178,36.53969276987733],[127.85283949130175,36.57158442145148],[127.90676261289681,36.507528879206596]]],[[[127.77638971808219,36.50761364230505],[127.85768578360447,36.47145269137143],[127.76992445091769,36.456907177979886],[127.77638971808219,36.50761364230505]]],[[[127.85768578360447,36.47145269137143],[127.88195868413239,36.372971972446244],[127.76531436256067,36.39021579736562],[127.85768578360447,36.47145269137143]]],[[[127.76001877491119,36.46647142859931],[127.81993780887164,36.41640567563739],[127.77104490494423,36.402350438279896],[127.73476567034437,36.44830756687083],[127.76001877491119,36.46647142859931]]],[[[127.73594514144129,36.44623134625246],[127.76980270329942,36.417964440830076],[127.74737508612351,36.38590220703282],[127.7040651061939,36.414562588817],[127.73594514144129,36.44623134625246]]],[[[127.63367709853932,36.51284189563832],[127.70795841921557,36.482684864640184],[127.7040651061939,36.414562588817],[127.66528996297865,36.44506947167406],[127.61627178651825,36.42638230120756],[127.63367709853932,36.51284189563832]]],[[[127.61520137720787,36.449955499291114],[127.61160896486699,36.40326603801762],[127.51564627035904,36.422292619415785],[127.55623889386666,36.471809834277856],[127.61520137720787,36.449955499291114]]],[[[127.63367709853932,36.51284189563832],[127.63644032637615,36.46139781694039],[127.55813188211661,36.472135986244744],[127.58099125921366,36.5420990444893],[127.62814413148345,36.546896638463],[127.63367709853932,36.51284189563832]]],[[[127.69456722163936,36.58856036108617],[127.71597377518188,36.52980440827865],[127.64841972408573,36.498238131847074],[127.61141472643133,36.57008947021078],[127.64626395248227,36.60661209784211],[127.69456722163936,36.58856036108617]]],[[[127.79840808894663,36.602280805215834],[127.82080658605223,36.56393387180984],[127.74166185166698,36.53215918582689],[127.68471697148063,36.56489646853716],[127.7139349017785,36.60188320621545],[127.79840808894663,36.602280805215834]]],[[[127.64246267260715,36.35290684643628],[127.5680231930687,36.24769606254593],[127.5422768958222,36.31785633210742],[127.64246267260715,36.35290684643628]]],[[[127.68365737837627,36.31790695530802],[127.66705211401583,36.29496962598557],[127.71462611843943,36.26311154767989],[127.59501863839432,36.26144251573735],[127.59329626023775,36.31357614081717],[127.64246267260715,36.35290684643628],[127.68365737837627,36.31790695530802]]],[[[127.70818326974634,36.37955520320086],[127.69546801863424,36.31787037574159],[127.64580495099294,36.33683231399916],[127.66738427162912,36.386097763246624],[127.70818326974634,36.37955520320086]]],[[[127.7040651061939,36.414562588817],[127.7281362268654,36.3832202482643],[127.59621319672323,36.33741000035964],[127.63069433242572,36.38789915650041],[127.56958773909717,36.39677138950447],[127.64445776604894,36.445207703418276],[127.7040651061939,36.414562588817]]],[[[127.75732874255117,36.390117363425404],[127.78250182927339,36.29239610596028],[127.71365253180555,36.26428449515924],[127.66232087859498,36.30521539149929],[127.70883786822547,36.380822547771416],[127.75732874255117,36.390117363425404]]],[[[127.87963235719995,36.371506602822],[127.77833790470349,36.28990178302791],[127.75800591532035,36.39103166426603],[127.87963235719995,36.371506602822]]],[[[127.70167156299175,36.261356321469414],[127.65064598755279,36.22508157020909],[127.65047573647443,36.17073648906758],[127.56605707930045,36.24238172055615],[127.70167156299175,36.261356321469414]]],[[[127.5421279182539,36.31666783811918],[127.5704099439528,36.23289769192419],[127.49276503953664,36.23809225998161],[127.48899984494847,36.30083743036127],[127.5421279182539,36.31666783811918]]],[[[127.59578561433281,36.33742753623924],[127.4947615257004,36.311686775112626],[127.53915877834955,36.3971916455765],[127.63069433242572,36.38789915650041],[127.59578561433281,36.33742753623924]]],[[[127.8422725154204,36.2260786079375],[127.88309388818313,36.16450135868026],[127.82340267413139,36.09821029583656],[127.73362358782764,36.17480346403385],[127.75455571107807,36.22454482842415],[127.8422725154204,36.2260786079375]]],[[[127.84495130687378,36.316264998410446],[127.84511759266121,36.2309201707144],[127.80091342916111,36.204472054320235],[127.73299251328261,36.26274715098203],[127.84495130687378,36.316264998410446]]],[[[127.96861184826216,36.25038655929712],[127.88317079705398,36.16899868545833],[127.83561775723781,36.23613288722407],[127.90509215193288,36.302378775098674],[127.96861184826216,36.25038655929712]]],[[[128.0118672142043,36.27143710319261],[128.06295971248986,36.19922069210288],[127.9563098972607,36.1930435528517],[127.93923235537702,36.2143171314852],[128.0118672142043,36.27143710319261]]],[[[127.9392157077098,36.21064859322264],[127.99685400771071,36.1552158884297],[127.97410234219345,36.12061380047978],[127.90774195604065,36.182244252825754],[127.9392157077098,36.21064859322264]]],[[[127.90774195604065,36.182244252825754],[127.96687252405948,36.11825241622749],[127.9613862261557,36.06838914288329],[127.86532455538837,36.02506560389939],[127.81883003174336,36.09109375890496],[127.90774195604065,36.182244252825754]]],[[[127.73514992966112,36.168113179522955],[127.81549049315217,36.13312781263477],[127.82003896864713,36.07084704149705],[127.69285386519729,36.11802963434322],[127.6813879358541,36.16357395695611],[127.73514992966112,36.168113179522955]]],[[[127.82217829851396,36.073952779710126],[127.8493727972915,36.03966341499098],[127.7878526799305,36.01424896298777],[127.69504760855627,36.04638371151022],[127.82217829851396,36.073952779710126]]],[[[127.76311255518603,36.0799986313491],[127.66542815683724,36.036766266238885],[127.61789716962049,36.10511850810301],[127.7145942727613,36.12490587023076],[127.76311255518603,36.0799986313491]]],[[[127.65470636062501,36.17726756042645],[127.69391840037943,36.155488311966984],[127.6884671743231,36.109917075018934],[127.60385365739546,36.11710010685178],[127.59544633891312,36.1821473626698],[127.65470636062501,36.17726756042645]]],[[[127.73049926729573,36.27211405235067],[127.76419775136436,36.23357131476591],[127.73372389166269,36.166208051397554],[127.65470636062501,36.17726756042645],[127.65064598755279,36.22508157020909],[127.73049926729573,36.27211405235067]]],[[[127.4723528195108,36.88323892268983],[127.48511605202681,36.847079466983054],[127.41301557365192,36.801158748651105],[127.33298592931318,36.83148131762554],[127.39928817088665,36.88704539124393],[127.4723528195108,36.88323892268983]]],[[[127.51135299237683,36.930897666543146],[127.55499612156198,36.89646026206682],[127.5035795880719,36.86179137483307],[127.47198914369875,36.882417252487926],[127.48329351450624,36.936987946725985],[127.51135299237683,36.930897666543146]]],[[[127.58179436282772,36.876517673316904],[127.53706817783309,36.80793299551741],[127.56421959196943,36.779621831455124],[127.50134390269096,36.763945428436415],[127.48225825096597,36.85119629321976],[127.58179436282772,36.876517673316904]]],[[[127.48511605202681,36.847079466983054],[127.50195222925579,36.77970829797716],[127.4271392897808,36.7507462556794],[127.40101124968045,36.79909149081051],[127.48511605202681,36.847079466983054]]],[[[127.37549500023763,36.94818434728433],[127.41128498675582,36.89505165200903],[127.38398935818536,36.8552405806159],[127.30734848468741,36.85966715808868],[127.29566485063054,36.92889073046906],[127.37549500023763,36.94818434728433]]],[[[127.39659867733265,36.963985109449155],[127.48135086736556,36.933675665902726],[127.4723528195108,36.88323892268983],[127.40731882221539,36.87967183469705],[127.39659867733265,36.963985109449155]]],[[[127.44670427543596,37.01103156441478],[127.42931218120364,36.9391141497848],[127.38494041690119,36.98440059965861],[127.44670427543596,37.01103156441478]]],[[[127.85076918289373,36.84343404175165],[127.86033645938353,36.80264268089474],[127.74394447135501,36.81981967911488],[127.7813235844569,36.82750401292853],[127.77177856913477,36.87130050318856],[127.85076918289373,36.84343404175165]]],[[[127.87818036089043,36.8808337875377],[127.92943688882453,36.83437143070556],[127.9063444551914,36.80045110139768],[127.8398389816599,36.82973539378205],[127.87818036089043,36.8808337875377]]],[[[127.94929662683292,36.87313447161185],[127.98331658128791,36.817544062282636],[127.93389955482573,36.77222490439731],[127.89510885291291,36.79830448919532],[127.9158868281646,36.86547943222579],[127.87704908667207,36.88717963816425],[127.94929662683292,36.87313447161185]]],[[[128.05955609408224,36.81680372242911],[128.03237670562388,36.74796934014038],[128.07132459910594,36.707293125745984],[127.94496529916334,36.744654336290445],[127.93496613804223,36.785123073985766],[127.97521985603322,36.81231448480669],[128.05955609408224,36.81680372242911]]],[[[127.89973624308382,36.80645197913542],[127.94873395026039,36.70543817273845],[127.8272648538264,36.72379928906302],[127.8212611486402,36.80459913181534],[127.89973624308382,36.80645197913542]]],[[[127.81244113895782,36.7927192668169],[127.8272648538264,36.72379928906302],[127.71836989029447,36.75733933552213],[127.74394447135501,36.81981967911488],[127.81244113895782,36.7927192668169]]],[[[127.8272648538264,36.72379928906302],[127.93166668616641,36.706324874873374],[127.87696230868409,36.68054051580658],[127.93231911165631,36.6651520956636],[127.92386792307082,36.60523755867826],[127.87978099900091,36.65756294715064],[127.80112175722249,36.60196905996863],[127.70897551356632,36.65451587404764],[127.7441167726954,36.6927548296663],[127.73304510191822,36.752955807868744],[127.8272648538264,36.72379928906302]]],[[[127.71958674161928,36.77364683863336],[127.7357103382629,36.68170416547878],[127.63914713210072,36.73232468494139],[127.6208870553957,36.78727969577333],[127.71958674161928,36.77364683863336]]],[[[127.67786214028594,36.85079300759673],[127.74197409564634,36.8187100726062],[127.72254420676366,36.77492014632478],[127.63420540245939,36.80712406653904],[127.64203362018411,36.855425082711655],[127.67786214028594,36.85079300759673]]],[[[127.71700485197435,36.87721633273737],[127.76460782020581,36.87635540817819],[127.7813235844569,36.82750401292853],[127.68277773287444,36.82163871697822],[127.71700485197435,36.87721633273737]]],[[[127.88095348644661,36.89011130001142],[127.84805374725366,36.84016366745784],[127.7662254568789,36.87476639748416],[127.7991735114603,36.94746877610831],[127.88095348644661,36.89011130001142]]],[[[127.65101475160353,36.98376627996596],[127.73138236958762,36.9269746058789],[127.5998903650183,36.897940664895515],[127.582193900927,36.940495441923204],[127.65101475160353,36.98376627996596]]],[[[127.56240827898972,37.044608138634686],[127.64053377729232,37.0046786931528],[127.60204268629568,36.938037478641824],[127.51517861478077,36.98867051182777],[127.53569872156,37.05357225277336],[127.56240827898972,37.044608138634686]]],[[[127.74784885710659,36.96092042765299],[127.78872722170374,36.93723378347338],[127.78739683760467,36.88059853076882],[127.71638566621274,36.878408046667275],[127.71637009967756,36.9584437448007],[127.74784885710659,36.96092042765299]]],[[[127.71229612265037,36.90797684548599],[127.67786214028594,36.85079300759673],[127.57515233903601,36.85780894632341],[127.59330128366263,36.90323261250137],[127.71229612265037,36.90797684548599]]],[[[127.58511549721919,36.94305246625983],[127.58179436282772,36.876517673316904],[127.51135299237683,36.930897666543146],[127.58511549721919,36.94305246625983]]],[[[127.52394987167338,36.97839404298141],[127.51180539009538,36.9308370060047],[127.44685861232817,36.95097472822924],[127.45018100128735,36.99389313524726],[127.52394987167338,36.97839404298141]]],[[[127.53569872156,37.05357225277336],[127.52193830205489,36.975991346822745],[127.44998111805003,36.99416853061034],[127.46803673152135,37.0529979060048],[127.53569872156,37.05357225277336]]],[[[127.60424777466373,37.06858844892875],[127.67136161715347,37.04028146994369],[127.65101475160353,36.98376627996596],[127.55163408899604,37.02881369467732],[127.60424777466373,37.06858844892875]]],[[[127.69543493224323,37.14044900028081],[127.7227226953138,37.11473878002321],[127.68577454462297,37.04718968212354],[127.60424777466373,37.06858844892875],[127.62876285826114,37.15379586087151],[127.69543493224323,37.14044900028081]]],[[[128.47712720947928,36.957540942850706],[128.41807619394496,36.9241402147352],[128.3241003879812,36.94476930658279],[128.3537559210455,37.00767921443485],[128.47712720947928,36.957540942850706]]],[[[128.29430913306308,37.09789418897753],[128.3537559210455,37.00767921443485],[128.31488155265689,36.97921006940963],[128.24889636624897,37.07106027318426],[128.27334840174362,37.11729739295767],[128.29430913306308,37.09789418897753]]],[[[128.34944175768965,36.9312335312385],[128.30857495542114,36.82873774250777],[128.2419196703263,36.87279485620436],[128.24562659130464,36.944054149708336],[128.34944175768965,36.9312335312385]]],[[[128.44186829018182,36.92790034504325],[128.4251605012336,36.81512382568217],[128.3164531171431,36.81674245124185],[128.3475409225637,36.9303295050646],[128.44186829018182,36.92790034504325]]],[[[128.5144905684291,36.986809960180544],[128.4449217813325,36.96509646314482],[128.34325671617233,37.036862446259796],[128.45687308552024,37.07063289534886],[128.5144905684291,36.986809960180544]]],[[[128.4508418513214,37.11242103565744],[128.65222772050285,37.06545686450225],[128.5144905684291,36.986809960180544],[128.45808604599685,37.070003569259356],[128.40764500806335,37.05426529642659],[128.3598002418304,37.150042658779185],[128.4508418513214,37.11242103565744]]],[[[128.3598002418304,37.150042658779185],[128.40624707662718,37.060305867878554],[128.3486503124046,37.04092214811976],[128.29430913306308,37.09789418897753],[128.31089584645864,37.1450295681945],[128.3598002418304,37.150042658779185]]],[[[128.24945382068702,37.07506390161916],[128.30247656736813,36.98344656802551],[128.34160834091472,36.979488510044426],[128.29020806298058,36.92487392708273],[128.25064187988377,36.9358935593694],[128.2568215215824,37.00280155712326],[128.21726944732688,37.03733051250644],[128.24945382068702,37.07506390161916]]],[[[127.62452610604116,36.79269896700583],[127.65066773158209,36.70198891588424],[127.53706817783309,36.80793299551741],[127.57899082671703,36.829120326315774],[127.62452610604116,36.79269896700583]]],[[[127.63784009928779,36.84729625714513],[127.63481218829585,36.79343004424312],[127.56736533173849,36.82999017323162],[127.63784009928779,36.84729625714513]]]]}},{"type":"Feature","properties":{"regionCode":"44","name":"충청남도"},"geometry":{"type":"MultiPolygon","coordinates":[[[[127.25463712744555,36.76159612945159],[127.15924593342348,36.731684196350635],[127.21543543466673,36.84849131333149],[127.24734953039976,36.84344653339536],[127.25463712744555,36.76159612945159]]],[[[127.13168625507863,36.76246703480751],[127.15693001309091,36.726396294021995],[127.0840958408311,36.722022469331435],[127.13168625507863,36.76246703480751]]],[[[127.12771022771014,36.70857851522714],[127.16023834864971,36.62459802819459],[127.00937719428732,36.656353647935234],[127.08106888943564,36.72115158797717],[127.12771022771014,36.70857851522714]]],[[[127.30734848468741,36.85966715808868],[127.25381749430598,36.76186247522159],[127.23322895219175,36.86693499816088],[127.29061225616182,36.89226966193235],[127.30734848468741,36.85966715808868]]],[[[127.25463712744555,36.76159612945159],[127.28457135114073,36.75259377146419],[127.25514945566792,36.745292819295834],[127.26691238994272,36.69232875132115],[127.19772224192512,36.73914182260947],[127.25463712744555,36.76159612945159]]],[[[127.31723350394743,36.72493183409022],[127.27730085621049,36.691431425701374],[127.25514945566792,36.745292819295834],[127.29899926394859,36.757246114164346],[127.31723350394743,36.72493183409022]]],[[[127.33659505371457,36.85360371686304],[127.35795713526367,36.822125158113636],[127.31723350394743,36.72493183409022],[127.25829356746705,36.76113056970785],[127.30734848468741,36.85966715808868],[127.33659505371457,36.85360371686304]]],[[[127.40101124968045,36.79909149081051],[127.40483184206136,36.74490894136376],[127.32044871276138,36.76115803565129],[127.35795713526367,36.822125158113636],[127.40101124968045,36.79909149081051]]],[[[127.15226389787682,36.80666018744179],[127.15261428751086,36.806273757017955],[127.1526234098895,36.80593144137171],[127.15263104936778,36.805853864437786]]],[[[127.15825948092197,36.813824976347696],[127.15800807239938,36.81387582561539],[127.15793961614789,36.81386930674119],[127.15457488247755,36.8111038003082]]],[[[127.19136605725231,36.804157500987536],[127.15226389787682,36.80666018744179],[127.2017724711511,36.83015721898264],[127.19136605725231,36.804157500987536]]],[[[127.16424618487758,36.803614667305844],[127.1644258487679,36.798928476894254],[127.16424419577145,36.79882680046468],[127.16372722271481,36.79882334770208]]],[[[127.1312584202289,36.819201529741704],[127.13089042914238,36.81750623550339],[127.13444041199882,36.81390463606822],[127.13614972678664,36.81306263256225]]],[[[127.151266126074,36.79570810034969],[127.15124947221538,36.79505003299699],[127.15121791946608,36.79462989810059],[127.1511213171073,36.794361230202675]]],[[[127.13547489823587,36.795772065844154],[127.13573502700959,36.794559947163876],[127.13386743273625,36.79321400969393],[127.13381747146462,36.79261086674119]]],[[[127.19136605725231,36.804157500987536],[127.1913260671225,36.80404014673183],[127.1912763481559,36.80396570327685],[127.19118212595976,36.80388258660586]]],[[[127.21220714743838,36.84715427254131],[127.21206668930833,36.84671523544267],[127.21152992098901,36.84509457094631],[127.2114832470694,36.8450013861031]]],[[[127.15677070453856,36.96722562290827],[127.17118441091131,36.91478632997549],[127.09183273124474,36.894131232743774],[127.07393472561634,36.93839318738574],[127.15677070453856,36.96722562290827]]],[[[127.23322895219175,36.86693499816088],[127.17707567383879,36.841191247919795],[127.14732737426964,36.87348245655127],[127.20332079872028,36.912603160581355],[127.23322895219175,36.86693499816088]]],[[[127.1873198036555,36.91045178389445],[127.08692754709662,36.86254060314937],[127.09170383977192,36.8942629663109],[127.1873198036555,36.91045178389445]]],[[[127.21129055625669,36.93830689923937],[127.29061225616182,36.89226966193235],[127.23322895219175,36.86693499816088],[127.1672646791881,36.927502847172505],[127.17586548648364,36.961062522749245],[127.21129055625669,36.93830689923937]]],[[[127.14885810806652,36.81862997268505],[127.1502575954434,36.81768990168187],[127.14787668677825,36.815618944525845],[127.1473380099416,36.81284925062016]]],[[[127.13793740382982,36.83033206792539],[127.14137557040533,36.830057612653654],[127.14516421823564,36.829729862363074],[127.15085975833041,36.8282648485583]]],[[[127.13464635183604,36.80034764025804],[127.13547489823587,36.795772065844154],[127.13425101493087,36.796133743352186],[127.13373904548102,36.79617758300927]]],[[[127.11559591362605,36.80148892222926],[127.1265158370814,36.79993639600147],[127.12650558145071,36.79990106681886],[127.1262451811534,36.79900344228447]]],[[[127.13108362623966,36.81018988907149],[127.1289737495561,36.80977714157419],[127.12853145556693,36.80791071199401],[127.12778492183018,36.80476019181305]]],[[[127.13120368778435,36.825970325547594],[127.1301488000632,36.82542138645368],[127.13012353188256,36.82537084569248],[127.12961218074082,36.82406964984926]]],[[[127.11046321926544,36.818905209904194],[127.1053905108434,36.80158543125816],[127.09684325954753,36.80016728075823],[127.0959767046025,36.80434072168763]]],[[[127.14944735231198,36.866784155677934],[127.15238093060265,36.82439107380493],[127.12404412250623,36.852998714249296],[127.14944735231198,36.866784155677934]]],[[[127.12386399261918,36.860054426165114],[127.1272460270997,36.82470784672495],[127.09807360328458,36.83804321260355],[127.12386399261918,36.860054426165114]]],[[[127.00952647603629,36.65608751224065],[127.03681866463494,36.60901343470143],[126.98198989612598,36.54140228767894],[126.89958115054061,36.549465762341256],[126.9574272058316,36.67193341215332],[127.00952647603629,36.65608751224065]]],[[[127.11749468095208,36.38467494318457],[127.08942350761879,36.319254119153925],[127.01626333142123,36.38920113750979],[127.07458383514314,36.42784464255327],[127.11749468095208,36.38467494318457]]],[[[127.08942350761879,36.319254119153925],[127.03060924111851,36.281207942111955],[126.97575315044399,36.33548957639561],[127.01626333142123,36.38920113750979],[127.08942350761879,36.319254119153925]]],[[[127.19030972657904,36.42053449503408],[127.20599313959094,36.34231104412072],[127.12071128304659,36.31791728807901],[127.1254322615875,36.41467584264011],[127.19030972657904,36.42053449503408]]],[[[127.19908668746794,36.44004523265668],[127.28210043367217,36.41499941037376],[127.26600245226037,36.32844671553554],[127.20393189726478,36.34601253325725],[127.19908668746794,36.44004523265668]]],[[[127.18893648581387,36.59438923439665],[127.17818703056,36.49967969092478],[127.13380786361677,36.482763969973455],[127.10973260886671,36.52791734397977],[127.15559470532158,36.60614085321765],[127.18893648581387,36.59438923439665]]],[[[127.1505582399218,36.620428786244744],[127.15051893362283,36.56561316932056],[127.09751479585984,36.52306107832082],[127.02049698851822,36.64999487280639],[127.1099941931297,36.658664598843245],[127.1505582399218,36.620428786244744]]],[[[127.10973260886671,36.52791734397977],[127.13370819252957,36.48879561663438],[127.09285666741978,36.499215225443734],[127.10527594803554,36.47166335321414],[127.02700305731166,36.39811151087227],[126.95662000603716,36.46861253463181],[127.04802411763497,36.46713093958167],[127.06342677594625,36.5563693693036],[127.10973260886671,36.52791734397977]]],[[[127.06342677594625,36.5563693693036],[127.0709566316778,36.50916106245891],[127.01583686339436,36.46588169954825],[126.99384568328207,36.5736703163471],[127.06083562911257,36.60448898692449],[127.06342677594625,36.5563693693036]]],[[[126.99246774864797,36.559605726733444],[127.00802954817044,36.49471450212901],[126.9160281917779,36.4555964602052],[126.88996754267153,36.54132650467272],[126.99246774864797,36.559605726733444]]],[[[127.12958538754339,36.45589387701474],[127.12861627514359,36.45485381108351],[127.12816292963106,36.4541454095581],[127.12716007206576,36.44920696292997]]],[[[127.11546460881273,36.44276363751209],[127.14165197050106,36.440863785773665],[127.11749468095208,36.38467494318457],[127.04819549773437,36.41419637247825],[127.11546460881273,36.44276363751209]]],[[[127.14808222025833,36.45738383387184],[127.18824347582976,36.41747621539581],[127.13298339082591,36.42577286931399],[127.14808222025833,36.45738383387184]]],[[[127.13335911359113,36.48849035977579],[127.14808222025833,36.45738383387184],[127.09285666741978,36.499215225443734],[127.13335911359113,36.48849035977579]]],[[[127.13341663114896,36.464200308022455],[127.13289612036453,36.46367097343282],[127.1321393099452,36.46290410467596],[127.13150202907,36.462422052870345]]],[[[127.19908668746794,36.44004523265668],[127.13448877711136,36.48275549003772],[127.19467546940622,36.4895935549393],[127.19908668746794,36.44004523265668]]],[[[126.50581371970881,36.214202856567994],[126.50593529085452,36.214152191375675],[126.50634468805373,36.2142709916937],[126.50667064194889,36.21434534356592]]],[[[126.51804594207508,36.217470853090724],[126.52024378655729,36.216888843344606],[126.5214419124676,36.21697051492665],[126.52170282037571,36.216967325722585]]],[[[126.5282992882476,36.23722819429133],[126.52816792071845,36.2372265736768],[126.52800199676734,36.23724892663153],[126.52781817767524,36.23729182740596]]],[[[126.52398187890685,36.246504473547766],[126.52398372996825,36.24640591852706],[126.52435374366802,36.24647605135468],[126.52446934179122,36.24648686394679]]],[[[126.6568865852987,36.279065823428844],[126.60255651507036,36.20823140018026],[126.52588227317821,36.21926207328295],[126.54064736295344,36.260713269858165],[126.6568865852987,36.279065823428844]]],[[[126.60575014445853,36.423781844601955],[126.60594373807085,36.4231231347991],[126.60584418773414,36.42231828562026],[126.60422279145227,36.42025986858453]]],[[[126.54944227479336,36.399831686424235],[126.61503358742436,36.38083523951711],[126.54979643026859,36.353713945593405],[126.47942153675272,36.384134126707735],[126.54944227479336,36.399831686424235]]],[[[126.05200899195806,36.201038236070715],[126.05396281458984,36.19900807891062],[126.05456573797795,36.19909339562164],[126.05514698390867,36.19920444617416]]],[[[126.03180859122286,36.21509823111499],[126.0328592730874,36.214890453484855],[126.03344479686795,36.21503487014455],[126.03371650708144,36.21498159323024]]],[[[126.09356864803354,36.230190488668576],[126.09402883955445,36.229514173025514],[126.09537007597557,36.22753474232604],[126.09530998467051,36.227373493509816]]],[[[126.05591987921372,36.23658377860653],[126.0550130034508,36.23647888752037],[126.05492663517994,36.2363979476509],[126.05482874633067,36.23578072006595]]],[[[125.9648950788894,36.23525332380537],[125.96358892683614,36.233301992967526],[125.9636620987932,36.23305847103718],[125.96393297792834,36.23267643640012]]],[[[126.28802120816282,36.25163556516706],[126.2842001223623,36.25140545571702],[126.283760193767,36.25153010691536],[126.2841039894951,36.25187939862102]]],[[[126.26567574233333,36.265401923940274],[126.26479462194149,36.26491324217882],[126.26364025646916,36.265488225560865],[126.26115351391088,36.26723575310122]]],[[[126.20440343511153,36.27998599150829],[126.20358955876412,36.27942241475729],[126.20242167137427,36.27968046788714],[126.2022677933146,36.27982418353594]]],[[[126.20097620163574,36.2841661572441],[126.20065048045547,36.28334758306521],[126.19945468061096,36.283361539776244],[126.1984737819612,36.28396717645408]]],[[[126.26417684619696,36.29637585636849],[126.26322143275061,36.293636904248814],[126.26081218886962,36.29244403447381],[126.25856274754739,36.29075194792456]]],[[[126.26069646519916,36.305769206875674],[126.25962474449976,36.30572566818212],[126.25853486042077,36.306147518212455],[126.25725586727786,36.30719054860152]]],[[[126.3545115487356,36.3114167802691],[126.355292199174,36.31101547935104],[126.35568297697594,36.31118149429346],[126.35571973686645,36.31119718330431]]],[[[126.38116949982744,36.32360545182402],[126.38103359109645,36.32359780951842],[126.38084426081701,36.323601142850045],[126.38049698318274,36.32366128800494]]],[[[126.31842028735102,36.31966817210212],[126.31673031930077,36.31942548250249],[126.31605690514417,36.31944256795696],[126.31549884491508,36.31967506489464]]],[[[126.29428733469197,36.330185642096076],[126.29477096533724,36.330188502990715],[126.29717819880698,36.330232666001365],[126.29919224428608,36.330272603225254]]],[[[126.32156931880962,36.33857385210763],[126.32206968839212,36.33825464447617],[126.32292231834288,36.338282290183486],[126.32571441672098,36.33824241044616]]],[[[126.37072399801387,36.33523639929807],[126.37020376445705,36.333769991646164],[126.36972596927316,36.333638320048465],[126.36924401853972,36.33402321671557]]],[[[126.38631044359659,36.38147908653258],[126.38589196975482,36.38142664163668],[126.38531801398408,36.38161061582889],[126.38525451358427,36.3816309719319]]],[[[126.42602962996786,36.3858689163698],[126.45900485810797,36.35455332433996],[126.38304035399392,36.36731160927906],[126.42602962996786,36.3858689163698]]],[[[126.41137052412529,36.387054008986354],[126.41113255289584,36.3870333321796],[126.41085485439504,36.387148979744005],[126.4106151242985,36.387389251101915]]],[[[126.45025317248817,36.37713322016619],[126.45030512231013,36.37641377742005],[126.44955487472632,36.37644819645693],[126.44472365467956,36.37688030292953]]],[[[126.4299710452717,36.38892776313956],[126.42948117226389,36.38880153441158],[126.42881103021128,36.38888181551136],[126.42843865867965,36.38894515110062]]],[[[126.36836355797702,36.377981480261944],[126.36788014148155,36.3779022997586],[126.36384075405361,36.377929871741415],[126.36337957593663,36.37803781005442]]],[[[126.46511352865097,36.39785327797233],[126.46472436680757,36.39776367023672],[126.4644623661746,36.39782669815681],[126.46393535378397,36.39805979073607]]],[[[126.4376863778964,36.399018400165524],[126.4371896825662,36.398837718285066],[126.43682275879674,36.39889333383234],[126.43541899038934,36.39883199830999]]],[[[126.46044809501247,36.4012261589885],[126.46027487890075,36.40118418765591],[126.4578478750397,36.40156418521636],[126.45724095415358,36.40171605191525]]],[[[126.34105340538069,36.40494802063811],[126.34269388054071,36.40414264795145],[126.34435329604528,36.40446130918098],[126.34613619356519,36.405075125532456]]],[[[126.43959246141456,36.40332072935826],[126.43938726238646,36.403310647608876],[126.4391655913214,36.40332695626506],[126.43636578117474,36.40415039046988]]],[[[126.467139976416,36.4078243100101],[126.46676738790445,36.40772484011023],[126.46635650790162,36.407726411858455],[126.46603329692567,36.40815060756531]]],[[[126.45893597653011,36.40806818415643],[126.45852438230813,36.40788828013194],[126.45799523184186,36.407982989833506],[126.45726217839498,36.40829894860943]]],[[[126.46631153407817,36.4101482737432],[126.46569425098255,36.410090261722964],[126.46538420191264,36.410302816947805],[126.46512216830195,36.410559225722245]]],[[[126.4649732268211,36.416457016355466],[126.46461480945867,36.41634692121029],[126.46422910791324,36.41641731135242],[126.46389419124553,36.41664999312704]]],[[[126.56663079981831,36.42542132999547],[126.48645595950502,36.40236775125388],[126.53962786081809,36.45345982254834],[126.56663079981831,36.42542132999547]]],[[[126.50962760275385,36.52282538984838],[126.60194847356841,36.4774361940107],[126.49697723763857,36.42945099195102],[126.47342109069605,36.50325343375248],[126.50962760275385,36.52282538984838]]],[[[126.65299127491768,36.466974754853815],[126.62295174293219,36.42800683834723],[126.5520251106581,36.428947233127474],[126.56949013621615,36.47584499992731],[126.65299127491768,36.466974754853815]]],[[[126.67311754793924,36.46218907226134],[126.72474905182857,36.37475402517427],[126.63795008855824,36.348494033284155],[126.60292516030428,36.41772682719674],[126.67311754793924,36.46218907226134]]],[[[126.5971281424521,36.331214311444995],[126.63509626823738,36.31794398925969],[126.61345835825121,36.279372937443725],[126.54150883520215,36.25957520065427],[126.52904604417007,36.311864333655535],[126.5971281424521,36.331214311444995]]],[[[126.65809379216127,36.18069304613133],[126.56594308846921,36.18796815669124],[126.64385279131811,36.25017498731618],[126.65809379216127,36.18069304613133]]],[[[126.7192465040711,36.25914988689645],[126.65862906966339,36.17805039710552],[126.66091656367357,36.30359057861227],[126.7192465040711,36.25914988689645]]],[[[126.70423701044216,36.36698844235429],[126.6568865852987,36.279065823428844],[126.61825210204545,36.28910239238804],[126.63795008855824,36.348494033284155],[126.70423701044216,36.36698844235429]]],[[[126.6253829953336,36.37637800665885],[126.62519938429938,36.376337400679226],[126.62508618877027,36.37629898607418],[126.62288379527303,36.37495347055167]]],[[[126.59219567084274,36.36070377729662],[126.59338844833532,36.35941131271551],[126.59595307138039,36.35729409587092],[126.59621964407818,36.357172909074585]]],[[[126.63795008855824,36.348494033284155],[126.59557776359541,36.346539112244606],[126.6253829953336,36.37637800665885],[126.63795008855824,36.348494033284155]]],[[[126.63341320026612,36.34138755612887],[126.63266738055115,36.33951154577076],[126.63172042251139,36.3368597150957],[126.6316612751853,36.33666178739907]]],[[[126.5805423608181,36.34960453312256],[126.5434490059702,36.28809691576139],[126.50301660748329,36.323046592422855],[126.5805423608181,36.34960453312256]]],[[[126.96885629190069,36.850736470958736],[127.04708651886914,36.79309187326424],[126.90786005835186,36.819426444855026],[126.92470632850942,36.85662699347745],[126.96885629190069,36.850736470958736]]],[[[127.11110038852544,36.797115800882295],[127.07896919702512,36.70998772714991],[127.03751928377388,36.71091690816369],[127.0366840262836,36.79430247631669],[127.11110038852544,36.797115800882295]]],[[[127.02936795058386,36.740593886471984],[127.0480900092005,36.70222472705733],[126.97867755766039,36.65334420306369],[126.94607348374029,36.741557168097614],[127.02936795058386,36.740593886471984]]],[[[127.10216735307762,36.82528949122191],[127.08030921141521,36.77729918206926],[127.03138328680487,36.83572027862035],[127.10216735307762,36.82528949122191]]],[[[127.08501599308659,36.9042054102636],[127.10216735307762,36.82528949122191],[126.96830149080525,36.84122484782775],[127.08501599308659,36.9042054102636]]],[[[127.07393472561634,36.93839318738574],[127.09421876721426,36.91115981750561],[127.0444230976388,36.87412665274116],[126.98532527286692,36.932466894329366],[127.07393472561634,36.93839318738574]]],[[[127.01562926335345,36.88204836839646],[126.95151253483313,36.8380431995567],[126.91359485088192,36.87199063072067],[126.98532527286692,36.932466894329366],[127.01562926335345,36.88204836839646]]],[[[126.92470632850942,36.85662699347745],[126.90786005835186,36.819426444855026],[126.8416113969732,36.83953083610933],[126.90874862921906,36.90495360353316],[126.92470632850942,36.85662699347745]]],[[[126.8416113969732,36.83953083610933],[126.9258488572353,36.77330189681347],[126.84694991059364,36.74162721006273],[126.8416113969732,36.83953083610933]]],[[[126.92481977603457,36.77219615919928],[126.93961617572391,36.70289554370978],[126.85048693729426,36.75011732124469],[126.92481977603457,36.77219615919928]]],[[[126.90786005835186,36.819426444855026],[126.97749469685277,36.80592209643831],[126.9556608667821,36.738069524412644],[126.88025336098322,36.804731456054895],[126.90786005835186,36.819426444855026]]],[[[126.99972643772074,36.79726641249713],[126.99972698906014,36.797102004005374],[126.9997630769857,36.796630718930516],[126.99979860684385,36.79632172926437]]],[[[127.01328136755738,36.77951693316857],[127.01196808482317,36.7793745873542],[127.00825933594015,36.779801239671386],[127.00697662046827,36.77994253235968]]],[[[127.0366840262836,36.79430247631669],[127.03682045846757,36.79218645473043],[127.03833952612833,36.773869891507985],[127.03840991152435,36.77314978267721]]],[[[126.99268843094033,36.79809450971781],[126.99208479618807,36.79684932256626],[126.99201111997272,36.79613094871336],[126.99219412733565,36.79582558584319]]],[[[127.01196808482317,36.7793745873542],[127.01205772257208,36.77870086670916],[127.01211724693678,36.778380109154725],[127.01290405187758,36.775186334428305]]],[[[127.03840991152435,36.77314978267721],[127.0382582953554,36.772148826761146],[127.03746402518469,36.76525997295237],[127.03666528111593,36.763543057230706]]],[[[126.3844786584039,36.918611410311456],[126.3833366663408,36.91820181974222],[126.38277503181423,36.91802389733761],[126.3796525841612,36.91757773978854]]],[[[126.35499570252504,36.9292062371374],[126.3547143456947,36.92920234887887],[126.35424110467598,36.92927555927551],[126.35377090549134,36.92939031395882]]],[[[126.3470833482734,36.95049689412119],[126.34650873160608,36.950370704469684],[126.34603642037807,36.95049791256138],[126.34517372898318,36.95147414910413]]],[[[126.47754479398093,36.91031069632323],[126.35888441306471,36.93843857252854],[126.32640496870397,37.000088590955635],[126.4524390364587,37.00515195914388],[126.47754479398093,36.91031069632323]]],[[[126.36868552470689,37.021785746318216],[126.36750937629257,37.02163630485053],[126.36669728215293,37.02163636819929],[126.36715451015303,37.02236500714401]]],[[[126.38502768874785,37.0222795948838],[126.38493470370581,37.02227172180153],[126.38482543686222,37.02227111318404],[126.38478783670931,37.022273661385036]]],[[[126.43451332185879,36.77935802578569],[126.45360317774252,36.69619867346457],[126.4112923535573,36.70703535631818],[126.3816248608123,36.78802508013328],[126.43451332185879,36.77935802578569]]],[[[126.45360317774252,36.69619867346457],[126.4238840973329,36.600275185073],[126.3739460312622,36.616711225318646],[126.3495420136173,36.76470512983552],[126.40163299536503,36.76312101749253],[126.4112923535573,36.70703535631818],[126.45360317774252,36.69619867346457]]],[[[126.40198516342103,36.83672330147736],[126.38430807974902,36.76473078729939],[126.3495420136173,36.76470512983552],[126.32010821152556,36.851767603585735],[126.40198516342103,36.83672330147736]]],[[[126.32634841859615,36.91617396883405],[126.32657562931928,36.91556974813734],[126.3279908972898,36.916281520128294],[126.32864179099695,36.916565559189436]]],[[[126.36219724412456,36.869698218841435],[126.36208905098376,36.86968032288776],[126.36197794731771,36.86969753963026],[126.36187490081831,36.86972007965397]]],[[[126.38306928195396,36.888234367153444],[126.382956890923,36.88822710164818],[126.38284895342044,36.888253368958644],[126.3823795350386,36.88838460423114]]],[[[126.35188917853048,36.91956797292605],[126.35227855476464,36.91941998096096],[126.35284171390852,36.919481027104695],[126.3531723762461,36.91950554920366]]],[[[126.47754479398093,36.91031069632323],[126.46401733566375,36.84229076625346],[126.36438955869609,36.872912227985935],[126.43048923041444,36.899361753906085],[126.40579365489405,36.923790538741926],[126.47754479398093,36.91031069632323]]],[[[126.34390927227298,36.92539226893467],[126.34347279736036,36.92490535264372],[126.34234522930392,36.924938244393736],[126.34199897262816,36.925261863597385]]],[[[126.33781818982465,36.936696483148445],[126.3381307564148,36.936340297348124],[126.33776951872645,36.93635784999562],[126.3376027844025,36.93641778739401]]],[[[126.51471907308198,36.85156139175411],[126.45759488864499,36.799393401963634],[126.38849883897544,36.79657484364816],[126.47336830731365,36.881995848115515],[126.51471907308198,36.85156139175411]]],[[[126.55532647305527,36.82459540824733],[126.50405988275826,36.74227152663058],[126.47242593154866,36.814286419589045],[126.51040762090882,36.847187643288684],[126.55532647305527,36.82459540824733]]],[[[126.59543037040056,36.83396993544068],[126.65363876030403,36.775674577816915],[126.6020638856984,36.71797456771407],[126.5239292721903,36.75288777024648],[126.59543037040056,36.83396993544068]]],[[[126.6020638856984,36.71797456771407],[126.58924006724101,36.663741282331614],[126.55384972946123,36.701649781019384],[126.45360317774252,36.69619867346457],[126.54869779340623,36.75912186930455],[126.6020638856984,36.71797456771407]]],[[[126.58169539114031,36.66409970810255],[126.5107721358099,36.63080712857773],[126.46590999273121,36.643968804861764],[126.45360317774252,36.69619867346457],[126.55384972946123,36.701649781019384],[126.58169539114031,36.66409970810255]]],[[[126.4572190583001,36.799281899364146],[126.45641070131671,36.79799334429107],[126.45445097026345,36.79403119715028],[126.45213776369927,36.791883736430414]]],[[[126.48734637326686,36.77971753602053],[126.45049555042404,36.79124012846779],[126.47118583702961,36.81199173869493],[126.48734637326686,36.77971753602053]]],[[[126.4730161880495,36.77894160298058],[126.47304797688044,36.778093927918164],[126.4729780880872,36.7780029204723],[126.47276711306344,36.77792073487325]]],[[[126.49598636195338,36.75003867113442],[126.45373352997618,36.77536105079209],[126.50464044645015,36.78192048477012],[126.49598636195338,36.75003867113442]]],[[[126.45371907913459,36.77539403967505],[126.50150859250938,36.730777259130484],[126.44292965670358,36.71159570361599],[126.42592184832793,36.76488332507743],[126.45371907913459,36.77539403967505]]],[[[127.03959274936487,36.142331205099744],[127.03984898416061,36.13951003680416],[127.03905842746495,36.138869284313515],[127.03696500524816,36.13893739436959]]],[[[127.13606267864596,36.13099012045647],[127.122900428152,36.06319211422074],[127.04600825428294,36.143088074174884],[127.13606267864596,36.13099012045647]]],[[[127.07882425744228,36.20892365448878],[127.00742288901829,36.16242309925823],[126.98357172646625,36.19223862834594],[127.0324138310673,36.23536983352484],[127.07882425744228,36.20892365448878]]],[[[127.13431292525978,36.237575464548854],[127.07882425744228,36.20892365448878],[127.0324138310673,36.23536983352484],[127.08888820548944,36.276710843896595],[127.13431292525978,36.237575464548854]]],[[[127.12071128304659,36.31791728807901],[127.13431292525978,36.237575464548854],[127.06578732435133,36.27700986857928],[127.10671172055355,36.34003795918376],[127.12071128304659,36.31791728807901]]],[[[127.19578187836552,36.33399587893655],[127.19748428146178,36.277945804837856],[127.13292192368064,36.23494529335673],[127.12101674000981,36.31845814980485],[127.19578187836552,36.33399587893655]]],[[[127.1875169255364,36.18349607063471],[127.08862105787243,36.213945639920254],[127.14022143472675,36.233772953162294],[127.1875169255364,36.18349607063471]]],[[[127.19644545869282,36.276877063194085],[127.24059088888083,36.25574911453777],[127.23745402371387,36.18011260089316],[127.13201353598372,36.23463468288203],[127.19644545869282,36.276877063194085]]],[[[127.33142602140774,36.18431820292709],[127.31438074585327,36.11863492596818],[127.23937888479495,36.23616292510879],[127.27999318670318,36.244080627995835],[127.33142602140774,36.18431820292709]]],[[[127.24023425518472,36.18906954483899],[127.29447067507361,36.11296655821123],[127.17604810009219,36.09616663866436],[127.19231165987826,36.19150041499179],[127.24023425518472,36.18906954483899]]],[[[127.17939046289112,36.0941802488236],[127.1527893751643,36.08556062238274],[127.1274200995202,36.17052578104679],[127.20275952546513,36.17445335103816],[127.17939046289112,36.0941802488236]]],[[[127.12629501128528,36.19691537229129],[127.13925433198551,36.130394817696875],[127.07584213559575,36.164415090694604],[127.12629501128528,36.19691537229129]]],[[[127.07414342321115,36.17637140126126],[127.0791489395716,36.13776363665702],[127.01262830776098,36.16730174756656],[127.07414342321115,36.17637140126126]]],[[[127.12629501128528,36.19691537229129],[127.10065711750333,36.17182381162982],[127.07980079353173,36.20351560584951],[127.12629501128528,36.19691537229129]]],[[[127.09380023978677,36.1784494792677],[127.05171634621715,36.183511445989254],[127.09377195136268,36.21449680998356],[127.09380023978677,36.1784494792677]]],[[[127.29177367810149,36.26419080353063],[127.29176439082205,36.26403329420623],[127.29088233324067,36.262946139636135],[127.28947062296763,36.26232737060162]]],[[[127.24682635954292,36.290441312505514],[127.20154234439443,36.25200798698812],[127.20528429500256,36.30159085852701],[127.24682635954292,36.290441312505514]]],[[[127.25975117607548,36.32721053472398],[127.24682635954292,36.290441312505514],[127.19578187836552,36.33399587893655],[127.25975117607548,36.32721053472398]]],[[[127.25314949489258,36.2811424674422],[127.25368798966795,36.280612499301746],[127.25480607664879,36.27951207370312],[127.25520379702822,36.27912062237075]]],[[[126.75994261460458,36.821282577311706],[126.85895173591308,36.79251511493654],[126.7743562852928,36.7483885349859],[126.7135990550314,36.80334288551665],[126.75994261460458,36.821282577311706]]],[[[126.80084444652319,36.92610997984356],[126.72306301248109,36.901941962147326],[126.73647066145904,36.858594549662584],[126.685243571029,36.86687118805454],[126.71857583376105,36.992342939306766],[126.78253313916396,36.975693983183724],[126.80084444652319,36.92610997984356]]],[[[126.62261570532581,36.95294764234376],[126.60067210448447,36.886819036778974],[126.50921879451961,36.97357890971682],[126.56332152065049,36.9916034278393],[126.62261570532581,36.95294764234376]]],[[[126.45287820843104,37.01425641614517],[126.45197307876958,37.014105796695375],[126.45120293209818,37.014592968232094],[126.45081837358666,37.01536202339926]]],[[[126.4514004798479,37.02116137558533],[126.4511451735007,37.02054932713348],[126.45037322043525,37.02071059037388],[126.44984421939641,37.021190529266754]]],[[[126.43197234801903,37.020441408463746],[126.43068521903218,37.02013617044191],[126.42980122223169,37.020136345170464],[126.42839384146842,37.020520795314766]]],[[[126.44790685016788,37.0300616621845],[126.44728421690746,37.02997168144501],[126.44651735349866,37.02999707202132],[126.44568563115327,37.03036214121128]]],[[[126.44028363959336,37.03171328713385],[126.43957009359691,37.03158468269729],[126.43879087918803,37.03163513293512],[126.43819842615524,37.03187497231315]]],[[[126.45663271789627,37.036632503004846],[126.45622727742395,37.03634250200618],[126.4556702744021,37.03634251844925],[126.45521870650933,37.03669222257915]]],[[[126.45346624896497,37.034826486555744],[126.45373350725797,37.034336979775745],[126.45391657650094,37.03325866279147],[126.45387564420852,37.032596144276106]]],[[[126.63957536394554,36.99809055807594],[126.62035992445112,36.95299757200695],[126.56332152065049,36.9916034278393],[126.49751251891684,36.97423622375524],[126.45355692488542,37.025600634043606],[126.5097693238534,37.06520961568526],[126.63957536394554,36.99809055807594]]],[[[126.42897194553326,37.06396793506521],[126.42848117427205,37.063134249145875],[126.42824858292472,37.06298877986901],[126.42778951172467,37.06244626230797]]],[[[126.50921879451961,36.97357890971682],[126.5665050374586,36.90085308338751],[126.51471907308198,36.85156139175411],[126.47280632424167,36.88525301778613],[126.48340076509497,36.97862227490532],[126.50921879451961,36.97357890971682]]],[[[126.60067210448447,36.886819036778974],[126.57687840535931,36.825324797964136],[126.51040762090882,36.847187643288684],[126.5665050374586,36.90085308338751],[126.60067210448447,36.886819036778974]]],[[[126.7120104026891,36.81536245621997],[126.66021068350369,36.77090046031469],[126.61721861420757,36.837120339679615],[126.66014094057633,36.86615785327561],[126.7120104026891,36.81536245621997]]],[[[126.6844639543551,36.884744678766346],[126.76370730452106,36.824673337653174],[126.68343104689268,36.80983849758913],[126.6844639543551,36.884744678766346]]],[[[126.83179572758007,36.861957552146855],[126.8569500457345,36.8040415202892],[126.76081628004992,36.81774266474655],[126.83179572758007,36.861957552146855]]],[[[126.83179572758007,36.861957552146855],[126.77106650240563,36.84124405073579],[126.72140585034457,36.89888993267825],[126.80719461702066,36.93073414533103],[126.83179572758007,36.861957552146855]]],[[[126.8208562965265,36.943267428744754],[126.82120341239639,36.94233539607146],[126.81923635742697,36.943523378269],[126.81895795718849,36.94377781539645]]],[[[126.81113002397215,36.9422116228029],[126.80960213200834,36.940829134396566],[126.80911400788206,36.94085311707331],[126.80727050385104,36.94103033277187]]],[[[126.82583687757574,36.95861169500102],[126.83547356001883,36.945035542195626],[126.83817919152483,36.945682442966216],[126.84180895118139,36.94057806964147]]],[[[126.71857583376105,36.992342939306766],[126.71508716577387,36.928951259287125],[126.6365346604241,36.91824876628776],[126.63957536394554,36.99809055807594],[126.71857583376105,36.992342939306766]]],[[[126.66470147011827,36.88618325334852],[126.66491174196892,36.884777679424154],[126.66565372194825,36.87940021230358],[126.66459372040936,36.87791667900516]]],[[[126.62415166059029,36.899399549489914],[126.66643188792187,36.86964695412102],[126.61744983874289,36.8124282014282],[126.62415166059029,36.899399549489914]]],[[[126.68393449594232,36.90481847010995],[126.68435535471586,36.904843932102615],[126.68447429702077,36.90484636400464],[126.68457739534072,36.90484450439842]]],[[[127.49443502602959,36.112112899946816],[127.51911296242424,36.09888405061527],[127.49339871645486,36.07565579920214],[127.42624114070536,36.097964826143595],[127.49443502602959,36.112112899946816]]],[[[127.49944746244569,36.1741130458092],[127.49443502602959,36.112112899946816],[127.43011556416809,36.10562638454848],[127.42230053986442,36.13401115098933],[127.49944746244569,36.1741130458092]]],[[[127.5934523294966,36.177481293861156],[127.61139348671117,36.08862409522912],[127.51354476488525,36.103158895198625],[127.55014087670689,36.177422928306626],[127.5934523294966,36.177481293861156]]],[[[127.61797038775815,36.09633513690905],[127.61355091197639,36.00101699322502],[127.51515541996856,36.08726706534675],[127.61797038775815,36.09633513690905]]],[[[127.59812157028178,36.184352318266455],[127.49432487639218,36.10977371718106],[127.54662003036023,36.230172648185224],[127.58532128017363,36.22976320894998],[127.59812157028178,36.184352318266455]]],[[[127.51780718846739,36.0980859806082],[127.53644059902538,35.99642363114565],[127.47585012158211,35.9805238342377],[127.51780718846739,36.0980859806082]]],[[[127.42624114070536,36.097964826143595],[127.50411349989135,36.05194100048932],[127.46343446576336,35.98440872363825],[127.36114258289822,36.05330618933252],[127.36000147685245,36.089507303123625],[127.42624114070536,36.097964826143595]]],[[[127.43675911576585,36.15970156109975],[127.42624114070536,36.097964826143595],[127.36904478721556,36.08512922746759],[127.31902838897872,36.17286225406105],[127.35945549164366,36.2139245570467],[127.37268160945118,36.16296226774651],[127.43675911576585,36.15970156109975]]],[[[127.42235996232613,36.20829486893339],[127.43673276222638,36.15750109346099],[127.37268160945118,36.16296226774651],[127.36271170119772,36.26919489574882],[127.42235996232613,36.20829486893339]]],[[[127.54662003036023,36.230172648185224],[127.43075109932597,36.163342224142035],[127.48996947660176,36.237369855770616],[127.54662003036023,36.230172648185224]]],[[[126.99565821513093,36.29770897418642],[126.97114864679628,36.230190762366945],[126.89188363004851,36.26304284399106],[126.95931256589743,36.33204547133269],[126.99565821513093,36.29770897418642]]],[[[126.90719738145644,36.326024301933245],[126.89907653136339,36.253879481892675],[126.84764378371645,36.2350139420917],[126.82236084899247,36.2753073747062],[126.90719738145644,36.326024301933245]]],[[[126.87653750508503,36.32393573337297],[126.81835833224814,36.272053831889515],[126.75490017953773,36.35016883807543],[126.84867902117198,36.38676318642696],[126.87653750508503,36.32393573337297]]],[[[126.75694458457838,36.35468096982634],[126.77300706292789,36.321419100656065],[126.69620988896064,36.2676782880258],[126.70423701044216,36.36698844235429],[126.75694458457838,36.35468096982634]]],[[[126.78595567285322,36.3000428775276],[126.794604857197,36.24763162978087],[126.71836707786309,36.25551072417524],[126.74115423124303,36.31283898509957],[126.78595567285322,36.3000428775276]]],[[[126.82159691637187,36.27247739446502],[126.847631285772,36.23479531240493],[126.81546135000077,36.220701438157114],[126.78595567285322,36.3000428775276],[126.82159691637187,36.27247739446502]]],[[[126.794604857197,36.24763162978087],[126.7782415281985,36.20682452909395],[126.73372763360882,36.21198733332668],[126.74474217602885,36.261849605156],[126.794604857197,36.24763162978087]]],[[[126.73131032954824,36.23718170842045],[126.78114802031996,36.18369109785787],[126.69975965616753,36.17984025427828],[126.73131032954824,36.23718170842045]]],[[[126.81593792738093,36.19561898607615],[126.76421822507636,36.20482514914779],[126.8550923903432,36.2381517461524],[126.81593792738093,36.19561898607615]]],[[[126.86764120427945,36.203627860531626],[126.84572619992129,36.1380954726509],[126.79395177425965,36.13696137018039],[126.77946163893317,36.190270668500446],[126.86764120427945,36.203627860531626]]],[[[126.89034569488983,36.13936546551531],[126.84859200929716,36.07427603651637],[126.81967040945895,36.13629340392854],[126.89034569488983,36.13936546551531]]],[[[126.90751226538566,36.19028421858186],[126.92339270761323,36.139332170030286],[126.83708604677642,36.16909759761932],[126.88115679631161,36.224098585786635],[126.90751226538566,36.19028421858186]]],[[[126.89907653136339,36.253879481892675],[126.96756798394165,36.214106100054984],[126.81439358947428,36.197656385985056],[126.89907653136339,36.253879481892675]]],[[[126.96756798394165,36.214106100054984],[127.00026317743878,36.14682469148837],[126.90610676716915,36.18628282624856],[126.96756798394165,36.214106100054984]]],[[[127.0324138310673,36.23536983352484],[126.97503976315409,36.198145877342014],[126.97591466639433,36.276748322297124],[127.0324138310673,36.23536983352484]]],[[[127.06578732435133,36.27700986857928],[127.0324138310673,36.23536983352484],[126.97194400233505,36.28150103375775],[127.06578732435133,36.27700986857928]]],[[[126.60322210312351,35.990912011419724],[126.60161866575083,35.99070392731357],[126.60130627256973,35.990723428655656],[126.60118680602517,35.990771941872694]]],[[[126.62860181728034,36.00578077782323],[126.62855790378805,36.00540880645188],[126.62986678351683,36.005541381057746],[126.63016495696175,36.00539971323862]]],[[[126.62307790730176,36.00587224928061],[126.6227894910596,36.00584920422278],[126.62243610487701,36.005862688589474],[126.62191976260388,36.006180843367495]]],[[[126.73482014476063,36.00088129958022],[126.66580427513959,36.00455072762828],[126.66031216023383,36.039993262282145],[126.73482014476063,36.00088129958022]]],[[[126.72787717760576,36.1097118696096],[126.72933136123423,36.06031220925283],[126.65797767352021,36.07834074109978],[126.72787717760576,36.1097118696096]]],[[[126.61641498454168,36.06621675280945],[126.61647237318095,36.06621549716133],[126.61758893035521,36.06623881436248],[126.61452951696,36.064290652213785]]],[[[126.65797767352021,36.07834074109978],[126.75666613507563,36.025760893869254],[126.73482014476063,36.00088129958022],[126.61839712019729,36.07712479031753],[126.65797767352021,36.07834074109978]]],[[[126.84363430861114,36.05245387187554],[126.73729649588364,36.04846349254634],[126.8088030580854,36.07725594603439],[126.84363430861114,36.05245387187554]]],[[[126.76659782762252,36.105391379971636],[126.79805749872855,36.07573059846127],[126.73729649588364,36.04846349254634],[126.76659782762252,36.105391379971636]]],[[[126.87011944056164,36.06925418613725],[126.78675613391033,36.09502113443339],[126.82735029147669,36.125499933295856],[126.87011944056164,36.06925418613725]]],[[[126.81940597037548,36.135308607735574],[126.76659782762252,36.105391379971636],[126.76706705533277,36.181519148460396],[126.81940597037548,36.135308607735574]]],[[[126.76830667870401,36.1543242402255],[126.7820074704482,36.11661628276777],[126.72834808557319,36.084257271773936],[126.76830667870401,36.1543242402255]]],[[[126.76706705533277,36.181519148460396],[126.70879932854498,36.112529501671396],[126.71348844068523,36.17547352206267],[126.76706705533277,36.181519148460396]]],[[[126.71348844068523,36.17547352206267],[126.71451865995706,36.12793840781685],[126.64092243701238,36.13395928674078],[126.64308396991886,36.17794697653527],[126.71348844068523,36.17547352206267]]],[[[126.70444046325184,36.12291654254958],[126.65797767352021,36.07834074109978],[126.62297773253694,36.1066261197601],[126.70444046325184,36.12291654254958]]],[[[126.6408508209783,36.17617796953219],[126.61185007271038,36.09591311804424],[126.57257118265214,36.13937402788695],[126.6408508209783,36.17617796953219]]],[[[126.55087497507019,36.123908184801614],[126.55061863335746,36.12390509133874],[126.55027096742845,36.12394783589051],[126.55003529237544,36.12402506615468]]],[[[126.56594308846921,36.18796815669124],[126.60291922728473,36.16557191565915],[126.56756583163333,36.13333045785809],[126.49308984134277,36.1376654015529],[126.53100735657739,36.194677937546516],[126.56594308846921,36.18796815669124]]],[[[126.82512387150702,36.47323613655662],[126.8200159595055,36.41816965887836],[126.75124829843364,36.432040295158494],[126.76497417682424,36.473491901893375],[126.82512387150702,36.47323613655662]]],[[[126.89899903380055,36.55895879252961],[126.81913729629167,36.47661021562262],[126.84384962410269,36.57070102227455],[126.89899903380055,36.55895879252961]]],[[[126.91403638656018,36.46196743053105],[126.8188927569217,36.38397748734678],[126.85893437054496,36.50619955030654],[126.91403638656018,36.46196743053105]]],[[[127.00076844166492,36.456007896464456],[126.94698077642774,36.37218081521346],[126.88488372556517,36.41295581065071],[126.91403638656018,36.46196743053105],[127.00076844166492,36.456007896464456]]],[[[127.02369007598625,36.397262458551126],[126.96155860529731,36.381145040173934],[126.97321275316553,36.44807422645935],[127.00422507727858,36.45564074652998],[127.02369007598625,36.397262458551126]]],[[[126.99097344983815,36.372089732086714],[126.94044752252287,36.31825123801923],[126.89593903723255,36.341392601501404],[126.99097344983815,36.372089732086714]]],[[[126.93381882393173,36.37607127226255],[126.86629364133198,36.32294511549411],[126.83159224449973,36.37594085068014],[126.88488372556517,36.41295581065071],[126.93381882393173,36.37607127226255]]],[[[126.8200159595055,36.41816965887836],[126.79432016823495,36.351975824288566],[126.71049627821911,36.38879134910711],[126.751978383502,36.43116930529586],[126.8200159595055,36.41816965887836]]],[[[126.73618204612376,36.47176833778403],[126.75580368804795,36.4384433185349],[126.71459583115711,36.393681843983885],[126.67311754793924,36.46218907226134],[126.73618204612376,36.47176833778403]]],[[[126.82486489780807,36.52849206572354],[126.81010063564122,36.47772042311038],[126.73703828805817,36.46648879901005],[126.77313124797774,36.534306491559065],[126.82486489780807,36.52849206572354]]],[[[126.69719999139194,36.61450113491896],[126.67160166834331,36.55782258650306],[126.6228475799161,36.6078186015182],[126.69719999139194,36.61450113491896]]],[[[126.67718166888116,36.524879601338995],[126.64946571197285,36.46595717102232],[126.60485888226606,36.505496921999175],[126.6185691184285,36.54162666331107],[126.67718166888116,36.524879601338995]]],[[[126.74534841187402,36.67081563006303],[126.73966532690237,36.62703906024422],[126.62318528407833,36.60864490399666],[126.62829631688878,36.64959348148965],[126.74534841187402,36.67081563006303]]],[[[126.74978572660608,36.635060164879256],[126.76379805014697,36.587017815655294],[126.68363051991335,36.597380407765634],[126.70783036991182,36.64065499432407],[126.74978572660608,36.635060164879256]]],[[[126.74849099175054,36.580431986119564],[126.69693770582494,36.52152214965885],[126.65514095426933,36.54213275667062],[126.68631588201933,36.58341970609328],[126.74849099175054,36.580431986119564]]],[[[126.77313124797774,36.534306491559065],[126.73618204612376,36.47176833778403],[126.655352987452,36.462575178466],[126.67718166888116,36.524879601338995],[126.77313124797774,36.534306491559065]]],[[[126.58383864595373,36.56844414172414],[126.61517412413923,36.5522964075937],[126.60259129550595,36.47743834462168],[126.55912859652629,36.51614431388179],[126.58383864595373,36.56844414172414]]],[[[126.57779724736716,36.592079305823795],[126.55989229616017,36.50690239596332],[126.50962760275385,36.52282538984838],[126.52523247493909,36.59411516139122],[126.57779724736716,36.592079305823795]]],[[[126.44084797044523,36.51529327979754],[126.44076512908082,36.51525378088225],[126.44047497578009,36.51528258760744],[126.44040570841176,36.51530097709699]]],[[[126.45274266178005,36.53869516494709],[126.45172943428784,36.53650003606775],[126.45115039926871,36.53609520617499],[126.45057041327607,36.53582443159345]]],[[[126.52523247493909,36.59411516139122],[126.53597275917501,36.54400152472219],[126.48126172396302,36.51630328049792],[126.44174176261517,36.59993680435817],[126.52523247493909,36.59411516139122]]],[[[126.58924006724101,36.663741282331614],[126.58616963755492,36.61764973173153],[126.61903423282084,36.6162179695431],[126.5662369652607,36.57826598044311],[126.45676701270737,36.62628801946699],[126.58924006724101,36.663741282331614]]],[[[126.62674001379747,36.618104424697606],[126.64522023378875,36.532137703532],[126.57754694020934,36.59110721207627],[126.62674001379747,36.618104424697606]]],[[[126.90214198990577,36.70219372227913],[126.85213170590147,36.66491088786354],[126.81601036652346,36.68270252800194],[126.85193804326681,36.74830504095395],[126.90214198990577,36.70219372227913]]],[[[126.768524971355,36.72653202143512],[126.76747415715784,36.67152956416901],[126.65508380320817,36.65535307914111],[126.67851480883812,36.714975381484],[126.768524971355,36.72653202143512]]],[[[126.93961617572391,36.70289554370978],[126.96960807756855,36.69074784176529],[126.9422745055707,36.624876294343935],[126.87982283128731,36.63612765036169],[126.87444473043607,36.69175661268241],[126.93961617572391,36.70289554370978]]],[[[126.93585711112128,36.621856021140495],[126.89899903380055,36.55895879252961],[126.81775709927066,36.60743558652312],[126.86909824469535,36.657008525127964],[126.93585711112128,36.621856021140495]]],[[[126.84384962410269,36.57070102227455],[126.82486489780807,36.52849206572354],[126.73742905581972,36.54630486169819],[126.81775709927066,36.60743558652312],[126.84384962410269,36.57070102227455]]],[[[126.86912358798386,36.67000900931204],[126.85370333412376,36.62475430038301],[126.77165552337827,36.594441246688376],[126.80708576688156,36.66237616577473],[126.86912358798386,36.67000900931204]]],[[[126.76747415715784,36.67152956416901],[126.8127969284036,36.6582176621246],[126.79639836512952,36.62277423504092],[126.73645639602324,36.64959899629981],[126.76747415715784,36.67152956416901]]],[[[126.67928786389236,36.7151728232534],[126.62674001379747,36.618104424697606],[126.58616963755492,36.61764973173153],[126.61074647511433,36.73210978941408],[126.67928786389236,36.7151728232534]]],[[[126.70989462116451,36.72113978956468],[126.6446365445218,36.71512154807299],[126.63228654058561,36.75720685409567],[126.69430433760628,36.78498521873002],[126.70989462116451,36.72113978956468]]],[[[126.7135990550314,36.80334288551665],[126.77343905014452,36.74900406855305],[126.7357932549849,36.70887413494219],[126.69337774215215,36.729960560467774],[126.7135990550314,36.80334288551665]]],[[[126.8333510594657,36.7832562237966],[126.82459266157541,36.70705297222167],[126.75474281055459,36.73593934871843],[126.8333510594657,36.7832562237966]]],[[[126.81658899295749,36.709744694253665],[126.82401799322494,36.66928665296041],[126.76670484210258,36.67035950617049],[126.768524971355,36.72653202143512],[126.81658899295749,36.709744694253665]]],[[[126.33442706370043,36.81500536159286],[126.34009534898232,36.67223399146913],[126.2592759821899,36.76616419288424],[126.27377319126443,36.812627684293744],[126.33442706370043,36.81500536159286]]],[[[126.21418189197982,36.428771746479136],[126.2140545097686,36.42876433638449],[126.21384362393505,36.42879898119932],[126.2113450487888,36.42927539586629]]],[[[126.31040917565483,36.445526199410615],[126.30984556178153,36.44526898253545],[126.30928716502528,36.44546022757068],[126.30875648810415,36.446014676335395]]],[[[126.23651369443643,36.451360620805524],[126.23644603728397,36.45135579117244],[126.23622275414299,36.451488890543835],[126.23203881491573,36.45407546454163]]],[[[126.3046756307434,36.45647817531747],[126.30565977871575,36.45504366537078],[126.30777754349081,36.455611571716545],[126.3086567122617,36.45563384958499]]],[[[126.4335631983464,36.4600632661555],[126.43326859050228,36.46005249739306],[126.43291691587744,36.46005136020727],[126.43223644111048,36.46017940679502]]],[[[126.32667539403242,36.49930442365976],[126.326510073772,36.49929373148231],[126.32634696270007,36.49938160876612],[126.3264161659215,36.49960454985282]]],[[[126.32646706004847,36.50116278858557],[126.32617018462446,36.50106353642236],[126.32545718435838,36.50106080921678],[126.32494285859113,36.501133369846976]]],[[[126.16153990949421,36.50934631357193],[126.15872329586838,36.50873801530861],[126.15847858298469,36.50876922332568],[126.15612220470676,36.510747640926155]]],[[[126.42427188749876,36.4568409451509],[126.33075876142716,36.44148778256046],[126.32331416707586,36.599054976664966],[126.39592648379038,36.595528990205544],[126.42427188749876,36.4568409451509]]],[[[126.42427188749876,36.4568409451509],[126.42663592164806,36.3991811240706],[126.34645679554622,36.43577132664441],[126.42427188749876,36.4568409451509]]],[[[126.19376188303404,36.56811185782509],[126.19311015825795,36.568023492756986],[126.19268713895038,36.568242170559145],[126.190950805239,36.56923675326972]]],[[[126.29314869613275,36.578059286873206],[126.29282951101106,36.577950919573254],[126.29241714862235,36.5779782381983],[126.29200002328716,36.57814782780567]]],[[[126.19779260259212,36.5772511490884],[126.1972429492413,36.57724132141435],[126.19692996997689,36.57746676015716],[126.19657874416717,36.57832176297227]]],[[[126.20250728059159,36.59062363986146],[126.20216352336095,36.590596112313214],[126.20176991548469,36.590677447311656],[126.20114023339436,36.59108312811152]]],[[[126.24544088826914,36.60513836322057],[126.24579401744793,36.60084095921109],[126.24563619785097,36.60046327739557],[126.2453834583556,36.60016508927519]]],[[[126.2634439670584,36.62996659361999],[126.26315228554606,36.62988895983843],[126.2626502291663,36.63002880374517],[126.26233929684281,36.63064320390078]]],[[[126.34009534898232,36.67223399146913],[126.3572140752137,36.618116869712686],[126.29177495298647,36.58396987515844],[126.2712729211649,36.72923756157572],[126.34009534898232,36.67223399146913]]],[[[125.54720097558591,36.60888779064479],[125.54649846501559,36.60885023604389],[125.54531754431294,36.609138203158764],[125.54487941526727,36.60930360542349]]],[[[125.5806950123416,36.6138918917956],[125.58077167714154,36.61276966077712],[125.57729775891666,36.613871219329376],[125.5724723771746,36.61621605464303]]],[[[125.56145810448895,36.62611314471697],[125.56249884767777,36.625577323703574],[125.56262179593215,36.625248195589386],[125.56236750408947,36.62493603703342]]],[[[125.71385716599794,36.62924014593358],[125.7124878624597,36.629168471796504],[125.71254804678941,36.631537041274925],[125.71299840803472,36.63169126536503]]],[[[126.1211110804914,36.64115432387396],[126.11915295052322,36.640557646224465],[126.11714751931375,36.6410037781703],[126.11671975551437,36.64149833272226]]],[[[126.1262125921544,36.64015793869101],[126.12608676685863,36.64009263963502],[126.12586522438404,36.64009783350363],[126.12567516539033,36.64012804683493]]],[[[125.69784793462651,36.638331113825174],[125.69754531287558,36.638314637013345],[125.69268937249704,36.639268420016364],[125.69233154421532,36.639449773349774]]],[[[125.82553637782394,36.6587447825408],[125.82216904332044,36.65852630765084],[125.82228468721274,36.660492654959796],[125.82305618192011,36.66084128334245]]],[[[125.86084130501985,36.66323675107038],[125.85783515367206,36.66288005457707],[125.85513703303742,36.66370652819877],[125.85479108429894,36.66508018212668]]],[[[126.03470653332266,36.665363905262254],[126.03383274998994,36.66527542391808],[126.03322291623176,36.66546778640871],[126.03191743102086,36.666115633070426]]],[[[126.22064258397825,36.68471963152882],[126.22026840394487,36.684623942324244],[126.21992406168042,36.684697687472585],[126.21946189405621,36.68486192323654]]],[[[126.08411837381303,36.684138022490686],[126.08443463950827,36.68366288501897],[126.08590567847031,36.68259560222779],[126.08620601189571,36.68244763811573]]],[[[125.94467024841067,36.72090518151025],[125.94325239053238,36.72088628627588],[125.94274651453276,36.72108893512637],[125.94210013109176,36.72139411705771]]],[[[126.27554584716262,36.72973184108621],[126.18865745440989,36.67162693948912],[126.1230298332494,36.67932996294063],[126.21724612758481,36.71156515588781],[126.21811365504698,36.764714949178355],[126.27554584716262,36.72973184108621]]],[[[126.11421349302373,36.70397630449415],[126.11313784865546,36.703751571761174],[126.1125157660192,36.704062570944835],[126.11201077057429,36.705507659532145]]],[[[126.11696732575761,36.70528824673229],[126.1164147352566,36.70503865624803],[126.11469069482033,36.70625129881077],[126.11500365465655,36.70684952004502]]],[[[126.1255244325827,36.748300744037564],[126.12498715715905,36.74821564577081],[126.12449061360242,36.748390767173575],[126.12425282893564,36.74880989243399]]],[[[126.15907981643886,36.74674195466925],[126.15879016515409,36.74659000944054],[126.15838705373898,36.7467871733293],[126.15793095825512,36.747038664738]]],[[[126.14365678731382,36.79945868027532],[126.1430779798776,36.799326204446125],[126.14231203986479,36.799530187330305],[126.1417515625681,36.79975262384629]]],[[[126.1863319407573,36.823033727135396],[126.26132010113295,36.76800262051741],[126.20618544368253,36.73610767701961],[126.1415310005089,36.75365176438873],[126.12267765393747,36.70693691264076],[126.10153285672935,36.77327359306156],[126.14771895430331,36.79617767085034],[126.14903179908502,36.8466567093902],[126.1863319407573,36.823033727135396]]],[[[126.24833950475876,36.86671711297321],[126.3178079101051,36.838027027311234],[126.26443941030428,36.76823675712876],[126.17510015290199,36.83172057307015],[126.20293307562896,36.90511862484256],[126.25324046244916,36.914890763406746],[126.21828435713957,36.880091086301],[126.24833950475876,36.86671711297321]]],[[[126.16972444681373,36.927180399310856],[126.16800949473352,36.92664216792803],[126.16678363304142,36.92704555178247],[126.16668013922762,36.928107109900324]]],[[[126.31039802092795,36.865381118312435],[126.31054974576105,36.86537774232794],[126.3106184873089,36.865379991560445],[126.31214279914434,36.86544733147517]]],[[[126.25148096475705,36.887972800688345],[126.2501507348852,36.887414572301694],[126.24695664319887,36.8897974948222],[126.24683270885063,36.88994112000536]]],[[[126.3085492100224,36.936193584785215],[126.30817616110619,36.9361608183172],[126.30766657277573,36.93634769545496],[126.30682565147373,36.93683817683724]]],[[[126.3178079101051,36.838027027311234],[126.24833950475876,36.86671711297321],[126.30488764404636,36.97946113012859],[126.3178079101051,36.838027027311234]]],[[[127.09684325954753,36.80016728075823],[127.1053905108434,36.80158543125816],[127.11046321926544,36.818905209904194],[127.11117273321226,36.8190108456332]]]]}},{"type":"Feature","properties":{"regionCode":"47","name":"경상북도"},"geometry":{"type":"MultiPolygon","coordinates":[[[[129.53015160879679,35.93495175025241],[129.48943430199805,35.95431911797486],[129.5026982764309,35.992855000860025],[129.58170938700292,36.032950614328435],[129.53015160879679,35.93495175025241]]],[[[129.3152751169489,36.04382663767325],[129.32427535714214,36.00323629315898],[129.3678313657433,36.00700868384065],[129.31861072122754,35.95794644971651],[129.2766716464366,36.028562233150964],[129.28458982584618,36.061858408439726],[129.3152751169489,36.04382663767325]]],[[[129.4296000895761,35.9806165930193],[129.42144961843707,35.87800564695852],[129.36058319461588,35.86525891052157],[129.33745742367998,35.89386201038832],[129.4296000895761,35.9806165930193]]],[[[129.39266428191644,35.96394341849453],[129.33831428541052,35.89468637365169],[129.32001490871838,35.95807120727131],[129.3585946473007,35.988032559455824],[129.39266428191644,35.96394341849453]]],[[[129.53787805280052,36.02753499634952],[129.50595862595753,35.956088649814994],[129.44178859336174,35.95493300675765],[129.431981897684,35.99614660056427],[129.52350014034772,36.05451657295619],[129.53787805280052,36.02753499634952]]],[[[129.49038528764325,35.95660147021744],[129.5311205213036,35.93186543553266],[129.51421851892104,35.840203969594455],[129.41878603980314,35.89279961061397],[129.4398346763917,35.95236443527576],[129.49038528764325,35.95660147021744]]],[[[129.57822993778947,36.0323369043778],[129.53787805280052,36.02753499634952],[129.54708580660233,36.085180462788784],[129.57822993778947,36.0323369043778]]],[[[129.38405042082138,36.02981871249057],[129.38247818426453,36.02840048838949],[129.38211269880819,36.02771231742204],[129.37997373950517,36.02368459698843]]],[[[129.431981897684,35.99614660056427],[129.43043945980622,35.993856305964414],[129.43029930446008,35.99356927685947],[129.42880582067673,35.99045708857578]]],[[[129.41634411804353,36.00568379368502],[129.39266428191644,35.96394341849453],[129.3585946473007,35.988032559455824],[129.38864663970986,36.031746178631614],[129.41634411804353,36.00568379368502]]],[[[129.3430494217889,36.007223864629715],[129.34482348745374,36.00640575833419],[129.34502933348824,36.00568830279222],[129.34500947892306,36.00554967983281]]],[[[129.33156001534408,36.042660491550144],[129.33206899577982,36.04228720488678],[129.33482339536857,36.04101383972915],[129.3361151301438,36.03742236638287]]],[[[129.36865986270095,36.00770572095351],[129.3678313657433,36.00700868384065],[129.36270389012273,36.004855868851045],[129.36164606965917,36.0042856754628]]],[[[129.37997373950517,36.02368459698843],[129.37846356786392,36.01962566704094],[129.3782192267139,36.018898774624404],[129.37814844481977,36.01868820171416]]],[[[129.4172067978622,36.0816681169003],[129.37520522663903,36.09872006553882],[129.307469405811,36.043629993027324],[129.28520803331546,36.15520782475117],[129.39773363004568,36.16858036904082],[129.44101769208942,36.11290779373882],[129.4172067978622,36.0816681169003]]],[[[129.2605681761224,36.21345541897909],[129.3032915819234,36.1227264324156],[129.25095541784557,36.072477886668814],[129.21189537445412,36.20658338129931],[129.2605681761224,36.21345541897909]]],[[[129.38623849622365,36.218110151399316],[129.37376736918944,36.14389485573579],[129.29267694103316,36.16064416362162],[129.2605681761224,36.21345541897909],[129.29230686536815,36.25022040575831],[129.33484663073878,36.20870473140135],[129.38623849622365,36.218110151399316]]],[[[129.292215348569,36.27906069965646],[129.37627236731666,36.26830475491422],[129.38623849622365,36.218110151399316],[129.33484663073878,36.20870473140135],[129.2923708368325,36.25022025015128],[129.25750176564952,36.22025435538601],[129.292215348569,36.27906069965646]]],[[[129.22577045447355,36.14270960817194],[129.24761927610888,36.07347105751814],[129.18137320305166,36.02738667541717],[129.09255285597345,36.099796811057615],[129.22577045447355,36.14270960817194]]],[[[129.28726402757542,36.33250326350624],[129.2625533864841,36.21479037189272],[129.20227024343995,36.208153206179524],[129.11113133250686,36.11915917585327],[128.9874917298352,36.16796491628093],[129.08196174732205,36.23495187318272],[129.0656507317193,36.27378273581124],[129.17330739025135,36.2247911984831],[129.22067001357988,36.30466846374807],[129.28726402757542,36.33250326350624]]],[[[129.21190323337996,36.206698037568295],[129.2275154915142,36.14453795351929],[129.15317897498778,36.10076114903905],[129.14835755404764,36.160080208053124],[129.21190323337996,36.206698037568295]]],[[[129.33572883443762,36.04495066789136],[129.33662207586448,36.04433456767306],[129.3375640016663,36.043657073516286],[129.3410879315452,36.04084185467035]]],[[[129.3419906121949,36.05488530856584],[129.34255910645487,36.05410798046704],[129.3450570543412,36.05200943489666],[129.34610334894623,36.05115971182794]]],[[[129.36067235954368,36.080127529950914],[129.36168206406848,36.07988286215182],[129.3627431924189,36.07952324939542],[129.36299188085434,36.079179636261536]]],[[[129.38847563230496,36.068946800621816],[129.38842851402498,36.06839923063837],[129.38842435308774,36.06834389867406],[129.38842387532398,36.06824576272771]]],[[[129.41132286832945,36.08048282579849],[129.41064554841353,36.079732569549016],[129.40894186019977,36.077976776684366],[129.40861165084422,36.07775102488784]]],[[[129.3957805601867,36.06330737390382],[129.3957671637955,36.06345262806776],[129.39572797754863,36.06369813464781],[129.3957099369745,36.06377533924834]]],[[[129.37852088037968,36.0556326868066],[129.37829075380822,36.05239144367629],[129.38167631957788,36.0507990055072],[129.38445906729024,36.04718654850304]]],[[[129.3702521357411,36.03689961532484],[129.37154544759565,36.03314089512151],[129.37090104029127,36.03278670139404],[129.3706614541017,36.03259158095805]]],[[[129.51825930640126,35.841936131215455],[129.47963784229162,35.74385989911354],[129.45293369357455,35.843772763906145],[129.51825930640126,35.841936131215455]]],[[[129.23767756023173,36.05276172767011],[129.23847504023362,35.91090377372074],[129.13484371674141,35.931662919338955],[129.11046171085934,36.004792928627324],[129.13829234812928,36.0417301293653],[129.23767756023173,36.05276172767011]]],[[[129.1359251228189,35.86835282604369],[129.1647489741523,35.79911482234881],[129.13328152763114,35.7631519458704],[129.03929360546994,35.84260068210793],[129.11007705346842,35.91102157882953],[129.1359251228189,35.86835282604369]]],[[[129.35395297756776,35.77303792518194],[129.36455070753226,35.67876787715019],[129.26007797423347,35.65450517844181],[129.26249415955868,35.73828681959776],[129.35395297756776,35.77303792518194]]],[[[129.45485294824522,35.846759915866045],[129.48166945796666,35.72246059129058],[129.35629056010958,35.75607504230838],[129.37660605239338,35.86515507691373],[129.42551511430884,35.883945425392255],[129.45485294824522,35.846759915866045]]],[[[129.48166945796666,35.72246059129058],[129.45000815531807,35.65094846895011],[129.36443688487088,35.67754268514764],[129.3788083726235,35.756466268722406],[129.48166945796666,35.72246059129058]]],[[[129.22291330274226,35.78743211400252],[129.2572870889371,35.769237502799285],[129.2560356097542,35.70078479686128],[129.09103006964082,35.70257153425341],[129.08886279457147,35.79456424369233],[129.13328152763114,35.7631519458704],[129.1647489741523,35.79911482234881],[129.22291330274226,35.78743211400252]]],[[[129.0393120138579,35.84243916793429],[129.09091073233364,35.76996191691427],[129.07413172138828,35.64008515672879],[128.97254764744002,35.7371305642483],[129.0393120138579,35.84243916793429]]],[[[129.1152523870025,35.916996224362755],[129.01609841222054,35.84980338476317],[129.06546105135976,35.94148913304997],[129.1152523870025,35.916996224362755]]],[[[129.23847504023362,35.91090377372074],[129.2016817738409,35.86033730583027],[129.14877464703608,35.85968906788049],[129.11007705346842,35.91102157882953],[129.23847504023362,35.91090377372074]]],[[[129.27536275005315,36.079486969240826],[129.3295972962314,35.92659649795319],[129.23719331637466,35.9516285775705],[129.24234211711203,36.069174544937205],[129.27536275005315,36.079486969240826]]],[[[129.3295972962314,35.92659649795319],[129.30659493215515,35.86753087186573],[129.22749754109793,35.886895410778045],[129.2382867464384,35.94957954691873],[129.3295972962314,35.92659649795319]]],[[[129.20356712920292,35.8627357967051],[129.20405105247218,35.86170323770146],[129.20463342533037,35.860460608299995],[129.20506933774888,35.859891208541725]]],[[[129.28644108305207,35.794424466879576],[129.2354014171919,35.76657567990908],[129.21349715625422,35.83229665097643],[129.266341850625,35.849612450633025],[129.28644108305207,35.794424466879576]]],[[[129.1368270630657,35.86732023655579],[129.19905424910039,35.817625643225306],[129.14579847474002,35.815312561355235],[129.1368270630657,35.86732023655579]]],[[[129.1368270630657,35.86732023655579],[129.1368049905972,35.867404921184395],[129.13675298719622,35.86749339972252],[129.1367160931145,35.86754651481904]]],[[[129.24400509208758,35.8709359152139],[129.24298399088394,35.87057102652965],[129.24274246313058,35.86840467013476],[129.2426475197466,35.8657458835569]]],[[[129.22322427238646,35.885639931101956],[129.22361200146662,35.88424951525503],[129.22271601133647,35.88408590747383],[129.22300869375246,35.88187943842275]]],[[[129.24289085026695,35.858722717520564],[129.24429434392437,35.856987717030265],[129.24549916932025,35.856650030476956],[129.24714501248945,35.85457897403578]]],[[[129.3478534257096,35.8023233972611],[129.35422251382826,35.77317675643575],[129.25929996156407,35.73982505159628],[129.25668718880746,35.794807185920156],[129.3478534257096,35.8023233972611]]],[[[129.33448439961256,35.90556462074936],[129.3780069239804,35.829619318679974],[129.29140225462115,35.7913756919754],[129.24298399088394,35.87057102652965],[129.30659493215515,35.86753087186573],[129.33448439961256,35.90556462074936]]],[[[129.21165242676096,35.839924445170915],[129.2115376688646,35.839891322183895],[129.2102066714458,35.83957623497502],[129.20993536063654,35.83952997924154]]],[[[129.21688524106395,35.837265373288496],[129.22291330274226,35.78743211400252],[129.1600890106154,35.80315751461822],[129.21688524106395,35.837265373288496]]],[[[128.29180911192762,36.17070997606447],[128.26937020989644,36.09757951691103],[128.18436756204233,36.146876410588476],[128.24464670942064,36.19922947983713],[128.29180911192762,36.17070997606447]]],[[[128.1776420859797,36.13150161110059],[128.23325704498663,36.06380893893988],[128.19494609361445,36.03176171842495],[128.1488614012658,36.07648260989222],[128.1776420859797,36.13150161110059]]],[[[128.27558639329814,36.10346024304524],[128.29850381696644,36.05135920924003],[128.2272838896564,36.05350678824441],[128.17353323648274,36.14557128058669],[128.27558639329814,36.10346024304524]]],[[[128.22751699361888,36.1879604759154],[128.1485709120936,36.14962559711992],[128.17010232889956,36.20588960507572],[128.22751699361888,36.1879604759154]]],[[[128.22579664312082,36.231658749041735],[128.23115531766572,36.18963609929866],[128.15612285028885,36.186738978062486],[128.10856331238102,36.235824176635795],[128.22579664312082,36.231658749041735]]],[[[128.10869107810478,36.23714637737761],[128.14940789855063,36.15592774707036],[128.09957521464216,36.15981227405228],[128.03004830584155,36.240308201160694],[128.10869107810478,36.23714637737761]]],[[[128.06295971248986,36.19922069210288],[128.0674706266073,36.129326527231534],[127.97564270942486,36.188148588762246],[128.06295971248986,36.19922069210288]]],[[[128.0674706266073,36.129326527231534],[128.01420166660924,36.055082347367836],[127.9613862261557,36.06838914288329],[127.99383997821843,36.15287539111413],[128.0674706266073,36.129326527231534]]],[[[128.14751598359237,36.09835605926081],[128.17235711013404,36.045205969649736],[128.14166381014917,36.0262940187673],[128.11289263474129,36.06047033584222],[128.14751598359237,36.09835605926081]]],[[[128.11956230821002,36.07672362942992],[128.17309756113636,36.014007813199655],[128.13179626753495,35.95902758586573],[128.07433705981953,36.00241294319612],[128.11956230821002,36.07672362942992]]],[[[128.10232034411445,36.078411316630365],[128.07970482111497,35.98463766807819],[127.9317542793766,36.0491178521171],[128.10232034411445,36.078411316630365]]],[[[128.08284865829415,35.98599495442802],[128.08778500577074,35.922051622508334],[128.0030176904519,35.93109895881688],[128.00353385856658,35.99649746840238],[128.08284865829415,35.98599495442802]]],[[[127.93166895448768,36.050222770343574],[128.0036666396296,35.96677229043035],[127.9041238281849,35.95434285751788],[127.87626948768083,36.0211499675457],[127.93166895448768,36.050222770343574]]],[[[127.9943687340049,35.96504516056004],[127.9747052396289,35.85148039236433],[127.88486191093938,35.89301510134845],[127.92962865307321,35.96294600475276],[127.9943687340049,35.96504516056004]]],[[[128.05156864583367,35.938175224556325],[128.07871283152147,35.83892876199547],[128.01105855421557,35.82908441636924],[127.98399128300937,35.88031950430135],[128.05156864583367,35.938175224556325]]],[[[128.12944513737457,36.1162380639253],[128.11956230821002,36.07672362942992],[128.08730525085892,36.09131353142141],[128.12944513737457,36.1162380639253]]],[[[128.14940789855063,36.15592774707036],[128.1323412941413,36.12578207573089],[128.0680584735399,36.137837782253584],[128.08227663104293,36.17223572167965],[128.14940789855063,36.15592774707036]]],[[[128.10309135520765,36.130695737360455],[128.10363234181196,36.12935022245303],[128.10374052113613,36.12919461711698],[128.1042374406966,36.12849936750364]]],[[[128.14751598359237,36.09835605926081],[128.12542787644566,36.1118092888695],[128.16465772915996,36.139836723733104],[128.14751598359237,36.09835605926081]]],[[[128.1323412941413,36.12578207573089],[128.13157629004206,36.12151416755553],[128.1314317948252,36.12059350771096],[128.13133452876252,36.120289750368755]]],[[[128.11823549735064,36.12901352525469],[128.11815145240476,36.12840616317102],[128.11803718809364,36.12680626819463],[128.1177695855483,36.121605518240536]]],[[[128.17749082097544,36.11506790787372],[128.17336647495313,36.11648426141407],[128.17227878529064,36.119123406901544],[128.17107943521964,36.12370329699415]]],[[[128.673315714991,36.57770254333165],[128.64473205651046,36.545328700549554],[128.49094353406247,36.588679332424405],[128.60455488579285,36.652474051461425],[128.59790519621257,36.598964430222765],[128.673315714991,36.57770254333165]]],[[[128.81867991189853,36.692255271608],[128.85962688159904,36.57739245209205],[128.72550090286796,36.59884508183178],[128.7391434494544,36.67923616301554],[128.81867991189853,36.692255271608]]],[[[128.73443841604964,36.700420203237435],[128.70425230854448,36.60719663023311],[128.70296874422098,36.657607870100556],[128.60569742801502,36.662530023454416],[128.5954515950916,36.71133949107622],[128.73443841604964,36.700420203237435]]],[[[128.70425230854448,36.60719663023311],[128.673315714991,36.57770254333165],[128.59822078703945,36.598678378672176],[128.60569742801502,36.662530023454416],[128.70294038254232,36.657632215042554],[128.70425230854448,36.60719663023311]]],[[[128.5490264939792,36.554887950684225],[128.58907967723462,36.50001888139588],[128.57033094162117,36.4510497261927],[128.4957900778836,36.516657086902356],[128.43339640810373,36.50305004529698],[128.49917421016187,36.58435622731545],[128.5490264939792,36.554887950684225]]],[[[128.69502029690534,36.49684767367933],[128.7066420393923,36.448020817848885],[128.60632915564295,36.409475163360064],[128.57030934998966,36.45081358610735],[128.58907967723462,36.50001888139588],[128.69502029690534,36.49684767367933]]],[[[128.65793782895258,36.54623915453322],[128.7011829485874,36.49956060834336],[128.5991950669305,36.492605046622806],[128.54815009085593,36.55788644378956],[128.65793782895258,36.54623915453322]]],[[[128.81121339473356,36.53612832977206],[128.79231892742237,36.46563759125936],[128.694726580135,36.48708784549341],[128.71304678210538,36.53654278825563],[128.81121339473356,36.53612832977206]]],[[[128.85981377591003,36.57764733832083],[128.88157839751915,36.507426101321144],[128.91532645720653,36.51639340934324],[128.90237244251708,36.465207020992814],[128.79993629006722,36.458791956549376],[128.80871713573728,36.56629380738826],[128.85981377591003,36.57764733832083]]],[[[128.99563779741274,36.500248745520345],[128.9622666810829,36.33850269032026],[128.88960387055377,36.297134494180256],[128.83625493054294,36.46356585290997],[128.9021663988177,36.4649700133046],[128.91532645720653,36.51639340934324],[128.99563779741274,36.500248745520345]]],[[[128.99179519760668,36.688913718211666],[128.99563779741274,36.500248745520345],[128.88157839751915,36.507426101321144],[128.86520446511014,36.606893551913956],[128.99179519760668,36.688913718211666]]],[[[128.99015966080913,36.74706504962596],[128.95837389016071,36.641596854862335],[128.85669879958576,36.59534177104026],[128.81867991189853,36.692255271608],[128.90187062856538,36.71119871490529],[128.92604936926108,36.76912075438665],[128.99015966080913,36.74706504962596]]],[[[128.8412090064989,36.809237341225426],[128.91798463850725,36.740336688178395],[128.84273003400818,36.715463333706715],[128.85290594982484,36.68653147611359],[128.78510029089267,36.6928368879921],[128.7905735667022,36.772930893876904],[128.8412090064989,36.809237341225426]]],[[[128.81235780944004,36.79550186969344],[128.806723227493,36.714108576392185],[128.75220694773824,36.683560308016936],[128.73702835268864,36.7916582027037],[128.8027392499079,36.82315655756613],[128.81235780944004,36.79550186969344]]],[[[128.7793459657317,36.58325320505006],[128.77543073808087,36.58607541667472],[128.7748037543515,36.58628356074221],[128.7736336668896,36.58632582194162]]],[[[128.7583847935127,36.584010360421885],[128.7588722307528,36.582355882837675],[128.75892824030396,36.58191579097615],[128.7582494315596,36.5806158180425]]],[[[128.81980458482792,36.58257097806267],[128.81121339473356,36.53612832977206],[128.73756122312076,36.558372594612514],[128.81980458482792,36.58257097806267]]],[[[128.71802126505153,36.56657743043123],[128.71749629818717,36.565342591040505],[128.71726578217593,36.564722875596],[128.71725665367802,36.56469832227801]]],[[[128.71921237130567,36.5709547017396],[128.71802126505153,36.56657743043123],[128.71287762013634,36.56628645250495],[128.7116905549673,36.56867913127784]]],[[[128.72550090286796,36.59884508183178],[128.71801062221863,36.570338740893526],[128.69206565195012,36.59971683213896],[128.72550090286796,36.59884508183178]]],[[[128.7027561683658,36.56805804165001],[128.7030277752489,36.56648325681618],[128.70307799038045,36.566264489907496],[128.70381269501297,36.56419575060438]]],[[[128.69206565195012,36.59971683213896],[128.70690273798567,36.57225886217066],[128.67235563896543,36.560790654412685],[128.69206565195012,36.59971683213896]]],[[[128.72806954688727,36.57399550386431],[128.72833556074414,36.5739926492757],[128.72847801965256,36.573981258006064],[128.72859684119416,36.57393186361094]]],[[[128.70266695094074,36.551149345712375],[128.7684542742138,36.53993215577054],[128.65793782895258,36.54623915453322],[128.70266695094074,36.551149345712375]]],[[[128.34086377425092,36.26832445854895],[128.36384832907265,36.21179530630024],[128.23371038998408,36.201875856720925],[128.2376168727544,36.26034037095706],[128.3239139935778,36.294830633166505],[128.34086377425092,36.26832445854895]]],[[[128.36384832907265,36.21179530630024],[128.37488282630557,36.13803250869565],[128.25672741204372,36.201099684659184],[128.36384832907265,36.21179530630024]]],[[[128.19918986211022,36.29819595259517],[128.241443532766,36.26545265154039],[128.22690690542072,36.23217096166297],[128.1367185870475,36.25741270475549],[128.19918986211022,36.29819595259517]]],[[[128.28404611886023,36.34725350330279],[128.3239139935778,36.294830633166505],[128.24748692159102,36.24758940785388],[128.19650103546306,36.29488275061556],[128.2533927107928,36.360442672932834],[128.28404611886023,36.34725350330279]]],[[[128.37916762123436,36.32265968506033],[128.41937390486734,36.25885454698104],[128.2810914272209,36.321083522316655],[128.3508033674843,36.351118863175344],[128.37916762123436,36.32265968506033]]],[[[128.41656550483103,36.25763147918002],[128.44271136392962,36.20604569553257],[128.38147914829494,36.16348221623909],[128.33494175891204,36.25492635366495],[128.41656550483103,36.25763147918002]]],[[[128.5043477491319,36.18498935571777],[128.4742381238242,36.12899268636629],[128.38089369179565,36.149207429635524],[128.47806961693462,36.233976931659456],[128.5043477491319,36.18498935571777]]],[[[128.52287216137069,36.20069350727641],[128.56303386389723,36.11112311121055],[128.4580719096473,36.110825191096495],[128.52287216137069,36.20069350727641]]],[[[128.3586341559285,36.11963642019451],[128.35816122205816,36.11845768401645],[128.35749488201714,36.11829654333023],[128.35704730681476,36.11709688176817]]],[[[128.33946794377786,36.149276672507376],[128.3400869717734,36.1476364397039],[128.3413747679846,36.144715061119115],[128.34166028980994,36.14445532176149]]],[[[128.37249978987322,36.13796478921411],[128.3728799512253,36.136385919764756],[128.3739270871895,36.13383086175673],[128.3747538778303,36.13249089098681]]],[[[128.3202165868969,36.15400764120394],[128.3331469393194,36.093773289229865],[128.29749684227744,36.087662574526604],[128.28038149914664,36.142922334034324],[128.3202165868969,36.15400764120394]]],[[[128.33853963236967,36.12015179103989],[128.3387393355821,36.118095211699845],[128.33923391286564,36.11443531168894],[128.33998266151517,36.11474332199173]]],[[[128.34731298227936,36.108425108992485],[128.34714565383013,36.108052596246026],[128.3466125453716,36.106868358042334],[128.3465644292166,36.10678637679414]]],[[[128.36597284626217,36.1221967094545],[128.3661056357663,36.12046419229934],[128.36629782532353,36.11539743460604],[128.3663318038879,36.112042656066336]]],[[[128.370614533258,36.12643736363271],[128.36932443191807,36.124955724834955],[128.36809656035834,36.12492321917965],[128.36742018202796,36.12362206781625]]],[[[128.39816264696213,36.0922163175847],[128.3984459830567,36.090398488894614],[128.38258594495775,36.073999889568825],[128.38105829708934,36.07561236103196]]],[[[128.35704730681476,36.11709688176817],[128.3586716386305,36.11546328671817],[128.35870101259152,36.115383822175644],[128.36169333194553,36.113812351493245]]],[[[128.36363508653702,36.10056297383198],[128.36369534600374,36.0988013901923],[128.36319355416995,36.09794613660927],[128.3620527956989,36.09792604704682]]],[[[128.36150542359078,36.09175957118151],[128.3613528461812,36.09003170843039],[128.366210323326,36.089996441350955],[128.36818844611915,36.090041606412115]]],[[[128.4580459243752,36.11188784525271],[128.46280688850268,36.06966744635682],[128.4099533894525,36.117620320894225],[128.4580459243752,36.11188784525271]]],[[[128.4099533894525,36.117620320894225],[128.41097768325537,36.116110882017566],[128.41242914404324,36.11468225931024],[128.41353711434635,36.113303357961904]]],[[[128.4742381238242,36.12899268636629],[128.47407684558812,36.12889083002303],[128.47393422322378,36.12879158947503],[128.4737234103452,36.12864147146034]]],[[[128.4849627800936,36.95746230422018],[128.55224841313049,36.89616715079245],[128.54630621684117,36.85816884791489],[128.42440683903914,36.87647074297153],[128.4849627800936,36.95746230422018]]],[[[128.73663753944214,36.84421938297388],[128.68254789120408,36.75907687349562],[128.64272939990965,36.78036671456072],[128.6861674831066,36.86331931145804],[128.73663753944214,36.84421938297388]]],[[[128.7433801185726,36.796128314449575],[128.73065968741065,36.69609343079105],[128.63894078242026,36.71860228642701],[128.7433801185726,36.796128314449575]]],[[[128.6481546310236,36.78977828751719],[128.6766437316027,36.753193920973374],[128.58990162397063,36.70073924660653],[128.60208402460842,36.77836095212884],[128.6481546310236,36.78977828751719]]],[[[128.59316507650766,36.815823594828814],[128.58651108132509,36.73501393999394],[128.51527656254095,36.76956988778011],[128.59316507650766,36.815823594828814]]],[[[128.59875948560264,36.87908042130307],[128.57317066256823,36.81368603186432],[128.51119016373278,36.788320233870344],[128.55150988048848,36.897177487266816],[128.59875948560264,36.87908042130307]]],[[[128.53648077364355,36.860974854201785],[128.51527656254095,36.76956988778011],[128.4748434766703,36.7766590406602],[128.44891961467798,36.863386092161186],[128.53648077364355,36.860974854201785]]],[[[128.59875948560264,36.87908042130307],[128.48552100467063,36.96171120304223],[128.59070641223553,36.94735224179673],[128.59875948560264,36.87908042130307]]],[[[128.63029138629912,37.038997749139575],[128.59723017295588,37.008420379647],[128.64279528028788,36.896088380461094],[128.6098107164494,36.86919050241413],[128.59235227805578,36.94565418932741],[128.5127879306569,36.98046634447341],[128.58309497455244,37.04366769995556],[128.63029138629912,37.038997749139575]]],[[[128.7089378210124,37.039230198127456],[128.63761925644303,36.896825318523405],[128.5973419555227,37.00882588366044],[128.65222772050285,37.06545686450225],[128.7089378210124,37.039230198127456]]],[[[128.66940891548523,36.84341719581462],[128.62699108711848,36.82772401850643],[128.6098107164494,36.86919050241413],[128.65177819689364,36.881777975086806],[128.66940891548523,36.84341719581462]]],[[[128.64217577044002,36.824961771062696],[128.64391378001753,36.82503895328836],[128.64409238244366,36.82502643754089],[128.6469764529354,36.82430723246452]]],[[[128.62699108711848,36.82772401850643],[128.6263631710602,36.82772067636611],[128.62465473289453,36.82629710836978],[128.62464701729462,36.82622318288215]]],[[[128.62442498863263,36.822064788895155],[128.62596969425414,36.82082659443588],[128.62084682329893,36.8193213536119],[128.6204432787356,36.81905737452594]]],[[[128.64857499158967,36.819833246263954],[128.6526748153198,36.81972831225068],[128.6527857845626,36.81971107305199],[128.6539304746373,36.81943945914139]]],[[[128.61334313426136,36.802156919011544],[128.61091852768786,36.80243796463082],[128.60979893254415,36.803608167087454],[128.6102649466142,36.80512626542836]]],[[[128.66490496739675,36.803311748353416],[128.61656166390262,36.77147101171197],[128.62084682329893,36.8193213536119],[128.66490496739675,36.803311748353416]]],[[[128.62084682329893,36.8193213536119],[128.62044441094935,36.81791335082553],[128.62022463168714,36.81645169121049],[128.62052980918318,36.814176364980085]]],[[[128.60970809467514,36.868415989514865],[128.61526831822601,36.82013637653861],[128.56713612825627,36.82707432676219],[128.60970809467514,36.868415989514865]]],[[[128.9173879998732,35.95079247069359],[128.94338438328103,35.890459419623895],[128.85532376287495,35.89977727387998],[128.87610613248296,35.96674082474421],[128.9173879998732,35.95079247069359]]],[[[128.81411830708356,36.022963684812055],[128.91770515987562,35.9925742923805],[128.86125172082671,35.93727699306398],[128.72328192711836,36.00595122909236],[128.81411830708356,36.022963684812055]]],[[[128.81636475925887,36.09227895975821],[128.81411830708356,36.022963684812055],[128.69524562537185,36.016296647152906],[128.74509122345773,36.109150137541725],[128.81636475925887,36.09227895975821]]],[[[128.8308466231749,36.10261918535351],[128.90625269116117,36.00024159285804],[128.80794342262936,36.029778473542876],[128.8308466231749,36.10261918535351]]],[[[128.9874917298352,36.16796491628093],[129.0076979140367,36.12304170530131],[128.91584132072973,36.074414670239314],[128.8968469276608,36.17642452473581],[128.9874917298352,36.16796491628093]]],[[[128.89150557147892,36.14338656108993],[128.91584132072973,36.074414670239314],[128.97277420815087,36.06989873681657],[128.9334101244836,36.02142060286183],[128.8308466231749,36.10261918535351],[128.89150557147892,36.14338656108993]]],[[[129.1044427816081,36.116645549918694],[129.08085791833602,36.05517807878346],[129.00608620698304,36.065093154694246],[128.97277483594826,36.110843531781555],[129.00954454771465,36.16294353891121],[129.1044427816081,36.116645549918694]]],[[[129.1120038042689,36.07984216537728],[129.1342119196106,36.03423939541666],[128.96271855570618,35.99259229163239],[128.97709019012348,36.09993678260806],[129.02882629505768,36.05937755855088],[129.1120038042689,36.07984216537728]]],[[[129.1342119196106,36.03423939541666],[129.11853916732326,35.917051126788515],[128.96815374422812,35.972272117885275],[129.0357783312941,36.030076364186364],[129.1342119196106,36.03423939541666]]],[[[129.06291271888583,35.93800512366449],[129.01299248897752,35.844782381130116],[128.97076130541623,35.835443287836895],[128.96047150564016,35.941858975342036],[129.06291271888583,35.93800512366449]]],[[[128.94338438328103,35.890459419623895],[128.97281218874377,35.86468069800739],[128.94402751221827,35.8298630434902],[128.8586207882726,35.87684182796034],[128.94338438328103,35.890459419623895]]],[[[128.9769949417736,35.992075400238235],[128.93988871454474,35.97039050038345],[128.95423992418253,36.01786193230271],[128.9769949417736,35.992075400238235]]],[[[128.95611030050978,36.038205606103226],[128.93058510979185,35.96425275477919],[128.9030095993337,36.03665705863319],[128.95611030050978,36.038205606103226]]],[[[128.91770515987562,35.9925742923805],[128.92243283727657,35.951119718807874],[128.8699572429093,35.96887941169234],[128.91770515987562,35.9925742923805]]],[[[128.97045318224679,35.969515271670744],[128.9709786572913,35.96939926823995],[128.9714256836508,35.96930057980315],[128.97179951889706,35.96918636938485]]],[[[128.97870355470081,35.96438982843949],[128.95541303701617,35.88308685463553],[128.9173879998732,35.95079247069359],[128.97870355470081,35.96438982843949]]],[[[128.17752289508095,36.59537106101946],[128.25034455396897,36.508725221787564],[128.1788138464788,36.52392510548949],[128.14640011686183,36.59295966627702],[128.17752289508095,36.59537106101946]]],[[[128.26864836267364,36.53302265391089],[128.24726018007576,36.443039255285065],[128.16765136516577,36.46660263342393],[128.18228044108105,36.51703718441155],[128.26864836267364,36.53302265391089]]],[[[128.31289028775205,36.45639961999228],[128.32656015153898,36.386084758121136],[128.23538627425975,36.417785587782724],[128.2589414971981,36.477743365026306],[128.31289028775205,36.45639961999228]]],[[[128.23776903585048,36.433232115355565],[128.3125514769046,36.399608535659034],[128.31147547389912,36.36331101277652],[128.17686379604527,36.29747791893269],[128.23776903585048,36.433232115355565]]],[[[128.17429072084735,36.332975554186184],[128.1544253747867,36.29429387489511],[128.09065111953814,36.325995054176595],[128.1197936186567,36.37062037713552],[128.17429072084735,36.332975554186184]]],[[[128.04597478801946,36.341762731044675],[128.1544253747867,36.29429387489511],[128.13553371355385,36.25441857255456],[128.01055541892356,36.27257270922843],[128.04597478801946,36.341762731044675]]],[[[128.11114399077013,36.39021314941944],[128.09878255134385,36.332178391760415],[128.05311515727934,36.32544976364804],[128.0595031226858,36.383014362741925],[128.11114399077013,36.39021314941944]]],[[[128.09663810101978,36.440065488781656],[128.11546004439904,36.39586492105945],[128.04597478801946,36.341762731044675],[127.9959854662348,36.44079400927103],[128.02535282334293,36.46929008461154],[128.09663810101978,36.440065488781656]]],[[[128.03177043609568,36.34652109609549],[127.97895686212556,36.254052514078026],[127.90704739583418,36.286080579563496],[127.92016151330775,36.32709630118804],[128.03177043609568,36.34652109609549]]],[[[128.03434333021931,36.35035091339269],[127.85082525967421,36.27479731690399],[127.89174729482482,36.35977352313376],[128.00186625138002,36.38635683864595],[128.03434333021931,36.35035091339269]]],[[[127.99358810684409,36.43508564612952],[128.01975797949797,36.39869503074576],[127.95757739422888,36.36144496439306],[127.87963235719995,36.371506602822],[127.99358810684409,36.43508564612952]]],[[[128.0059714149345,36.45929530974077],[127.9375201224925,36.402251503024566],[127.89461011365249,36.41518228011168],[127.95250397965538,36.47389306169247],[127.93725211704427,36.5071293344187],[128.0059714149345,36.45929530974077]]],[[[127.92043519607621,36.60364852094976],[127.94279747790361,36.50747725443262],[127.79701851462619,36.594761545584966],[127.87978099900091,36.65756294715064],[127.92043519607621,36.60364852094976]]],[[[127.97947120015694,36.51407299528808],[128.12747776637735,36.47904251418722],[128.18241725823407,36.50456058683767],[128.09663810101978,36.440065488781656],[127.99333915572545,36.46587651174755],[127.94939591465636,36.52080313623933],[127.97947120015694,36.51407299528808]]],[[[128.07588438735974,36.60542139723236],[128.09361236827382,36.50541834413383],[127.97947120015694,36.51407299528808],[127.98262435890821,36.545322922175984],[128.05604972992126,36.54755387184881],[128.07588438735974,36.60542139723236]]],[[[128.17436548185387,36.54072489886679],[128.12859236733334,36.47926233372333],[128.0933511326585,36.511597995116034],[128.12000851104798,36.55493255772702],[128.17436548185387,36.54072489886679]]],[[[128.15120444135934,36.59967862001296],[128.17436548185387,36.54072489886679],[128.0825276176965,36.538609054774746],[128.07588438735974,36.60542139723236],[128.15120444135934,36.59967862001296]]],[[[127.93725211704427,36.5071293344187],[127.95250397965538,36.47389306169247],[127.89337835761815,36.429661316873094],[127.93627326226554,36.39953666760123],[127.88423454822416,36.379336705020926],[127.8760946915116,36.48836808199482],[127.93725211704427,36.5071293344187]]],[[[128.14081938906145,36.44752718873073],[128.1635263804855,36.40748706731358],[128.11989047586542,36.37167002312163],[128.09322710591155,36.43369885194713],[128.14081938906145,36.44752718873073]]],[[[128.16765136516577,36.46660263342393],[128.14941371048144,36.41569774755413],[128.13807721345762,36.469312119546984],[128.16765136516577,36.46660263342393]]],[[[128.18119938083848,36.46087633657056],[128.2063408230309,36.44092110271055],[128.15910980440282,36.419798319858906],[128.18119938083848,36.46087633657056]]],[[[128.23776903585048,36.433232115355565],[128.21471211274152,36.40228434239851],[128.14941371048144,36.41569774755413],[128.25745582881373,36.45618437315229],[128.23776903585048,36.433232115355565]]],[[[128.20916182632467,36.40198444398055],[128.1830938923833,36.360692863661626],[128.16283001403855,36.4163659608997],[128.20916182632467,36.40198444398055]]],[[[128.1830938923833,36.360692863661626],[128.16128221189248,36.334671683262485],[128.11989047586542,36.37167002312163],[128.1646076856426,36.40775717126673],[128.1830938923833,36.360692863661626]]],[[[128.21698838374462,36.81305023270754],[128.1751785915444,36.72312850005345],[128.07896007920826,36.70662534190754],[128.03247701766645,36.747523748956695],[128.0591470517512,36.816685496491004],[128.21698838374462,36.81305023270754]]],[[[128.04876754350613,36.7075450322863],[128.11581598218598,36.63458966380934],[128.05639153894649,36.58282724322323],[127.87703440172953,36.679634260828415],[127.96077330747892,36.73677830811516],[128.04876754350613,36.7075450322863]]],[[[128.27163640104612,36.59997799149494],[128.29770912676275,36.55314330090264],[128.22242503100497,36.53291762999663],[128.20971693508656,36.600413993141096],[128.27163640104612,36.59997799149494]]],[[[128.30957219840928,36.65632560884754],[128.25839526477907,36.586849638062105],[128.2180957009152,36.597926062771485],[128.23578375580232,36.649085246267994],[128.30957219840928,36.65632560884754]]],[[[128.24010511066814,36.64999731329228],[128.20984783641623,36.61623754469547],[128.13956852113924,36.65861661702769],[128.21955774515206,36.7130070924432],[128.24010511066814,36.64999731329228]]],[[[128.2319775976425,36.790227119602676],[128.34786983940194,36.647213927511],[128.25096966430834,36.62771676413884],[128.25003929194364,36.67505171684605],[128.17458728349396,36.72817320174102],[128.2319775976425,36.790227119602676]]],[[[128.30857495542114,36.82873774250777],[128.3696885033021,36.794953886209235],[128.31049468864305,36.67666803745934],[128.21382004609634,36.85000465801464],[128.2419196703263,36.87279485620436],[128.30857495542114,36.82873774250777]]],[[[128.19928739305965,36.71011614023796],[128.11565353070117,36.64410504891442],[128.0401490703162,36.695288031159464],[128.19928739305965,36.71011614023796]]],[[[128.05639153894649,36.58282724322323],[128.05604972992126,36.54755387184881],[127.98262435890821,36.545322922175984],[127.97736113785298,36.513479944133564],[127.93184169457506,36.53254680165932],[127.92043519607621,36.60364852094976],[127.94446942718596,36.652019192054745],[128.05639153894649,36.58282724322323]]],[[[128.20507139808672,36.5968748434155],[128.20367202939053,36.59491689859175],[128.20216882397784,36.59524951444136],[128.2008306959547,36.59582781494028]]],[[[128.21124758987344,36.59304981082966],[128.21226968148358,36.59188582946429],[128.21286781340123,36.59145789581296],[128.2131206763005,36.59131094843501]]],[[[128.20984783641623,36.61623754469547],[128.2112481391288,36.61401350959373],[128.21459281722534,36.60924058679019],[128.21725005788537,36.60682142679044]]],[[[128.13956852113924,36.65861661702769],[128.1958965722578,36.60261129325672],[128.1066925226143,36.625826358346245],[128.13956852113924,36.65861661702769]]],[[[128.1919532473643,36.592589916722204],[128.19224971294258,36.59021066422605],[128.19275022616094,36.58745302445585],[128.1927567892759,36.58741851707687]]],[[[128.8432092139828,35.90834239968562],[128.7600440069232,35.865457447398256],[128.73786862018488,35.92979764078652],[128.81766994508195,35.94537309416254],[128.8432092139828,35.90834239968562]]],[[[128.8432092139828,35.90834239968562],[128.87335080701754,35.843776397814295],[128.79645621030423,35.84357130073516],[128.78221954416273,35.873110968625404],[128.8432092139828,35.90834239968562]]],[[[128.86125172082671,35.93727699306398],[128.8511074872311,35.907453708028385],[128.74468229574384,35.94442977583539],[128.73231111519158,35.98977912374589],[128.86125172082671,35.93727699306398]]],[[[128.85586712428662,35.83014507098805],[128.81362111431528,35.795816495284505],[128.7900450776936,35.847947153158955],[128.85586712428662,35.83014507098805]]],[[[128.96926119849553,35.840915443099846],[128.92952945676618,35.757535820980806],[128.85671143721314,35.7573227964264],[128.87517651574055,35.85102167999666],[128.96926119849553,35.840915443099846]]],[[[128.84152094493328,35.794888484824405],[128.84973363582878,35.74131968347956],[128.77504649704176,35.771869442427885],[128.80344112797997,35.815243564988755],[128.84152094493328,35.794888484824405]]],[[[128.79473006446293,35.84687102452618],[128.80043065556976,35.81111772876563],[128.74072594722276,35.85172826287588],[128.78221954416273,35.873110968625404],[128.79473006446293,35.84687102452618]]],[[[128.73492188277194,35.799170181210535],[128.80037100721165,35.74680548923382],[128.76558893392766,35.70041320205711],[128.69262595407537,35.7472852867445],[128.6825807950897,35.7899006175614],[128.73492188277194,35.799170181210535]]],[[[128.7433402547586,35.81929969002855],[128.7435106980127,35.81897604568709],[128.74351855936075,35.81875617806188],[128.74351146311997,35.81857358938693]]],[[[128.77848762608957,35.819901001855165],[128.7898519970399,35.78533505406913],[128.74847119797272,35.786619439560845],[128.74247816477438,35.8307081847796],[128.77848762608957,35.819901001855165]]],[[[128.73132002094601,35.82834610401105],[128.73122356651658,35.828138178711434],[128.73078281694157,35.82692316638105],[128.7307704405039,35.826886193267576]]],[[[128.7477902160333,35.7873065470577],[128.745348363082,35.787643274508916],[128.74521302153502,35.78768217662543],[128.74495630288143,35.78776712941488]]],[[[128.7261287033778,35.857117704268205],[128.72663463643457,35.8568155696893],[128.73342433765114,35.85276043971538],[128.73370398961436,35.85218641001365]]],[[[128.74247816477438,35.8307081847796],[128.73626570499977,35.82810623018486],[128.73624587399405,35.82447669522303],[128.7361120695842,35.824414066606565]]],[[[128.73229836727697,35.834046375849404],[128.73159954451435,35.83404518818002],[128.7312686453481,35.834044540176],[128.7306066267513,35.83404210232208]]],[[[128.7371777025043,36.385500510802444],[128.75468470193178,36.33238417620935],[128.69495011004142,36.29688321745246],[128.65422857760967,36.315437715778124],[128.66839630342554,36.390940747660586],[128.7371777025043,36.385500510802444]]],[[[128.78246208518894,36.46483206899504],[128.71941735074984,36.43497260061221],[128.73166816930672,36.382273836058445],[128.60893722993106,36.41593098947892],[128.71498476337896,36.481595266773084],[128.78246208518894,36.46483206899504]]],[[[128.78246208518894,36.46483206899504],[128.81319686294555,36.44208011065101],[128.7542161796516,36.340896212772186],[128.71941735074984,36.43497260061221],[128.78246208518894,36.46483206899504]]],[[[128.83021216159213,36.451847801642316],[128.8862955754372,36.29590719501489],[128.7768911003917,36.34780134473],[128.83021216159213,36.451847801642316]]],[[[128.77740310695046,36.34731321689199],[128.8770217541124,36.27457270467538],[128.7290872506251,36.29021345719714],[128.77740310695046,36.34731321689199]]],[[[128.84660733315553,36.26166063962729],[128.89424456889398,36.20373007676531],[128.7536627292846,36.225622133068754],[128.74242957432696,36.26698120099314],[128.84660733315553,36.26166063962729]]],[[[128.8039190397204,36.209956280047216],[128.6964926124784,36.202850975892204],[128.74242957432696,36.26698120099314],[128.8039190397204,36.209956280047216]]],[[[128.74685634531906,36.27778501966197],[128.7006788745737,36.2088665344493],[128.6338937350302,36.20931116636519],[128.6696621908789,36.30744785048358],[128.74685634531906,36.27778501966197]]],[[[128.65452154761007,36.346202126264906],[128.63636707092948,36.26118032272041],[128.55189807505582,36.27490753313738],[128.56565828435728,36.332141711600364],[128.65452154761007,36.346202126264906]]],[[[128.56693761448764,36.33300352317133],[128.54553153240502,36.291623830305845],[128.45557380936503,36.32610609892215],[128.51837699141709,36.38732584096489],[128.56693761448764,36.33300352317133]]],[[[128.4643353566755,36.36405293447464],[128.41125451269397,36.28751116390258],[128.38080568358188,36.31254137083936],[128.41164586062024,36.36318000344337],[128.4643353566755,36.36405293447464]]],[[[128.35382057773123,36.41318837512438],[128.406324347151,36.34769269526552],[128.28404611886023,36.34725350330279],[128.35382057773123,36.41318837512438]]],[[[128.41686005443609,36.4138295951842],[128.4272968578293,36.36678264337804],[128.35382057773123,36.41318837512438],[128.41686005443609,36.4138295951842]]],[[[128.50923902416523,36.38420815939795],[128.4344686947982,36.36685197118905],[128.41686005443609,36.4138295951842],[128.46165390361298,36.43039869123582],[128.50923902416523,36.38420815939795]]],[[[128.38184867758724,36.50463946995054],[128.42720667577353,36.41982673800122],[128.3391352894058,36.406460674156335],[128.30874831153432,36.4641803059503],[128.34140005169172,36.525094941433075],[128.38184867758724,36.50463946995054]]],[[[128.56677410943982,36.45207675171319],[128.5102335708452,36.42294706789641],[128.4515426648337,36.48736521900397],[128.49561226323542,36.51672435472038],[128.56677410943982,36.45207675171319]]],[[[128.57033094162117,36.4510497261927],[128.65486534525667,36.34643622136169],[128.56907793653198,36.331392667194265],[128.51837699141709,36.38732584096489],[128.57033094162117,36.4510497261927]]],[[[128.42921928369836,36.521968995916765],[128.51278530126226,36.3834374780109],[128.38184867758724,36.50463946995054],[128.42921928369836,36.521968995916765]]],[[[129.1259261707611,36.456179927946515],[129.18732357906788,36.427606975501796],[129.0527131853497,36.37295906170381],[129.03171567499746,36.43827616899325],[129.1259261707611,36.456179927946515]]],[[[129.22660342551617,36.398813342862674],[129.21629962402227,36.36080913423084],[129.25973794619134,36.3328590403105],[129.2082512931651,36.30127808181549],[129.048324601423,36.36732510566451],[129.18017331815867,36.42765282487294],[129.22660342551617,36.398813342862674]]],[[[129.2197346773946,36.303475177442095],[129.1711435284337,36.22459463682359],[129.0320436168197,36.351966369722405],[129.2197346773946,36.303475177442095]]],[[[129.04491650934307,36.31346761919042],[129.08204031200694,36.235100741503985],[129.00287068235176,36.17856677993011],[128.98696836596812,36.31464724406875],[129.04491650934307,36.31346761919042]]],[[[128.93078203870408,36.30569340660285],[128.93400456549418,36.24903439627475],[129.00148795557462,36.20202465659405],[128.9737595388568,36.16077649601351],[128.8918170713814,36.17547951253308],[128.88237427319007,36.251489488034444],[128.84660733315553,36.26166063962729],[128.93078203870408,36.30569340660285]]],[[[129.0456070546457,36.366375976937626],[129.04491650934307,36.31346761919042],[128.98696836596812,36.31464724406875],[128.99703223327097,36.236167099231544],[128.93462205478284,36.248352415883254],[128.97953488828747,36.40267347698178],[129.0456070546457,36.366375976937626]]],[[[129.1259261707611,36.456179927946515],[129.03171567499746,36.43827616899325],[129.0456070546457,36.366375976937626],[128.96762888531464,36.461918638286484],[128.99713791067762,36.51009460570381],[129.06335794033805,36.51491246711182],[129.1259261707611,36.456179927946515]]],[[[129.10815309915066,36.54614338688243],[129.15690287804878,36.450307181869334],[128.97192060470715,36.53117275933693],[129.0035800446239,36.59461496173293],[129.10815309915066,36.54614338688243]]],[[[129.18066460943663,36.697761891830666],[129.27686214724255,36.69159357359029],[129.23228830355853,36.66035056305955],[129.22201255013073,36.57288909222176],[129.18157316806952,36.61907283951873],[129.07852601312294,36.62648981461004],[129.08932011925708,36.69938446659366],[129.18066460943663,36.697761891830666]]],[[[129.07852601312294,36.62648981461004],[129.1397456897799,36.618823302809446],[129.10268492807023,36.5434323179601],[128.99903143213797,36.593471349637646],[128.98994460262554,36.64803005847906],[129.07852601312294,36.62648981461004]]],[[[129.08023902579578,36.81888553573681],[129.06558797681862,36.731890249027686],[129.0973331351153,36.68286751178056],[129.05142420249456,36.623755181668734],[128.9898354089872,36.66539363863593],[128.98390477242992,36.77258091992547],[129.08023902579578,36.81888553573681]]],[[[129.18066460943663,36.697761891830666],[129.08631862071343,36.70271416300447],[129.08023902579578,36.81888553573681],[129.16817913902375,36.84017585663877],[129.18066460943663,36.697761891830666]]],[[[129.29487869400864,36.824880122830905],[129.2821867302794,36.69443455256096],[129.20184937435153,36.67503220187294],[129.16817913902375,36.84017585663877],[129.0887648875702,36.82492913264318],[129.16968722233753,36.8814193336433],[129.23977788005283,36.8519254128353],[129.27815902035124,36.87477749783372],[129.29487869400864,36.824880122830905]]],[[[129.23253387139204,36.57738488583464],[129.2243558637706,36.48906450677241],[129.1327687003707,36.50090804477694],[129.0931912403324,36.55269332232269],[129.1422621616758,36.625446505011745],[129.23253387139204,36.57738488583464]]],[[[129.43617297223508,36.47102905785807],[129.4207482641665,36.398561644225644],[129.34493167468395,36.39686070193176],[129.3236760604904,36.48259380646615],[129.43617297223508,36.47102905785807]]],[[[129.4207482641665,36.398561644225644],[129.37953406653114,36.33450149418522],[129.31564721892096,36.407075889048166],[129.4207482641665,36.398561644225644]]],[[[129.38047027324026,36.334498763752606],[129.37627236731666,36.26830475491422],[129.28652874492286,36.28622852357367],[129.32157895179495,36.37532046920558],[129.38047027324026,36.334498763752606]]],[[[129.31953506747658,36.413986616089524],[129.3155252283029,36.34665943640499],[129.26535835325708,36.32044821777055],[129.22405235569724,36.3464943800852],[129.22807875539334,36.403349240593435],[129.31953506747658,36.413986616089524]]],[[[129.24767256391328,36.51017708810698],[129.32352420407568,36.48143325079596],[129.35030519998975,36.418591245391724],[129.22660342551617,36.398813342862674],[129.17150969865304,36.434436070968786],[129.15212102499467,36.50032768505839],[129.24767256391328,36.51017708810698]]],[[[129.44418599160875,36.5122617374955],[129.3983352442564,36.45085757987351],[129.29661583340345,36.50016627475406],[129.44418599160875,36.5122617374955]]],[[[129.44418599160875,36.5122617374955],[129.29557356941308,36.499819557422356],[129.23554568927494,36.53134069454562],[129.24215164183764,36.559905258730666],[129.295190391606,36.52644835117453],[129.42639696618647,36.566091240717164],[129.44418599160875,36.5122617374955]]],[[[129.39687883665397,36.66545232473847],[129.42639696618647,36.566091240717164],[129.3929508106938,36.54269305736332],[129.34735445146669,36.60921955593567],[129.39687883665397,36.66545232473847]]],[[[129.3545835626461,36.65103295901343],[129.38410087292738,36.54428137023852],[129.283778339401,36.52879387678153],[129.21721803136396,36.58788214506546],[129.23488840782164,36.662927874154285],[129.3545835626461,36.65103295901343]]],[[[128.74358681970588,35.70386827056626],[128.70456900048458,35.613155403984585],[128.6870156917066,35.68256282901032],[128.71528533157021,35.72079699621861],[128.74358681970588,35.70386827056626]]],[[[128.76558893392766,35.70041320205711],[128.8061890625421,35.676612340461126],[128.79753070358493,35.57552810024084],[128.70326846285028,35.5785263222399],[128.73369512163802,35.69594216028017],[128.76558893392766,35.70041320205711]]],[[[128.70456900048458,35.613155403984585],[128.593696573664,35.58449502028397],[128.6891350299923,35.66029787861154],[128.70456900048458,35.613155403984585]]],[[[128.62970223770347,35.64282515931125],[128.58527402725355,35.58601554046751],[128.52641436462469,35.68237968937188],[128.62970223770347,35.64282515931125]]],[[[128.62068302846058,35.704281461397244],[128.62715115909464,35.64220907306516],[128.52714406219826,35.71361249958369],[128.60881450271347,35.739075344059806],[128.62068302846058,35.704281461397244]]],[[[128.71528533157021,35.72079699621861],[128.68369818088448,35.65501542915028],[128.62970223770347,35.64282515931125],[128.61222630528937,35.69890618778974],[128.69437895703055,35.743880939442846],[128.71528533157021,35.72079699621861]]],[[[129.04731156623572,35.650146667720406],[128.9856541034807,35.6078595552017],[128.94094601733812,35.633071122271275],[128.90604379104238,35.72157948849357],[128.96593877047553,35.83449294538588],[129.01650872773146,35.844654602316574],[128.96988462040787,35.75277464388489],[129.04731156623572,35.650146667720406]]],[[[128.92614427364956,35.75546798190615],[128.94094601733812,35.633071122271275],[128.82708600016858,35.73841177319265],[128.92614427364956,35.75546798190615]]],[[[128.82708600016858,35.73841177319265],[128.914937300231,35.64541162295966],[128.80047092103848,35.58539567328353],[128.8061890625421,35.676612340461126],[128.76291704299877,35.71119974877443],[128.82708600016858,35.73841177319265]]],[[[128.26941880131355,35.759118684633556],[128.3012147576563,35.678765913851],[128.18913819199884,35.75130707756987],[128.26941880131355,35.759118684633556]]],[[[128.25319117971037,35.7804199467022],[128.25782567293504,35.753025242016335],[128.18925972120735,35.752343204036094],[128.16009707987325,35.80845247500558],[128.25319117971037,35.7804199467022]]],[[[128.33792080337946,35.79689487620299],[128.29038659421008,35.73849525287054],[128.25166614224003,35.7881427004944],[128.28033729112698,35.827166478116744],[128.33792080337946,35.79689487620299]]],[[[128.36757464274115,35.79251654764785],[128.40229341273687,35.7843735258103],[128.40753249236676,35.720718307607875],[128.2913551531234,35.73304081816698],[128.36757464274115,35.79251654764785]]],[[[128.4213180007699,35.85139262991444],[128.47878469357445,35.81468331755751],[128.37849250390582,35.781742322479325],[128.37479063210807,35.83459998530099],[128.4213180007699,35.85139262991444]]],[[[128.43410121037613,35.71880687106969],[128.35072239854122,35.676352158053156],[128.28998136270565,35.724062720125254],[128.43410121037613,35.71880687106969]]],[[[128.3587665529353,35.67690990940433],[128.40241888117484,35.64342606788457],[128.38541744158323,35.61207946492555],[128.29021898628298,35.67317890713239],[128.32799110893382,35.70635060072193],[128.3587665529353,35.67690990940433]]],[[[128.29121983778856,35.67634977896044],[128.26110099567913,35.64268892434194],[128.15771999556213,35.65781155783916],[128.20328533878302,35.685711347396044],[128.20332307628604,35.7376209218993],[128.29121983778856,35.67634977896044]]],[[[128.3133305125481,35.92801602130571],[128.31248407359408,35.89544657046736],[128.242899745445,35.88338155728891],[128.2508478003235,35.94375181523212],[128.3133305125481,35.92801602130571]]],[[[128.39770714818084,35.939080867870004],[128.39008701486196,35.85037050598948],[128.29454043902973,35.86629828448162],[128.33549950413757,35.94696138248307],[128.39770714818084,35.939080867870004]]],[[[128.2885035872535,35.88964379480038],[128.39008701486196,35.85037050598948],[128.36861709494121,35.792997453430914],[128.2449175947051,35.83793693410161],[128.2338269938647,35.88189226621028],[128.2885035872535,35.88964379480038]]],[[[128.2338269938647,35.88189226621028],[128.275126892291,35.78918575897095],[128.18917739875562,35.81983882142339],[128.16405642414114,35.7770268436216],[128.12880550773588,35.7893746119665],[128.17958418874645,35.87425975258814],[128.2338269938647,35.88189226621028]]],[[[128.16730743901238,35.90299652292203],[128.17773802058574,35.853507080403105],[128.13987491341214,35.82280894386057],[128.07871283152147,35.83892876199547],[128.10417427461041,35.90258527357443],[128.16730743901238,35.90299652292203]]],[[[128.20763655280334,35.929034878069196],[128.08655873761168,35.872452483596],[128.04674962962207,35.93222888876202],[128.150818344203,35.96640789309073],[128.20763655280334,35.929034878069196]]],[[[128.24376275614077,35.93053628588551],[128.24310214326186,35.883489521836395],[128.17368597015502,35.879512980881934],[128.24376275614077,35.93053628588551]]],[[[128.19418623904204,36.03195414560204],[128.2521232321179,35.94441029473931],[128.23118470900988,35.91634268179137],[128.150818344203,35.96640789309073],[128.16447105319696,36.032489345071056],[128.19418623904204,36.03195414560204]]],[[[128.28910731007323,36.042993571476934],[128.25680973966234,35.940263256544576],[128.1971208855719,36.043876417542805],[128.28910731007323,36.042993571476934]]],[[[128.2964522927634,36.0304906629866],[128.34778640256945,35.954727571949995],[128.32540866860586,35.917914036080056],[128.26611255875207,35.968585105096345],[128.2964522927634,36.0304906629866]]],[[[128.46952972775273,36.02614628212768],[128.39371466251114,35.88303954399002],[128.3960435303701,36.00891747441717],[128.46952972775273,36.02614628212768]]],[[[128.33056416494443,36.091454854871586],[128.40554691980407,36.04912721779754],[128.2964522927634,36.0304906629866],[128.28568646364218,36.08270988172093],[128.33056416494443,36.091454854871586]]],[[[128.4234750628776,36.08692164152205],[128.48993820519829,36.044197774436576],[128.3960435303701,36.00891747441717],[128.38258594495775,36.073999889568825],[128.4234750628776,36.08692164152205]]],[[[128.50825199966766,36.02657396875049],[128.53506262246276,35.93875347164621],[128.50150821887198,35.88601433096286],[128.4756792241082,35.935995226056676],[128.4221732205237,35.93601337410783],[128.47490134088844,36.03487447420632],[128.50825199966766,36.02657396875049]]],[[[128.62128690436947,36.0258245906557],[128.55332241969217,35.96076458659877],[128.50456298964622,36.00820669315536],[128.52835330305965,36.04861938057579],[128.62128690436947,36.0258245906557]]],[[[128.56309854374453,36.11167669770787],[128.5693949327924,36.06049799753308],[128.6303269466995,36.07740551672741],[128.62128690436947,36.0258245906557],[128.50529590779485,36.0247681690263],[128.46335622274168,36.07918831017945],[128.49030850555303,36.12519061887266],[128.56309854374453,36.11167669770787]]],[[[128.40081981343906,36.04643341287742],[128.3934390133682,35.99537206793326],[128.31044251140855,36.02690011824762],[128.40081981343906,36.04643341287742]]],[[[128.3934390133682,35.99537206793326],[128.37980587955605,35.938972238261854],[128.3119512080735,36.014080817503896],[128.3934390133682,35.99537206793326]]],[[[128.49063478033798,36.689352696769376],[128.48634833391014,36.622860536435965],[128.40819137332883,36.633958475251276],[128.43281555222697,36.69167695901431],[128.49063478033798,36.689352696769376]]],[[[128.3966573608811,36.74631336008702],[128.4714359990583,36.69450492451654],[128.38874788718775,36.66384203879722],[128.33149297732592,36.6966745137128],[128.3385562649224,36.74081763316984],[128.3966573608811,36.74631336008702]]],[[[128.47428825311522,36.78165506449486],[128.3627441293488,36.76096050206644],[128.36658878735415,36.80064320462208],[128.44911010799643,36.84891436503374],[128.48123837030496,36.83498154769091],[128.47428825311522,36.78165506449486]]],[[[128.47428825311522,36.78165506449486],[128.46236659070973,36.72246592005781],[128.41972924322275,36.714151384706746],[128.3969049743887,36.747007605228745],[128.47428825311522,36.78165506449486]]],[[[128.51527656254095,36.76956988778011],[128.5785158492272,36.73213686440819],[128.53102526445306,36.684543479102494],[128.4636848497944,36.72657585446399],[128.47409036472277,36.77605917307336],[128.51527656254095,36.76956988778011]]],[[[128.57704889848605,36.72993059478584],[128.60455488579285,36.652474051461425],[128.4831534696434,36.6594853131918],[128.57704889848605,36.72993059478584]]],[[[128.5397340344512,36.633622154266824],[128.4601377974159,36.55608650740722],[128.3958998194391,36.59371492892246],[128.51673826049537,36.66292782860291],[128.5397340344512,36.633622154266824]]],[[[128.41249402489007,36.66537719944081],[128.35668071431715,36.612365370243275],[128.32036005200428,36.67829378724825],[128.41249402489007,36.66537719944081]]],[[[128.32559272748338,36.64410108264297],[128.34278528847915,36.579987870466574],[128.29598216840776,36.56386017391416],[128.26190983783033,36.611012307020346],[128.32559272748338,36.64410108264297]]],[[[128.33334382101444,36.640731461668146],[128.35668071431715,36.612365370243275],[128.42389360931693,36.63019428944073],[128.41887928687368,36.60124449103014],[128.34278528847915,36.579987870466574],[128.33334382101444,36.640731461668146]]],[[[128.3958998194391,36.59371492892246],[128.4645412359683,36.539913940491545],[128.37387638221355,36.503989681865676],[128.30272885983254,36.56584829923482],[128.3958998194391,36.59371492892246]]],[[[128.3617922129222,36.53164590362746],[128.311651266578,36.45571867789286],[128.26025721051894,36.47828447845765],[128.2659630362142,36.5507566993369],[128.3617922129222,36.53164590362746]]],[[[128.77426063130815,36.93651353776583],[128.73663753944214,36.84421938297388],[128.64200613321557,36.85696395865463],[128.64970503284692,36.9103615777346],[128.77426063130815,36.93651353776583]]],[[[128.75136503760837,37.028322557045676],[128.81106900638866,36.9809958908038],[128.78406280713241,36.944174336918586],[128.73245190005088,36.90637420509488],[128.66713548079736,36.91980166302988],[128.7022657028391,37.03223371706794],[128.75136503760837,37.028322557045676]]],[[[128.85115597175823,36.9433094942913],[128.81305535363077,36.842653803041806],[128.7685662926185,36.894064395970574],[128.7838953547909,36.964955314467694],[128.85115597175823,36.9433094942913]]],[[[128.98046568712726,36.873504627867014],[128.8353581735082,36.89374221291386],[128.83823111254173,36.92868106001038],[128.92192799384134,36.912398422137905],[128.95613255524538,36.947522027861396],[128.98046568712726,36.873504627867014]]],[[[128.8957338078999,37.04489726059846],[128.96200172659906,36.95824747569325],[128.92192799384134,36.912398422137905],[128.75136503760837,37.028322557045676],[128.78016745274806,37.09236395344833],[128.8957338078999,37.04489726059846]]],[[[129.09093074663573,36.997573412188444],[129.0837280569968,36.94622469524898],[129.15565843832107,36.886987758286764],[129.11764759825053,36.84413311777284],[128.9834101565693,36.87058215966643],[128.98753827813675,36.926909791106176],[128.8961095464069,37.05566382003277],[129.09093074663573,36.997573412188444]]],[[[129.18543934239165,37.042087201580976],[129.07236243583134,36.98910147444198],[128.9098025979854,37.0705031448141],[128.9437929295322,37.095245850655346],[129.06009196785598,37.0647910020896],[129.09579552619093,37.100461449573395],[129.18543934239165,37.042087201580976]]],[[[128.98046568712726,36.873504627867014],[129.11624068236875,36.84451510910929],[128.96978699170194,36.74723410921128],[128.93008704172345,36.84736621702659],[128.98046568712726,36.873504627867014]]],[[[128.9659365868121,36.870930029056055],[128.93260089525424,36.86435476348624],[128.9303279628811,36.76772053665981],[128.84338153021292,36.803500871217835],[128.81254596323063,36.859538757196894],[128.87634799355448,36.899833103998155],[128.9659365868121,36.870930029056055]]],[[[128.8258192130601,36.847223360876995],[128.81301842830135,36.79568441385885],[128.80327405430776,36.82313611147589],[128.7212484525065,36.80084438626081],[128.7579695429716,36.87894769741203],[128.8258192130601,36.847223360876995]]],[[[129.41016263498943,37.03062502874786],[129.40939661276445,36.978250363944625],[129.27151470800928,36.97054220215784],[129.29883353148043,37.03204371683878],[129.41016263498943,37.03062502874786]]],[[[129.46949424194653,36.74801337102617],[129.46771261698612,36.6895638402508],[129.37981589910413,36.74929142266327],[129.46949424194653,36.74801337102617]]],[[[129.40318929132556,37.078859428820856],[129.2803998381703,36.99250434086486],[129.225583726297,37.0734030886812],[129.34775754354035,37.14654421190293],[129.40318929132556,37.078859428820856]]],[[[129.40939661276445,36.978250363944625],[129.41638011773853,36.91009986847133],[129.38944598458784,36.94235073106431],[129.329246322268,36.898562153431996],[129.29956984107807,36.93041521703466],[129.3346117399957,36.97883202514346],[129.40939661276445,36.978250363944625]]],[[[129.46949424194653,36.74801337102617],[129.33227047616438,36.78342133167018],[129.37446139009342,36.863755953082894],[129.42058601006886,36.87080087239848],[129.46949424194653,36.74801337102617]]],[[[129.33227047616438,36.78342133167018],[129.385901550445,36.7801221626242],[129.41888657559755,36.72332959491818],[129.39687883665397,36.66545232473847],[129.26893959024488,36.673707063411484],[129.27239372700478,36.744750237893754],[129.33227047616438,36.78342133167018]]],[[[129.41016263498943,37.03062502874786],[129.36214064636522,37.06450249697053],[129.42555264975454,37.06530094756058],[129.41016263498943,37.03062502874786]]],[[[129.46771261698612,36.6895638402508],[129.4237501234734,36.643255063102835],[129.39640092748482,36.661686181699956],[129.40373463807302,36.70654118601019],[129.46771261698612,36.6895638402508]]],[[[129.23805700433275,37.03881590277032],[129.329246322268,36.898562153431996],[129.29487869400864,36.824880122830905],[129.27815902035124,36.87477749783372],[129.15878892102626,36.87492016357904],[129.07761065233518,36.95754375232151],[129.10835329432626,37.02503967812182],[129.23805700433275,37.03881590277032]]],[[[129.41638011773853,36.91009986847133],[129.42058601006886,36.87080087239848],[129.31350495135143,36.78089342098616],[129.2940704704612,36.85049905265619],[129.329246322268,36.898562153431996],[129.37680480192174,36.942978218893124],[129.41638011773853,36.91009986847133]]],[[[131.87032789292277,37.24125390814764],[131.86995114204308,37.240393907636204],[131.87049315239267,37.24065603588539],[131.8709859957139,37.240798668119574]]],[[[131.8652653959169,37.24020392413548],[131.86520699657146,37.24019099698],[131.8633860491635,37.24057893766248],[131.8631967835894,37.24079844214639]]],[[[130.87255474745643,37.45715930471754],[130.8636802512403,37.49956097818802],[130.90714897015206,37.53213264656442],[130.91940922995826,37.488445831693966],[130.87255474745643,37.45715930471754]]],[[[130.93769082855877,37.52836543609076],[130.93734905525181,37.52836756314592],[130.93722216924238,37.528400396090944],[130.93715924716622,37.52843664821747]]],[[[130.80004125109863,37.52428378521369],[130.86568180592468,37.50214737924637],[130.87255474745643,37.45715930471754],[130.8084739544007,37.479601458330706],[130.80004125109863,37.52428378521369]]],[[[130.92164296057163,37.545551352874234],[130.9214802730958,37.54548912165042],[130.92133415386462,37.545500096816845],[130.92077631488903,37.545689064171455]]],[[[130.90714897015206,37.53213264656442],[130.8664312192953,37.501965159949066],[130.80004125109863,37.52428378521369],[130.90714897015206,37.53213264656442]]],[[[128.37950096669755,36.12626353595165],[128.37977503347744,36.12630789503802],[128.38023922484942,36.12622087385579],[128.3828371845857,36.12542050070083]]],[[[128.3407493418271,36.13051686163102],[128.34176739491875,36.13015160142431],[128.34226894116773,36.12997164869386],[128.34243407900382,36.129912391785986]]]]}},{"type":"Feature","properties":{"regionCode":"48","name":"경상남도"},"geometry":{"type":"MultiPolygon","coordinates":[[[[128.2473736540518,35.12846902841577],[128.13048289032437,35.15897298648393],[128.19955984834934,35.19035860651307],[128.2473736540518,35.12846902841577]]],[[[128.08905140167764,35.16048046811199],[128.0012397409455,35.11737125940948],[127.9939785047252,35.156124799632885],[128.08905140167764,35.16048046811199]]],[[[128.12967889497466,35.144094827331486],[128.1620607610944,35.11434669796735],[128.05449960147985,35.130046118104374],[128.12967889497466,35.144094827331486]]],[[[128.24117732425879,35.12650733606286],[128.18455711539733,35.05029847031807],[128.14876605433278,35.075369435412824],[128.178341381941,35.14545598750221],[128.24117732425879,35.12650733606286]]],[[[128.22176300338592,35.21144162950852],[128.26396683498842,35.12708096789049],[128.18538836801426,35.196306740318796],[128.22176300338592,35.21144162950852]]],[[[128.31054821127802,35.17786274132276],[128.3040507567454,35.12709568227107],[128.25420958837677,35.14807408132849],[128.31054821127802,35.17786274132276]]],[[[128.36753606073032,35.19413374111025],[128.35793323440018,35.1351355228701],[128.3040507567454,35.12709568227107],[128.3171630570605,35.200941510600344],[128.36753606073032,35.19413374111025]]],[[[128.30577105657184,35.22391797086349],[128.3153386709432,35.177249228384284],[128.22176300338592,35.21144162950852],[128.30577105657184,35.22391797086349]]],[[[128.274240124834,35.257367182105696],[128.2987440130548,35.206231904349956],[128.21118768728806,35.255716497356865],[128.274240124834,35.257367182105696]]],[[[128.164226532143,35.33614018636665],[128.22176300338592,35.21144162950852],[128.12564864776854,35.25167119113567],[128.164226532143,35.33614018636665]]],[[[128.19051949157475,35.22000350826419],[128.1746083848334,35.17698298983157],[128.1310879701254,35.18718532817391],[128.13337880434779,35.234881324564],[128.19051949157475,35.22000350826419]]],[[[128.12385511541214,35.26069433863426],[128.12650091042076,35.21535567901843],[128.05443540898514,35.20938152055911],[128.04559441132454,35.30612264623294],[128.12385511541214,35.26069433863426]]],[[[128.164226532143,35.33614018636665],[128.12201100772884,35.25830280883746],[128.05026947905478,35.320919304318465],[128.164226532143,35.33614018636665]]],[[[128.04559441132454,35.30612264623294],[128.06023456216658,35.236169089921],[128.00845929609198,35.20282360835915],[127.97347361631661,35.269754552428836],[128.04559441132454,35.30612264623294]]],[[[128.0192592868297,35.200297222270876],[127.97262007708274,35.15592238654826],[127.94592657667202,35.24042877623607],[128.0192592868297,35.200297222270876]]],[[[127.94738884597486,35.24145197585417],[127.97128595408057,35.1534585172474],[127.88792320013398,35.214733124340135],[127.94738884597486,35.24145197585417]]],[[[128.1306237868093,35.184890792339374],[128.13169141261682,35.17918361516436],[128.1312252268289,35.17837395477124],[128.11233703802662,35.17758513580772]]],[[[128.1303245126844,35.19572937070769],[128.13048989284138,35.195038025700306],[128.13059872035117,35.194552005405754],[128.13095892024106,35.19216832584197]]],[[[128.13077680887199,35.17481267416222],[128.12939615198275,35.173580636633424],[128.12674387373033,35.17111253861865],[128.12333009901664,35.16828413152095]]],[[[128.12650091042076,35.21535567901843],[128.12698806467213,35.21361920413046],[128.128884378352,35.20523465391419],[128.12966299129212,35.20045129925443]]],[[[128.07324698318456,35.176524465192415],[128.0728571592156,35.175133224816605],[128.07262720705265,35.17464230789419],[128.0722226604372,35.173778655184464]]],[[[128.0782674616284,35.18631597052146],[128.07657963594517,35.18486503556728],[128.07609240752234,35.18444617940629],[128.0756202789658,35.18356138185563]]],[[[128.05035924728716,35.21264153210368],[128.05354877296492,35.21025796634942],[128.05417723633636,35.20961016952659],[128.05443540898514,35.20938152055911]]],[[[128.0519245938196,35.181415345256404],[127.99913110880405,35.17533595016055],[128.03983072059313,35.210525381822684],[128.0519245938196,35.181415345256404]]],[[[128.13781044822812,35.165843165192086],[128.13764884069235,35.16439908401893],[128.13728526871498,35.163996169600324],[128.13349738178619,35.1607453337801]]],[[[128.0948409447963,35.18670796135991],[128.0951394772035,35.18632856795983],[128.0958057762782,35.185481770564635],[128.09604204092074,35.185181490700245]]],[[[128.08550723201373,35.190451982462136],[128.0859142180738,35.18950529052066],[128.08427793623812,35.18896874391374],[128.08406037660342,35.18891643973283]]],[[[128.09896259888558,35.19658956397809],[128.09868165393058,35.196333256026065],[128.09852998428744,35.19600960808882],[128.0982446617003,35.1954007178785]]],[[[128.08177782516375,35.20385701167739],[128.0816807923097,35.203840301407226],[128.0815985295629,35.203750040739],[128.08158427385897,35.20348771145557]]],[[[128.15395238031056,35.180578276654565],[128.15644894808406,35.178137664316395],[128.15681498805534,35.1777012573681],[128.15648051046938,35.17691066688637]]],[[[128.4282393135519,34.71960668460945],[128.42760347374136,34.71946893954653],[128.42712166514957,34.71947715657218],[128.42593850582494,34.71968793486048]]],[[[128.40473155239243,34.737060806909405],[128.4058866562887,34.735874270775376],[128.40659084876918,34.734542807139434],[128.4065516745331,34.72959528509007]]],[[[128.38482621667842,34.74041217204491],[128.38586993321442,34.74033387900376],[128.38600375671336,34.74033591014766],[128.38628509996832,34.74051211816717]]],[[[128.406944374542,34.75546080642689],[128.40709219026138,34.75534554951495],[128.407644308835,34.755411314763734],[128.40791528873194,34.75541612255806]]],[[[128.40129395221814,34.7534005722666],[128.4007180808392,34.7515395393229],[128.40018243361357,34.75046624058777],[128.39993509619444,34.750416047218955]]],[[[128.42432418564945,34.74944568025954],[128.42261058109744,34.74597280397967],[128.4223721421655,34.745635359999184],[128.42193569611626,34.745310406890425]]],[[[128.30628844751996,34.75386247636296],[128.3066103999769,34.75191654413612],[128.30657568530032,34.75153312835683],[128.30558290051783,34.751411819324574]]],[[[128.39167331804111,34.76361923440065],[128.39154923207573,34.76361567677032],[128.3914605784953,34.76362947058577],[128.3913590056635,34.7636702713735]]],[[[128.36824543281003,34.769480034877795],[128.36683737280765,34.76928187526677],[128.36667370124582,34.769286259733136],[128.3664152559501,34.76945269875874]]],[[[128.3785147739292,34.77799547871097],[128.3783706619948,34.77798721180153],[128.3781915324233,34.77803870135853],[128.37720748896717,34.77861336415884]]],[[[128.37431634069924,34.78225816062853],[128.37211737456406,34.77746660296358],[128.3722320622983,34.77653693895727],[128.3722276844434,34.77642158360174]]],[[[128.36035897231736,34.78440421190481],[128.3602957372163,34.78440133683842],[128.36016820956584,34.7844060605808],[128.36007303422147,34.78441630419093]]],[[[128.34513781602752,34.8168255526176],[128.34501543458,34.816819806421975],[128.34487508800652,34.81682663693888],[128.3447100931978,34.81685920085886]]],[[[128.35349866567475,34.819979195621805],[128.35355203374385,34.819976499258274],[128.35360714883666,34.81997812074961],[128.3536662902428,34.819984431847274]]],[[[128.31909129198874,34.83322483062305],[128.3182145357195,34.83262821484512],[128.31806321503416,34.83251962463845],[128.3180083262407,34.83246460816741]]],[[[128.38420145403452,34.82932498741438],[128.44025518835568,34.82287210126786],[128.42366245806406,34.76196257655295],[128.32972221940395,34.829543622042706],[128.38420145403452,34.82932498741438]]],[[[128.46809163850503,34.86371827652702],[128.46651083354666,34.863425304283055],[128.46641045959007,34.86342798035197],[128.4663052532849,34.86345411961334]]],[[[128.44857908317323,34.84550941901057],[128.41653939538264,34.86923580298235],[128.45104754860762,34.9154184271459],[128.44857908317323,34.84550941901057]]],[[[128.48499079388284,34.914765339690874],[128.4846980827073,34.914687410185834],[128.48453620236668,34.91470178134183],[128.48441366705697,34.91475943756778]]],[[[128.47478937945698,34.91800718716714],[128.47470846191285,34.917844050394145],[128.47454806698744,34.91775232000035],[128.47434981311156,34.91769916339281]]],[[[128.489920498593,34.935218542302074],[128.4906513280737,34.93417439721891],[128.49122948670305,34.933208387467936],[128.49140292631813,34.93283158969046]]],[[[128.4889874232159,34.95571026323555],[128.48910101029026,34.95570089739027],[128.48935655833435,34.95572481749775],[128.48979059226812,34.955812526310126]]],[[[128.35093470812404,34.86651592732017],[128.35133400378808,34.866076957754885],[128.35138122933876,34.866014103894535],[128.35147753814994,34.86586443227736]]],[[[128.33882968976755,34.86854374242121],[128.33834049563478,34.86844347414883],[128.33668130603644,34.86899000001918],[128.33296565560101,34.87091148651443]]],[[[128.3762500180491,34.87569020857393],[128.37544939498719,34.87563594473774],[128.37517514601842,34.87579100521571],[128.37493333667868,34.87604699986922]]],[[[128.34030767194716,34.92392912627304],[128.3422414467102,34.92510404660193],[128.34149760374908,34.924221032736085],[128.34139045957863,34.924131527723816]]],[[[128.32198737999045,34.92685305524255],[128.3220912564684,34.92680757829977],[128.32228533616475,34.92681897205217],[128.3223490359738,34.92681819467035]]],[[[128.34030767194716,34.92392912627304],[128.33937424002687,34.92336196940589],[128.33599310619354,34.921674738468894],[128.33586294944047,34.92495130219119]]],[[[128.33071460567726,34.922266834637156],[128.32899691035655,34.92186803309217],[128.32886924505604,34.921877116921635],[128.32868016806052,34.92191316437911]]],[[[128.3390225148993,34.93004960209844],[128.3385439974417,34.93001391888833],[128.33815839034835,34.93018203377063],[128.3381423388449,34.9304198048031]]],[[[128.3422414467102,34.92510404660193],[128.3827219768897,34.94741697872832],[128.3749031339496,34.86926525005745],[128.29768117043895,34.9004494167204],[128.3422414467102,34.92510404660193]]],[[[128.42404174627833,34.889851047923216],[128.42353004826515,34.889532930749816],[128.4233637330557,34.88967378495252],[128.42145286922877,34.89302975357174]]],[[[128.4368841629431,34.9245230886934],[128.43549491818746,34.92449717534184],[128.43482636465433,34.92450506399487],[128.43318365673616,34.92469372884153]]],[[[128.43387413203124,34.941718191575475],[128.4333681750428,34.9416549405777],[128.4330352835964,34.94186651281196],[128.4330749812464,34.944150280154005]]],[[[128.42157704609244,34.873958918525084],[128.3761829013769,34.8910412961231],[128.38895556319594,34.96083978284676],[128.43193826295223,34.976562927734726],[128.42157704609244,34.873958918525084]]],[[[128.43608015954538,34.5373190203606],[128.4358531816569,34.53727070646701],[128.43545379096483,34.53732282563036],[128.43527711849313,34.537385422585714]]],[[[128.18796062608857,34.56514748219965],[128.1852309338054,34.560373093265774],[128.18509097916393,34.560233036859174],[128.18490373358483,34.56015136032266]]],[[[128.32623605728435,34.61975497094562],[128.32211702050614,34.61943003147209],[128.31829461277545,34.61950372679156],[128.31641080405726,34.62054420138452]]],[[[128.30623581848005,34.624496920996314],[128.3091208322353,34.61631409485962],[128.30915641153663,34.61619964080749],[128.3091410846695,34.616046384928175]]],[[[128.39435797099617,34.63729347593029],[128.38960033433574,34.635726317114504],[128.3885173418719,34.63575078824571],[128.388240685659,34.636084210072745]]],[[[128.23563675806446,34.651886900093615],[128.2992641628812,34.63903783813636],[128.23912719316678,34.61086533634121],[128.23563675806446,34.651886900093615]]],[[[128.35288256812055,34.65191745815086],[128.35287909791109,34.65181155084367],[128.35339356723694,34.65195159887498],[128.3535144170015,34.65194890528424]]],[[[128.25988142829033,34.659519072175925],[128.2597858715112,34.65949808392163],[128.2597078453332,34.65953466334278],[128.25753231191706,34.660642607354376]]],[[[128.3414586707085,34.662296036700305],[128.3415047795266,34.66228846018438],[128.3415895909976,34.6622889433385],[128.34169382537496,34.662300857408376]]],[[[128.31727661500426,34.658546622212604],[128.3171916934065,34.65853787172579],[128.3171142951586,34.658545444055044],[128.31610758547902,34.65878039491275]]],[[[128.257141149604,34.66567862009744],[128.25411313529884,34.66205673866476],[128.25401409023797,34.661976734235346],[128.25393531054007,34.66193584297301]]],[[[128.2677615321235,34.66483111228538],[128.26735198105524,34.664817901798806],[128.2672695186617,34.664823079331484],[128.26715928119748,34.664843302601255]]],[[[128.30490178343226,34.66551403418718],[128.30466184458524,34.66550961869726],[128.30367508579894,34.66568861681069],[128.30270595144358,34.6658812175415]]],[[[128.3071718521307,34.67056540239757],[128.30708954312112,34.67055001144986],[128.30701483796858,34.67058037416949],[128.30696028950172,34.67062631480009]]],[[[128.27842035486196,34.672746942547064],[128.27834463340804,34.672732553281584],[128.27809764954307,34.67274224772613],[128.2779525592464,34.672761320847954]]],[[[128.25244107805858,34.677496736978874],[128.25426025457256,34.67475713488404],[128.2548461981536,34.67454633642838],[128.2557779715603,34.67465193261032]]],[[[128.26761175496225,34.67860917802945],[128.26574875333466,34.678453553219065],[128.25969237346027,34.68076683348089],[128.2595136326907,34.68084179640821]]],[[[128.28829039484148,34.68865377031777],[128.2890786650987,34.688328643557504],[128.28913472111032,34.688277103019736],[128.2891884392716,34.68818640693999]]],[[[128.1824173263415,34.70914314379406],[128.18247055021342,34.709141830301135],[128.18308906191254,34.7092195736411],[128.18328254809876,34.70924800801447]]],[[[128.55004661097777,34.61838021371138],[128.54854333882662,34.61810169332024],[128.54516616466074,34.618694846682665],[128.54550102828787,34.620728955741335]]],[[[128.55175250083002,34.621840287005625],[128.5511929258603,34.62174865731198],[128.55026821809383,34.62175812355059],[128.5499760480738,34.62179994425392]]],[[[128.58017784326918,34.645070261741246],[128.5805750295215,34.64504428929839],[128.58272540510808,34.645305598368346],[128.58300926066295,34.64529353355169]]],[[[128.5793073698109,34.65581287903984],[128.57374923940336,34.65336881921776],[128.5732244729501,34.65358326887814],[128.57233854746346,34.65461471025759]]],[[[128.58362979362434,34.68067571065969],[128.5788986160057,34.68069254045806],[128.5778771216,34.68080987603663],[128.5770856605818,34.68090519609359]]],[[[128.5487584887316,34.69628046077086],[128.548645889715,34.69625875476062],[128.54852748967008,34.69627025177568],[128.54741816603467,34.69651556800152]]],[[[128.55838210322554,34.702739698083185],[128.55804468380782,34.70266158249782],[128.5574378963107,34.70274424312207],[128.55529249259214,34.704012477784005]]],[[[128.55458580699508,34.718518321832626],[128.5547658746276,34.71840887697286],[128.55500632012408,34.71840868039991],[128.55541524636834,34.71829758332335]]],[[[128.45280051598206,34.720052974854426],[128.45245556352725,34.71996502206837],[128.45225960723963,34.72005234839746],[128.45215024434427,34.72018113691934]]],[[[128.52963321828844,34.735196914047634],[128.52957343797388,34.734697004104326],[128.5311721523663,34.73494416542744],[128.5320174062886,34.7347425829111]]],[[[128.47075102658894,34.730667962104654],[128.47169914057713,34.729417670476224],[128.47176249928307,34.72928455535771],[128.47175475164843,34.7291214926731]]],[[[128.49865004045063,34.74552530352648],[128.49881167612062,34.74514790091927],[128.49887660643577,34.74495445777963],[128.49894454219864,34.744749347665696]]],[[[128.51736455426382,34.76600173485524],[128.5174732091015,34.765993836642245],[128.5175862630845,34.76599795136527],[128.51962376844537,34.76610517251833]]],[[[128.53137063697704,34.76590644275285],[128.53055970842107,34.76585586434244],[128.52936062508655,34.76605321879688],[128.52917252007097,34.76650119849585]]],[[[128.46142004318565,34.77529836248053],[128.46117926843436,34.77521159191847],[128.46074439217688,34.775216807542776],[128.4602940729322,34.77558081401531]]],[[[128.49580135348754,34.78518740982562],[128.49561628428873,34.785123756793084],[128.49469627711318,34.78547303824749],[128.49467921237886,34.78598217800973]]],[[[128.520300459393,34.79201466437094],[128.51998457213855,34.7919408206354],[128.51941853897048,34.79194788232374],[128.51700051193154,34.79215949400826]]],[[[128.5027133097481,34.80199270550429],[128.50505617260083,34.80165264719725],[128.50702785389154,34.80166283151942],[128.50770137694477,34.80179277805949]]],[[[128.495068129907,34.80916564182642],[128.49499902059392,34.80916247653144],[128.49490757854795,34.8091641070256],[128.494842220863,34.80916963154683]]],[[[128.45644471689718,34.80976643450122],[128.45602419634025,34.809620776393245],[128.4557917931343,34.809774240387014],[128.45553629580138,34.810100201079486]]],[[[128.48376927852186,34.81577909826382],[128.4910951753668,34.757221459180826],[128.4594226773123,34.78649474703511],[128.48376927852186,34.81577909826382]]],[[[128.25040954730022,34.79375101765683],[128.25027029748858,34.79374201372178],[128.2500847223526,34.793746560745156],[128.24997211338433,34.7937614301671]]],[[[128.25735685805606,34.7995769185841],[128.25698096562692,34.79954213324676],[128.25688889689954,34.79965907985067],[128.25647839705331,34.80043664792303]]],[[[128.1787230868971,34.82028286601594],[128.17767969567453,34.81891563686318],[128.17728295890166,34.81893667446771],[128.17364725857252,34.82043518397821]]],[[[128.13588374261806,34.834257634452236],[128.13726728844506,34.833985020445844],[128.13764772339871,34.834137282835165],[128.13790635403782,34.83460236387378]]],[[[128.15927096539517,34.835031606146245],[128.15916330351774,34.835022784351224],[128.1585424521837,34.835058217630674],[128.1584352037132,34.83507892519415]]],[[[128.23775353662018,34.83796074114696],[128.2662709536489,34.815442823311194],[128.24222357673335,34.7948549596421],[128.19839240759558,34.81794580169878],[128.23775353662018,34.83796074114696]]],[[[128.20306654765886,34.85902178006741],[128.2329498717184,34.845227152917566],[128.1670138568878,34.84195663836272],[128.20306654765886,34.85902178006741]]],[[[128.41749650980267,34.86006495693039],[128.41808355914335,34.85926070100674],[128.41670301106666,34.85891425487862],[128.41661944851845,34.858855457509236]]],[[[128.42064461007436,34.85063682774784],[128.42356443085617,34.85037500187372],[128.42661222764863,34.84951819708142],[128.42730521154436,34.84941249281668]]],[[[128.44857908317323,34.84550941901057],[128.44846220068905,34.8453151010169],[128.44831923250368,34.84518437207899],[128.44793138478826,34.84484139863885]]],[[[128.43162560526437,34.85174974420274],[128.4281463936366,34.849457830654444],[128.42730521154436,34.84941249281668],[128.42661222764863,34.84951819708142]]],[[[128.4401525019454,34.85407172063185],[128.43727084519364,34.853539144298594],[128.43646706127123,34.85328015301037],[128.4362817710137,34.85311325759409]]],[[[128.35921535435833,34.85070452229975],[128.35901382619392,34.85068321867782],[128.35878027243584,34.85069874753588],[128.35870205436083,34.850710802311255]]],[[[128.369044209685,34.84993269399444],[128.3688839522211,34.849916673693635],[128.3685983483388,34.849929399304656],[128.36832958371932,34.850005720276855]]],[[[128.41819452805134,34.83773815552326],[128.4124895137671,34.83430355481605],[128.41164328013946,34.83430246867365],[128.4084653676666,34.83429830741377]]],[[[128.40733974431922,34.81730695257735],[128.40631278475158,34.81773054851511],[128.40246702147013,34.81709044927474],[128.40093171365373,34.81665525545007]]],[[[128.44025518835568,34.82287210126786],[128.44017564416686,34.82284776699745],[128.4395730906501,34.82266343243082],[128.43864691943142,34.8223800917753]]],[[[128.15412756995113,35.110437788750055],[128.14844951921228,35.07487132940573],[128.05599342061143,35.08037022262166],[128.15412756995113,35.110437788750055]]],[[[128.1489211997658,35.075154136503095],[128.18455711539733,35.05029847031807],[128.16615177218344,34.9942677530867],[128.07853314708666,35.06728060742514],[128.1489211997658,35.075154136503095]]],[[[128.07853314708666,35.06728060742514],[128.17015758296824,34.984529757808616],[128.12238767455838,34.97024213590147],[128.0795467643214,35.045817861436674],[128.03850193903517,35.04871365697811],[128.07853314708666,35.06728060742514]]],[[[128.11084100705838,35.000930426589825],[128.03867141467083,34.99271085723762],[128.04117567560485,35.04828762153037],[128.11084100705838,35.000930426589825]]],[[[128.05449960147985,35.130046118104374],[128.11041367526857,35.09981918773095],[128.03589603709602,35.07714542503221],[128.0206737330392,35.1171612828256],[128.05449960147985,35.130046118104374]]],[[[128.04232796135958,35.07397128152015],[128.01480864051103,35.02812363091243],[127.89162106640002,35.086421795102204],[127.94612262812929,35.063754239994545],[127.94996487259898,35.0967901879998],[128.0222045304597,35.1141464503262],[128.04232796135958,35.07397128152015]]],[[[127.9939785047252,35.156124799632885],[128.00466316348957,35.11376572047869],[127.94586151765716,35.06371729964267],[127.8794217230675,35.14488540927268],[127.9939785047252,35.156124799632885]]],[[[127.97040611544725,34.96097086175713],[127.97020825008879,34.96096621932013],[127.9693292051454,34.96137941846636],[127.96919271246762,34.96151513010257]]],[[[127.94889969421128,34.96157805495521],[127.94874093274734,34.961542152723624],[127.9485825555568,34.96160487671163],[127.94844262725093,34.961753080478]]],[[[127.9634235727588,34.961094213998884],[127.96141019957692,34.9609605066452],[127.96123134678265,34.961003230507316],[127.96104935223607,34.96114527464207]]],[[[127.99727903934894,34.973066731915026],[127.99457351421816,34.97263842514216],[127.99384982790063,34.972859271408716],[127.99361393516723,34.973848811502606]]],[[[127.93926441834817,34.97675830739209],[127.93895308138825,34.97675454580992],[127.9344753642882,34.97716710259043],[127.93437144631082,34.977685161574364]]],[[[127.96499653543718,34.98212720495311],[127.96595594042164,34.981909676591634],[127.96848703582992,34.98195106919819],[127.97280873806811,34.980702185131435]]],[[[127.97059182087936,34.983853909159016],[127.96663913792773,34.98299117185093],[127.96625282728074,34.983033338635266],[127.966133841065,34.98305701249032]]],[[[127.97708305394556,35.03365236524714],[128.0081444384203,34.98232525437052],[127.93480289826455,34.98182155157314],[127.92368980210914,35.0418758822767],[127.97708305394556,35.03365236524714]]],[[[128.0597112387681,34.900511917571215],[128.0565680630298,34.90050387868484],[128.0564362032675,34.90051561804743],[128.0562707141061,34.90054051523353]]],[[[128.06227700469663,34.90704213862362],[128.06201559409777,34.9070339533831],[128.06174199613574,34.907109669769675],[128.06152521998897,34.90731267004691]]],[[[128.08208711395687,34.906278003268106],[128.08187759597325,34.906266086393394],[128.0816690112747,34.90630967051325],[128.0815286111058,34.906435482518496]]],[[[128.08445398507183,34.89599618553983],[128.08279498583363,34.89558110808251],[128.08149347493318,34.895879235662065],[128.0773877232862,34.89469773459858]]],[[[128.04493604133955,34.921681190897644],[128.04396011098666,34.92164663361869],[128.04362938985622,34.92169201765566],[128.0434046644662,34.921867232112746]]],[[[128.03042726518805,34.92683706487053],[128.02962651473956,34.92647982332035],[128.02931687438667,34.92648244315345],[128.02847917236087,34.92670794777251]]],[[[128.03318825218477,34.93414714679248],[128.03243538789084,34.933873245333494],[128.03127724686544,34.933883066489415],[128.02917516873228,34.93468571436298]]],[[[128.03131715287918,34.94230877324321],[128.03097578709895,34.942255592416366],[128.02947688498264,34.942268285368456],[128.02900276179759,34.94249655403482]]],[[[128.0663926962554,34.95102010086706],[128.03564376606104,34.91964283914211],[128.02965246978565,34.9586185373613],[128.0663926962554,34.95102010086706]]],[[[128.08725627906367,34.962826097532215],[128.08789947259567,34.96166270198963],[128.08794972490426,34.95994340469412],[128.08794408833336,34.95813455574639]]],[[[128.08551357682194,34.93442937140666],[128.08624131981009,34.93434286518157],[128.08701659871596,34.93425070188531],[128.08700364359274,34.933750653617786]]],[[[128.11398206192757,34.98656313052531],[128.11449688905677,34.98473484429126],[128.1146286963031,34.98436584536747],[128.11615517846224,34.9826029992266]]],[[[128.1348104757074,34.97061162741937],[128.1350447687782,34.96941637284819],[128.13528528896867,34.96758636739518],[128.13428975534367,34.96357309816193]]],[[[128.11084100705838,35.000930426589825],[128.03271870906835,34.95843415529108],[128.03867141467083,34.99271085723762],[128.11084100705838,35.000930426589825]]],[[[128.7493391129488,35.3320749833327],[128.789177667384,35.31280429162502],[128.71929860319105,35.24342556467192],[128.6943715836568,35.307139586823936],[128.7493391129488,35.3320749833327]]],[[[128.84810692651243,35.269868012315],[128.83384986704627,35.206568897581164],[128.7792704472083,35.227664876250515],[128.84810692651243,35.269868012315]]],[[[128.80171263229548,35.26758449897161],[128.78077727343293,35.210552008566324],[128.72538918720062,35.21064507260014],[128.7308066860264,35.26813678815162],[128.80171263229548,35.26758449897161]]],[[[128.86056043397275,35.292231561370365],[128.78981246811472,35.27108982305793],[128.75020010067612,35.339874597691214],[128.82677311481697,35.354373082990286],[128.86056043397275,35.292231561370365]]],[[[128.87253967271997,35.3805204466555],[128.88855095801168,35.27309255890341],[128.79723723788283,35.36719013528738],[128.87253967271997,35.3805204466555]]],[[[128.9726569827134,35.315781486411076],[128.96098963933963,35.27875470494586],[128.89750569473034,35.27529369689183],[128.87058272019453,35.36180936941042],[128.9726569827134,35.315781486411076]]],[[[129.0100210368415,35.2787486710625],[128.99760664208236,35.23438729442228],[128.93026856991963,35.2240981874788],[128.9205305071182,35.26493666780087],[128.96948044524368,35.311657842120155],[129.0100210368415,35.2787486710625]]],[[[128.89051448499765,35.23194489759364],[128.88757958357957,35.23281261247432],[128.88294972642586,35.23237729421911],[128.88171486906762,35.23774915015917]]],[[[128.88294972642586,35.23237729421911],[128.88225602721118,35.23243719320242],[128.88164416772742,35.23246939381626],[128.8815287591304,35.232467460066665]]],[[[128.89051448499765,35.23194489759364],[128.89064726960308,35.23092080576295],[128.8908962661089,35.230530834674816],[128.89165535209344,35.23007500762239]]],[[[128.87192347114507,35.23620332643771],[128.87186262544438,35.23495255688496],[128.87189189222784,35.233779462746476],[128.87193507043543,35.23356139290943]]],[[[128.8805256881442,35.272212010429946],[128.87192347114507,35.23620332643771],[128.84782765399748,35.279518320377804],[128.8805256881442,35.272212010429946]]],[[[128.88193100523324,35.22290429503632],[128.88019930669716,35.17203049299251],[128.82775442975063,35.193693131509285],[128.88193100523324,35.22290429503632]]],[[[128.91225197467915,35.22265161864187],[128.91238816085257,35.22256299901472],[128.91029533752786,35.22293372040214],[128.9100210650144,35.22257647754069]]],[[[128.89750569473034,35.27529369689183],[128.90058029668367,35.2739194701497],[128.90430045411765,35.27451653858024],[128.90885745196294,35.27515989825133]]],[[[128.93285834573106,35.22214090600416],[128.93168106537698,35.221702220554654],[128.9272362484307,35.218704805832914],[128.92602690411115,35.217882483979274]]],[[[128.83384986704627,35.206568897581164],[128.82415112975352,35.177195502290985],[128.77911190538705,35.22733555104714],[128.83384986704627,35.206568897581164]]],[[[128.8208907283822,35.181367430469734],[128.74118822749702,35.167013617255144],[128.7688537819414,35.20970838791412],[128.8208907283822,35.181367430469734]]],[[[128.87361689499855,35.17436394381475],[128.8734788317635,35.17413785609733],[128.8732866962845,35.1738210362726],[128.8727016593967,35.172852291046716]]],[[[128.80156147845634,35.47312032260478],[128.92370397903505,35.421418605295806],[128.81367223956744,35.38101616436678],[128.77912548097734,35.44775505808574],[128.80156147845634,35.47312032260478]]],[[[128.79461596730218,35.3509806146315],[128.69633091334282,35.37588403360201],[128.7118588787041,35.42689696822378],[128.79461596730218,35.3509806146315]]],[[[128.71521316889564,35.57824632653832],[128.75786675402844,35.47357242736884],[128.7230996267894,35.44850326506055],[128.673633276017,35.55044055946248],[128.71521316889564,35.57824632653832]]],[[[128.84301208735312,35.58908400857373],[128.84190261635283,35.551696845194435],[128.76671261611065,35.514255207117486],[128.71591183285045,35.5700120004203],[128.84301208735312,35.58908400857373]]],[[[128.87197193126124,35.544705653304604],[128.81637512622245,35.48979261562292],[128.77264908461663,35.511997198415536],[128.80674578512557,35.55024968384398],[128.87197193126124,35.544705653304604]]],[[[128.94094601733812,35.633071122271275],[129.02114972170793,35.6148905600059],[129.02018044416465,35.584973824211545],[128.84190261635283,35.551696845194435],[128.874567301498,35.63479511309303],[128.94094601733812,35.633071122271275]]],[[[128.9709031054137,35.56063916012274],[128.99811633057374,35.53935604873625],[128.95316819120967,35.50035834511117],[128.9641134734169,35.459824188980896],[128.87789290378814,35.44385245125129],[128.8053855521271,35.49056871964489],[128.91825707711246,35.585143178429846],[128.9709031054137,35.56063916012274]]],[[[128.78520718642707,35.46122706709033],[128.79461596730218,35.3509806146315],[128.70847127511308,35.42913481263297],[128.75797894909863,35.47727459739826],[128.78520718642707,35.46122706709033]]],[[[128.71132898975566,35.4628378353023],[128.7045786307897,35.38117991182492],[128.63880418156717,35.384436989649785],[128.68212255874082,35.47483740088758],[128.71132898975566,35.4628378353023]]],[[[128.67367746031059,35.55106626537385],[128.71132898975566,35.4628378353023],[128.6821431711017,35.47485721110535],[128.65258350746203,35.42515645760293],[128.58104393395647,35.45534250638588],[128.5775583154547,35.505743484326466],[128.67367746031059,35.55106626537385]]],[[[128.69127571340337,35.59442062730833],[128.64531693624224,35.52947676631588],[128.5824116764151,35.52426751689064],[128.5883898464606,35.58217219401333],[128.69127571340337,35.59442062730833]]],[[[128.7847273318064,35.50033032009797],[128.83481729367733,35.46622146943693],[128.75079772467097,35.49014909687677],[128.7847273318064,35.50033032009797]]],[[[128.74413923258294,35.50525492337962],[128.74456915427714,35.504515998198684],[128.74516483324246,35.5030428961083],[128.74542737687267,35.502251762604736]]],[[[128.77282677573726,35.51696574297208],[128.77292954407352,35.51350436665719],[128.77276045322972,35.512993736990836],[128.77269134576704,35.51274854003624]]],[[[128.76276157639413,35.484504138221176],[128.76258015146985,35.484405362369394],[128.76230261329155,35.48424410563781],[128.76204194288863,35.4840759494938]]],[[[128.80156147845634,35.47312032260478],[128.8012198217938,35.473458783643295],[128.79917293803558,35.4735313129429],[128.7989526548548,35.47351671356674]]],[[[128.71196125163095,34.76740137152279],[128.7117657325076,34.76740294542982],[128.7108827401185,34.76757109916376],[128.71025412771297,34.76770599130201]]],[[[128.7179354701615,34.78803479881074],[128.71769319622032,34.78790652645414],[128.7174452815252,34.78790083988826],[128.7172839248133,34.78791145195304]]],[[[128.68073815109247,34.80457124094223],[128.6806326506382,34.80454874722633],[128.68051698838508,34.8045499000562],[128.68045054094938,34.80455919655785]]],[[[128.75427986248894,34.826630132581975],[128.75447799494103,34.82657799496085],[128.7549567080782,34.826603949280894],[128.75500984245247,34.82629102901953]]],[[[128.7362854426035,34.84520250670976],[128.70128587626155,34.839263040238436],[128.74076124431136,34.78670308312936],[128.7080731554792,34.81260756942138],[128.65017178613326,34.78895145500203],[128.67285071700488,34.85099323958714],[128.7362854426035,34.84520250670976]]],[[[128.53158372924347,34.78566152230432],[128.53130776868423,34.78553931555695],[128.53097781947378,34.78562171955688],[128.5307160832565,34.785763466448394]]],[[[128.63036791978263,34.839679012341435],[128.67434541640236,34.785731402707526],[128.64348507349604,34.758104960257484],[128.53991017073582,34.777453671602935],[128.63036791978263,34.839679012341435]]],[[[128.6247639062949,34.68423584486598],[128.62422835315306,34.68293757890645],[128.61981798346983,34.68177503704755],[128.61895168994366,34.68182864905195]]],[[[128.61727444510115,34.687409398922256],[128.6164929321069,34.68657757105857],[128.61583062493833,34.68662845107334],[128.61513202108083,34.68743778909627]]],[[[128.59973656176862,34.69345186022561],[128.59901265209345,34.69295603054401],[128.59835513251946,34.69325942260368],[128.59780852969524,34.694024564925186]]],[[[128.61011979411666,34.69209403961875],[128.60869060310762,34.69207078858957],[128.6077783036171,34.695030505641796],[128.60814924779046,34.69574148482788]]],[[[128.61268592473823,34.69812394416808],[128.61212311270097,34.698047177260904],[128.60983875741772,34.6986668818054],[128.60907757902004,34.69888747525484]]],[[[128.64865453347323,34.70950734596832],[128.64764642664122,34.709365444351484],[128.64708144098847,34.709390372196566],[128.64641314020307,34.709485792505085]]],[[[128.68378923662453,34.729191416706776],[128.68338165897364,34.729173049915566],[128.682804477162,34.72939695372647],[128.68257427330445,34.72952009927738]]],[[[128.64348507349604,34.758104960257484],[128.6829594740356,34.736074840318466],[128.5766307372573,34.70193467772353],[128.6068894361461,34.731345291483485],[128.5789605641716,34.76205834741746],[128.64348507349604,34.758104960257484]]],[[[128.53030563290542,34.80200283595147],[128.53017534537108,34.801996951533226],[128.53005941655923,34.80199825389487],[128.52999816976876,34.802004828277724]]],[[[128.58758788990582,34.88355895939395],[128.62947648980284,34.83860466222688],[128.57316611859022,34.854211330180256],[128.51271315730213,34.81183495111281],[128.58758788990582,34.88355895939395]]],[[[128.49463584666225,34.82741803705633],[128.4945496433539,34.82741622603059],[128.4944837374312,34.82742273602596],[128.49442496409972,34.827443217576864]]],[[[128.46941367397687,34.83306025405076],[128.4715217307617,34.832911142299864],[128.47167480789122,34.83291419740584],[128.47219014034715,34.83295178639836]]],[[[128.46202768435884,34.83788775643395],[128.4596671907704,34.83691824411844],[128.4571858891755,34.83664972318447],[128.4558401696533,34.83654737073922]]],[[[128.55449590364256,34.881770128363186],[128.5103443110684,34.80902570887713],[128.47327251327548,34.87030907477558],[128.55449590364256,34.881770128363186]]],[[[128.48523610721082,34.89455165556294],[128.48501140036942,34.89453066253392],[128.48152922105868,34.89528467642151],[128.48137546923147,34.895362449972126]]],[[[128.56569473239406,34.9116682208218],[128.5647759392215,34.91159841834165],[128.56370955205983,34.911985800294715],[128.5635535035301,34.91223889735349]]],[[[128.5858988069832,34.913908917611934],[128.58219294096597,34.881140647781066],[128.4717246377448,34.87267096194964],[128.52725022424605,34.92377313494248],[128.5858988069832,34.913908917611934]]],[[[128.53480045337633,34.94179867081213],[128.53465135240555,34.93875689847481],[128.53286773974438,34.937333664699814],[128.5312973567327,34.9374295385107]]],[[[128.6930826623198,34.927953604721516],[128.62561770858852,34.89764854137886],[128.58650032755898,34.94251910137089],[128.63722303634694,34.9336654548318],[128.67513163119682,34.97580323676405],[128.6930826623198,34.927953604721516]]],[[[128.6330798700394,34.9715392909406],[128.63084252970998,34.971315376080256],[128.6307361401113,34.971336921724074],[128.63061881020906,34.97139104522941]]],[[[128.62438040403134,35.00960795455931],[128.62468767465433,35.009540416271456],[128.62577443379868,35.00962795221364],[128.62615170011352,35.00960727150358]]],[[[128.64041787574502,35.015322545111545],[128.64021156946527,35.01526580588463],[128.63964425685754,35.01639474479318],[128.63808132679227,35.01894112113714]]],[[[128.65794945533312,34.98066615395064],[128.63722303634694,34.9336654548318],[128.58257094878934,34.9472396178896],[128.65042420650235,34.95910712005853],[128.60866833240283,34.97470767695229],[128.64860182978998,35.02291643067499],[128.65794945533312,34.98066615395064]]],[[[128.72800647443236,34.970342731679295],[128.72813504276536,34.970338282689866],[128.7281679286296,34.97034049188926],[128.72821323009578,34.970347942275964]]],[[[128.72609170369222,35.02432070969614],[128.72503630067,35.02415683956418],[128.72407472862892,35.0243520954954],[128.72401823723922,35.024919730835514]]],[[[128.71685845958328,35.038055791087835],[128.71667837269555,35.038043746716866],[128.7165272778099,35.03806575502399],[128.71640849149836,35.038166076435935]]],[[[128.72034054482293,34.90944443540298],[128.65281639835902,34.98412747373369],[128.6747012606437,35.040613003107325],[128.72149258273865,35.02447733979861],[128.6933459910827,34.99524586467069],[128.72034054482293,34.90944443540298]]],[[[128.7362854426035,34.84520250670976],[128.7352229602168,34.845254971729695],[128.7345887463318,34.84535330141299],[128.73061002646025,34.846715772424744]]],[[[128.7436559378253,34.86887114674387],[128.72016055295163,34.88298121677738],[128.75217549188017,34.89581615229158],[128.7436559378253,34.86887114674387]]],[[[128.6760149837683,34.884186082593786],[128.71842190575325,34.863842797276135],[128.67285071700488,34.85099323958714],[128.6760149837683,34.884186082593786]]],[[[128.69671933510682,34.89134758707169],[128.6965566455249,34.890869469786985],[128.69632971830356,34.889966802469964],[128.69622135950283,34.88953053205798]]],[[[128.72034054482293,34.90944443540298],[128.67863340347964,34.89480938698572],[128.6930826623198,34.927953604721516],[128.72034054482293,34.90944443540298]]],[[[128.61816038141683,34.89122821704249],[128.61436166278227,34.88888807035895],[128.6140125529334,34.88857047574774],[128.61335398798553,34.887613149808416]]],[[[128.6422728764046,34.89662487678644],[128.6416498802896,34.895532335031106],[128.64104858806354,34.894603249487204],[128.64059029920494,34.89401751439666]]],[[[128.66437783229202,34.86527806064506],[128.65639748420844,34.82299514414822],[128.61322213548826,34.866797057128444],[128.66437783229202,34.86527806064506]]],[[[128.67860169060248,34.897151020176935],[128.66437783229202,34.86527806064506],[128.63047005223007,34.88933902928683],[128.67860169060248,34.897151020176935]]],[[[129.02676277432963,35.341833268960286],[129.0100210368415,35.2787486710625],[128.9726569827134,35.315781486411076],[129.02676277432963,35.341833268960286]]],[[[129.12956356985066,35.35916489150047],[129.11042351016636,35.305969197083336],[129.01261090197096,35.27327798527839],[129.0202971291201,35.325262561078304],[129.09094427732506,35.33606676223631],[129.10531519687254,35.38569508916127],[129.12956356985066,35.35916489150047]]],[[[129.05670118174078,35.53110774647393],[128.99041415108204,35.45557065983661],[128.98235920213978,35.317903939637354],[128.8767662583189,35.37160162631248],[128.91005280554262,35.44481646611228],[128.96732807992333,35.46220063572923],[128.95622359486694,35.50599060195513],[129.05670118174078,35.53110774647393]]],[[[129.01785383344227,35.479542609755335],[129.10383264220113,35.387374240635175],[129.03667122801775,35.37609908216968],[128.98982681989244,35.44300449664603],[129.01785383344227,35.479542609755335]]],[[[129.09469634886685,35.49774471050075],[129.14565925422843,35.44442668189662],[129.10755514372195,35.399617723926916],[129.01589677655994,35.48271690269194],[129.0519958565484,35.515732812390226],[129.09469634886685,35.49774471050075]]],[[[129.10531519687254,35.38569508916127],[129.10344607655676,35.383325166850526],[129.1017511190718,35.38104175017197],[129.1016441002651,35.380870779942676]]],[[[129.045576298577,35.37514200826567],[129.0063017431766,35.3455410026301],[128.9826194952453,35.419388118253536],[129.045576298577,35.37514200826567]]],[[[129.20220153355308,35.42999278572434],[129.20297368420788,35.38786983020016],[129.1594141846117,35.390738735372665],[129.16548883625538,35.43228958978311],[129.20220153355308,35.42999278572434]]],[[[129.16548883625538,35.43228958978311],[129.15570270666697,35.38641641420963],[129.12296421890596,35.39140723353242],[129.16548883625538,35.43228958978311]]],[[[129.11916838499025,35.40659921723151],[129.15713719350302,35.380098049844804],[129.12956356985066,35.35916489150047],[129.11916838499025,35.40659921723151]]],[[[129.1945080609123,35.38374859783469],[129.17807634762252,35.35144181357127],[129.13762384542468,35.36657453701586],[129.1945080609123,35.38374859783469]]],[[[129.03459906078362,35.32899479741504],[129.03459751208018,35.32978081431797],[129.0345917664424,35.33269094603158],[129.03465195903306,35.33296310014787]]],[[[129.03459906078362,35.32899479741504],[129.03444325633464,35.32889680108741],[129.03433160698648,35.3288552009407],[129.03413769362055,35.32882531328793]]],[[[128.69689466442986,35.31042223881251],[128.71929860319105,35.24342556467192],[128.62314910698126,35.273499876964685],[128.64310952213484,35.37239449635466],[128.69689466442986,35.31042223881251]]],[[[128.64310952213484,35.37239449635466],[128.64154197916648,35.28549734747491],[128.59123734393899,35.2715854278251],[128.55947327542725,35.35275324613049],[128.59777685237358,35.39400694466569],[128.64310952213484,35.37239449635466]]],[[[128.69633091334282,35.37588403360201],[128.76218222637593,35.34738603034548],[128.73929103275586,35.317336492796954],[128.67860412811902,35.31966558648278],[128.66872163476563,35.3786123374518],[128.69633091334282,35.37588403360201]]],[[[128.6242966953634,35.27492962699746],[128.62394659784346,35.27455527056337],[128.62364924577233,35.274229084016696],[128.62314910698126,35.273499876964685]]],[[[128.6276685274186,35.250108342184326],[128.6729631624318,35.23162681282912],[128.62565224328003,35.214595824283734],[128.60229778228484,35.253335483868554],[128.6276685274186,35.250108342184326]]],[[[128.66407431366284,35.26404025964095],[128.66421457724803,35.26347667291031],[128.663844836596,35.26273340444863],[128.66334514822935,35.26202707130556]]],[[[128.71929860319105,35.24342556467192],[128.72165123068922,35.24443535937219],[128.72184356750702,35.244244041815065],[128.72272262086702,35.24322123136717]]],[[[128.6938802645806,35.23274346606594],[128.6939055739118,35.23271056518586],[128.69417627335903,35.2323585022746],[128.69469970649044,35.231677712506524]]],[[[128.6795914467727,35.239224925861016],[128.67316392611707,35.2318536686238],[128.67289368428968,35.23181710859754],[128.67156220519448,35.23249518121407]]],[[[128.68424034341325,35.22519613889029],[128.6838616103291,35.224760385291546],[128.68363228693335,35.22449651268998],[128.6834692146791,35.224306181102385]]],[[[128.69172820537705,35.22030087953033],[128.69566851721117,35.2149682700419],[128.69457525145887,35.21419231146766],[128.6943942675934,35.214098237873685]]],[[[128.72352927114363,35.23355899866802],[128.70532923947778,35.20299470428037],[128.6938802645806,35.23274346606594],[128.72352927114363,35.23355899866802]]],[[[128.70532923947778,35.20299470428037],[128.70233008030192,35.199454389779525],[128.70158693816035,35.19986095610179],[128.69735182277196,35.202285106346764]]],[[[128.75144936117127,35.201232974234536],[128.73840532042374,35.156690284616104],[128.6748545403676,35.175527871146826],[128.75144936117127,35.201232974234536]]],[[[128.6513010471306,35.219635036980954],[128.68606740584497,35.191218091800245],[128.61163484655398,35.14823339552427],[128.5892315177183,35.199629401457415],[128.6513010471306,35.219635036980954]]],[[[128.5723338075962,35.05725401145725],[128.57064643750246,35.05695513202005],[128.57025614698878,35.05696018137902],[128.5699878441564,35.057062333067236]]],[[[128.63420575777224,35.05991012591436],[128.6334639821828,35.05987139393765],[128.63170058839682,35.060625630423225],[128.63126191408114,35.060923723744146]]],[[[128.57311757154315,35.06457784532954],[128.57262730865568,35.0644639150623],[128.5719213247361,35.06455324922266],[128.57080632612508,35.064948585021895]]],[[[128.56378607523894,35.0638829072518],[128.56315334628928,35.06356924556208],[128.56167006830444,35.06384578913885],[128.5604958150747,35.063893059151845]]],[[[128.558502310634,35.073100069601544],[128.56010204254474,35.072757714818756],[128.56049553836158,35.072849211458475],[128.56085783622018,35.07335942071295]]],[[[128.54840241879114,35.07350575451596],[128.54773414410874,35.07338556596199],[128.54726595737847,35.073488075431115],[128.5469990658526,35.07387763145754]]],[[[128.54473073363948,35.0786579513837],[128.54365464023627,35.078160558341295],[128.5425020441423,35.07832122833769],[128.54215753317828,35.078909711730304]]],[[[128.5746689476873,35.1332676247219],[128.6367472650815,35.06774247366414],[128.57205947996408,35.05338192608518],[128.58036122881546,35.09037777750818],[128.51991067592195,35.12385188048561],[128.5746689476873,35.1332676247219]]],[[[128.49666268605046,35.069431455066066],[128.4957550085287,35.06925047903746],[128.49562523396693,35.06925339563882],[128.49551801293939,35.06927132130408]]],[[[128.4909104875308,35.07684997912867],[128.4902177856049,35.07681505339083],[128.4900313074448,35.07682105281855],[128.48980776913498,35.07683376725203]]],[[[128.49329077851985,35.08902224330305],[128.49262876661817,35.088392164653655],[128.4884078210966,35.091678205031805],[128.48834748898076,35.091725356327004]]],[[[128.5114207254136,35.09424302799792],[128.51128960519725,35.09423686322306],[128.51118292074423,35.09423795051693],[128.5110441507552,35.09425800887941]]],[[[128.51982896244414,35.09671685473175],[128.52064955450754,35.096543460177955],[128.52102780542748,35.09658235668113],[128.52107844159468,35.096586095089336]]],[[[128.5208877452693,35.17807781319744],[128.53171383550972,35.10691436031554],[128.46675498611506,35.098243521127266],[128.5208877452693,35.17807781319744]]],[[[128.4789692841478,35.18771903293861],[128.49369749016614,35.127962509469796],[128.4215291532344,35.12512755634164],[128.41973839477382,35.16918833793144],[128.4789692841478,35.18771903293861]]],[[[128.40558180156077,35.1983447594161],[128.41583367934396,35.13334053722578],[128.47999066649237,35.08063841483866],[128.42742418940497,35.05494442372099],[128.42677821668804,35.0867662435622],[128.35011743848608,35.111945367693096],[128.36753606073032,35.19413374111025],[128.40558180156077,35.1983447594161]]],[[[128.5466828559556,35.18142275740533],[128.5873565372309,35.13027712766167],[128.53744411432322,35.13629804132833],[128.5466828559556,35.18142275740533]]],[[[128.5887718176396,35.14855289896807],[128.58677271662847,35.15063305917911],[128.58416201945624,35.15074267587166],[128.57911346304775,35.15054419180086]]],[[[128.58399662363138,35.176949564490585],[128.58391164392614,35.17690631937724],[128.58381755971843,35.176910504711046],[128.57885768735233,35.1783658394673]]],[[[128.57358741879005,35.17529404274953],[128.56986343219748,35.17485137587027],[128.56893023310423,35.17470068347011],[128.5675130983517,35.17417850823547]]],[[[128.57068117832068,35.19273446668334],[128.56502557755118,35.18689707148584],[128.55742659061278,35.19008801634348],[128.5555695791502,35.19097538749385]]],[[[128.5674968357249,35.201847905992516],[128.56744931876398,35.20130890161204],[128.56715853548417,35.19748988339219],[128.56632524204832,35.19666523320611]]],[[[128.56679178174633,35.2086358458103],[128.56778123714136,35.208176416596864],[128.56797077298904,35.208074702003685],[128.56810884492631,35.20794548608647]]],[[[128.57068117832068,35.19273446668334],[128.5692241919662,35.193825568883845],[128.57028259131243,35.1971691678132],[128.57044773911622,35.198282015407926]]],[[[128.58108501533297,35.23620937916542],[128.58121401807327,35.23487484594222],[128.58040916496984,35.23389879384155],[128.57607616936266,35.228224186700956]]],[[[128.5877144896629,35.21221204617653],[128.58649651635193,35.209580141819664],[128.5848254758131,35.20645390824381],[128.58353491157007,35.20765340874448]]],[[[128.58959840777496,35.21890523956472],[128.58996103685467,35.21833998510764],[128.58997434170803,35.21807359170928],[128.58998302088466,35.21741151367991]]],[[[128.57818817548184,35.26913369958983],[128.5291809003515,35.23095290700587],[128.54014790419473,35.189450643166396],[128.47992189497285,35.185855125486626],[128.4908105456067,35.27369102128935],[128.57818817548184,35.26913369958983]]],[[[128.5792403818681,35.22019018688409],[128.5772087225363,35.218213870714536],[128.57725644393182,35.21744393606312],[128.5772908059656,35.21713110571221]]],[[[128.56056505707622,35.225042575218204],[128.5623172269794,35.22509539458381],[128.5631967021728,35.22511284801684],[128.5641405443231,35.22499570943637]]],[[[128.5698944253075,35.259315382455334],[128.56906961471688,35.25825464380764],[128.56776669243789,35.25582788957042],[128.56757702997396,35.25453214243411]]],[[[128.60044711112727,35.2311780093377],[128.59395421084776,35.228350227923976],[128.5938328978073,35.22820568994191],[128.5937507370063,35.22807256914385]]],[[[128.5936454859478,35.22776862833743],[128.59358269926895,35.22758518772186],[128.59349411748326,35.22722019927301],[128.59312576090525,35.2253436370509]]],[[[128.5898788097433,35.24591901429623],[128.58852003839212,35.24521589194479],[128.58775551620877,35.244820262305545],[128.58696470610323,35.24406740800783]]],[[[128.60214548918225,35.245873892300196],[128.6021382282385,35.24578534774547],[128.6021695149645,35.24567910613593],[128.6022065183111,35.24562786547715]]],[[[128.6001605832113,35.255500776634506],[128.5978281186762,35.25416844304823],[128.59775832565776,35.254121597145335],[128.5974622038664,35.25392274457801]]],[[[128.60229778228484,35.253335483868554],[128.6030229786433,35.25130260914863],[128.60214548918225,35.245873892300196],[128.60142141266454,35.24564144355063]]],[[[128.62565224328003,35.214595824283734],[128.58649651635193,35.209580141819664],[128.6068719915893,35.242050881801916],[128.62565224328003,35.214595824283734]]],[[[128.6748545403676,35.175527871146826],[128.67618148824033,35.17493734667589],[128.67287090696357,35.167663359128184],[128.67004407596852,35.16153758835033]]],[[[128.67444212734966,35.15236914135104],[128.66954854962788,35.15207816999662],[128.66827991742025,35.15279359346298],[128.6688079759052,35.15784242246192]]],[[[128.68984919027753,35.16979431267569],[128.68948221630293,35.16837731587494],[128.68777824304172,35.16254792928115],[128.68781929911233,35.15863132956961]]],[[[128.69466255653515,35.16883003158179],[128.69676473403914,35.16471378579387],[128.69679542865956,35.16453604265572],[128.69640422560693,35.16199905783395]]],[[[128.71341140629923,35.166164940412365],[128.7100395031475,35.16267114858983],[128.7091789360389,35.16039777924058],[128.70828493719054,35.1577497404564]]],[[[128.7057158897607,35.152618165424066],[128.70653038150854,35.15119580204725],[128.70657900364404,35.151104349068696],[128.70667834890705,35.150882490522854]]],[[[128.73840532042374,35.156690284616104],[128.73837966429596,35.15550117042922],[128.738521474781,35.15490994727157],[128.73862407794033,35.154610157427975]]],[[[128.7224109335545,35.14181229793072],[128.72247266699796,35.1404515238789],[128.72245179220357,35.14029923694686],[128.72214121215887,35.13992535263704]]],[[[128.73128047672026,35.13953628030457],[128.73077994528012,35.13793515972305],[128.72820461808033,35.1355553099084],[128.7278831966742,35.13525827351754]]],[[[128.76385485841863,35.0597813784584],[128.76367694303522,35.059759525842516],[128.7635578377135,35.05978880566422],[128.7632769282585,35.059873488983655]]],[[[128.69761725078254,35.07917052440628],[128.6977077657428,35.07793350356216],[128.6972448643596,35.077208072249206],[128.69626081649056,35.078255337473124]]],[[[128.70972731136354,35.08281083594755],[128.71101041634805,35.082098630315215],[128.7127931490466,35.08218911104094],[128.7146999584181,35.081313617506474]]],[[[128.72276617940014,35.0838745357803],[128.72189295624352,35.083855441349115],[128.72165108328633,35.083878699729055],[128.7189277448079,35.08420718722255]]],[[[128.71925633234662,35.08952202480256],[128.71912330478497,35.089494467874665],[128.7188878666002,35.08957705672516],[128.71863802808886,35.089683994955834]]],[[[128.77306099422483,35.09892772174072],[128.76637406466173,35.067457034037446],[128.7044899806862,35.11058155959586],[128.73764753927094,35.14426908540137],[128.77306099422483,35.09892772174072]]],[[[128.79361802185085,35.15705431613537],[128.83439583110464,35.12630148921657],[128.77306099422483,35.09892772174072],[128.74118822749702,35.167013617255144],[128.79361802185085,35.15705431613537]]],[[[128.83247305545595,35.0863131507276],[128.78184130122946,35.08611631604207],[128.83439583110464,35.12630148921657],[128.83247305545595,35.0863131507276]]],[[[128.31761881342229,35.32557590263186],[128.28580589951818,35.27687036972282],[128.213851489871,35.31414724109177],[128.31761881342229,35.32557590263186]]],[[[128.23477197746723,35.40081994319809],[128.255485738237,35.33168347464507],[128.21218963192544,35.313289635462105],[128.2022563520784,35.3931200103989],[128.23477197746723,35.40081994319809]]],[[[128.20443130245872,35.31701087196526],[128.15274070048,35.36628169766678],[128.20894725796663,35.373518963049925],[128.20443130245872,35.31701087196526]]],[[[128.2022563520784,35.3931200103989],[128.11583431484482,35.330228073009685],[128.08034269741108,35.37012514604672],[128.2022563520784,35.3931200103989]]],[[[128.20443130245872,35.31701087196526],[128.274240124834,35.257367182105696],[128.19407581825337,35.25627628139662],[128.1729450617236,35.32799987995496],[128.20443130245872,35.31701087196526]]],[[[128.2847717949891,35.387864381849575],[128.31761881342229,35.32557590263186],[128.255485738237,35.33168347464507],[128.24554242176146,35.38655470759767],[128.2847717949891,35.387864381849575]]],[[[128.34667186192112,35.41264246669971],[128.39554393040987,35.33531546179407],[128.29080747448018,35.36710289607911],[128.34667186192112,35.41264246669971]]],[[[128.4365176917945,35.39239967350115],[128.3767639728356,35.35352778053242],[128.34667186192112,35.41264246669971],[128.37621768182254,35.44038163413444],[128.4365176917945,35.39239967350115]]],[[[128.37391965199103,35.518347878790216],[128.42635551419346,35.486499974854844],[128.37153395487238,35.45197855236107],[128.37391965199103,35.518347878790216]]],[[[128.36495378514653,35.5002717673864],[128.3622926524532,35.415984376936144],[128.3061189568209,35.49990703166949],[128.26099455092657,35.50176304384119],[128.36495378514653,35.5002717673864]]],[[[128.31507861747522,35.45052042736975],[128.2003600535669,35.47605843529927],[128.3024717388654,35.50181631869683],[128.31507861747522,35.45052042736975]]],[[[128.27250872262852,35.458353568875594],[128.27327414580333,35.423105048066546],[128.19109824351236,35.39642731912502],[128.20812122277135,35.45986934830387],[128.27250872262852,35.458353568875594]]],[[[128.31507861747522,35.45052042736975],[128.35406786108163,35.417809561953504],[128.24163598110533,35.387726148685935],[128.27250872262852,35.458353568875594],[128.31507861747522,35.45052042736975]]],[[[128.43157987700394,35.31261403988343],[128.38486839682514,35.22206836973021],[128.36798645445566,35.29799927456818],[128.43157987700394,35.31261403988343]]],[[[128.46615775857833,35.22411252766485],[128.38486839682514,35.22206836973021],[128.42830881872956,35.271058275727924],[128.46615775857833,35.22411252766485]]],[[[128.36773895774775,35.29726782102646],[128.3743233579873,35.19337689429924],[128.274240124834,35.257367182105696],[128.31677188099295,35.32293607759237],[128.36773895774775,35.29726782102646]]],[[[128.39609311574665,35.336112350427186],[128.39566130656243,35.30514243749579],[128.3221615234621,35.30399511795025],[128.31183474876775,35.35232353145883],[128.39609311574665,35.336112350427186]]],[[[128.4365176917945,35.39239967350115],[128.47133963844632,35.37752241104534],[128.47174261746022,35.313996365528695],[128.382159608322,35.35097802144993],[128.4365176917945,35.39239967350115]]],[[[128.51869578929472,35.39443392368925],[128.5473504072818,35.38118895250547],[128.4980195877054,35.350722619299304],[128.53364098972366,35.32129081702897],[128.465823442676,35.307456010409076],[128.46804344756112,35.38031464869854],[128.51869578929472,35.39443392368925]]],[[[128.5473504072818,35.38118895250547],[128.57698397717112,35.37916413022291],[128.5698624086708,35.33415548368657],[128.53007154236371,35.32357425072818],[128.49814128540098,35.35305805154865],[128.5473504072818,35.38118895250547]]],[[[128.46480449563776,35.31380020616639],[128.47420791638706,35.222347267818556],[128.41635168886629,35.29745472207717],[128.46480449563776,35.31380020616639]]],[[[128.47420791638706,35.222347267818556],[128.4789692841478,35.18771903293861],[128.40630526300296,35.17933771035482],[128.47420791638706,35.222347267818556]]],[[[128.56335212994347,35.32586028451225],[128.59123734393899,35.2715854278251],[128.45734820158827,35.29097740491557],[128.56335212994347,35.32586028451225]]],[[[128.57713688203924,35.53703887592223],[128.57165269966606,35.48569825930567],[128.42803770472887,35.51433524714141],[128.48303545756218,35.56413835140539],[128.57713688203924,35.53703887592223]]],[[[128.4403604212753,35.47484430244761],[128.4803042211786,35.38167009146851],[128.3756534325571,35.44158994858879],[128.4403604212753,35.47484430244761]]],[[[128.5853006495774,35.57978092080046],[128.5910698970954,35.5367192414455],[128.47377543119154,35.57268043898493],[128.49034025872567,35.60913722805177],[128.5853006495774,35.57978092080046]]],[[[128.59343594762274,35.58432803156002],[128.4501806890569,35.63802836780129],[128.5056674993627,35.63926559956375],[128.52641436462469,35.68237968937188],[128.59343594762274,35.58432803156002]]],[[[128.4501806890569,35.63802836780129],[128.49264610492952,35.59247254584662],[128.43295555865714,35.55290545301545],[128.3956501837616,35.614258608659696],[128.4501806890569,35.63802836780129]]],[[[128.41695188750833,35.559458132683595],[128.36303932944838,35.52542813238676],[128.35291141708655,35.60929423305535],[128.3956501837616,35.614258608659696],[128.41695188750833,35.559458132683595]]],[[[128.43658727481503,35.55447065914608],[128.4403604212753,35.47484430244761],[128.37354877030512,35.518052660584836],[128.43658727481503,35.55447065914608]]],[[[128.48347527724215,35.564098339699235],[128.43549546372506,35.51782420455204],[128.43658727481503,35.55447065914608],[128.48347527724215,35.564098339699235]]],[[[128.57165269966606,35.48569825930567],[128.47443944440366,35.43686379558563],[128.51095912117924,35.50290095293063],[128.57165269966606,35.48569825930567]]],[[[128.5727573709653,35.47804931971817],[128.4829147657464,35.400071247725506],[128.4758409348632,35.43531538087206],[128.5727573709653,35.47804931971817]]],[[[128.5341231367311,35.50729661514362],[128.47062737309253,35.42625856809121],[128.4377665684878,35.44131361603175],[128.45737825096657,35.48961633913658],[128.5341231367311,35.50729661514362]]],[[[128.5740418625323,35.455573132813306],[128.55410843144833,35.40923150167822],[128.48974151353136,35.40250171926889],[128.5740418625323,35.455573132813306]]],[[[128.57255733423904,35.43945798293618],[128.58547484622414,35.38254248605005],[128.51869578929472,35.39443392368925],[128.57255733423904,35.43945798293618]]],[[[128.65106793412272,35.42552322941289],[128.6502703567944,35.37139407829297],[128.5740418625323,35.455573132813306],[128.65106793412272,35.42552322941289]]],[[[128.3256243029798,34.94140602013517],[128.3247492297253,34.94131695372088],[128.32461522831582,34.94133662822189],[128.3245159875949,34.94141029251108]]],[[[128.32923555463552,35.017480172003445],[128.3827219768897,34.94741697872832],[128.25056426705655,34.97379442088751],[128.32923555463552,35.017480172003445]]],[[[128.2806758772184,34.89044619716118],[128.2803589057716,34.89043056840599],[128.28001124271626,34.89047828852229],[128.2796885556718,34.89055664157459]]],[[[128.25399582637854,34.89561479874514],[128.254124780425,34.8956043204599],[128.25430228580709,34.89561425084338],[128.25456990337258,34.89556800273765]]],[[[128.26316789159918,34.915482555526744],[128.26289413722105,34.915355641016205],[128.26236380677906,34.91547758357899],[128.26209369906007,34.915664650760704]]],[[[128.31214733854554,34.92129693429152],[128.31195317849014,34.92129583057466],[128.31178647705696,34.92137435653453],[128.31046631859695,34.922004415820375]]],[[[128.26238503818138,34.9281353181347],[128.2623078121621,34.92812777280615],[128.26222222493186,34.928138380251085],[128.2621227176099,34.928166299743964]]],[[[128.25069488487483,34.93330400497684],[128.2505586200764,34.93329494140111],[128.25038495628803,34.93333566399137],[128.25028464934357,34.933423607653566]]],[[[128.2382066950584,34.93563324814386],[128.23802644583995,34.9355874290736],[128.2377283852644,34.93572255622744],[128.23743614268656,34.93597894324962]]],[[[128.31777047651914,34.96142531117935],[128.27280468209693,34.89941629561869],[128.21147102743734,34.96798517603658],[128.31777047651914,34.96142531117935]]],[[[128.18121202182098,34.88411846566576],[128.18089898136418,34.88407484746944],[128.1806568923668,34.88409518385367],[128.1790764057489,34.88446228179802]]],[[[128.20757288321192,34.90664236750239],[128.20740673884748,34.90662686090215],[128.20727918539305,34.906644119440635],[128.20706549676171,34.90672356572748]]],[[[128.2065692587529,34.92229895741967],[128.20690200416803,34.92218744001501],[128.2077612737608,34.922227357827346],[128.20786473426793,34.92181583685468]]],[[[128.2037868986647,34.93146320052888],[128.2032599782496,34.9314315413458],[128.20225547774294,34.93148405312777],[128.20122650648625,34.93158431465068]]],[[[128.22412637534495,34.923676302475414],[128.22324239495165,34.92277336772296],[128.22016874130986,34.92365093177396],[128.2188398246554,34.92477148259562]]],[[[128.23508443070267,34.94209803023891],[128.1635452293844,34.89844783204225],[128.19175647774267,34.97191972129826],[128.23508443070267,34.94209803023891]]],[[[128.1662716410562,34.98326107542817],[128.1677371312868,34.907365383447065],[128.13272970147187,34.88773490692166],[128.10331902171976,34.91921379076683],[128.1662716410562,34.98326107542817]]],[[[128.23985898322553,35.010058138504704],[128.25106339438403,34.97175994393295],[128.16120907803483,34.974005535765805],[128.18455711539733,35.05029847031807],[128.23985898322553,35.010058138504704]]],[[[128.25892762746219,35.066042397530886],[128.33245756893544,35.03307319359267],[128.31671691246703,34.99674553355686],[128.24095686653308,35.005458646578944],[128.22870513966467,35.06130059411241],[128.25892762746219,35.066042397530886]]],[[[128.2388071963998,35.08227194287071],[128.24074698288635,35.01163556132601],[128.20675493301974,35.00807593275681],[128.18455711539733,35.05029847031807],[128.2388071963998,35.08227194287071]]],[[[128.2388071963998,35.08227194287071],[128.1873660890691,35.08854331192815],[128.27242406269778,35.13178923315658],[128.2388071963998,35.08227194287071]]],[[[128.3040507567454,35.12709568227107],[128.3510267044605,35.12364496938515],[128.28112326493465,35.050219261754876],[128.23935988279055,35.103084867205304],[128.3040507567454,35.12709568227107]]],[[[128.36683211463935,35.10881567533072],[128.35201722945763,35.06160554859149],[128.30963087777343,35.08193995258228],[128.36683211463935,35.10881567533072]]],[[[128.42242250111207,35.05629189930032],[128.35474401042023,35.05687479445477],[128.36683211463935,35.10881567533072],[128.42696316893108,35.086598924069285],[128.42242250111207,35.05629189930032]]],[[[128.35201722945763,35.06160554859149],[128.38226448395937,35.035335288765964],[128.34442424324644,35.00310432853811],[128.28208858772103,35.04999170906009],[128.30963087777343,35.08193995258228],[128.35201722945763,35.06160554859149]]],[[[128.40784407803437,34.993519945085644],[128.38916845878302,35.03507433610761],[128.48202415624365,35.066081269613555],[128.45957208161968,35.04755906153675],[128.50282970513774,35.01433984082008],[128.40784407803437,34.993519945085644]]],[[[128.3886194929142,35.01716533883746],[128.4429447613135,34.97281368747927],[128.34288092435486,34.96962496459748],[128.3886194929142,35.01716533883746]]],[[[127.9264420832107,34.83075293068889],[127.88847033404106,34.79383416645076],[127.85445189482512,34.85409268704293],[127.9264420832107,34.83075293068889]]],[[[127.96328624964761,34.80813612261039],[127.99887286065076,34.75776508269342],[127.94791285899525,34.74541649981473],[127.89970636257266,34.804967612435],[127.93200563988684,34.833518873717125],[127.96328624964761,34.80813612261039]]],[[[127.99727086676165,34.70308472701695],[127.99699712483633,34.703048511163175],[127.99592096471189,34.70305500394725],[127.99578861632966,34.70306903126719]]],[[[127.94230226001142,34.723130301396864],[127.94217401096846,34.72311195410879],[127.94157043497384,34.72314075745418],[127.93871172544632,34.723525937698035]]],[[[127.99621855282939,34.7547366816563],[128.00790801759982,34.710966011482014],[127.95626323750437,34.709457949249035],[127.94380260993678,34.747026682990956],[127.99621855282939,34.7547366816563]]],[[[128.05451338819853,34.76478169635719],[128.00428020969696,34.746563951307074],[127.95840620686499,34.81361349811916],[128.06056261705325,34.82186763451218],[128.05451338819853,34.76478169635719]]],[[[128.06327250161124,34.67907170067007],[128.06260441196434,34.678977434833584],[128.05907097564057,34.68000894120176],[128.0588032786688,34.68041156925357]]],[[[128.05634561023365,34.69001090951578],[128.05653352324347,34.689750536928074],[128.0567353696714,34.68991552093443],[128.05683880843307,34.689969135044315]]],[[[128.04664944885897,34.68099859773358],[128.04619353093528,34.68090242091674],[128.0456176368216,34.68090735649055],[128.04528611428057,34.68106032414423]]],[[[128.03464564070367,34.69038544999559],[128.03438466802297,34.69030185103495],[128.0341175485217,34.69032249041968],[128.03321740254745,34.69071842238338]]],[[[128.03058255859682,34.69796263911775],[128.0306345053344,34.69790696457538],[128.03094332217088,34.69791919301672],[128.03117793091005,34.697895002222644]]],[[[128.0218734564096,34.695202154732065],[128.02172245736253,34.695184904608645],[128.02157835760684,34.69519202052099],[128.0214843697368,34.695204452433636]]],[[[128.052342883002,34.6937611405479],[128.05222515163197,34.69375615701838],[128.05212304864824,34.693759116645396],[128.05200103622323,34.69377434122829]]],[[[128.06317958948716,34.69983690739582],[128.06318624344323,34.69977551548004],[128.0633350623056,34.69981049996023],[128.06342591070776,34.699829461766114]]],[[[128.05319637884665,34.718601862290754],[128.05309102444215,34.71858542971458],[128.05299452627833,34.7186116701382],[128.05152108818515,34.719378571131735]]],[[[128.0645660017614,34.73949789182584],[128.06449076844362,34.739487501382435],[128.06154884083537,34.73954899808568],[128.06119002755122,34.73957909361973]]],[[[128.07172865100523,34.75010094185464],[128.07103918642738,34.75002765835143],[128.07074575266,34.75009441914358],[128.07063259152244,34.75014617242541]]],[[[128.0095191586534,34.72246307282512],[128.05451338819853,34.76478169635719],[128.06003379553957,34.70929207962704],[128.0095191586534,34.72246307282512]]],[[[127.84066194197158,34.745651472258835],[127.8402551401336,34.74561237670065],[127.83954610303564,34.74582673648456],[127.83985512178728,34.7462435665202]]],[[[127.83623026060553,34.761715169429095],[127.83636467230976,34.76169177230365],[127.83690049555878,34.7616952417028],[127.83705977529307,34.76166550857494]]],[[[127.84024437366013,34.7746765252201],[127.8400362509357,34.774661140816384],[127.83983321718361,34.774732770971575],[127.83965372139878,34.774880924425716]]],[[[127.90235163998696,34.79449342706845],[127.9103312576494,34.73180575276579],[127.85684412717147,34.727514013786354],[127.83894363894136,34.789146682571705],[127.90235163998696,34.79449342706845]]],[[[127.83234013983027,34.784678811298576],[127.83217627624798,34.784663881566495],[127.8319870030949,34.78470721399068],[127.83188357133452,34.78476280163779]]],[[[127.82049896262836,34.8846396439156],[127.82069822333202,34.884541757612936],[127.82187855340104,34.88478097539213],[127.82230833296647,34.88447800987314]]],[[[127.85639061568125,34.85738329145392],[127.88108672058637,34.80051697341647],[127.83894363894136,34.789146682571705],[127.80650165584802,34.85737591772332],[127.82969310727168,34.887812490541684],[127.85639061568125,34.85738329145392]]],[[[127.82021696045722,34.91252724746884],[127.81895367234316,34.9124924443295],[127.81669148709359,34.91255094693617],[127.81595823741644,34.91290234945159]]],[[[127.901527369406,34.87996020962159],[127.85639061568125,34.85738329145392],[127.82533977521878,34.90302014914726],[127.89177146864724,34.91951245020487],[127.901527369406,34.87996020962159]]],[[[127.901527369406,34.87996020962159],[127.8570508640378,34.933670628632875],[127.92563834485738,34.940531624205676],[127.901527369406,34.87996020962159]]],[[[128.02689058991405,34.84426385235485],[128.02794649849295,34.843163425375096],[128.02859990453805,34.8433548813037],[128.02876954889263,34.843377631032695]]],[[[128.02329834141133,34.88722953963884],[128.02139278407856,34.88632950394539],[128.02140155964537,34.88637403249967],[128.02258446657498,34.89237574347326]]],[[[128.032169807719,34.920727351943995],[128.01121409515113,34.868098376432094],[128.0479723876318,34.89715812296915],[128.0869622911866,34.828385299789026],[127.96861970385045,34.843563179798714],[128.032169807719,34.920727351943995]]],[[[127.73057926768675,35.127602316850506],[127.7770639540832,35.02562623927713],[127.69447713196838,35.103314017139056],[127.73057926768675,35.127602316850506]]],[[[127.68879191576609,35.319155597260284],[127.6680991002604,35.152347283610844],[127.57610675034829,35.30636172956251],[127.68879191576609,35.319155597260284]]],[[[127.7475464182798,35.164283876505536],[127.71121857452064,35.122769262995284],[127.6680991002604,35.152347283610844],[127.70107288777373,35.22466692274849],[127.7475464182798,35.164283876505536]]],[[[127.79254398393377,35.122714308279086],[127.80413023742332,35.04897443039153],[127.72589925308219,35.110701307476525],[127.7475464182798,35.164283876505536],[127.79254398393377,35.122714308279086]]],[[[127.84233225921503,35.158115684678314],[127.79628858873565,35.063469209349115],[127.80290955164283,35.17496585671446],[127.84233225921503,35.158115684678314]]],[[[127.85411895930831,35.03227796122901],[127.86011852543567,35.005345290624724],[127.7783024131398,34.98886080581013],[127.8092847720965,35.07004095562643],[127.85411895930831,35.03227796122901]]],[[[127.83404875818538,34.92477677126723],[127.83037257528544,34.924770105297725],[127.83016753383177,34.924771503938615],[127.8294438866406,34.92482803657521]]],[[[127.8404570493537,34.92402221936878],[127.84025095405272,34.92401818869729],[127.84005096651951,34.92415126158164],[127.83965314018711,34.92465158029075]]],[[[127.83923235360353,34.930240037859825],[127.83862444887687,34.93016386125073],[127.83847845614515,34.93022099617411],[127.83779623806342,34.93078273394675]]],[[[127.83424653774676,34.927759384366496],[127.83412730760215,34.92775677619635],[127.83378147838464,34.92778736539707],[127.83071402224847,34.92828705062973]]],[[[127.91715612522114,34.96994563925164],[127.9169594720855,34.96989775859368],[127.91677999044111,34.96993443439685],[127.91664747855013,34.970076661624866]]],[[[127.91549790324854,34.97653110760916],[127.91559218850861,34.976038211562866],[127.91732859275182,34.976620851474145],[127.91751552259623,34.97666718590908]]],[[[127.86011852543567,35.005345290624724],[127.91155008446951,34.98397219074494],[127.90216606835496,34.95476319152504],[127.84760880406142,34.94633504903033],[127.79598152316417,34.993478304705775],[127.86011852543567,35.005345290624724]]],[[[127.7835381459814,34.93833662002482],[127.78249236469219,34.937140255819585],[127.78188975975307,34.93719386860735],[127.78060285513536,34.938540594466176]]],[[[127.7663301480541,34.96494584124571],[127.76616114122197,34.96486663085788],[127.76430252843709,34.96513548577247],[127.76414193681495,34.96517160290815]]],[[[127.83542058854268,34.95884687092208],[127.78572622845024,34.93993004999604],[127.76522885080227,34.97394202428994],[127.79617296427234,34.994926140074696],[127.83542058854268,34.95884687092208]]],[[[127.92114376849551,34.98588885872359],[127.9220213074711,34.9849516951358],[127.92304184563228,34.98496898374229],[127.92402836107331,34.98461850599262]]],[[[127.89162106640002,35.086421795102204],[127.93134863687642,35.047833076733774],[127.91795070621508,34.97980973299378],[127.86046988171069,35.00092589248372],[127.89162106640002,35.086421795102204]]],[[[127.87388634316389,35.08886213160472],[127.8730239883433,35.033266968961414],[127.8092847720965,35.07004095562643],[127.83715368568782,35.10690814793584],[127.87388634316389,35.08886213160472]]],[[[127.8794217230675,35.14488540927268],[127.90174248120385,35.08748982895088],[127.83750283914061,35.10893800845147],[127.84233225921503,35.158115684678314],[127.8794217230675,35.14488540927268]]],[[[127.78425481997714,35.22094887798648],[127.81506930984695,35.14842522694316],[127.78667098573241,35.121875700243606],[127.68922626823364,35.25434431016476],[127.78425481997714,35.22094887798648]]],[[[127.8903165517779,35.2264937082827],[127.92989947749035,35.14470708769249],[127.82542380988215,35.16201095590343],[127.77886935687273,35.21355014742163],[127.86420884555245,35.25964530338932],[127.8903165517779,35.2264937082827]]],[[[127.90455299744087,35.461118637310385],[127.95700691327625,35.41179232374467],[127.87481661817598,35.36134469420589],[127.85195607486989,35.44704431676388],[127.90455299744087,35.461118637310385]]],[[[127.95982244638499,35.518580439274935],[127.98475146695134,35.455877305824224],[127.94152732610277,35.42657845066921],[127.90600992384493,35.48341045888939],[127.95982244638499,35.518580439274935]]],[[[127.92511709736264,35.51533220015424],[127.89793702666324,35.45167329088591],[127.85232326344152,35.455782593444155],[127.87751695215648,35.527429871576054],[127.92511709736264,35.51533220015424]]],[[[127.86988092976887,35.57501438263003],[127.8763855652091,35.49396087042441],[127.83309011907532,35.45671011587925],[127.80540508883827,35.489784582405136],[127.86988092976887,35.57501438263003]]],[[[127.8526264092801,35.456994278288256],[127.85585579563596,35.38652602194397],[127.7526380941153,35.38299132212337],[127.78332544935519,35.45992056670176],[127.8526264092801,35.456994278288256]]],[[[127.85585579563596,35.38652602194397],[127.8754963867147,35.33033255505031],[127.8366799516749,35.28114633293135],[127.73404076905058,35.343370136985946],[127.7526380941153,35.38299132212337],[127.85585579563596,35.38652602194397]]],[[[127.86769869817716,35.32447789294366],[127.82569298711873,35.22194238600112],[127.69017978000119,35.28371657776746],[127.73404076905058,35.343370136985946],[127.7975737813118,35.27787992388359],[127.86769869817716,35.32447789294366]]],[[[127.91594248767869,35.363208269331075],[127.98633297664888,35.27692362364182],[127.90554549719599,35.222573677277914],[127.8600574097083,35.27381853320489],[127.87481661817598,35.36134469420589],[127.91594248767869,35.363208269331075]]],[[[128.0298776840636,35.37135802348447],[128.00782948155788,35.326734308062],[128.0345121053195,35.30785407604738],[127.99260893634019,35.2861110545059],[127.91481779380929,35.36712466320842],[128.0298776840636,35.37135802348447]]],[[[128.08034269741108,35.37012514604672],[128.11469352746946,35.33085620745635],[128.00805746420187,35.32586248344595],[128.06635533037272,35.39660750961741],[128.08034269741108,35.37012514604672]]],[[[128.05232801960796,35.418094865478515],[128.0484771863821,35.36980740517523],[127.94526656780916,35.38867852674451],[127.94107029864283,35.42324566955272],[127.9838234162086,35.45313419451784],[128.05232801960796,35.418094865478515]]],[[[127.72872066754445,35.550689752160494],[127.78738635213217,35.51545113959394],[127.64507321943923,35.449510140557116],[127.65113829625892,35.49803504006033],[127.72872066754445,35.550689752160494]]],[[[127.74831958535985,35.395223027417],[127.7006578427102,35.31623079637766],[127.62041644185827,35.33232695446984],[127.6727978743518,35.450845079497164],[127.74831958535985,35.395223027417]]],[[[127.77402814542829,35.445418565694354],[127.73176220041839,35.392213921643716],[127.68152494450138,35.451495196230994],[127.76179197803026,35.50008323429934],[127.77402814542829,35.445418565694354]]],[[[127.78772072643208,35.51616127619608],[127.81428184637485,35.470062972462074],[127.75526178928541,35.44628128369789],[127.7775141371635,35.49097786588043],[127.74532784700139,35.50934687366591],[127.78772072643208,35.51616127619608]]],[[[127.83512894986302,35.58307224124179],[127.80545232507225,35.489854100376704],[127.79189986790257,35.6132770941775],[127.83512894986302,35.58307224124179]]],[[[127.79822534482201,35.61426928762672],[127.77821102542234,35.53748115471034],[127.72935519825234,35.549072820543806],[127.71952332436695,35.59837703745738],[127.79822534482201,35.61426928762672]]],[[[127.76114468565142,35.73081323676333],[127.83592047521127,35.66058468985238],[127.8768718558053,35.66934669301304],[127.83512894986302,35.58307224124179],[127.7376533019529,35.677009343710814],[127.76114468565142,35.73081323676333]]],[[[127.73750473521332,35.677345777441005],[127.7780590934202,35.61572578934738],[127.6614193112271,35.59763454551222],[127.68216309906148,35.660436368581955],[127.73750473521332,35.677345777441005]]],[[[127.67903345117071,35.7692696630321],[127.73750473521332,35.677345777441005],[127.635467698344,35.618472047016816],[127.67903345117071,35.7692696630321]]],[[[127.6501608851223,35.62131385319567],[127.65083539231424,35.497632191004946],[127.58540555531327,35.55458610896887],[127.6501608851223,35.62131385319567]]],[[[127.71863890475593,35.59708284491364],[127.72872066754445,35.550689752160494],[127.65113829625892,35.49803504006033],[127.66936673481634,35.59207076356482],[127.71863890475593,35.59708284491364]]],[[[127.95605399143665,35.72876369274293],[127.8778746902787,35.63842566336807],[127.88002789089582,35.733216492347786],[127.95605399143665,35.72876369274293]]],[[[127.95844776048575,35.800322979315254],[127.96228333876627,35.73288254929838],[127.88002789089582,35.733216492347786],[127.85708437530714,35.7970511752854],[127.95844776048575,35.800322979315254]]],[[[127.97115391766377,35.85117144668904],[127.95844776048575,35.800322979315254],[127.90353410485034,35.781798133091215],[127.89329747265673,35.88658939195073],[127.97115391766377,35.85117144668904]]],[[[127.89329747265673,35.88658939195073],[127.90013065348047,35.82448164256516],[127.83911559576842,35.79778565371405],[127.81368733922895,35.856199506307],[127.85987596047538,35.90664618017139],[127.89329747265673,35.88658939195073]]],[[[127.81273322902096,35.85282880303442],[127.82255145092599,35.760280079876935],[127.73411015307056,35.71899350683306],[127.67923107665713,35.768391849536165],[127.74441211644022,35.84433495971195],[127.81273322902096,35.85282880303442]]],[[[127.85708437530714,35.7970511752854],[127.87695469511038,35.740843160859335],[127.7640075445114,35.72114046511394],[127.85708437530714,35.7970511752854]]],[[[127.87695469511038,35.740843160859335],[127.87760261935284,35.669581267486365],[127.80323287257283,35.6859661831467],[127.87695469511038,35.740843160859335]]],[[[127.99782711159827,35.62814588582475],[127.83522295655432,35.57802938047095],[127.93756744195215,35.67267353598401],[127.99782711159827,35.62814588582475]]],[[[127.96626533990118,35.73149453958748],[128.0204123023407,35.65539887367007],[127.99782711159827,35.62814588582475],[127.94557955408501,35.65302117949845],[127.96626533990118,35.73149453958748]]],[[[127.98470516565322,35.60866240159776],[127.95948435121932,35.51807967762842],[127.87829672145065,35.52800551170999],[127.90039536726019,35.603479947847276],[127.98470516565322,35.60866240159776]]],[[[128.0950667758787,35.690457632192334],[128.02094516445686,35.652145941562374],[127.96626533990118,35.73149453958748],[128.0441757384329,35.75216577456135],[128.0950667758787,35.690457632192334]]],[[[128.07871283152147,35.83892876199547],[128.04587550386398,35.753246114147885],[127.96228333876627,35.73288254929838],[127.97115391766377,35.85117144668904],[128.07871283152147,35.83892876199547]]],[[[128.1637342512458,35.653494150202384],[128.1728944287444,35.56042167940351],[128.0846870518921,35.59333979541796],[128.1637342512458,35.653494150202384]]],[[[128.07284710487187,35.67303036432611],[128.06377393099623,35.56817905480581],[127.974530951598,35.557916652013354],[128.00034083293224,35.632567341498174],[128.07284710487187,35.67303036432611]]],[[[128.16002122013873,35.66713220405376],[128.0984923267081,35.619396662884014],[128.05975588627132,35.66171802111697],[128.125583611191,35.699686330480375],[128.16002122013873,35.66713220405376]]],[[[128.12526630786155,35.82276128239287],[128.16389533062394,35.77627988290431],[128.0950667758787,35.690457632192334],[128.0356777704483,35.78635639518434],[128.12526630786155,35.82276128239287]]],[[[128.18925972120735,35.752343204036094],[128.20371052777614,35.686644649283096],[128.16002122013873,35.66713220405376],[128.13560961510007,35.75094443467092],[128.18925972120735,35.752343204036094]]],[[[128.22966585380553,35.6394501201295],[128.26932670540208,35.59145469494882],[128.2006328803186,35.5336582156169],[128.1637342512458,35.653494150202384],[128.22966585380553,35.6394501201295]]],[[[128.26263328417446,35.56738029125997],[128.25302323852614,35.50336581738531],[128.2173415871863,35.53426111407764],[128.26263328417446,35.56738029125997]]],[[[128.27669142345826,35.64672765935219],[128.308759649342,35.58575715055355],[128.28108724358455,35.56030459912129],[128.22966585380553,35.6394501201295],[128.27669142345826,35.64672765935219]]],[[[128.36234678654395,35.61189343129063],[128.27840202400503,35.65175313405209],[128.34916806256285,35.646445691236345],[128.36234678654395,35.61189343129063]]],[[[128.35519561554767,35.590917795249915],[128.37253662268103,35.50243667018696],[128.29286208669376,35.51730134955726],[128.31943137189015,35.5685047630452],[128.2882363593953,35.62163805410948],[128.35519561554767,35.590917795249915]]],[[[128.29996707198094,35.575812258600884],[128.31469355165294,35.53655705602098],[128.26625986375876,35.50943638300622],[128.29996707198094,35.575812258600884]]],[[[128.2175141897934,35.53340081141022],[128.26189305147966,35.49717522484132],[128.12722863359014,35.493527893518575],[128.16022263102485,35.55753984059545],[128.2175141897934,35.53340081141022]]],[[[128.12724483387765,35.49369357274484],[128.21624524850685,35.463687290234425],[128.18946289016236,35.3986684805314],[128.0755849418727,35.471066845178996],[128.12724483387765,35.49369357274484]]],[[[128.1765715759566,35.39562500090569],[128.0870482863329,35.36869155724872],[128.05232801960796,35.418094865478515],[128.08420270300786,35.420302959657924],[128.0840331338837,35.46986326305083],[128.1765715759566,35.39562500090569]]],[[[128.05763508910135,35.49258831230526],[128.07311861205915,35.4148365717821],[127.97413245593496,35.476742283612964],[128.05763508910135,35.49258831230526]]],[[[128.02058432349358,35.558920743149706],[128.07533134768298,35.53045148490251],[128.05763508910135,35.49258831230526],[127.96228089629365,35.50011514661449],[127.95514759862304,35.55008677420725],[128.02058432349358,35.558920743149706]]],[[[128.15915217642976,35.55539945074476],[128.10096192076173,35.476252071017065],[128.0203602105833,35.56248554307412],[128.11282440339545,35.59705771436678],[128.15915217642976,35.55539945074476]]],[[[128.55308904233826,35.1934246653022],[128.55388667552936,35.19203323828167],[128.55412996208346,35.19169948509586],[128.55433452867268,35.19157729504991]]],[[[128.5699662125378,35.21616918508347],[128.570545836633,35.21639216588416],[128.57078507408224,35.21646952037378],[128.5709635230197,35.21651461796001]]],[[[128.66954854962788,35.15207816999662],[128.6671034092836,35.11850396730097],[128.60679659727174,35.13722909000745],[128.63799731336348,35.17677142912594],[128.66954854962788,35.15207816999662]]],[[[128.65086598610242,35.11882171873962],[128.65120688448906,35.11844697384658],[128.6514360674482,35.11847893197829],[128.65162980382084,35.11845395096258]]],[[[128.67187578797885,35.056416791363255],[128.66993294679233,35.05588424572782],[128.66945256789887,35.056083512998356],[128.66707586043358,35.0583273061826]]],[[[128.6653121290806,35.09017088957371],[128.66490439417313,35.0900230590332],[128.6644252371813,35.09007089225879],[128.66296029767045,35.09035172815175]]],[[[128.6707742944695,35.096903149065305],[128.67054780480598,35.09689091939613],[128.67039830904812,35.096955085297104],[128.67018989433808,35.097093368592056]]],[[[128.65197064291013,35.105821893490216],[128.65314557894928,35.10575314809092],[128.65798897989205,35.10573873968574],[128.6581136424215,35.105763171371024]]]]}},{"type":"Feature","properties":{"regionCode":"50","name":"제주특별자치도"},"geometry":{"type":"MultiPolygon","coordinates":[[[[126.23127933634665,33.404746570734495],[126.22993897332888,33.40412962446276],[126.22589028533956,33.404089601613016],[126.22500509205072,33.40421977480688]]],[[[126.29637789217055,33.44751762986162],[126.36885936728032,33.34157421675631],[126.29755854569623,33.32000247399819],[126.21610602514448,33.36708541303897],[126.29637789217055,33.44751762986162]]],[[[126.44548939450513,33.468554072129926],[126.45930047459333,33.39635970274408],[126.5294479951576,33.36153222718238],[126.37151662107462,33.34743192632971],[126.30208982183349,33.41689578029746],[126.3133102237843,33.46979672332834],[126.44548939450513,33.468554072129926]]],[[[126.90323538722211,33.48334344001334],[126.74422143724057,33.41811114966246],[126.70522963847459,33.55404669410811],[126.82791655676974,33.56009910756973],[126.90291211296575,33.52607533161387],[126.90323538722211,33.48334344001334]]],[[[126.70522963847459,33.55404669410811],[126.73267781106921,33.42540901419871],[126.55820260334919,33.37105694230555],[126.64714083279348,33.435682043336584],[126.6039772264221,33.536592363303754],[126.70522963847459,33.55404669410811]]],[[[126.69716454118033,33.55485791440083],[126.6955606858785,33.55473194874861],[126.69497676874494,33.55488303302056],[126.69380689352853,33.55576464505054]]],[[[126.16093007555202,33.31225947813887],[126.16170464439878,33.311723831068285],[126.16228272638605,33.3120711761465],[126.16249709796682,33.312051004607405]]],[[[126.14960243955626,33.30941350407397],[126.14586560893103,33.309370830103006],[126.14565222403007,33.30937513026993],[126.14508708364231,33.30945784595432]]],[[[126.29980691724309,33.3198088086013],[126.24472448703733,33.273090567625836],[126.16069680608351,33.28518009051644],[126.15907615854869,33.33662278337771],[126.20930516085195,33.37563481557326],[126.29980691724309,33.3198088086013]]],[[[126.30556969306929,33.902900980021144],[126.30544782561917,33.90257921145197],[126.30617652239438,33.902604996611956],[126.30632386570149,33.9025756883957]]],[[[126.343412613364,33.90102228115712],[126.34318263801559,33.90087356858579],[126.3426054899891,33.900988770229404],[126.34244523257244,33.90112258485694]]],[[[126.32469653373651,33.90884395948364],[126.32289973097525,33.9087822763768],[126.3227442609654,33.90887549547826],[126.32165639794195,33.91031954179658]]],[[[126.31057844687994,33.938758123776914],[126.31035347718574,33.93874977160276],[126.30900472279913,33.93911143353615],[126.30896734212367,33.93926042436302]]],[[[126.34265647451683,33.95456042325046],[126.34179608276672,33.953599287139646],[126.34159027656904,33.95353074037592],[126.34044349851615,33.95394541502418]]],[[[126.3900535326132,33.96095579853285],[126.38900031358185,33.96052075718839],[126.38884921182756,33.960542869614336],[126.38799683781929,33.961313342431765]]],[[[126.3803119009623,33.968290706524435],[126.38034820503994,33.96780601652845],[126.38131067936894,33.96791019791798],[126.38225075876802,33.96744436673296]]],[[[126.29639767353834,33.965234410742234],[126.29974967472799,33.96313629434226],[126.30021301717505,33.962301686312976],[126.30022142820931,33.96194715721145]]],[[[126.28386564218253,33.96814094979219],[126.28334176135017,33.96805100119184],[126.28174254968764,33.96846930011394],[126.28149298025235,33.968671664784935]]],[[[126.34945753757894,33.98375345172912],[126.35192980684268,33.982930537132816],[126.35291900129631,33.9832020363436],[126.35310353482132,33.98316503135411]]],[[[126.25714973774478,33.9841291034689],[126.25682501698005,33.98390867126094],[126.25626437528392,33.983934917359484],[126.25606239364421,33.98403569833551]]],[[[126.3256306368617,33.98513271100955],[126.32459829077203,33.98487173821231],[126.32264214456121,33.985436701476054],[126.32163477996211,33.98612106683133]]],[[[126.25081074056914,33.98556744102098],[126.25051822793269,33.98549399475894],[126.24629782724054,33.987549921882035],[126.24619183654653,33.98779693564996]]],[[[126.26499837579192,33.991549696123826],[126.26584361417906,33.991060228588786],[126.26689478417921,33.99132907652358],[126.26779116436659,33.9907793555099]]],[[[126.39070586438717,33.99547428617826],[126.39131058343972,33.99530842552709],[126.39233250950055,33.99540960195378],[126.3932553341589,33.99422030586986]]],[[[126.33672815998764,34.01322024806041],[126.33740101096745,34.012462830375156],[126.33810140777528,34.01254279722646],[126.33853950657026,34.01248445825267]]],[[[126.95834981259961,33.51540581790072],[126.95796679696282,33.51473721579556],[126.9579031815413,33.51417567281443],[126.95828689584084,33.513427114303646]]],[[[126.53196365694536,33.513272270710594],[126.53195658384067,33.51322560098366],[126.5318750170326,33.51268749393232],[126.53186211725495,33.512602421213316]]],[[[126.55496343983842,33.50409043667058],[126.5552814161923,33.5022300147283],[126.55528180842808,33.502153681302914],[126.55527520929076,33.502071417676255]]],[[[126.52706754981513,33.50991804881366],[126.52760429169727,33.509191923209926],[126.5282026679976,33.50780677553111],[126.5286554449278,33.506682478803846]]],[[[126.55276353500757,33.49738510227467],[126.55235791971113,33.49560907061665],[126.55221179318994,33.49422576735577],[126.55407081552791,33.49262253473074]]],[[[126.5246227298289,33.50432894834793],[126.52480598557909,33.50179891698855],[126.52551445109027,33.500115673517286],[126.52536981350666,33.50009335435109]]],[[[126.52472021087819,33.518973254949735],[126.52477766808752,33.51685287670953],[126.52424595855517,33.51610492355437],[126.5234813873213,33.51252185024703]]],[[[126.51976062927339,33.51052228095201],[126.51862033245244,33.51001367636658],[126.51797099013908,33.509710551449515],[126.51780362710404,33.50962568771667]]],[[[126.51416532099242,33.51652896951246],[126.51484367690357,33.514365289975444],[126.51486219742887,33.51426754028222],[126.51488414566667,33.5140383589506]]],[[[126.54884308406554,33.52084166367888],[126.54870667301468,33.52043076679807],[126.54865018631229,33.51946074718214],[126.5486537305437,33.518747026207265]]],[[[126.57345254949095,33.525782764468275],[126.5748426450673,33.52438735986089],[126.57796584069229,33.52136503625848],[126.57860880143987,33.51777603198137]]],[[[126.60315480590239,33.53524303286692],[126.60327320229501,33.53375650325439],[126.60327491549819,33.53338268463103],[126.60303515973438,33.532129540240646]]],[[[126.59096204880561,33.39100207667607],[126.57618535366345,33.480572767787024],[126.61381046965016,33.516888940456795],[126.64714083279348,33.435682043336584],[126.59096204880561,33.39100207667607]]],[[[126.58109524960418,33.49753562425752],[126.59646556422685,33.400815592455565],[126.5294479951576,33.36153222718238],[126.51460112968286,33.471573429630084],[126.58109524960418,33.49753562425752]]],[[[126.51201761306413,33.50016486753542],[126.51554846710633,33.50003171615319],[126.51564774191215,33.49936748674644],[126.51565963169315,33.499299999075774]]],[[[126.50038193285104,33.41483047552136],[126.49798352714997,33.415737108107706],[126.4955379903256,33.41712184675854],[126.49422209276925,33.41848623844652]]],[[[126.50038193285104,33.41483047552136],[126.52412529177667,33.370446882550354],[126.4500166980463,33.41281254790758],[126.47759724210437,33.49549732284147],[126.50038193285104,33.41483047552136]]],[[[126.44707882110464,33.49863888245504],[126.45926348163724,33.468752531560725],[126.4219282678742,33.47435892426614],[126.44707882110464,33.49863888245504]]],[[[126.46274497903858,33.50333840993716],[126.46297846082183,33.50226901315053],[126.46482709046657,33.498820580918704],[126.46839681037446,33.493283929559034]]],[[[126.49222927668633,33.49385393682092],[126.49205590483675,33.493846068013184],[126.48781593683078,33.494265299628466],[126.48749226251466,33.49433617342313]]],[[[126.26998240373672,33.1124540965455],[126.26956288834114,33.111867852754436],[126.26786745126458,33.111890375791795],[126.26719738235562,33.111930038540685]]],[[[126.27037685989993,33.16123441560167],[126.2698257853473,33.16112073088437],[126.26965484255194,33.161307879073085],[126.26941263643133,33.16177567174912]]],[[[126.29522580110586,33.21929442496243],[126.26467924787967,33.19600626763897],[126.17079337760919,33.288036964131045],[126.24472448703733,33.273090567625836],[126.28720004027697,33.30588108085113],[126.29522580110586,33.21929442496243]]],[[[126.65197631833402,33.39453748768428],[126.73500641076464,33.365575996112334],[126.77299395134027,33.300512121874924],[126.62442275611987,33.251498164064486],[126.53962256699403,33.364285269963915],[126.65197631833402,33.39453748768428]]],[[[126.91731115561059,33.4752498825313],[126.91469628727101,33.47563517075851],[126.91367575794132,33.47737945121038],[126.91360407517696,33.477546159514326]]],[[[126.91143486344252,33.476984491443126],[126.91102756044563,33.47696220505557],[126.91089580665268,33.47730315267423],[126.91117122030559,33.48062023510465]]],[[[126.91469628727101,33.47563517075851],[126.93713034096626,33.42918057085654],[126.85053653376941,33.33489801173731],[126.80039890242669,33.38222448736697],[126.8052279222526,33.443527835670494],[126.91469628727101,33.47563517075851]]],[[[126.30919725358204,33.205640479617486],[126.30877278625654,33.20551302479988],[126.30862275029969,33.20565515120176],[126.30760320485523,33.20815105991042]]],[[[126.43341176695928,33.339755672522],[126.37836987438564,33.30008118929102],[126.36828687940593,33.23066374483711],[126.2904656466623,33.2214525895586],[126.28427069775123,33.312264219613446],[126.43341176695928,33.339755672522]]],[[[126.8497725896963,33.336271422305835],[126.77557368105785,33.30412618958266],[126.65228886397358,33.39659511469322],[126.8052279222526,33.443527835670494],[126.80039890242669,33.38222448736697],[126.8497725896963,33.336271422305835]]],[[[126.5640192815687,33.22793617112126],[126.56405723492597,33.227925400495835],[126.56432856471453,33.2279460760201],[126.56442946375215,33.22795357431057]]],[[[126.59905903638962,33.22818281038623],[126.59733786473284,33.22813489522981],[126.59715068225813,33.22815049912023],[126.59697449910907,33.22824597353076]]],[[[126.55931502612411,33.2371496064044],[126.55992472741949,33.237491004036194],[126.56036778659855,33.23773908824681],[126.56046885813959,33.23779288306873]]],[[[126.61440106534306,33.24070872876557],[126.61436768692379,33.24084042793933],[126.61190955023665,33.24050480987536],[126.61123601003591,33.240389506940694]]],[[[126.57143090303094,33.24513524370718],[126.56996954501592,33.24485858576372],[126.56973534860018,33.244828370325735],[126.56963482562347,33.244822608923116]]],[[[126.57019672830351,33.24877857050482],[126.56775534822748,33.24873462531484],[126.56600397106689,33.24850752718675],[126.5652471126694,33.24835936891394]]],[[[126.56187122203478,33.247600468278264],[126.56161104794685,33.24755122679306],[126.56098058216895,33.24736758266644],[126.55846012822359,33.24641048586438]]],[[[126.62412082283397,33.25206420342558],[126.59384048537088,33.25933917933142],[126.61927164365633,33.27901141077426],[126.62412082283397,33.25206420342558]]],[[[126.616894212751,33.2792864843962],[126.57799986372473,33.24782956157225],[126.52987059275867,33.362364244980995],[126.616894212751,33.2792864843962]]],[[[126.57799986372473,33.24782956157225],[126.57658327277385,33.24738598024743],[126.57626825227284,33.24727469905679],[126.57586674593026,33.24713286381052]]],[[[126.5294479951576,33.36153222718238],[126.52942240607123,33.36144971034052],[126.52990186873,33.360130236754635],[126.53053472951395,33.35956638081476]]],[[[126.51769139895246,33.215812133230266],[126.51681392007988,33.21561231073208],[126.51575723508397,33.21571032355758],[126.5129543117889,33.2171284075367]]],[[[126.54944426086024,33.24869274763986],[126.50529809738673,33.2285832699375],[126.51797448285939,33.360293004184484],[126.54944426086024,33.24869274763986]]],[[[126.51797448285939,33.360293004184484],[126.50886015659432,33.238000797885796],[126.47227458500194,33.221692793300484],[126.47465936700605,33.31315722936179],[126.51797448285939,33.360293004184484]]],[[[126.50528770666608,33.35767492836578],[126.46874222855332,33.25298381750861],[126.42366326473902,33.23608101347977],[126.4418858151183,33.351048697906634],[126.50528770666608,33.35767492836578]]],[[[126.44873374873262,33.35851727010335],[126.41702822816698,33.24148583814448],[126.36915887565098,33.228997563594525],[126.37836987438564,33.30008118929102],[126.44873374873262,33.35851727010335]]]]}},{"type":"Feature","properties":{"regionCode":"52","name":"전북특별자치도"},"geometry":{"type":"MultiPolygon","coordinates":[[[[127.21727554950114,35.801637184246545],[127.17834175469454,35.772667669783914],[127.15170740736988,35.80967381470275],[127.21727554950114,35.801637184246545]]],[[[127.15318838219147,35.810667908405705],[127.15223175132684,35.81021648905228],[127.15170740736988,35.80967381470275],[127.15183029147087,35.80773418285107]]],[[[127.13849560940577,35.81373666346926],[127.13786171783575,35.812487881702886],[127.13770586848332,35.81229098134325],[127.1376723512762,35.81226000715932]]],[[[127.12665006223848,35.82522638380084],[127.12742275551437,35.82407484980036],[127.12755962517066,35.82382043343959],[127.12777700398212,35.82309686657087]]],[[[127.15193550899656,35.78141394404367],[127.1503268774838,35.78196053890222],[127.15009170076226,35.78204521949483],[127.1493391543654,35.7823222705486]]],[[[127.15193550899656,35.78141394404367],[127.10066514150485,35.75246546357948],[127.11158896576075,35.78849969796175],[127.15193550899656,35.78141394404367]]],[[[127.12387794757507,35.83476615444913],[127.12636130399937,35.8328761731755],[127.12683621134248,35.83226399424517],[127.12695536189118,35.8320938644926]]],[[[127.13760450530138,35.80078001633445],[127.13549909175653,35.79975601734291],[127.13035952068132,35.79779344449805],[127.12964431690561,35.79850667088409]]],[[[127.13035952068132,35.79779344449805],[127.13115641591322,35.79703309601088],[127.13243783577293,35.79578387055845],[127.13223156619809,35.79537830187232]]],[[[127.11000930716335,35.8012822176929],[127.08364821592178,35.728752507785096],[127.06523753036396,35.80254788901514],[127.11000930716335,35.8012822176929]]],[[[127.12982049490401,35.80860677025276],[127.13045627320308,35.80798029901095],[127.13205940518937,35.80654626891655],[127.13404313464888,35.80662123802702]]],[[[127.1230587121816,35.8120549694206],[127.12346794843316,35.80935271634964],[127.12346728174259,35.80932488765874],[127.12345470982238,35.808799672635274]]],[[[127.11688111306766,35.80225126279589],[127.11685376327682,35.79862163023174],[127.11398391618873,35.798723997918955],[127.11398928308495,35.79963653202625]]],[[[127.08195700605269,35.82295541511011],[127.10813582434389,35.79748393740693],[127.05623533702254,35.82526385833906],[127.08195700605269,35.82295541511011]]],[[[127.14566411972542,35.82168996080618],[127.14584454118747,35.82133335980297],[127.14656921652133,35.819429142949815],[127.14664707270967,35.81441325449697]]],[[[127.16932265812471,35.81756188116943],[127.16939876206119,35.816450662489366],[127.16950132522817,35.81613015178987],[127.16980790343486,35.81527700484372]]],[[[127.15154273405759,35.82968198467424],[127.1540993896192,35.82960141094522],[127.15409761664701,35.82956400415393],[127.15407961915339,35.829183541203726]]],[[[127.14316672900141,35.812827437995196],[127.14895155527361,35.811085769037696],[127.14886547011079,35.80857124501505],[127.14497151880434,35.803514038126494]]],[[[127.16264167561143,35.843005395899866],[127.16366231355427,35.837589343117386],[127.16037562862206,35.837475604709425],[127.16032001644871,35.83744959105572]]],[[[127.1499140714814,35.850497815611675],[127.14944477300126,35.849074933076196],[127.15201397615355,35.84825711032553],[127.15340971262414,35.84462041203735]]],[[[127.16977986135812,35.81844733762754],[127.16962905414364,35.818417820853895],[127.16897910893574,35.81842827225139],[127.16835279841143,35.81854376330856]]],[[[127.15031326526349,35.85170805524831],[127.1499140714814,35.850497815611675],[127.14868794648028,35.85061729353689],[127.14763220126706,35.85043707074688]]],[[[127.13828976499958,35.83285538820036],[127.13776974243068,35.83242468536349],[127.13767707156282,35.832406157360474],[127.13659157265435,35.83218917859849]]],[[[127.1149786791447,35.853668846430985],[127.11444553582952,35.85289794451053],[127.11274902809075,35.85134457392611],[127.11148547434492,35.85047613574542]]],[[[127.16760459016886,35.85699326981605],[127.16843250420082,35.85290500200027],[127.16842628862986,35.85253642397545],[127.1684205037723,35.852383867910966]]],[[[127.23561449854269,35.821487557833024],[127.1802768139759,35.80528376299419],[127.16760459016886,35.85699326981605],[127.23561449854269,35.821487557833024]]],[[[127.16659168071965,35.858984550945074],[127.16587922029765,35.85815245327773],[127.1657755466794,35.85803137431481],[127.1649095039967,35.85749120709414]]],[[[127.12134859154526,35.8696794012245],[127.1265084109751,35.86972116293139],[127.13541340401778,35.86954364305774],[127.14022805972702,35.869378892551495]]],[[[127.13477894837028,35.88095707748676],[127.12031087517192,35.851078337191645],[127.0886419391407,35.893314937527634],[127.13477894837028,35.88095707748676]]],[[[127.07668273323489,35.89814875610872],[127.03675441655318,35.850681549750085],[126.99755828560453,35.884052074949075],[127.07668273323489,35.89814875610872]]],[[[127.0886419391407,35.893314937527634],[127.07037465235516,35.82505033567546],[127.04586864716141,35.86556478326734],[127.0886419391407,35.893314937527634]]],[[[127.12674442394925,35.83426733321007],[127.12816813231852,35.83408305225696],[127.13271842492779,35.83348415063242],[127.13315347851817,35.8333752724209]]],[[[126.70934595811063,35.94286977754416],[126.72987941445035,35.90581977725423],[126.65050758129962,35.884116672334514],[126.65060614381788,35.930648663769915],[126.70934595811063,35.94286977754416]]],[[[126.76858868064635,35.95499520289637],[126.74085089164055,35.914202440813476],[126.70959744377666,35.93829078991883],[126.76858868064635,35.95499520289637]]],[[[126.7853622226914,35.9344227564754],[126.80688163855137,35.9081365003307],[126.71312947671942,35.889274762484945],[126.7853622226914,35.9344227564754]]],[[[126.84366616796392,36.006413369686435],[126.85694433733752,35.973582684372275],[126.90918976117538,35.98353696718246],[126.89373708875608,35.95506291545875],[126.83262634028848,35.951901042406355],[126.84366616796392,36.006413369686435]]],[[[126.91478580402952,36.00434845931082],[126.85694433733752,35.973582684372275],[126.84023533473587,36.01873251690386],[126.91478580402952,36.00434845931082]]],[[[126.89033664876328,35.952680642102926],[126.82812293602684,35.90678406561132],[126.78688856926108,35.9239483671712],[126.80584278914259,35.97189055578645],[126.89033664876328,35.952680642102926]]],[[[126.80584278914259,35.97189055578645],[126.7826088045182,35.93475158500061],[126.76186630434225,35.98578308562905],[126.80584278914259,35.97189055578645]]],[[[126.78822064158713,36.03067700549218],[126.83432774332324,35.978027555955286],[126.74479857313973,36.01813560254036],[126.78822064158713,36.03067700549218]]],[[[126.87292281254526,36.039632025554056],[126.83280462131525,35.99139023061052],[126.78469538137038,36.0168168866018],[126.87292281254526,36.039632025554056]]],[[[126.46056368652167,35.72598020998311],[126.46022917624141,35.725895957751376],[126.46008724487766,35.72590177166032],[126.4596942922266,35.72601377087503]]],[[[126.53328475372265,35.72726955799982],[126.5319909920992,35.72588116611893],[126.52955729505499,35.72749265412938],[126.5263555690322,35.729857180339195]]],[[[126.5235531697739,35.73135628405092],[126.5211005691818,35.731281544015985],[126.52028931868387,35.731658603680366],[126.51838008951363,35.736603229563265]]],[[[126.4711498853931,35.739769555830144],[126.47141582348934,35.73957430839344],[126.47194716187076,35.739742213187334],[126.4721627359102,35.73973187294161]]],[[[126.46366575753025,35.738619374864115],[126.46357194526237,35.73861650297295],[126.46347008352005,35.73862805375604],[126.4633352321665,35.73868226364818]]],[[[126.44809977941954,35.748600366289246],[126.44877507194711,35.748254890905066],[126.44912368288114,35.74843111853225],[126.44969708829619,35.74853390147825]]],[[[126.46946506695637,35.74668604485999],[126.46934844072841,35.746684589482385],[126.46913870931506,35.74669852052398],[126.46790617031756,35.74686586089055]]],[[[126.41143873272915,35.79797055024311],[126.41137812022846,35.79796087748212],[126.4113085732412,35.797961051903854],[126.41124157741189,35.79797847844879]]],[[[126.44056857683631,35.806100845982556],[126.44031041493267,35.80575960911298],[126.44027232478878,35.80571475538354],[126.4402269556149,35.80566797481765]]],[[[126.43023034877814,35.80770693741605],[126.43013842237376,35.80768650286427],[126.43004893912104,35.80772486715997],[126.43001025427226,35.80777206999926]]],[[[126.44617564704987,35.812533648852224],[126.44428394212608,35.81240888187686],[126.44419616231585,35.81243004077071],[126.44395910514089,35.812531127227246]]],[[[126.39741758228429,35.81889657825475],[126.39758402107228,35.81863043645663],[126.39768331746605,35.818425052032076],[126.39769686779556,35.81838155660821]]],[[[126.37121019995226,35.820659170244795],[126.37117686735647,35.82059198264076],[126.37282587456298,35.8210928539723],[126.3728875602833,35.82110870139257]]],[[[126.40466330559941,35.83211308299668],[126.40464994778176,35.832044234762094],[126.40757583928414,35.83268374902968],[126.40762369207884,35.832687383686896]]],[[[126.4828832261371,35.844543972437975],[126.48321802433323,35.84453053979482],[126.48335798792249,35.84453762848732],[126.48364074303095,35.8445824584379]]],[[[126.49064655398558,35.846987854573555],[126.4919107652877,35.846785957090574],[126.49409477881568,35.846897360906944],[126.4964220861356,35.845946705147846]]],[[[126.3412478458573,35.85392888641416],[126.34151546644443,35.853886585921735],[126.34557660293378,35.8540335308109],[126.34567524163934,35.85397929508401]]],[[[126.38720939619326,35.855564938186056],[126.38857521258424,35.85315610746344],[126.38861973908692,35.85305642334876],[126.38857964675158,35.85295925618063]]],[[[126.33388740732222,35.85325999376693],[126.33036875997803,35.85224263472637],[126.33023261096963,35.85225654100992],[126.33013199229875,35.85232393359288]]],[[[126.41284850380816,35.858598294650655],[126.41295712664899,35.85858878515039],[126.41366043990323,35.85864662262909],[126.41372335920352,35.85866391738248]]],[[[126.31615490542015,35.859060903645485],[126.31626310586658,35.85897016091984],[126.31653582738743,35.85903788512168],[126.31663947308779,35.85905139444847]]],[[[126.52410269199262,36.03335845793401],[126.52302140281354,36.03326172073611],[126.52234718763333,36.033330361436036],[126.52178207605164,36.03369928465194]]],[[[126.53098097936238,36.035290344703725],[126.530195166348,36.035025846269015],[126.52316601890249,36.03716024678316],[126.52288909240119,36.03790531321003]]],[[[126.54539412351151,36.04550110493356],[126.54471516781328,36.045194784190656],[126.5440312458926,36.04530306389969],[126.54355492317231,36.04577424928573]]],[[[126.55710985059572,36.04469367054582],[126.55621098984555,36.04252214700602],[126.55651212751322,36.04117332158336],[126.55711618654688,36.03996381236709]]],[[[126.43937971921373,36.0856285071812],[126.44027684428808,36.08480506588399],[126.44146384563757,36.084870432606024],[126.4460318927415,36.082019196988206]]],[[[125.98404750145747,36.12317971939444],[125.98650659639662,36.122346828208165],[125.98843637165295,36.12298107595829],[125.99125270865271,36.123118233751356]]],[[[126.65060614381788,35.930648663769915],[126.65249231177776,35.8852677254443],[126.61238807112981,35.88640903620894],[126.61495284920593,35.94267423957912],[126.65060614381788,35.930648663769915]]],[[[126.71370693122776,35.99729341665761],[126.71110625636403,35.993270082157366],[126.70973342273474,35.99066908800929],[126.70731080951552,35.98706640821525]]],[[[126.72158626645157,35.995408432174415],[126.71882920276963,35.989063116982265],[126.71875907484194,35.98890168140562],[126.71867149512553,35.98860882387177]]],[[[126.70301059336612,35.982152767942814],[126.70305377210636,35.98199326232729],[126.70384240483561,35.980713874569794],[126.70512885206291,35.98025347605404]]],[[[126.71389001302002,35.979934166530455],[126.71382249973232,35.9793816381684],[126.71375984692422,35.97878044862255],[126.71376794187243,35.97870586510635]]],[[[126.72099905034274,35.98239461609807],[126.71722086926516,35.98107464249001],[126.71604031880354,35.98162003542084],[126.71517856994471,35.98204421986889]]],[[[126.72415528387404,35.97668189167535],[126.7241092047369,35.97301485384633],[126.71756285461328,35.972707008707964],[126.71697736776335,35.973011857028794]]],[[[126.75134977614053,35.97306633366607],[126.75089207283027,35.97244211104063],[126.7506743368947,35.97214798862683],[126.75031395583477,35.9718690226956]]],[[[126.73927780104346,35.98246348554969],[126.7392547241172,35.982356919441585],[126.73890665696085,35.98074956513449],[126.73633231086063,35.978505792824]]],[[[126.7650088704549,35.990431787356286],[126.73927780104346,35.98246348554969],[126.74479857313973,36.01813560254036],[126.7650088704549,35.990431787356286]]],[[[126.76858868064635,35.95499520289637],[126.76207719161452,35.95476369877677],[126.76094971769317,35.95464858073575],[126.75860139828022,35.95468524414096]]],[[[126.7241092047369,35.97301485384633],[126.72495653175544,35.97300899180854],[126.72500401748749,35.97300790649598],[126.72505218992825,35.973006804863545]]],[[[126.70520504653499,35.969793155524926],[126.70506075480569,35.96979671746914],[126.70291411524633,35.96978569559414],[126.70286682327253,35.969785439134455]]],[[[126.70508267030044,35.96075101712788],[126.70300807066228,35.961298858476574],[126.70244046103828,35.96144536249433],[126.70032253997492,35.961982858133844]]],[[[126.69587264270929,35.98288993502886],[126.69625742540961,35.982025930362575],[126.69627822823968,35.98197496516242],[126.69630761774563,35.98188844909237]]],[[[126.68676691449079,35.96640120945578],[126.66745933412707,35.92751419279231],[126.58272085391258,35.95175058646149],[126.68676691449079,35.96640120945578]]],[[[126.6965758789156,35.962456680701905],[126.69880540157718,35.962269999703324],[126.7002857847485,35.961991163713314],[126.70032253997492,35.961982858133844]]],[[[126.98844595006456,36.08714313892581],[126.9538179592054,36.03020459785532],[126.95158425011829,36.09391320308004],[126.98844595006456,36.08714313892581]]],[[[126.92884393215314,35.96009606395116],[126.93260565014646,35.911566567463474],[126.85493046077303,35.90897215056483],[126.90226032792435,35.978629096998795],[126.92884393215314,35.96009606395116]]],[[[126.95034378206326,36.06387400133036],[126.96505347067054,35.98807881784579],[126.90777072270077,35.98338194293556],[126.95034378206326,36.06387400133036]]],[[[126.91737114542275,36.079283882267134],[126.9192561400958,36.00170707250852],[126.87030477397114,36.03282676435562],[126.91737114542275,36.079283882267134]]],[[[126.91451937737907,36.141379088941605],[126.91905900792514,36.0811216979504],[126.87292281254526,36.039632025554056],[126.87327819944814,36.11293194847521],[126.91451937737907,36.141379088941605]]],[[[126.91898235331911,36.139168424087586],[126.91997652380151,36.1348382423648],[126.92161354254142,36.131700357178595],[126.92355122245539,36.130321721144135]]],[[[126.97469158897714,36.148543274821854],[126.98844595006456,36.08714313892581],[126.93710906239448,36.09345104732325],[126.91898235331911,36.139168424087586],[126.97469158897714,36.148543274821854]]],[[[127.04907424792,36.076117137166285],[127.05921550347169,36.03996198935404],[126.97270405442897,36.03943760790881],[126.98844595006456,36.08714313892581],[127.04907424792,36.076117137166285]]],[[[127.03959274936487,36.142331205099744],[127.04721466190067,36.07574607350794],[126.96623235736769,36.13827311569062],[127.03959274936487,36.142331205099744]]],[[[127.12990853375827,36.06564613057486],[127.08747189730222,36.01104489057694],[127.04829426027905,36.08065666502627],[127.12990853375827,36.06564613057486]]],[[[127.06082586527076,36.04134828249239],[127.06196232035033,35.9776587026936],[126.99789265764413,35.99255878855641],[127.06082586527076,36.04134828249239]]],[[[127.12516179422589,36.005465556792295],[127.05752278813634,35.920232196856084],[127.06839023747192,36.01991541396398],[127.12516179422589,36.005465556792295]]],[[[127.05282001031931,35.968989261549304],[127.05756456233324,35.92146482969685],[126.99471756805043,35.883478075290405],[126.982239803001,35.911701984556196],[127.05282001031931,35.968989261549304]]],[[[127.03876289737163,36.031793260658695],[126.96367132507106,36.00190109410524],[126.97389376917826,36.03944552610204],[127.03876289737163,36.031793260658695]]],[[[127.01965194830714,36.093792289834674],[126.99207630948757,36.083212384381746],[126.96646875658736,36.13630892131859],[127.01965194830714,36.093792289834674]]],[[[126.94739027086607,35.944880815255814],[126.94847447089563,35.94459338034378],[126.94886683463687,35.94448936388289],[126.95198398693705,35.9434358966904]]],[[[126.94934032852059,35.93611305259516],[126.94596884554372,35.931618275158066],[126.94474665974236,35.92965072374961],[126.9428227327562,35.92541469069589]]],[[[126.96127159328086,35.93346187841411],[126.96018450955206,35.932983573602634],[126.96005692573291,35.93292457125953],[126.95899197243072,35.93243200636468]]],[[[126.9974907165041,35.92610557773068],[126.99415852766398,35.8921905277644],[126.94634431773814,35.91033299808895],[126.9974907165041,35.92610557773068]]],[[[126.97017653229379,35.945906788036474],[126.9697154594908,35.943973872136596],[126.96922466750347,35.94272735699291],[126.96954830144644,35.93972768463081]]],[[[126.96610726605637,35.95568748189982],[126.96544889631564,35.9552060637057],[126.9654075733377,35.95517512104104],[126.96535758578996,35.95513393107323]]],[[[126.95407879857432,35.95516588050973],[126.95356859369218,35.95490171034385],[126.95247601929867,35.9537770419864],[126.94954317939968,35.950553398664766]]],[[[126.94302841385958,35.94064171777888],[126.94381278440041,35.93940361989907],[126.94351780270883,35.938645921315924],[126.94335582930867,35.938211102359574]]],[[[126.95758997789584,35.986383190048606],[126.96610726605637,35.95568748189982],[126.90918976117538,35.98353696718246],[126.95758997789584,35.986383190048606]]],[[[126.97852284226109,35.958536113466145],[126.97890439762263,35.953635546399866],[126.97895509403097,35.95290562213889],[126.97897951196083,35.95253738450855]]],[[[127.05352331158757,35.97713513154373],[127.01166973360773,35.92900782263079],[126.96954830144644,35.93972768463081],[127.00540103268793,35.99077564801774],[127.05352331158757,35.97713513154373]]],[[[126.99789265764413,35.99255878855641],[126.9943821330218,35.952757096170345],[126.95758997789584,35.986383190048606],[126.99789265764413,35.99255878855641]]],[[[126.97342001344413,35.97050844235132],[126.97598410272845,35.96797933580829],[126.97658456700567,35.96625531880336],[126.97765190729135,35.96532995279681]]],[[[126.9943821330218,35.952757096170345],[126.99251217205014,35.95072181603106],[126.99160645808975,35.94979071132816],[126.99098155163543,35.94922391750802]]],[[[126.91743091237629,35.69288011725306],[126.86150142227375,35.673132757325824],[126.82527451796449,35.71430641452325],[126.91743091237629,35.69288011725306]]],[[[126.94009352499585,35.60122117403551],[126.90418590468319,35.55861802690335],[126.8581401709833,35.60169287994808],[126.9201026098054,35.63977137213953],[126.94009352499585,35.60122117403551]]],[[[126.82612675025241,35.48630146133217],[126.77296882652458,35.46814373593821],[126.75955739159133,35.515425865046694],[126.82276158662822,35.53964287773767],[126.82612675025241,35.48630146133217]]],[[[126.80316180908981,35.58347824513144],[126.76868445487908,35.51339196453718],[126.74164329133292,35.58300755431079],[126.80316180908981,35.58347824513144]]],[[[126.79526294799618,35.63151823726915],[126.79974353321936,35.577043957130876],[126.72152319928261,35.57317814943636],[126.72455969139688,35.63803729125422],[126.79526294799618,35.63151823726915]]],[[[126.78929740064228,35.67552839918024],[126.79526294799618,35.63151823726915],[126.72426213446015,35.63836701620845],[126.78929740064228,35.67552839918024]]],[[[126.85830283623142,35.64956477170733],[126.85085759911696,35.612472871964655],[126.79408569056312,35.609732896673634],[126.85830283623142,35.64956477170733]]],[[[126.86150142227375,35.673132757325824],[126.80346157426617,35.639718545755905],[126.78929740064228,35.67552839918024],[126.86150142227375,35.673132757325824]]],[[[126.89169434297817,35.678184409814996],[126.92227353036083,35.64543421903015],[126.8532938107605,35.61805854147945],[126.89169434297817,35.678184409814996]]],[[[126.97324299756346,35.6879068952668],[126.94426333515062,35.599258669619076],[126.89169434297817,35.678184409814996],[126.97324299756346,35.6879068952668]]],[[[126.88720446077782,35.75420696478787],[126.99115026577695,35.68946899992392],[126.88626865741671,35.708367466879636],[126.88720446077782,35.75420696478787]]],[[[127.03073939067922,35.66601882966876],[127.01396159540539,35.61919336433418],[126.95286508747792,35.61971328274892],[126.97324299756346,35.6879068952668],[127.03073939067922,35.66601882966876]]],[[[127.00483919059198,35.61546430673492],[127.02382264869757,35.58294670152314],[126.90062224370239,35.54544724848453],[126.95286508747792,35.61971328274892],[127.00483919059198,35.61546430673492]]],[[[127.0829266046853,35.58440521484754],[127.11726539655864,35.53583493689961],[127.0829494662874,35.50644608769458],[126.97906525551188,35.55565912193597],[127.0829266046853,35.58440521484754]]],[[[127.09359570963221,35.62144314995272],[127.06810684559797,35.58146794963883],[127.00483919059198,35.61546430673492],[127.0641246887525,35.677719997842445],[127.09359570963221,35.62144314995272]]],[[[126.86689750713906,35.58011214595297],[126.86682754200763,35.57995295914313],[126.8651410074487,35.57786353468824],[126.86446615897725,35.57754500595252]]],[[[126.90418590468319,35.55861802690335],[126.90400779896046,35.55846421142503],[126.90125366166937,35.55650675012312],[126.88925334983239,35.55920530414841]]],[[[126.90125366166937,35.55650675012312],[126.95111015567788,35.53850083862156],[126.93563594068316,35.48158395973174],[126.88135024649512,35.483889104639644],[126.85778533985135,35.561223769370166],[126.90125366166937,35.55650675012312]]],[[[126.85037258178812,35.567678808423175],[126.85179210039371,35.56670636427756],[126.85212814816205,35.566564713343986],[126.85275736833549,35.56635614447831]]],[[[126.84962188740552,35.57859097570684],[126.84900922721188,35.577420953180614],[126.84895555795393,35.577292972309614],[126.84882345151803,35.57692550804635]]],[[[126.8532938107605,35.61805854147945],[126.84962188740552,35.57859097570684],[126.8024488159643,35.583817592519026],[126.8532938107605,35.61805854147945]]],[[[126.83293001766268,35.575148082121025],[126.87719822250543,35.52764665336101],[126.86869217100137,35.461388959784685],[126.80318668909766,35.544000890457035],[126.83293001766268,35.575148082121025]]],[[[126.85788646379147,35.55936514383474],[126.8615434513458,35.558202566723246],[126.8632607237363,35.55765948586013],[126.86368128025691,35.55753039902364]]],[[[127.5140062340428,35.479197967482925],[127.58378626398643,35.45244256673219],[127.52545356105747,35.3700996535353],[127.48903689988862,35.451470966447815],[127.5140062340428,35.479197967482925]]],[[[127.49590159658246,35.40762017747014],[127.51422209020194,35.35134092699875],[127.39095661300989,35.36723011528701],[127.41381938343464,35.41244201535664],[127.49590159658246,35.40762017747014]]],[[[127.42275651869997,35.350838807898576],[127.3844510762062,35.30327636997462],[127.3236491538305,35.30899670572052],[127.33573805817383,35.345282121756945],[127.42275651869997,35.350838807898576]]],[[[127.39411105513165,35.37539555351773],[127.31391147533114,35.31394170836809],[127.31642748296109,35.36783697008458],[127.39411105513165,35.37539555351773]]],[[[127.34672159889908,35.40444724088331],[127.31053016651622,35.35894120828872],[127.25448043754288,35.37380822518346],[127.34672159889908,35.40444724088331]]],[[[127.31053016651622,35.35894120828872],[127.32139608217365,35.305743397840835],[127.25141689471911,35.31609819411922],[127.25448043754288,35.37380822518346],[127.31053016651622,35.35894120828872]]],[[[127.2756930372474,35.4211491645608],[127.25291669647359,35.31754052149495],[127.18683918742644,35.32255345627899],[127.2756930372474,35.4211491645608]]],[[[127.34923354078835,35.449795134023056],[127.34672159889908,35.40444724088331],[127.27174698853037,35.40430934909975],[127.31367601002059,35.46359423834615],[127.34923354078835,35.449795134023056]]],[[[127.39101091718659,35.48714835267707],[127.34923354078835,35.449795134023056],[127.3072204918873,35.486395967328896],[127.39101091718659,35.48714835267707]]],[[[127.36347234808841,35.55822991484589],[127.40858019109787,35.51159325489245],[127.39101091718659,35.48714835267707],[127.33779618962018,35.525639997122525],[127.36347234808841,35.55822991484589]]],[[[127.43940561063148,35.55281518887734],[127.44799104596281,35.49962135511714],[127.39949505884815,35.461617410196],[127.37759898207163,35.532208772349335],[127.43940561063148,35.55281518887734]]],[[[127.5140062340428,35.479197967482925],[127.41940948882521,35.46802884531858],[127.45686550706579,35.54628650221174],[127.5140062340428,35.479197967482925]]],[[[127.4899038869587,35.459118284210504],[127.47406556186132,35.39487467771169],[127.40428528297849,35.41554383391124],[127.44621425839816,35.46511363993703],[127.4899038869587,35.459118284210504]]],[[[127.65083539231424,35.497632191004946],[127.64507321943923,35.449510140557116],[127.57612058793411,35.421642180120806],[127.6151315528513,35.50820778602122],[127.65083539231424,35.497632191004946]]],[[[127.63709366040865,35.509191064747434],[127.55980959760632,35.478969619756015],[127.58540555531327,35.55458610896887],[127.63709366040865,35.509191064747434]]],[[[127.66939742862972,35.44734043932947],[127.60550975646643,35.31896257332157],[127.51642520659361,35.34771599094917],[127.57003050198796,35.41999251735756],[127.66939742862972,35.44734043932947]]],[[[127.38858726217408,35.41218648790088],[127.39124988172654,35.41182492627902],[127.39057298127761,35.41111080114814],[127.3900320779285,35.41054014460557]]],[[[127.39365605903765,35.41109610383047],[127.39236689323218,35.409903226328865],[127.39047272295504,35.40815043794303],[127.3902792462122,35.40797139734874]]],[[[127.41381938343464,35.41244201535664],[127.4138203672869,35.41229691644181],[127.41366900634968,35.41215133272724],[127.41334285107048,35.411925150190974]]],[[[127.37641714420543,35.40649079366531],[127.37806837694917,35.406428714692915],[127.37860966255545,35.40640835165723],[127.37911574370638,35.406389310706736]]],[[[127.37683719971385,35.41407348772861],[127.37655277037955,35.40931856933686],[127.37641714420543,35.40649079366531],[127.37634732197203,35.40649461657685]]],[[[127.39949505884815,35.461617410196],[127.38858726217408,35.41218648790088],[127.3533234083393,35.42560141049824],[127.39949505884815,35.461617410196]]],[[[127.43580219682818,35.457620846383975],[127.38858726217408,35.41218648790088],[127.40111883537081,35.46332283436842],[127.43580219682818,35.457620846383975]]],[[[126.85605778085508,35.86018049627291],[126.81634782766437,35.84347686566645],[126.80089990544514,35.89375091521944],[126.85605778085508,35.86018049627291]]],[[[126.84939603148007,35.75864910646625],[126.80490507291417,35.73536754153372],[126.76782433348805,35.78533539214782],[126.81956245747111,35.80390923776757],[126.84939603148007,35.75864910646625]]],[[[126.94120078893822,35.85801079122264],[126.88023665928274,35.81874523522864],[126.84152634084091,35.83809696953846],[126.8828042306412,35.87661248847666],[126.94120078893822,35.85801079122264]]],[[[127.00666423259145,35.870450859909404],[126.99640468956244,35.8173917981841],[126.9357480579608,35.82978185868993],[126.93529795817975,35.86732617532353],[127.00666423259145,35.870450859909404]]],[[[126.94136302801128,35.912038389559065],[127.00666423259145,35.870450859909404],[126.93529795817975,35.86732617532353],[126.94136302801128,35.912038389559065]]],[[[126.87305380170986,35.75830769142204],[126.8727725211181,35.75745005458677],[126.8728419848164,35.756849829376414],[126.8729453736057,35.756459059000655]]],[[[126.92332378277227,35.908341723266844],[126.94120078893822,35.85801079122264],[126.86691522765865,35.882641821687955],[126.92332378277227,35.908341723266844]]],[[[126.85360476710817,35.91678891038588],[126.8809706715554,35.869011183640794],[126.83183740176032,35.86370177503471],[126.85360476710817,35.91678891038588]]],[[[126.83304106553501,35.835319988718865],[126.84933441299313,35.81549363181087],[126.76584439591744,35.804494342739716],[126.83304106553501,35.835319988718865]]],[[[126.81634782766437,35.84347686566645],[126.6852355126144,35.842841832913706],[126.80176383831795,35.874061912709166],[126.81634782766437,35.84347686566645]]],[[[127.06591072141485,35.790760023285635],[127.02175787229197,35.747136628596515],[126.95822149955892,35.81665955529102],[127.06591072141485,35.790760023285635]]],[[[126.9800984954342,35.772029566048694],[126.97439154833562,35.7176591485284],[126.91378160852642,35.74532758424581],[126.9800984954342,35.772029566048694]]],[[[126.95822149955892,35.81665955529102],[126.9839964612866,35.78769335741503],[126.95715961490507,35.75905049676868],[126.95822149955892,35.81665955529102]]],[[[127.08517586353595,35.72843271377292],[127.04182153805365,35.665982067050805],[126.97439154833562,35.7176591485284],[126.98875630375707,35.758896910304514],[127.08517586353595,35.72843271377292]]],[[[126.78080331482901,35.82107482293313],[126.78147099679919,35.82039156339197],[126.78153860709804,35.82031884245687],[126.78160226298263,35.81679877561599]]],[[[126.91399892192848,35.834504154006375],[126.8896111313893,35.79612747456497],[126.85745181199677,35.819487811814255],[126.91399892192848,35.834504154006375]]],[[[126.93848112540708,35.796257548460794],[126.94022536736163,35.75449954560428],[126.88720446077782,35.75420696478787],[126.89612655389084,35.804020302479785],[126.93848112540708,35.796257548460794]]],[[[126.94483220074288,35.81911906411708],[126.94478609583415,35.818680685804665],[126.94483029362164,35.817731005008234],[126.94562088114428,35.81234610025539]]],[[[126.8896111313893,35.79612747456497],[126.88326724557405,35.752060967916606],[126.81956245747111,35.80390923776757],[126.8896111313893,35.79612747456497]]],[[[127.13460901642793,35.91023863041474],[127.0288817770194,35.91730959049181],[127.1238050558766,35.93909888988176],[127.13460901642793,35.91023863041474]]],[[[127.12516179422589,36.005465556792295],[127.18429205025704,35.95193136288729],[127.15381547706964,35.896159203468486],[127.09420776491386,35.93554467020285],[127.12516179422589,36.005465556792295]]],[[[127.2186770111659,35.91597976093931],[127.18540245180905,35.85577545895907],[127.11173766886674,35.897932762199275],[127.15635975486632,35.897157146926844],[127.18119739943077,35.94687610494658],[127.2186770111659,35.91597976093931]]],[[[127.27414039780902,35.789453574608395],[127.24217633071078,35.687074618513186],[127.17885423186316,35.77260939056024],[127.23561449854269,35.821487557833024],[127.27414039780902,35.789453574608395]]],[[[127.04987899466524,35.85387186486447],[127.06591072141485,35.790760023285635],[126.9982151894831,35.81516250946232],[127.00553289941594,35.862038252499445],[127.04987899466524,35.85387186486447]]],[[[127.23903938184662,35.927660753660504],[127.32587475832959,35.85941229763455],[127.27652573753895,35.78933528065782],[127.19220003571654,35.86286681162138],[127.23903938184662,35.927660753660504]]],[[[127.17885423186316,35.77260939056024],[127.19351048290002,35.743921979162295],[127.13865891019144,35.71800731090565],[127.13552648105302,35.64680064566864],[127.09359570963221,35.62144314995272],[127.06125869195661,35.70467598415496],[127.17885423186316,35.77260939056024]]],[[[127.33162070825068,36.01356432767391],[127.21495180221419,35.915135707957496],[127.16398693421594,35.980835691727975],[127.33162070825068,36.01356432767391]]],[[[127.20615142933956,36.000163043954984],[127.17108656502027,35.96158167306272],[127.1161369195547,36.030562734496016],[127.15291482462355,36.05602247394355],[127.20615142933956,36.000163043954984]]],[[[127.36000147685245,36.089507303123625],[127.35555183482617,35.98874445142633],[127.2192399063474,36.09601466408975],[127.33848155674458,36.13049332741605],[127.36000147685245,36.089507303123625]]],[[[127.21935834968181,36.096963497433855],[127.25347791211004,36.03781063336896],[127.23329947862835,35.99392295109978],[127.12990853375827,36.06564613057486],[127.21935834968181,36.096963497433855]]],[[[127.35324608729593,35.988889882631284],[127.3119210019522,35.857249013604076],[127.23903938184662,35.927660753660504],[127.26758435491216,35.990556545778524],[127.35324608729593,35.988889882631284]]],[[[127.32520744117507,36.021047903808544],[127.24693510164118,36.003117127245055],[127.2371416820532,36.06396212436035],[127.27999681642318,36.074518675537675],[127.32520744117507,36.021047903808544]]],[[[127.45348757130857,35.8333513990537],[127.4881582713861,35.78662933123008],[127.52493436850993,35.82750167242736],[127.48330181644539,35.7222126923637],[127.36100928357766,35.76274225425172],[127.36277386423659,35.80475787598879],[127.45348757130857,35.8333513990537]]],[[[127.46822324155436,35.987744194879966],[127.55452695572397,35.945489443812],[127.45373408863945,35.906974862036144],[127.46822324155436,35.987744194879966]]],[[[127.55330836728656,35.94355587948995],[127.58384737638185,35.89621784909863],[127.5403943013856,35.85515771444928],[127.51107325437822,35.925525610410034],[127.55330836728656,35.94355587948995]]],[[[127.59759790239244,35.88080548113935],[127.62841552512268,35.845010748924636],[127.59278143388973,35.801786064958],[127.51984837876805,35.81512312334763],[127.59759790239244,35.88080548113935]]],[[[127.52303388823096,35.89930144650883],[127.5369002178965,35.84145298028737],[127.48802225617625,35.786670968395796],[127.45781047872877,35.856779074087434],[127.52303388823096,35.89930144650883]]],[[[127.4785233778248,35.721294307683834],[127.46744150008072,35.6210562819776],[127.3646439467305,35.67913934051597],[127.3971818181044,35.72938517999692],[127.4785233778248,35.721294307683834]]],[[[127.30414508684336,35.78413812951825],[127.37712958409662,35.66423537257019],[127.29079308555181,35.68617333853154],[127.26516443593366,35.767030746239044],[127.30414508684336,35.78413812951825]]],[[[127.3594968570738,35.77546392387566],[127.41757624067829,35.75911813630953],[127.36919444607085,35.69452217424491],[127.29904082981696,35.77832701178223],[127.3594968570738,35.77546392387566]]],[[[127.353224781394,35.9135744926922],[127.43616482125958,35.84905908732034],[127.36370157842954,35.774904873999404],[127.28702313257544,35.79343913099313],[127.353224781394,35.9135744926922]]],[[[127.44797906823182,35.915870829706435],[127.52495510082015,35.90659063548411],[127.43852944763607,35.8312866229173],[127.3571305661988,35.909795957438874],[127.44797906823182,35.915870829706435]]],[[[127.4559754464542,35.983784237620796],[127.4465869792467,35.91489824105803],[127.34963488314082,35.91786157440018],[127.36924906612755,36.02092479446145],[127.43466722892593,36.02773412621319],[127.4559754464542,35.983784237620796]]],[[[127.69523407378513,36.058666883580976],[127.71281695713347,35.990096482358695],[127.6486723060437,35.955167625742746],[127.59475345999181,35.97286203890431],[127.62319539850036,36.06598346555796],[127.69523407378513,36.058666883580976]]],[[[127.9114665190962,35.94945009265632],[127.80387288273934,35.85717759500797],[127.80811717113112,35.972097465332595],[127.87581470137215,35.99672280636424],[127.9114665190962,35.94945009265632]]],[[[127.87692624777289,36.02244194484873],[127.8079264286229,35.97182928698662],[127.80387288273934,35.85717759500797],[127.74556001397094,35.843229584286384],[127.71717087711447,35.88492600962384],[127.75168962540764,35.97797105140911],[127.70833755747455,36.02454450463613],[127.87692624777289,36.02244194484873]]],[[[127.71281695713347,35.990096482358695],[127.75168962540764,35.97797105140911],[127.74077825277365,35.89962675211622],[127.6022140156307,35.88818068616967],[127.59475345999181,35.97286203890431],[127.6486723060437,35.955167625742746],[127.71281695713347,35.990096482358695]]],[[[127.71717087711447,35.88492600962384],[127.7473430275658,35.85100276975359],[127.69965428457306,35.78821828878077],[127.63033294432714,35.813070529343406],[127.59759790239244,35.88080548113935],[127.71717087711447,35.88492600962384]]],[[[127.60495041989861,36.01159595347221],[127.5818582939631,35.87579139896141],[127.53090881711184,36.04062135155205],[127.60495041989861,36.01159595347221]]],[[[127.54370286769782,35.68210251099518],[127.59020314448854,35.61924375057863],[127.45035475148349,35.565424414856466],[127.47821374751423,35.66482647881864],[127.54370286769782,35.68210251099518]]],[[[127.4421166680775,35.61952529604926],[127.43940561063148,35.55281518887734],[127.36347234808841,35.55822991484589],[127.37468746613217,35.60820799206767],[127.4421166680775,35.61952529604926]]],[[[127.62008256031062,35.64272101560353],[127.56010193191476,35.47213898224294],[127.43992707987971,35.54799933507348],[127.62008256031062,35.64272101560353]]],[[[127.6690626071505,35.77146888802817],[127.61395833101412,35.64324917885654],[127.55265771296085,35.756134886890294],[127.6690626071505,35.77146888802817]]],[[[127.57678783900381,35.79509473371278],[127.53668223377717,35.67281990340443],[127.4645093130383,35.66818887192719],[127.52264976077198,35.81217214987926],[127.57678783900381,35.79509473371278]]],[[[127.61345403603165,35.643746450027],[127.54474646096944,35.677265251178234],[127.55829567330407,35.74909377274623],[127.61345403603165,35.643746450027]]],[[[127.69965428457306,35.78821828878077],[127.6204697979241,35.749054816036434],[127.5746148176714,35.777307951787705],[127.61979864883207,35.839696585709646],[127.69965428457306,35.78821828878077]]],[[[127.32022638679737,35.65092258326647],[127.27016924899456,35.534853764752576],[127.22664627163329,35.536637507655804],[127.22455947567525,35.619828618702215],[127.32022638679737,35.65092258326647]]],[[[127.22664627163329,35.536637507655804],[127.1573824149193,35.58935485048135],[127.22383453545399,35.601327504420944],[127.22664627163329,35.536637507655804]]],[[[127.19163213963934,35.65243205589618],[127.22383453545399,35.601327504420944],[127.08964235494125,35.5702930512957],[127.14939745966578,35.66912244525832],[127.19163213963934,35.65243205589618]]],[[[127.27817632389645,35.64455070036934],[127.18597042458812,35.64115412126407],[127.24348354697162,35.677512973877896],[127.27817632389645,35.64455070036934]]],[[[127.43599083900715,35.62185752007255],[127.3302023786771,35.58279834022081],[127.29353441239486,35.62948184537143],[127.37712958409662,35.66423537257019],[127.43599083900715,35.62185752007255]]],[[[127.3354672419492,35.583737055823356],[127.35624552937,35.500255742077954],[127.30493450123583,35.48691204148887],[127.31894811189558,35.52868556392706],[127.27633507849282,35.55305058087008],[127.3354672419492,35.583737055823356]]],[[[127.1863091972378,35.73581713319235],[127.24348354697162,35.677512973877896],[127.13552648105302,35.64680064566864],[127.13865891019144,35.71800731090565],[127.1863091972378,35.73581713319235]]],[[[127.3072204918873,35.486395967328896],[127.23073502626345,35.47413526956865],[127.20879233591867,35.51223838350195],[127.27833858024873,35.550163398555824],[127.31894811189558,35.52868556392706],[127.3072204918873,35.486395967328896]]],[[[127.27080086958864,35.77796495915963],[127.29079308555181,35.68617333853154],[127.36266035181553,35.65878521844165],[127.27957552156546,35.63836793946485],[127.24315392114336,35.67793773792387],[127.27080086958864,35.77796495915963]]],[[[127.1556647603345,35.58464190180878],[127.19934986258586,35.56670755711016],[127.18401782167359,35.52636598342397],[127.08790554282534,35.50804827771316],[127.11718694153805,35.534573726874505],[127.09270667044049,35.56703914628251],[127.1556647603345,35.58464190180878]]],[[[127.21303614986583,35.519501811438275],[127.14432636295501,35.461783700024895],[127.13170749152978,35.521150603622814],[127.21303614986583,35.519501811438275]]],[[[127.36347234808841,35.55822991484589],[127.32876699601614,35.55266469079563],[127.37435750975838,35.60758091153322],[127.36347234808841,35.55822991484589]]],[[[127.1615003426411,35.379483095486165],[127.14302558366302,35.338478418259136],[127.0997011067654,35.36615970713819],[127.13947934222777,35.405669270771],[127.1615003426411,35.379483095486165]]],[[[127.17329600427873,35.45888434884154],[127.19019182617815,35.39059154436216],[127.15885024330764,35.37880854428244],[127.12136393115411,35.420492646392695],[127.17329600427873,35.45888434884154]]],[[[127.21659089579977,35.489905365405576],[127.31447220614072,35.46627280569608],[127.25457415446287,35.418883391271386],[127.1766619148186,35.47244707764112],[127.21659089579977,35.489905365405576]]],[[[127.1774419350966,35.470810753665816],[127.24587357910328,35.3988387150749],[127.18855508880392,35.392186652790535],[127.1774419350966,35.470810753665816]]],[[[127.22261322360411,35.39311948273581],[127.18934657160439,35.35085032313956],[127.14915334211618,35.36611685771566],[127.22261322360411,35.39311948273581]]],[[[127.18934657160439,35.35085032313956],[127.10278074215162,35.30022521659079],[127.10661870131113,35.35223246509935],[127.18934657160439,35.35085032313956]]],[[[127.10442718966529,35.35547588697475],[127.10229577317521,35.301126484372986],[127.04332589097497,35.321763657911376],[127.07027850345123,35.36612182589624],[127.10442718966529,35.35547588697475]]],[[[127.1217927159729,35.4192967999988],[127.10442718966529,35.35547588697475],[127.02728304016286,35.394925436033525],[127.1217927159729,35.4192967999988]]],[[[127.00240474449552,35.46311532584461],[126.97653903929474,35.400103258742966],[126.93552622428288,35.394364503916535],[126.86006086260588,35.47938519522905],[126.93547413051634,35.495960741008055],[127.00240474449552,35.46311532584461]]],[[[126.97906525551188,35.55565912193597],[127.05115786529532,35.51948523237107],[127.03462769738933,35.46580180010976],[126.93547413051634,35.495960741008055],[126.97906525551188,35.55565912193597]]],[[[127.08790554282534,35.50804827771316],[127.13407077940985,35.49310127356769],[127.13052237737931,35.42461294162931],[127.04786051359737,35.40560334058354],[127.0347417428843,35.47291815736476],[127.08790554282534,35.50804827771316]]],[[[126.73811794165826,35.449033582916684],[126.75396491777491,35.416243185399075],[126.71379218109637,35.39543478950126],[126.6441326221163,35.44967953115199],[126.73811794165826,35.449033582916684]]],[[[126.72204484492546,35.39835061972323],[126.6854783173378,35.34458576481346],[126.63007995777363,35.41055588933088],[126.66519180399234,35.43375812768726],[126.72204484492546,35.39835061972323]]],[[[126.5962909380849,35.51530484103401],[126.66962212071532,35.473510828295765],[126.63007995777363,35.41055588933088],[126.5558506715733,35.46591357757182],[126.5962909380849,35.51530484103401]]],[[[126.62140382581465,35.41815940024498],[126.60667551366384,35.371267409569164],[126.52582350955498,35.43484312328337],[126.62140382581465,35.41815940024498]]],[[[126.52582350955498,35.43484312328337],[126.58127775958302,35.38105950412151],[126.51797132750472,35.330652222302],[126.47739295699235,35.38619145602143],[126.52582350955498,35.43484312328337]]],[[[126.52970556755375,35.444067970137496],[126.49281284806108,35.40914252282909],[126.42793001493187,35.434353162239155],[126.4621724490922,35.48240057076692],[126.52970556755375,35.444067970137496]]],[[[126.49655816488247,35.51005222384062],[126.56832751568558,35.44514822858399],[126.46764199898294,35.46361637985169],[126.49655816488247,35.51005222384062]]],[[[126.63007995777363,35.41055588933088],[126.6514251669106,35.32718289865058],[126.60403810451707,35.34672208664997],[126.63007995777363,35.41055588933088]]],[[[126.60061294991297,35.37241694088814],[126.64473425322905,35.319865237484784],[126.51391657476418,35.32723257896141],[126.60061294991297,35.37241694088814]]],[[[126.48228512784827,35.53997014961957],[126.48235452082233,35.53990311308415],[126.48267731497626,35.540106177885235],[126.48279214946334,35.54015557699548]]],[[[126.59398764137435,35.535124243175034],[126.55522608998965,35.47116557776089],[126.49575947721843,35.5115443894536],[126.59398764137435,35.535124243175034]]],[[[126.48107050876476,35.54665575561207],[126.48140277371446,35.54553265282215],[126.48174323154018,35.54557642572239],[126.48187288841054,35.54557342003432]]],[[[126.72169593133111,35.57302897188287],[126.73364130130932,35.501270374887774],[126.68257250777289,35.495776120023976],[126.66853429249934,35.565950601400026],[126.72169593133111,35.57302897188287]]],[[[126.76411001068864,35.51858393090205],[126.75198187429217,35.4927462380123],[126.71343874950324,35.521425419464386],[126.72636824275267,35.57073369661851],[126.76405062194834,35.570509056340676],[126.76411001068864,35.51858393090205]]],[[[126.73503909547193,35.50425192568844],[126.77002115134785,35.48262008140462],[126.74950097293093,35.45114624662452],[126.66375528300654,35.46469811076045],[126.73503909547193,35.50425192568844]]],[[[126.58931161942286,35.571987844756265],[126.58952261395983,35.57194790992928],[126.58959703494693,35.57196885678437],[126.58966959558474,35.571939452910755]]],[[[126.66713474064605,35.554323863829076],[126.68074841957628,35.47546797252834],[126.59771117541031,35.5100796922983],[126.61724709631123,35.56987094868762],[126.66713474064605,35.554323863829076]]],[[[126.77566863971388,35.720662358743155],[126.74812628285179,35.678712939488726],[126.70705681241033,35.69031196366647],[126.73159640581456,35.74167147066951],[126.77566863971388,35.720662358743155]]],[[[126.72662104173794,35.696582026359586],[126.72366128745838,35.634890286507506],[126.67261275355183,35.64478584069313],[126.72662104173794,35.696582026359586]]],[[[126.77723058000228,35.757646392147244],[126.77021916034853,35.718557366321924],[126.69250502617356,35.746522300481914],[126.72828892955013,35.79410239263783],[126.77723058000228,35.757646392147244]]],[[[126.73026256010338,35.7402621247612],[126.70777868012915,35.694697485900654],[126.66734688267326,35.740694987556935],[126.73026256010338,35.7402621247612]]],[[[126.72828892955013,35.79410239263783],[126.69711912218428,35.74170810154869],[126.62603807543316,35.74758497274692],[126.63234726930645,35.80040540643064],[126.72828892955013,35.79410239263783]]],[[[126.72366128745838,35.634890286507506],[126.65740318295722,35.59059917598411],[126.61695119673921,35.62491018268117],[126.72366128745838,35.634890286507506]]],[[[126.48531909813224,35.66010070136418],[126.48393026098381,35.659802386148954],[126.4837629768358,35.65984134090605],[126.48212826089384,35.66048208598341]]],[[[126.56815522646389,35.694584395886814],[126.61904038335089,35.677356294751704],[126.58985452524382,35.62671428339812],[126.50927363537522,35.613513242086704],[126.52782970661774,35.57930319144363],[126.46714626767928,35.596972845309686],[126.45606288652293,35.63666126828664],[126.56815522646389,35.694584395886814]]],[[[126.61696131031194,35.62540966013123],[126.61715900159862,35.58495393578953],[126.50907003154515,35.60856592809401],[126.61696131031194,35.62540966013123]]],[[[126.80490507291417,35.73536754153372],[126.83458455827804,35.6870313230385],[126.74395067506325,35.666734453833215],[126.77747674555947,35.753179372447406],[126.80490507291417,35.73536754153372]]],[[[126.68630398528438,35.71241012485991],[126.67264820579872,35.64349332795159],[126.58985452524382,35.62671428339812],[126.68630398528438,35.71241012485991]]],[[[126.66734688267326,35.740694987556935],[126.68873119922975,35.71237454457349],[126.63969367075727,35.68665832982605],[126.56862011878711,35.69238619140029],[126.66734688267326,35.740694987556935]]],[[[126.72169593133111,35.57302897188287],[126.65740318295722,35.59059917598411],[126.72213842972636,35.62319549699504],[126.72169593133111,35.57302897188287]]],[[[126.24581408467371,35.57657057813009],[126.24583176736404,35.57636048934986],[126.24660592875685,35.577887554582006],[126.24661902556963,35.577911256476675]]],[[[126.29859001742797,35.58553048320263],[126.29852911244758,35.58552722895501],[126.29822442170357,35.58565788085611],[126.29784406738395,35.585863960867954]]],[[[126.26733897870959,35.609642708265525],[126.26762079348497,35.6090677462404],[126.26755573660573,35.60875534768359],[126.26720828077119,35.607877609343156]]],[[[126.30426134723074,35.62169588070307],[126.30630554715609,35.621084592872805],[126.30635682894751,35.62106888595682],[126.30681342089218,35.620923198418744]]],[[[126.28840847715001,35.63411556415641],[126.29076604729262,35.6335839849152],[126.29351522454645,35.63074639825578],[126.29406111193734,35.63002861585448]]],[[[126.12644123198433,35.6400536824252],[126.12902873649992,35.638222805000694],[126.12912513124324,35.638110724275826],[126.12950316195648,35.63754476856884]]],[[[126.12005630381621,35.666466373579354],[126.12132746538822,35.6662474144868],[126.12153371435554,35.66632761862704],[126.12160373247703,35.66634044799421]]],[[[126.10980366000584,35.66347776825428],[126.10970543668199,35.663443577499805],[126.10964410392963,35.663436247298996],[126.10952146697828,35.663452687322035]]],[[[127.0872708577857,35.840029296589556],[127.09022566391003,35.83812958988565],[127.09093133987692,35.837900248265974],[127.09111615200649,35.83785399880667]]],[[[127.05914562383971,35.83844118926426],[127.06721643116906,35.83849552122475],[127.06699435121755,35.83735355537688],[127.0672130729659,35.83442809455691]]],[[[127.14239988185476,35.869047701449425],[127.14022805972702,35.869378892551495],[127.13541340401778,35.86954364305774],[127.1265084109751,35.86972116293139]]]]}}]}